Unique ID,Sample Date,Latitude (degree),Longitude (degree),Ocean,Region,Subregion,Country,State,Beach Location,Marine Setting,Ocean Bottom Depth (m),Water Sample Depth (m),Sediment Sample Depth (m),Sampling Method,Mesh Size (mm),Transect Number,Sampling Point on Beach,Volunteers Number,Collecting Time (min),Standardized Nurdle  Amount,Microplastics Measurement,Unit,Concentration Class Range,Concentration Class,Short Reference,Long Reference,DOI,Organization,Keywords,NCEI Accession Number,NCEI Accession Link,ObjectId,x,y
0276264-0000402,8/9/2015 5:00:00 AM,32.51375,-151.22505,Pacific Ocean,,,,,,Ocean water,,0,,Manta net,0.333,,,,,,0.887341,pieces/m3,0.005-1,Medium,Egger et al. 2020,"Egger, M., R. Nijhof, L. Quiros, G. Leone, S-J. Royer, A. C. McWhirter, G. A. Kantakov, V. I. Radchenko, E. A. Pakhomov, B. P. V. Hunt, L. Lebreton. 2020. A spatially variable scarcity of floating microplastics in the eastern North Pacific Ocean. Environmental Research Letters 15, 114056. https://doi.org/10.1088/1748-9326/abbb4f",https://doi.org/10.1088/1748-9326/abbb4f,"The Ocean Cleanup, Rotterdam, The Netherlands",The Ocean Cleanup Foundation,276264,https://www.ncei.noaa.gov/access/metadata/landing-page/bin/iso?id=gov.noaa.nodc:276264,12060,-16834295.5611873,3830938.8424325
0276264-0000602,9/14/2015 5:00:00 AM,30.1402,-133.82095,Pacific Ocean,,,,,,Ocean water,,0,,Manta net,0.333,,,,,,2.842615,pieces/m3,1-10,High,Egger et al. 2020,"Egger, M., R. Nijhof, L. Quiros, G. Leone, S-J. Royer, A. C. McWhirter, G. A. Kantakov, V. I. Radchenko, E. A. Pakhomov, B. P. V. Hunt, L. Lebreton. 2020. A spatially variable scarcity of floating microplastics in the eastern North Pacific Ocean. Environmental Research Letters 15, 114056. https://doi.org/10.1088/1748-9326/abbb4f",https://doi.org/10.1088/1748-9326/abbb4f,"The Ocean Cleanup, Rotterdam, The Netherlands",The Ocean Cleanup Foundation,276264,https://www.ncei.noaa.gov/access/metadata/landing-page/bin/iso?id=gov.noaa.nodc:276264,12063,-14896880.0114721,3521584.00614264
0276264-0000502,8/27/2015 5:00:00 AM,26.7181,-150.57685,Pacific Ocean,,,,,,Ocean water,,0,,Manta net,0.333,,,,,,0.341454,pieces/m3,0.005-1,Medium,Egger et al. 2020,"Egger, M., R. Nijhof, L. Quiros, G. Leone, S-J. Royer, A. C. McWhirter, G. A. Kantakov, V. I. Radchenko, E. A. Pakhomov, B. P. V. Hunt, L. Lebreton. 2020. A spatially variable scarcity of floating microplastics in the eastern North Pacific Ocean. Environmental Research Letters 15, 114056. https://doi.org/10.1088/1748-9326/abbb4f",https://doi.org/10.1088/1748-9326/abbb4f,"The Ocean Cleanup, Rotterdam, The Netherlands",The Ocean Cleanup Foundation,276264,https://www.ncei.noaa.gov/access/metadata/landing-page/bin/iso?id=gov.noaa.nodc:276264,12064,-16762138.2672551,3088296.00028222
0276264-0000302,8/15/2015 5:00:00 AM,33.00406,-134.7215,Pacific Ocean,,,,,,Ocean water,,0,,Manta net,0.333,,,,,,5.728249,pieces/m3,1-10,High,Egger et al. 2020,"Egger, M., R. Nijhof, L. Quiros, G. Leone, S-J. Royer, A. C. McWhirter, G. A. Kantakov, V. I. Radchenko, E. A. Pakhomov, B. P. V. Hunt, L. Lebreton. 2020. A spatially variable scarcity of floating microplastics in the eastern North Pacific Ocean. Environmental Research Letters 15, 114056. https://doi.org/10.1088/1748-9326/abbb4f",https://doi.org/10.1088/1748-9326/abbb4f,"The Ocean Cleanup, Rotterdam, The Netherlands",The Ocean Cleanup Foundation,276264,https://www.ncei.noaa.gov/access/metadata/landing-page/bin/iso?id=gov.noaa.nodc:276264,12065,-14997128.778906,3895842.87288888
0276264-0000202,8/1/2015 5:00:00 AM,29.997348,-141.776,Pacific Ocean,,,,,,Ocean water,,0,,Manta net,0.333,,,,,,5.340388,pieces/m3,1-10,High,Egger et al. 2020,"Egger, M., R. Nijhof, L. Quiros, G. Leone, S-J. Royer, A. C. McWhirter, G. A. Kantakov, V. I. Radchenko, E. A. Pakhomov, B. P. V. Hunt, L. Lebreton. 2020. A spatially variable scarcity of floating microplastics in the eastern North Pacific Ocean. Environmental Research Letters 15, 114056. https://doi.org/10.1088/1748-9326/abbb4f",https://doi.org/10.1088/1748-9326/abbb4f,"The Ocean Cleanup, Rotterdam, The Netherlands",The Ocean Cleanup Foundation,276264,https://www.ncei.noaa.gov/access/metadata/landing-page/bin/iso?id=gov.noaa.nodc:276264,12074,-15782432.1267072,3503208.9581864
0276264-0000102,7/30/2019 5:00:00 AM,33.87,-146.33,Pacific Ocean,,,,,,Ocean water,,0,,Manta net,0.333,,,,,,2.59128,pieces/m3,1-10,High,Egger et al. 2020,"Egger, M., R. Nijhof, L. Quiros, G. Leone, S-J. Royer, A. C. McWhirter, G. A. Kantakov, V. I. Radchenko, E. A. Pakhomov, B. P. V. Hunt, L. Lebreton. 2020. A spatially variable scarcity of floating microplastics in the eastern North Pacific Ocean. Environmental Research Letters 15, 114056. https://doi.org/10.1088/1748-9326/abbb4f",https://doi.org/10.1088/1748-9326/abbb4f,"The Ocean Cleanup, Rotterdam, The Netherlands",The Ocean Cleanup Foundation,276264,https://www.ncei.noaa.gov/access/metadata/landing-page/bin/iso?id=gov.noaa.nodc:276264,12081,-16289381.0877797,4011359.53105243
0276264-0000403,8/10/2015 5:00:00 AM,32.62765,-150.518,Pacific Ocean,,,,,,Ocean water,,0,,Manta net,0.333,,,,,,3.504488,pieces/m3,1-10,High,Egger et al. 2020,"Egger, M., R. Nijhof, L. Quiros, G. Leone, S-J. Royer, A. C. McWhirter, G. A. Kantakov, V. I. Radchenko, E. A. Pakhomov, B. P. V. Hunt, L. Lebreton. 2020. A spatially variable scarcity of floating microplastics in the eastern North Pacific Ocean. Environmental Research Letters 15, 114056. https://doi.org/10.1088/1748-9326/abbb4f",https://doi.org/10.1088/1748-9326/abbb4f,"The Ocean Cleanup, Rotterdam, The Netherlands",The Ocean Cleanup Foundation,276264,https://www.ncei.noaa.gov/access/metadata/landing-page/bin/iso?id=gov.noaa.nodc:276264,12109,-16755587.115222,3845984.38113354
0276264-0000203,8/1/2015 5:00:00 AM,29.9952,-141.7755,Pacific Ocean,,,,,,Ocean water,,0,,Manta net,0.333,,,,,,6.394891,pieces/m3,1-10,High,Egger et al. 2020,"Egger, M., R. Nijhof, L. Quiros, G. Leone, S-J. Royer, A. C. McWhirter, G. A. Kantakov, V. I. Radchenko, E. A. Pakhomov, B. P. V. Hunt, L. Lebreton. 2020. A spatially variable scarcity of floating microplastics in the eastern North Pacific Ocean. Environmental Research Letters 15, 114056. https://doi.org/10.1088/1748-9326/abbb4f",https://doi.org/10.1088/1748-9326/abbb4f,"The Ocean Cleanup, Rotterdam, The Netherlands",The Ocean Cleanup Foundation,276264,https://www.ncei.noaa.gov/access/metadata/landing-page/bin/iso?id=gov.noaa.nodc:276264,12110,-15782376.4669618,3502932.86318001
0276264-0000603,9/14/2015 5:00:00 AM,30.09175,-133.8008,Pacific Ocean,,,,,,Ocean water,,0,,Manta net,0.333,,,,,,2.206101,pieces/m3,1-10,High,Egger et al. 2020,"Egger, M., R. Nijhof, L. Quiros, G. Leone, S-J. Royer, A. C. McWhirter, G. A. Kantakov, V. I. Radchenko, E. A. Pakhomov, B. P. V. Hunt, L. Lebreton. 2020. A spatially variable scarcity of floating microplastics in the eastern North Pacific Ocean. Environmental Research Letters 15, 114056. https://doi.org/10.1088/1748-9326/abbb4f",https://doi.org/10.1088/1748-9326/abbb4f,"The Ocean Cleanup, Rotterdam, The Netherlands",The Ocean Cleanup Foundation,276264,https://www.ncei.noaa.gov/access/metadata/landing-page/bin/iso?id=gov.noaa.nodc:276264,12111,-14894636.9237326,3515348.91072608
0276264-0000103,8/2/2019 5:00:00 AM,32.82,-146.59,Pacific Ocean,,,,,,Ocean water,,0,,Manta net,0.333,,,,,,2.178,pieces/m3,1-10,High,Egger et al. 2020,"Egger, M., R. Nijhof, L. Quiros, G. Leone, S-J. Royer, A. C. McWhirter, G. A. Kantakov, V. I. Radchenko, E. A. Pakhomov, B. P. V. Hunt, L. Lebreton. 2020. A spatially variable scarcity of floating microplastics in the eastern North Pacific Ocean. Environmental Research Letters 15, 114056. https://doi.org/10.1088/1748-9326/abbb4f",https://doi.org/10.1088/1748-9326/abbb4f,"The Ocean Cleanup, Rotterdam, The Netherlands",The Ocean Cleanup Foundation,276264,https://www.ncei.noaa.gov/access/metadata/landing-page/bin/iso?id=gov.noaa.nodc:276264,12112,-16318324.155386,3871436.27357652
0276264-0000503,8/28/2015 5:00:00 AM,26.25525,-151.30095,Pacific Ocean,,,,,,Ocean water,,0,,Manta net,0.333,,,,,,1.566289,pieces/m3,1-10,High,Egger et al. 2020,"Egger, M., R. Nijhof, L. Quiros, G. Leone, S-J. Royer, A. C. McWhirter, G. A. Kantakov, V. I. Radchenko, E. A. Pakhomov, B. P. V. Hunt, L. Lebreton. 2020. A spatially variable scarcity of floating microplastics in the eastern North Pacific Ocean. Environmental Research Letters 15, 114056. https://doi.org/10.1088/1748-9326/abbb4f",https://doi.org/10.1088/1748-9326/abbb4f,"The Ocean Cleanup, Rotterdam, The Netherlands",The Ocean Cleanup Foundation,276264,https://www.ncei.noaa.gov/access/metadata/landing-page/bin/iso?id=gov.noaa.nodc:276264,12114,-16842744.7105385,3030729.24914929
0276264-0000303,8/15/2015 5:00:00 AM,33.0043,-134.721,Pacific Ocean,,,,,,Ocean water,,0,,Manta net,0.333,,,,,,4.108552,pieces/m3,1-10,High,Egger et al. 2020,"Egger, M., R. Nijhof, L. Quiros, G. Leone, S-J. Royer, A. C. McWhirter, G. A. Kantakov, V. I. Radchenko, E. A. Pakhomov, B. P. V. Hunt, L. Lebreton. 2020. A spatially variable scarcity of floating microplastics in the eastern North Pacific Ocean. Environmental Research Letters 15, 114056. https://doi.org/10.1088/1748-9326/abbb4f",https://doi.org/10.1088/1748-9326/abbb4f,"The Ocean Cleanup, Rotterdam, The Netherlands",The Ocean Cleanup Foundation,276264,https://www.ncei.noaa.gov/access/metadata/landing-page/bin/iso?id=gov.noaa.nodc:276264,12115,-14997073.1191606,3895874.73038419
0276264-0000404,8/10/2015 5:00:00 AM,32.64415,-150.45075,Pacific Ocean,,,,,,Ocean water,,0,,Manta net,0.333,,,,,,5.260345,pieces/m3,1-10,High,Egger et al. 2020,"Egger, M., R. Nijhof, L. Quiros, G. Leone, S-J. Royer, A. C. McWhirter, G. A. Kantakov, V. I. Radchenko, E. A. Pakhomov, B. P. V. Hunt, L. Lebreton. 2020. A spatially variable scarcity of floating microplastics in the eastern North Pacific Ocean. Environmental Research Letters 15, 114056. https://doi.org/10.1088/1748-9326/abbb4f",https://doi.org/10.1088/1748-9326/abbb4f,"The Ocean Cleanup, Rotterdam, The Netherlands",The Ocean Cleanup Foundation,276264,https://www.ncei.noaa.gov/access/metadata/landing-page/bin/iso?id=gov.noaa.nodc:276264,12116,-16748100.8794661,3848165.52310106
0276264-0000204,8/2/2015 5:00:00 AM,30.002582,-141.355,Pacific Ocean,,,,,,Ocean water,,0,,Manta net,0.333,,,,,,5.907654,pieces/m3,1-10,High,Egger et al. 2020,"Egger, M., R. Nijhof, L. Quiros, G. Leone, S-J. Royer, A. C. McWhirter, G. A. Kantakov, V. I. Radchenko, E. A. Pakhomov, B. P. V. Hunt, L. Lebreton. 2020. A spatially variable scarcity of floating microplastics in the eastern North Pacific Ocean. Environmental Research Letters 15, 114056. https://doi.org/10.1088/1748-9326/abbb4f",https://doi.org/10.1088/1748-9326/abbb4f,"The Ocean Cleanup, Rotterdam, The Netherlands",The Ocean Cleanup Foundation,276264,https://www.ncei.noaa.gov/access/metadata/landing-page/bin/iso?id=gov.noaa.nodc:276264,12119,-15735566.6210832,3503881.73984744
0276264-0000604,9/14/2015 5:00:00 AM,30.047,-133.77195,Pacific Ocean,,,,,,Ocean water,,0,,Manta net,0.333,,,,,,1.877369,pieces/m3,1-10,High,Egger et al. 2020,"Egger, M., R. Nijhof, L. Quiros, G. Leone, S-J. Royer, A. C. McWhirter, G. A. Kantakov, V. I. Radchenko, E. A. Pakhomov, B. P. V. Hunt, L. Lebreton. 2020. A spatially variable scarcity of floating microplastics in the eastern North Pacific Ocean. Environmental Research Letters 15, 114056. https://doi.org/10.1088/1748-9326/abbb4f",https://doi.org/10.1088/1748-9326/abbb4f,"The Ocean Cleanup, Rotterdam, The Netherlands",The Ocean Cleanup Foundation,276264,https://www.ncei.noaa.gov/access/metadata/landing-page/bin/iso?id=gov.noaa.nodc:276264,12120,-14891425.3564233,3509592.68701975
0276264-0000004,10/5/2018 5:00:00 AM,33.9484,-130.8887,Pacific Ocean,,,,,,Ocean water,,0,,Manta net,0.333,,,,,,0.558433,pieces/m3,0.005-1,Medium,Egger et al. 2020,"Egger, M., R. Nijhof, L. Quiros, G. Leone, S-J. Royer, A. C. McWhirter, G. A. Kantakov, V. I. Radchenko, E. A. Pakhomov, B. P. V. Hunt, L. Lebreton. 2020. A spatially variable scarcity of floating microplastics in the eastern North Pacific Ocean. Environmental Research Letters 15, 114056. https://doi.org/10.1088/1748-9326/abbb4f",https://doi.org/10.1088/1748-9326/abbb4f,"The Ocean Cleanup, Rotterdam, The Netherlands",The Ocean Cleanup Foundation,276264,https://www.ncei.noaa.gov/access/metadata/landing-page/bin/iso?id=gov.noaa.nodc:276264,12121,-14570463.4345935,4021875.50946167
0276264-0000104,8/3/2019 5:00:00 AM,32.18,-145.73,Pacific Ocean,,,,,,Ocean water,,0,,Manta net,0.333,,,,,,2.287107,pieces/m3,1-10,High,Egger et al. 2020,"Egger, M., R. Nijhof, L. Quiros, G. Leone, S-J. Royer, A. C. McWhirter, G. A. Kantakov, V. I. Radchenko, E. A. Pakhomov, B. P. V. Hunt, L. Lebreton. 2020. A spatially variable scarcity of floating microplastics in the eastern North Pacific Ocean. Environmental Research Letters 15, 114056. https://doi.org/10.1088/1748-9326/abbb4f",https://doi.org/10.1088/1748-9326/abbb4f,"The Ocean Cleanup, Rotterdam, The Netherlands",The Ocean Cleanup Foundation,276264,https://www.ncei.noaa.gov/access/metadata/landing-page/bin/iso?id=gov.noaa.nodc:276264,12122,-16222589.3933038,3786961.68528438
0276264-0000405,8/10/2015 5:00:00 AM,32.66775,-150.37115,Pacific Ocean,,,,,,Ocean water,,0,,Manta net,0.333,,,,,,4.421236,pieces/m3,1-10,High,Egger et al. 2020,"Egger, M., R. Nijhof, L. Quiros, G. Leone, S-J. Royer, A. C. McWhirter, G. A. Kantakov, V. I. Radchenko, E. A. Pakhomov, B. P. V. Hunt, L. Lebreton. 2020. A spatially variable scarcity of floating microplastics in the eastern North Pacific Ocean. Environmental Research Letters 15, 114056. https://doi.org/10.1088/1748-9326/abbb4f",https://doi.org/10.1088/1748-9326/abbb4f,"The Ocean Cleanup, Rotterdam, The Netherlands",The Ocean Cleanup Foundation,276264,https://www.ncei.noaa.gov/access/metadata/landing-page/bin/iso?id=gov.noaa.nodc:276264,12123,-16739239.847999,3851285.91657121
0276264-0000205,8/2/2015 5:00:00 AM,30.002517,-141.358,Pacific Ocean,,,,,,Ocean water,,0,,Manta net,0.333,,,,,,6.136246,pieces/m3,1-10,High,Egger et al. 2020,"Egger, M., R. Nijhof, L. Quiros, G. Leone, S-J. Royer, A. C. McWhirter, G. A. Kantakov, V. I. Radchenko, E. A. Pakhomov, B. P. V. Hunt, L. Lebreton. 2020. A spatially variable scarcity of floating microplastics in the eastern North Pacific Ocean. Environmental Research Letters 15, 114056. https://doi.org/10.1088/1748-9326/abbb4f",https://doi.org/10.1088/1748-9326/abbb4f,"The Ocean Cleanup, Rotterdam, The Netherlands",The Ocean Cleanup Foundation,276264,https://www.ncei.noaa.gov/access/metadata/landing-page/bin/iso?id=gov.noaa.nodc:276264,12125,-15735900.5795556,3503873.38448884
0276264-0000605,9/14/2015 5:00:00 AM,29.4452,-133.2606,Pacific Ocean,,,,,,Ocean water,,0,,Manta net,0.333,,,,,,1.455276,pieces/m3,1-10,High,Egger et al. 2020,"Egger, M., R. Nijhof, L. Quiros, G. Leone, S-J. Royer, A. C. McWhirter, G. A. Kantakov, V. I. Radchenko, E. A. Pakhomov, B. P. V. Hunt, L. Lebreton. 2020. A spatially variable scarcity of floating microplastics in the eastern North Pacific Ocean. Environmental Research Letters 15, 114056. https://doi.org/10.1088/1748-9326/abbb4f",https://doi.org/10.1088/1748-9326/abbb4f,"The Ocean Cleanup, Rotterdam, The Netherlands",The Ocean Cleanup Foundation,276264,https://www.ncei.noaa.gov/access/metadata/landing-page/bin/iso?id=gov.noaa.nodc:276264,12126,-14834502.1348061,3432432.97256614
0276264-0000304,8/16/2015 5:00:00 AM,32.99864,-135.2855,Pacific Ocean,,,,,,Ocean water,,0,,Manta net,0.333,,,,,,2.968761,pieces/m3,1-10,High,Egger et al. 2020,"Egger, M., R. Nijhof, L. Quiros, G. Leone, S-J. Royer, A. C. McWhirter, G. A. Kantakov, V. I. Radchenko, E. A. Pakhomov, B. P. V. Hunt, L. Lebreton. 2020. A spatially variable scarcity of floating microplastics in the eastern North Pacific Ocean. Environmental Research Letters 15, 114056. https://doi.org/10.1088/1748-9326/abbb4f",https://doi.org/10.1088/1748-9326/abbb4f,"The Ocean Cleanup, Rotterdam, The Netherlands",The Ocean Cleanup Foundation,276264,https://www.ncei.noaa.gov/access/metadata/landing-page/bin/iso?id=gov.noaa.nodc:276264,12127,-15059912.9717134,3895123.44753171
0276264-0000504,8/18/2015 5:00:00 AM,29.6302,-134.14125,Pacific Ocean,,,,,,Ocean water,,0,,Manta net,0.333,,,,,,1.000613,pieces/m3,1-10,High,Egger et al. 2020,"Egger, M., R. Nijhof, L. Quiros, G. Leone, S-J. Royer, A. C. McWhirter, G. A. Kantakov, V. I. Radchenko, E. A. Pakhomov, B. P. V. Hunt, L. Lebreton. 2020. A spatially variable scarcity of floating microplastics in the eastern North Pacific Ocean. Environmental Research Letters 15, 114056. https://doi.org/10.1088/1748-9326/abbb4f",https://doi.org/10.1088/1748-9326/abbb4f,"The Ocean Cleanup, Rotterdam, The Netherlands",The Ocean Cleanup Foundation,276264,https://www.ncei.noaa.gov/access/metadata/landing-page/bin/iso?id=gov.noaa.nodc:276264,12128,-14932535.6443732,3456103.51843733
0276264-0000005,10/6/2018 5:00:00 AM,33.7467,-131.7753,Pacific Ocean,,,,,,Ocean water,,0,,Manta net,0.333,,,,,,0.383834,pieces/m3,0.005-1,Medium,Egger et al. 2020,"Egger, M., R. Nijhof, L. Quiros, G. Leone, S-J. Royer, A. C. McWhirter, G. A. Kantakov, V. I. Radchenko, E. A. Pakhomov, B. P. V. Hunt, L. Lebreton. 2020. A spatially variable scarcity of floating microplastics in the eastern North Pacific Ocean. Environmental Research Letters 15, 114056. https://doi.org/10.1088/1748-9326/abbb4f",https://doi.org/10.1088/1748-9326/abbb4f,"The Ocean Cleanup, Rotterdam, The Netherlands",The Ocean Cleanup Foundation,276264,https://www.ncei.noaa.gov/access/metadata/landing-page/bin/iso?id=gov.noaa.nodc:276264,12130,-14669159.2951309,3994840.52484163
0276264-0000006,10/6/2018 5:00:00 AM,33.6857,-132.0339,Pacific Ocean,,,,,,Ocean water,,0,,Manta net,0.333,,,,,,1.20877,pieces/m3,1-10,High,Egger et al. 2020,"Egger, M., R. Nijhof, L. Quiros, G. Leone, S-J. Royer, A. C. McWhirter, G. A. Kantakov, V. I. Radchenko, E. A. Pakhomov, B. P. V. Hunt, L. Lebreton. 2020. A spatially variable scarcity of floating microplastics in the eastern North Pacific Ocean. Environmental Research Letters 15, 114056. https://doi.org/10.1088/1748-9326/abbb4f",https://doi.org/10.1088/1748-9326/abbb4f,"The Ocean Cleanup, Rotterdam, The Netherlands",The Ocean Cleanup Foundation,276264,https://www.ncei.noaa.gov/access/metadata/landing-page/bin/iso?id=gov.noaa.nodc:276264,12131,-14697946.51545,3986676.88896915
0276264-0000007,10/7/2018 5:00:00 AM,33.3579,-133.4494,Pacific Ocean,,,,,,Ocean water,,0,,Manta net,0.333,,,,,,9.238534,pieces/m3,1-10,High,Egger et al. 2020,"Egger, M., R. Nijhof, L. Quiros, G. Leone, S-J. Royer, A. C. McWhirter, G. A. Kantakov, V. I. Radchenko, E. A. Pakhomov, B. P. V. Hunt, L. Lebreton. 2020. A spatially variable scarcity of floating microplastics in the eastern North Pacific Ocean. Environmental Research Letters 15, 114056. https://doi.org/10.1088/1748-9326/abbb4f",https://doi.org/10.1088/1748-9326/abbb4f,"The Ocean Cleanup, Rotterdam, The Netherlands",The Ocean Cleanup Foundation,276264,https://www.ncei.noaa.gov/access/metadata/landing-page/bin/iso?id=gov.noaa.nodc:276264,12132,-14855519.2546679,3942906.12785482
0276264-0000008,10/8/2018 5:00:00 AM,33.1052,-134.4999,Pacific Ocean,,,,,,Ocean water,,0,,Manta net,0.333,,,,,,21.788339,pieces/m3,>=10,Very High,Egger et al. 2020,"Egger, M., R. Nijhof, L. Quiros, G. Leone, S-J. Royer, A. C. McWhirter, G. A. Kantakov, V. I. Radchenko, E. A. Pakhomov, B. P. V. Hunt, L. Lebreton. 2020. A spatially variable scarcity of floating microplastics in the eastern North Pacific Ocean. Environmental Research Letters 15, 114056. https://doi.org/10.1088/1748-9326/abbb4f",https://doi.org/10.1088/1748-9326/abbb4f,"The Ocean Cleanup, Rotterdam, The Netherlands",The Ocean Cleanup Foundation,276264,https://www.ncei.noaa.gov/access/metadata/landing-page/bin/iso?id=gov.noaa.nodc:276264,12133,-14972460.3797462,3909275.843205
0276264-0000009,10/9/2018 5:00:00 AM,33.8045,-135.7884,Pacific Ocean,,,,,,Ocean water,,0,,Manta net,0.333,,,,,,8.89101,pieces/m3,1-10,High,Egger et al. 2020,"Egger, M., R. Nijhof, L. Quiros, G. Leone, S-J. Royer, A. C. McWhirter, G. A. Kantakov, V. I. Radchenko, E. A. Pakhomov, B. P. V. Hunt, L. Lebreton. 2020. A spatially variable scarcity of floating microplastics in the eastern North Pacific Ocean. Environmental Research Letters 15, 114056. https://doi.org/10.1088/1748-9326/abbb4f",https://doi.org/10.1088/1748-9326/abbb4f,"The Ocean Cleanup, Rotterdam, The Netherlands",The Ocean Cleanup Foundation,276264,https://www.ncei.noaa.gov/access/metadata/landing-page/bin/iso?id=gov.noaa.nodc:276264,12134,-15115895.5436333,4002581.26379896
0276264-0000010,10/9/2018 5:00:00 AM,32.7459,-136.0253,Pacific Ocean,,,,,,Ocean water,,0,,Manta net,0.333,,,,,,15.320029,pieces/m3,>=10,Very High,Egger et al. 2020,"Egger, M., R. Nijhof, L. Quiros, G. Leone, S-J. Royer, A. C. McWhirter, G. A. Kantakov, V. I. Radchenko, E. A. Pakhomov, B. P. V. Hunt, L. Lebreton. 2020. A spatially variable scarcity of floating microplastics in the eastern North Pacific Ocean. Environmental Research Letters 15, 114056. https://doi.org/10.1088/1748-9326/abbb4f",https://doi.org/10.1088/1748-9326/abbb4f,"The Ocean Cleanup, Rotterdam, The Netherlands",The Ocean Cleanup Foundation,276264,https://www.ncei.noaa.gov/access/metadata/landing-page/bin/iso?id=gov.noaa.nodc:276264,12135,-15142267.1310023,3861624.80351135
0276264-0000011,10/10/2018 5:00:00 AM,32.4381,-137.3467,Pacific Ocean,,,,,,Ocean water,,0,,Manta net,0.333,,,,,,4.384549,pieces/m3,1-10,High,Egger et al. 2020,"Egger, M., R. Nijhof, L. Quiros, G. Leone, S-J. Royer, A. C. McWhirter, G. A. Kantakov, V. I. Radchenko, E. A. Pakhomov, B. P. V. Hunt, L. Lebreton. 2020. A spatially variable scarcity of floating microplastics in the eastern North Pacific Ocean. Environmental Research Letters 15, 114056. https://doi.org/10.1088/1748-9326/abbb4f",https://doi.org/10.1088/1748-9326/abbb4f,"The Ocean Cleanup, Rotterdam, The Netherlands",The Ocean Cleanup Foundation,276264,https://www.ncei.noaa.gov/access/metadata/landing-page/bin/iso?id=gov.noaa.nodc:276264,12136,-15289364.7061365,3820956.44614821
0276264-0000012,10/11/2018 5:00:00 AM,32.2061,-138.3311,Pacific Ocean,,,,,,Ocean water,,0,,Manta net,0.333,,,,,,1.857298,pieces/m3,1-10,High,Egger et al. 2020,"Egger, M., R. Nijhof, L. Quiros, G. Leone, S-J. Royer, A. C. McWhirter, G. A. Kantakov, V. I. Radchenko, E. A. Pakhomov, B. P. V. Hunt, L. Lebreton. 2020. A spatially variable scarcity of floating microplastics in the eastern North Pacific Ocean. Environmental Research Letters 15, 114056. https://doi.org/10.1088/1748-9326/abbb4f",https://doi.org/10.1088/1748-9326/abbb4f,"The Ocean Cleanup, Rotterdam, The Netherlands",The Ocean Cleanup Foundation,276264,https://www.ncei.noaa.gov/access/metadata/landing-page/bin/iso?id=gov.noaa.nodc:276264,12137,-15398947.6128734,3790394.96384514
0276264-0000013,10/11/2018 5:00:00 AM,32.1454,-138.6486,Pacific Ocean,,,,,,Ocean water,,0,,Manta net,0.333,,,,,,3.550067,pieces/m3,1-10,High,Egger et al. 2020,"Egger, M., R. Nijhof, L. Quiros, G. Leone, S-J. Royer, A. C. McWhirter, G. A. Kantakov, V. I. Radchenko, E. A. Pakhomov, B. P. V. Hunt, L. Lebreton. 2020. A spatially variable scarcity of floating microplastics in the eastern North Pacific Ocean. Environmental Research Letters 15, 114056. https://doi.org/10.1088/1748-9326/abbb4f",https://doi.org/10.1088/1748-9326/abbb4f,"The Ocean Cleanup, Rotterdam, The Netherlands",The Ocean Cleanup Foundation,276264,https://www.ncei.noaa.gov/access/metadata/landing-page/bin/iso?id=gov.noaa.nodc:276264,12138,-15434291.5512003,3782411.80580883
0276264-0000014,10/12/2018 5:00:00 AM,31.8886,-139.6587,Pacific Ocean,,,,,,Ocean water,,0,,Manta net,0.333,,,,,,6.887565,pieces/m3,1-10,High,Egger et al. 2020,"Egger, M., R. Nijhof, L. Quiros, G. Leone, S-J. Royer, A. C. McWhirter, G. A. Kantakov, V. I. Radchenko, E. A. Pakhomov, B. P. V. Hunt, L. Lebreton. 2020. A spatially variable scarcity of floating microplastics in the eastern North Pacific Ocean. Environmental Research Letters 15, 114056. https://doi.org/10.1088/1748-9326/abbb4f",https://doi.org/10.1088/1748-9326/abbb4f,"The Ocean Cleanup, Rotterdam, The Netherlands",The Ocean Cleanup Foundation,276264,https://www.ncei.noaa.gov/access/metadata/landing-page/bin/iso?id=gov.noaa.nodc:276264,12139,-15546735.3688506,3748696.51262615
0276264-0000015,10/12/2018 5:00:00 AM,31.814,-139.9744,Pacific Ocean,,,,,,Ocean water,,0,,Manta net,0.333,,,,,,9.797825,pieces/m3,1-10,High,Egger et al. 2020,"Egger, M., R. Nijhof, L. Quiros, G. Leone, S-J. Royer, A. C. McWhirter, G. A. Kantakov, V. I. Radchenko, E. A. Pakhomov, B. P. V. Hunt, L. Lebreton. 2020. A spatially variable scarcity of floating microplastics in the eastern North Pacific Ocean. Environmental Research Letters 15, 114056. https://doi.org/10.1088/1748-9326/abbb4f",https://doi.org/10.1088/1748-9326/abbb4f,"The Ocean Cleanup, Rotterdam, The Netherlands",The Ocean Cleanup Foundation,276264,https://www.ncei.noaa.gov/access/metadata/landing-page/bin/iso?id=gov.noaa.nodc:276264,12140,-15581878.932094,3738919.92416727
0276264-0000016,10/13/2018 5:00:00 AM,31.5187,-141.1961,Pacific Ocean,,,,,,Ocean water,,0,,Manta net,0.333,,,,,,27.418707,pieces/m3,>=10,Very High,Egger et al. 2020,"Egger, M., R. Nijhof, L. Quiros, G. Leone, S-J. Royer, A. C. McWhirter, G. A. Kantakov, V. I. Radchenko, E. A. Pakhomov, B. P. V. Hunt, L. Lebreton. 2020. A spatially variable scarcity of floating microplastics in the eastern North Pacific Ocean. Environmental Research Letters 15, 114056. https://doi.org/10.1088/1748-9326/abbb4f",https://doi.org/10.1088/1748-9326/abbb4f,"The Ocean Cleanup, Rotterdam, The Netherlands",The Ocean Cleanup Foundation,276264,https://www.ncei.noaa.gov/access/metadata/landing-page/bin/iso?id=gov.noaa.nodc:276264,12141,-15717877.9539961,3700297.02004577
0276264-0000038,11/29/2019 6:00:00 AM,26.778283,-144.96205,Pacific Ocean,,,,,,Ocean water,,0,,Manta net,0.333,,,,,,3.938291,pieces/m3,1-10,High,Egger et al. 2020,"Egger, M., R. Nijhof, L. Quiros, G. Leone, S-J. Royer, A. C. McWhirter, G. A. Kantakov, V. I. Radchenko, E. A. Pakhomov, B. P. V. Hunt, L. Lebreton. 2020. A spatially variable scarcity of floating microplastics in the eastern North Pacific Ocean. Environmental Research Letters 15, 114056. https://doi.org/10.1088/1748-9326/abbb4f",https://doi.org/10.1088/1748-9326/abbb4f,"The Ocean Cleanup, Rotterdam, The Netherlands",The Ocean Cleanup Foundation,276264,https://www.ncei.noaa.gov/access/metadata/landing-page/bin/iso?id=gov.noaa.nodc:276264,12163,-16137101.5903491,3095798.34380958
0276264-0000039,11/29/2019 6:00:00 AM,26.9289,-144.971633,Pacific Ocean,,,,,,Ocean water,,0,,Manta net,0.333,,,,,,3.922442,pieces/m3,1-10,High,Egger et al. 2020,"Egger, M., R. Nijhof, L. Quiros, G. Leone, S-J. Royer, A. C. McWhirter, G. A. Kantakov, V. I. Radchenko, E. A. Pakhomov, B. P. V. Hunt, L. Lebreton. 2020. A spatially variable scarcity of floating microplastics in the eastern North Pacific Ocean. Environmental Research Letters 15, 114056. https://doi.org/10.1088/1748-9326/abbb4f",https://doi.org/10.1088/1748-9326/abbb4f,"The Ocean Cleanup, Rotterdam, The Netherlands",The Ocean Cleanup Foundation,276264,https://www.ncei.noaa.gov/access/metadata/landing-page/bin/iso?id=gov.noaa.nodc:276264,12164,-16138168.3650293,3114591.54850548
0276264-0000040,11/29/2019 6:00:00 AM,27.0518,-144.97595,Pacific Ocean,,,,,,Ocean water,,0,,Manta net,0.333,,,,,,5.743354,pieces/m3,1-10,High,Egger et al. 2020,"Egger, M., R. Nijhof, L. Quiros, G. Leone, S-J. Royer, A. C. McWhirter, G. A. Kantakov, V. I. Radchenko, E. A. Pakhomov, B. P. V. Hunt, L. Lebreton. 2020. A spatially variable scarcity of floating microplastics in the eastern North Pacific Ocean. Environmental Research Letters 15, 114056. https://doi.org/10.1088/1748-9326/abbb4f",https://doi.org/10.1088/1748-9326/abbb4f,"The Ocean Cleanup, Rotterdam, The Netherlands",The Ocean Cleanup Foundation,276264,https://www.ncei.noaa.gov/access/metadata/landing-page/bin/iso?id=gov.noaa.nodc:276264,12165,-16138648.9312711,3129944.96652881
0276264-0000041,11/29/2019 6:00:00 AM,27.467767,-144.993,Pacific Ocean,,,,,,Ocean water,,0,,Manta net,0.333,,,,,,2.881826,pieces/m3,1-10,High,Egger et al. 2020,"Egger, M., R. Nijhof, L. Quiros, G. Leone, S-J. Royer, A. C. McWhirter, G. A. Kantakov, V. I. Radchenko, E. A. Pakhomov, B. P. V. Hunt, L. Lebreton. 2020. A spatially variable scarcity of floating microplastics in the eastern North Pacific Ocean. Environmental Research Letters 15, 114056. https://doi.org/10.1088/1748-9326/abbb4f",https://doi.org/10.1088/1748-9326/abbb4f,"The Ocean Cleanup, Rotterdam, The Netherlands",The Ocean Cleanup Foundation,276264,https://www.ncei.noaa.gov/access/metadata/landing-page/bin/iso?id=gov.noaa.nodc:276264,12166,-16140546.9285891,3182035.59727235
0276264-0000042,11/29/2019 6:00:00 AM,27.488783,-144.98985,Pacific Ocean,,,,,,Ocean water,,0,,Manta net,0.333,,,,,,1.415723,pieces/m3,1-10,High,Egger et al. 2020,"Egger, M., R. Nijhof, L. Quiros, G. Leone, S-J. Royer, A. C. McWhirter, G. A. Kantakov, V. I. Radchenko, E. A. Pakhomov, B. P. V. Hunt, L. Lebreton. 2020. A spatially variable scarcity of floating microplastics in the eastern North Pacific Ocean. Environmental Research Letters 15, 114056. https://doi.org/10.1088/1748-9326/abbb4f",https://doi.org/10.1088/1748-9326/abbb4f,"The Ocean Cleanup, Rotterdam, The Netherlands",The Ocean Cleanup Foundation,276264,https://www.ncei.noaa.gov/access/metadata/landing-page/bin/iso?id=gov.noaa.nodc:276264,12167,-16140196.2721931,3184672.57624769
0276264-0000043,11/29/2019 6:00:00 AM,27.508583,-144.98995,Pacific Ocean,,,,,,Ocean water,,0,,Manta net,0.333,,,,,,4.383276,pieces/m3,1-10,High,Egger et al. 2020,"Egger, M., R. Nijhof, L. Quiros, G. Leone, S-J. Royer, A. C. McWhirter, G. A. Kantakov, V. I. Radchenko, E. A. Pakhomov, B. P. V. Hunt, L. Lebreton. 2020. A spatially variable scarcity of floating microplastics in the eastern North Pacific Ocean. Environmental Research Letters 15, 114056. https://doi.org/10.1088/1748-9326/abbb4f",https://doi.org/10.1088/1748-9326/abbb4f,"The Ocean Cleanup, Rotterdam, The Netherlands",The Ocean Cleanup Foundation,276264,https://www.ncei.noaa.gov/access/metadata/landing-page/bin/iso?id=gov.noaa.nodc:276264,12168,-16140207.4041422,3187157.43830242
0276264-0000044,12/2/2019 6:00:00 AM,31.796167,-143.985,Pacific Ocean,,,,,,Ocean water,,0,,Manta net,0.333,,,,,,8.294706,pieces/m3,1-10,High,Egger et al. 2020,"Egger, M., R. Nijhof, L. Quiros, G. Leone, S-J. Royer, A. C. McWhirter, G. A. Kantakov, V. I. Radchenko, E. A. Pakhomov, B. P. V. Hunt, L. Lebreton. 2020. A spatially variable scarcity of floating microplastics in the eastern North Pacific Ocean. Environmental Research Letters 15, 114056. https://doi.org/10.1088/1748-9326/abbb4f",https://doi.org/10.1088/1748-9326/abbb4f,"The Ocean Cleanup, Rotterdam, The Netherlands",The Ocean Cleanup Foundation,276264,https://www.ncei.noaa.gov/access/metadata/landing-page/bin/iso?id=gov.noaa.nodc:276264,12169,-16028336.8818695,3736584.01784693
0276264-0000045,12/2/2019 6:00:00 AM,31.789333,-143.9565,Pacific Ocean,,,,,,Ocean water,,0,,Manta net,0.333,,,,,,4.954054,pieces/m3,1-10,High,Egger et al. 2020,"Egger, M., R. Nijhof, L. Quiros, G. Leone, S-J. Royer, A. C. McWhirter, G. A. Kantakov, V. I. Radchenko, E. A. Pakhomov, B. P. V. Hunt, L. Lebreton. 2020. A spatially variable scarcity of floating microplastics in the eastern North Pacific Ocean. Environmental Research Letters 15, 114056. https://doi.org/10.1088/1748-9326/abbb4f",https://doi.org/10.1088/1748-9326/abbb4f,"The Ocean Cleanup, Rotterdam, The Netherlands",The Ocean Cleanup Foundation,276264,https://www.ncei.noaa.gov/access/metadata/landing-page/bin/iso?id=gov.noaa.nodc:276264,12170,-16025164.2763819,3735688.96635155
0276264-0000046,12/2/2019 6:00:00 AM,31.787167,-143.935,Pacific Ocean,,,,,,Ocean water,,0,,Manta net,0.333,,,,,,15.04933,pieces/m3,>=10,Very High,Egger et al. 2020,"Egger, M., R. Nijhof, L. Quiros, G. Leone, S-J. Royer, A. C. McWhirter, G. A. Kantakov, V. I. Radchenko, E. A. Pakhomov, B. P. V. Hunt, L. Lebreton. 2020. A spatially variable scarcity of floating microplastics in the eastern North Pacific Ocean. Environmental Research Letters 15, 114056. https://doi.org/10.1088/1748-9326/abbb4f",https://doi.org/10.1088/1748-9326/abbb4f,"The Ocean Cleanup, Rotterdam, The Netherlands",The Ocean Cleanup Foundation,276264,https://www.ncei.noaa.gov/access/metadata/landing-page/bin/iso?id=gov.noaa.nodc:276264,12171,-16022770.9073298,3735405.29834352
0276264-0000047,12/3/2019 6:00:00 AM,33.481667,-143.121667,Pacific Ocean,,,,,,Ocean water,,0,,Manta net,0.333,,,,,,3.187498,pieces/m3,1-10,High,Egger et al. 2020,"Egger, M., R. Nijhof, L. Quiros, G. Leone, S-J. Royer, A. C. McWhirter, G. A. Kantakov, V. I. Radchenko, E. A. Pakhomov, B. P. V. Hunt, L. Lebreton. 2020. A spatially variable scarcity of floating microplastics in the eastern North Pacific Ocean. Environmental Research Letters 15, 114056. https://doi.org/10.1088/1748-9326/abbb4f",https://doi.org/10.1088/1748-9326/abbb4f,"The Ocean Cleanup, Rotterdam, The Netherlands",The Ocean Cleanup Foundation,276264,https://www.ncei.noaa.gov/access/metadata/landing-page/bin/iso?id=gov.noaa.nodc:276264,12172,-15932231.0919245,3959413.1148219
0276264-0000048,12/3/2019 6:00:00 AM,33.489333,-143.100333,Pacific Ocean,,,,,,Ocean water,,0,,Manta net,0.333,,,,,,3.417758,pieces/m3,1-10,High,Egger et al. 2020,"Egger, M., R. Nijhof, L. Quiros, G. Leone, S-J. Royer, A. C. McWhirter, G. A. Kantakov, V. I. Radchenko, E. A. Pakhomov, B. P. V. Hunt, L. Lebreton. 2020. A spatially variable scarcity of floating microplastics in the eastern North Pacific Ocean. Environmental Research Letters 15, 114056. https://doi.org/10.1088/1748-9326/abbb4f",https://doi.org/10.1088/1748-9326/abbb4f,"The Ocean Cleanup, Rotterdam, The Netherlands",The Ocean Cleanup Foundation,276264,https://www.ncei.noaa.gov/access/metadata/landing-page/bin/iso?id=gov.noaa.nodc:276264,12173,-15929856.2019079,3960436.31524277
0276264-0000049,12/3/2019 6:00:00 AM,33.497667,-143.0765,Pacific Ocean,,,,,,Ocean water,,0,,Manta net,0.333,,,,,,1.582826,pieces/m3,1-10,High,Egger et al. 2020,"Egger, M., R. Nijhof, L. Quiros, G. Leone, S-J. Royer, A. C. McWhirter, G. A. Kantakov, V. I. Radchenko, E. A. Pakhomov, B. P. V. Hunt, L. Lebreton. 2020. A spatially variable scarcity of floating microplastics in the eastern North Pacific Ocean. Environmental Research Letters 15, 114056. https://doi.org/10.1088/1748-9326/abbb4f",https://doi.org/10.1088/1748-9326/abbb4f,"The Ocean Cleanup, Rotterdam, The Netherlands",The Ocean Cleanup Foundation,276264,https://www.ncei.noaa.gov/access/metadata/landing-page/bin/iso?id=gov.noaa.nodc:276264,12174,-15927203.1244838,3961548.77807889
0276264-0000050,12/3/2019 6:00:00 AM,33.663333,-141.171667,Pacific Ocean,,,,,,Ocean water,,0,,Manta net,0.333,,,,,,3.692509,pieces/m3,1-10,High,Egger et al. 2020,"Egger, M., R. Nijhof, L. Quiros, G. Leone, S-J. Royer, A. C. McWhirter, G. A. Kantakov, V. I. Radchenko, E. A. Pakhomov, B. P. V. Hunt, L. Lebreton. 2020. A spatially variable scarcity of floating microplastics in the eastern North Pacific Ocean. Environmental Research Letters 15, 114056. https://doi.org/10.1088/1748-9326/abbb4f",https://doi.org/10.1088/1748-9326/abbb4f,"The Ocean Cleanup, Rotterdam, The Netherlands",The Ocean Cleanup Foundation,276264,https://www.ncei.noaa.gov/access/metadata/landing-page/bin/iso?id=gov.noaa.nodc:276264,12175,-15715158.0848776,3983684.96319238
0276264-0000051,12/3/2019 6:00:00 AM,33.667,-141.145833,Pacific Ocean,,,,,,Ocean water,,0,,Manta net,0.333,,,,,,6.293365,pieces/m3,1-10,High,Egger et al. 2020,"Egger, M., R. Nijhof, L. Quiros, G. Leone, S-J. Royer, A. C. McWhirter, G. A. Kantakov, V. I. Radchenko, E. A. Pakhomov, B. P. V. Hunt, L. Lebreton. 2020. A spatially variable scarcity of floating microplastics in the eastern North Pacific Ocean. Environmental Research Letters 15, 114056. https://doi.org/10.1088/1748-9326/abbb4f",https://doi.org/10.1088/1748-9326/abbb4f,"The Ocean Cleanup, Rotterdam, The Netherlands",The Ocean Cleanup Foundation,276264,https://www.ncei.noaa.gov/access/metadata/landing-page/bin/iso?id=gov.noaa.nodc:276264,12176,-15712282.2571524,3984175.42678031
0276264-0000052,12/3/2019 6:00:00 AM,33.668833,-141.117333,Pacific Ocean,,,,,,Ocean water,,0,,Manta net,0.333,,,,,,7.704874,pieces/m3,1-10,High,Egger et al. 2020,"Egger, M., R. Nijhof, L. Quiros, G. Leone, S-J. Royer, A. C. McWhirter, G. A. Kantakov, V. I. Radchenko, E. A. Pakhomov, B. P. V. Hunt, L. Lebreton. 2020. A spatially variable scarcity of floating microplastics in the eastern North Pacific Ocean. Environmental Research Letters 15, 114056. https://doi.org/10.1088/1748-9326/abbb4f",https://doi.org/10.1088/1748-9326/abbb4f,"The Ocean Cleanup, Rotterdam, The Netherlands",The Ocean Cleanup Foundation,276264,https://www.ncei.noaa.gov/access/metadata/landing-page/bin/iso?id=gov.noaa.nodc:276264,12177,-15709109.6516648,3984420.59953676
0276264-0000053,12/3/2019 6:00:00 AM,33.8919,-140.557933,Pacific Ocean,,,,,,Ocean water,,0,,Manta net,0.333,,,,,,27.723078,pieces/m3,>=10,Very High,Egger et al. 2020,"Egger, M., R. Nijhof, L. Quiros, G. Leone, S-J. Royer, A. C. McWhirter, G. A. Kantakov, V. I. Radchenko, E. A. Pakhomov, B. P. V. Hunt, L. Lebreton. 2020. A spatially variable scarcity of floating microplastics in the eastern North Pacific Ocean. Environmental Research Letters 15, 114056. https://doi.org/10.1088/1748-9326/abbb4f",https://doi.org/10.1088/1748-9326/abbb4f,"The Ocean Cleanup, Rotterdam, The Netherlands",The Ocean Cleanup Foundation,276264,https://www.ncei.noaa.gov/access/metadata/landing-page/bin/iso?id=gov.noaa.nodc:276264,12178,-15646837.5285151,4014296.05681218
0276264-0000054,12/3/2019 6:00:00 AM,33.8991,-140.526517,Pacific Ocean,,,,,,Ocean water,,0,,Manta net,0.333,,,,,,4.256084,pieces/m3,1-10,High,Egger et al. 2020,"Egger, M., R. Nijhof, L. Quiros, G. Leone, S-J. Royer, A. C. McWhirter, G. A. Kantakov, V. I. Radchenko, E. A. Pakhomov, B. P. V. Hunt, L. Lebreton. 2020. A spatially variable scarcity of floating microplastics in the eastern North Pacific Ocean. Environmental Research Letters 15, 114056. https://doi.org/10.1088/1748-9326/abbb4f",https://doi.org/10.1088/1748-9326/abbb4f,"The Ocean Cleanup, Rotterdam, The Netherlands",The Ocean Cleanup Foundation,276264,https://www.ncei.noaa.gov/access/metadata/landing-page/bin/iso?id=gov.noaa.nodc:276264,12179,-15643340.3153923,4015261.65461522
0276264-0000055,12/3/2019 6:00:00 AM,33.906133,-140.495767,Pacific Ocean,,,,,,Ocean water,,0,,Manta net,0.333,,,,,,7.252639,pieces/m3,1-10,High,Egger et al. 2020,"Egger, M., R. Nijhof, L. Quiros, G. Leone, S-J. Royer, A. C. McWhirter, G. A. Kantakov, V. I. Radchenko, E. A. Pakhomov, B. P. V. Hunt, L. Lebreton. 2020. A spatially variable scarcity of floating microplastics in the eastern North Pacific Ocean. Environmental Research Letters 15, 114056. https://doi.org/10.1088/1748-9326/abbb4f",https://doi.org/10.1088/1748-9326/abbb4f,"The Ocean Cleanup, Rotterdam, The Netherlands",The Ocean Cleanup Foundation,276264,https://www.ncei.noaa.gov/access/metadata/landing-page/bin/iso?id=gov.noaa.nodc:276264,12180,-15639917.2410504,4016204.93463671
0276264-0000056,12/4/2019 6:00:00 AM,34.413333,-139.261,Pacific Ocean,,,,,,Ocean water,,0,,Manta net,0.333,,,,,,42.069684,pieces/m3,>=10,Very High,Egger et al. 2020,"Egger, M., R. Nijhof, L. Quiros, G. Leone, S-J. Royer, A. C. McWhirter, G. A. Kantakov, V. I. Radchenko, E. A. Pakhomov, B. P. V. Hunt, L. Lebreton. 2020. A spatially variable scarcity of floating microplastics in the eastern North Pacific Ocean. Environmental Research Letters 15, 114056. https://doi.org/10.1088/1748-9326/abbb4f",https://doi.org/10.1088/1748-9326/abbb4f,"The Ocean Cleanup, Rotterdam, The Netherlands",The Ocean Cleanup Foundation,276264,https://www.ncei.noaa.gov/access/metadata/landing-page/bin/iso?id=gov.noaa.nodc:276264,12181,-15502463.6073621,4084438.50391491
0276264-0000057,12/4/2019 6:00:00 AM,34.425,-139.233,Pacific Ocean,,,,,,Ocean water,,0,,Manta net,0.333,,,,,,15.664693,pieces/m3,>=10,Very High,Egger et al. 2020,"Egger, M., R. Nijhof, L. Quiros, G. Leone, S-J. Royer, A. C. McWhirter, G. A. Kantakov, V. I. Radchenko, E. A. Pakhomov, B. P. V. Hunt, L. Lebreton. 2020. A spatially variable scarcity of floating microplastics in the eastern North Pacific Ocean. Environmental Research Letters 15, 114056. https://doi.org/10.1088/1748-9326/abbb4f",https://doi.org/10.1088/1748-9326/abbb4f,"The Ocean Cleanup, Rotterdam, The Netherlands",The Ocean Cleanup Foundation,276264,https://www.ncei.noaa.gov/access/metadata/landing-page/bin/iso?id=gov.noaa.nodc:276264,12182,-15499346.6616199,4086012.9080769
0276264-0000058,12/4/2019 6:00:00 AM,34.433383,-139.209667,Pacific Ocean,,,,,,Ocean water,,0,,Manta net,0.333,,,,,,14.472818,pieces/m3,>=10,Very High,Egger et al. 2020,"Egger, M., R. Nijhof, L. Quiros, G. Leone, S-J. Royer, A. C. McWhirter, G. A. Kantakov, V. I. Radchenko, E. A. Pakhomov, B. P. V. Hunt, L. Lebreton. 2020. A spatially variable scarcity of floating microplastics in the eastern North Pacific Ocean. Environmental Research Letters 15, 114056. https://doi.org/10.1088/1748-9326/abbb4f",https://doi.org/10.1088/1748-9326/abbb4f,"The Ocean Cleanup, Rotterdam, The Netherlands",The Ocean Cleanup Foundation,276264,https://www.ncei.noaa.gov/access/metadata/landing-page/bin/iso?id=gov.noaa.nodc:276264,12183,-15496749.2439412,4087144.28827707
0276264-0000074,6/18/2019 5:00:00 AM,26.48,-156.4,Pacific Ocean,,,,,,Ocean water,,0,,Manta net,0.333,,,,,,1.114427,pieces/m3,1-10,High,Egger et al. 2020,"Egger, M., R. Nijhof, L. Quiros, G. Leone, S-J. Royer, A. C. McWhirter, G. A. Kantakov, V. I. Radchenko, E. A. Pakhomov, B. P. V. Hunt, L. Lebreton. 2020. A spatially variable scarcity of floating microplastics in the eastern North Pacific Ocean. Environmental Research Letters 15, 114056. https://doi.org/10.1088/1748-9326/abbb4f",https://doi.org/10.1088/1748-9326/abbb4f,"The Ocean Cleanup, Rotterdam, The Netherlands",The Ocean Cleanup Foundation,276264,https://www.ncei.noaa.gov/access/metadata/landing-page/bin/iso?id=gov.noaa.nodc:276264,12199,-17410368.360068,3058653.48645643
0276264-0000075,6/19/2019 5:00:00 AM,26.5,-155.28,Pacific Ocean,,,,,,Ocean water,,0,,Manta net,0.333,,,,,,0.94372,pieces/m3,0.005-1,Medium,Egger et al. 2020,"Egger, M., R. Nijhof, L. Quiros, G. Leone, S-J. Royer, A. C. McWhirter, G. A. Kantakov, V. I. Radchenko, E. A. Pakhomov, B. P. V. Hunt, L. Lebreton. 2020. A spatially variable scarcity of floating microplastics in the eastern North Pacific Ocean. Environmental Research Letters 15, 114056. https://doi.org/10.1088/1748-9326/abbb4f",https://doi.org/10.1088/1748-9326/abbb4f,"The Ocean Cleanup, Rotterdam, The Netherlands",The Ocean Cleanup Foundation,276264,https://www.ncei.noaa.gov/access/metadata/landing-page/bin/iso?id=gov.noaa.nodc:276264,12200,-17285690.5303795,3061141.03888603
0276264-0000076,6/20/2019 5:00:00 AM,26.24,-154.97,Pacific Ocean,,,,,,Ocean water,,0,,Manta net,0.333,,,,,,0.887413,pieces/m3,0.005-1,Medium,Egger et al. 2020,"Egger, M., R. Nijhof, L. Quiros, G. Leone, S-J. Royer, A. C. McWhirter, G. A. Kantakov, V. I. Radchenko, E. A. Pakhomov, B. P. V. Hunt, L. Lebreton. 2020. A spatially variable scarcity of floating microplastics in the eastern North Pacific Ocean. Environmental Research Letters 15, 114056. https://doi.org/10.1088/1748-9326/abbb4f",https://doi.org/10.1088/1748-9326/abbb4f,"The Ocean Cleanup, Rotterdam, The Netherlands",The Ocean Cleanup Foundation,276264,https://www.ncei.noaa.gov/access/metadata/landing-page/bin/iso?id=gov.noaa.nodc:276264,12201,-17251181.4882336,3028836.46384833
0276264-0000077,6/20/2019 5:00:00 AM,27.1,-154.37,Pacific Ocean,,,,,,Ocean water,,0,,Manta net,0.333,,,,,,0.465907,pieces/m3,0.005-1,Medium,Egger et al. 2020,"Egger, M., R. Nijhof, L. Quiros, G. Leone, S-J. Royer, A. C. McWhirter, G. A. Kantakov, V. I. Radchenko, E. A. Pakhomov, B. P. V. Hunt, L. Lebreton. 2020. A spatially variable scarcity of floating microplastics in the eastern North Pacific Ocean. Environmental Research Letters 15, 114056. https://doi.org/10.1088/1748-9326/abbb4f",https://doi.org/10.1088/1748-9326/abbb4f,"The Ocean Cleanup, Rotterdam, The Netherlands",The Ocean Cleanup Foundation,276264,https://www.ncei.noaa.gov/access/metadata/landing-page/bin/iso?id=gov.noaa.nodc:276264,12202,-17184389.7937576,3135970.99252769
0276264-0000078,6/21/2019 5:00:00 AM,26.28,-154.08,Pacific Ocean,,,,,,Ocean water,,0,,Manta net,0.333,,,,,,0.934387,pieces/m3,0.005-1,Medium,Egger et al. 2020,"Egger, M., R. Nijhof, L. Quiros, G. Leone, S-J. Royer, A. C. McWhirter, G. A. Kantakov, V. I. Radchenko, E. A. Pakhomov, B. P. V. Hunt, L. Lebreton. 2020. A spatially variable scarcity of floating microplastics in the eastern North Pacific Ocean. Environmental Research Letters 15, 114056. https://doi.org/10.1088/1748-9326/abbb4f",https://doi.org/10.1088/1748-9326/abbb4f,"The Ocean Cleanup, Rotterdam, The Netherlands",The Ocean Cleanup Foundation,276264,https://www.ncei.noaa.gov/access/metadata/landing-page/bin/iso?id=gov.noaa.nodc:276264,12203,-17152107.1414276,3033801.6756471
0276264-0000079,6/22/2019 5:00:00 AM,26.61,-153.31,Pacific Ocean,,,,,,Ocean water,,0,,Manta net,0.333,,,,,,0.63396,pieces/m3,0.005-1,Medium,Egger et al. 2020,"Egger, M., R. Nijhof, L. Quiros, G. Leone, S-J. Royer, A. C. McWhirter, G. A. Kantakov, V. I. Radchenko, E. A. Pakhomov, B. P. V. Hunt, L. Lebreton. 2020. A spatially variable scarcity of floating microplastics in the eastern North Pacific Ocean. Environmental Research Letters 15, 114056. https://doi.org/10.1088/1748-9326/abbb4f",https://doi.org/10.1088/1748-9326/abbb4f,"The Ocean Cleanup, Rotterdam, The Netherlands",The Ocean Cleanup Foundation,276264,https://www.ncei.noaa.gov/access/metadata/landing-page/bin/iso?id=gov.noaa.nodc:276264,12204,-17066391.1335168,3074830.32869489
0276264-0000080,6/23/2019 5:00:00 AM,27.16,-152.72,Pacific Ocean,,,,,,Ocean water,,0,,Manta net,0.333,,,,,,0.654547,pieces/m3,0.005-1,Medium,Egger et al. 2020,"Egger, M., R. Nijhof, L. Quiros, G. Leone, S-J. Royer, A. C. McWhirter, G. A. Kantakov, V. I. Radchenko, E. A. Pakhomov, B. P. V. Hunt, L. Lebreton. 2020. A spatially variable scarcity of floating microplastics in the eastern North Pacific Ocean. Environmental Research Letters 15, 114056. https://doi.org/10.1088/1748-9326/abbb4f",https://doi.org/10.1088/1748-9326/abbb4f,"The Ocean Cleanup, Rotterdam, The Netherlands",The Ocean Cleanup Foundation,276264,https://www.ncei.noaa.gov/access/metadata/landing-page/bin/iso?id=gov.noaa.nodc:276264,12205,-17000712.6339487,3143475.89571976
0276264-0000081,6/24/2019 5:00:00 AM,28.04,-152.1,Pacific Ocean,,,,,,Ocean water,,0,,Manta net,0.333,,,,,,0.17276,pieces/m3,0.005-1,Medium,Egger et al. 2020,"Egger, M., R. Nijhof, L. Quiros, G. Leone, S-J. Royer, A. C. McWhirter, G. A. Kantakov, V. I. Radchenko, E. A. Pakhomov, B. P. V. Hunt, L. Lebreton. 2020. A spatially variable scarcity of floating microplastics in the eastern North Pacific Ocean. Environmental Research Letters 15, 114056. https://doi.org/10.1088/1748-9326/abbb4f",https://doi.org/10.1088/1748-9326/abbb4f,"The Ocean Cleanup, Rotterdam, The Netherlands",The Ocean Cleanup Foundation,276264,https://www.ncei.noaa.gov/access/metadata/landing-page/bin/iso?id=gov.noaa.nodc:276264,12206,-16931694.5496569,3254017.81115038
0276264-0000082,6/26/2019 5:00:00 AM,28.14,-152.5,Pacific Ocean,,,,,,Ocean water,,0,,Manta net,0.333,,,,,,0.607613,pieces/m3,0.005-1,Medium,Egger et al. 2020,"Egger, M., R. Nijhof, L. Quiros, G. Leone, S-J. Royer, A. C. McWhirter, G. A. Kantakov, V. I. Radchenko, E. A. Pakhomov, B. P. V. Hunt, L. Lebreton. 2020. A spatially variable scarcity of floating microplastics in the eastern North Pacific Ocean. Environmental Research Letters 15, 114056. https://doi.org/10.1088/1748-9326/abbb4f",https://doi.org/10.1088/1748-9326/abbb4f,"The Ocean Cleanup, Rotterdam, The Netherlands",The Ocean Cleanup Foundation,276264,https://www.ncei.noaa.gov/access/metadata/landing-page/bin/iso?id=gov.noaa.nodc:276264,12207,-16976222.3459742,3266636.08022762
0276264-0000083,6/27/2019 5:00:00 AM,27.91,-153.84,Pacific Ocean,,,,,,Ocean water,,0,,Manta net,0.333,,,,,,0.486787,pieces/m3,0.005-1,Medium,Egger et al. 2020,"Egger, M., R. Nijhof, L. Quiros, G. Leone, S-J. Royer, A. C. McWhirter, G. A. Kantakov, V. I. Radchenko, E. A. Pakhomov, B. P. V. Hunt, L. Lebreton. 2020. A spatially variable scarcity of floating microplastics in the eastern North Pacific Ocean. Environmental Research Letters 15, 114056. https://doi.org/10.1088/1748-9326/abbb4f",https://doi.org/10.1088/1748-9326/abbb4f,"The Ocean Cleanup, Rotterdam, The Netherlands",The Ocean Cleanup Foundation,276264,https://www.ncei.noaa.gov/access/metadata/landing-page/bin/iso?id=gov.noaa.nodc:276264,12208,-17125390.4636372,3237631.57995658
0276264-0000084,6/30/2019 5:00:00 AM,27.95,-151.25,Pacific Ocean,,,,,,Ocean water,,0,,Manta net,0.333,,,,,,0.897587,pieces/m3,0.005-1,Medium,Egger et al. 2020,"Egger, M., R. Nijhof, L. Quiros, G. Leone, S-J. Royer, A. C. McWhirter, G. A. Kantakov, V. I. Radchenko, E. A. Pakhomov, B. P. V. Hunt, L. Lebreton. 2020. A spatially variable scarcity of floating microplastics in the eastern North Pacific Ocean. Environmental Research Letters 15, 114056. https://doi.org/10.1088/1748-9326/abbb4f",https://doi.org/10.1088/1748-9326/abbb4f,"The Ocean Cleanup, Rotterdam, The Netherlands",The Ocean Cleanup Foundation,276264,https://www.ncei.noaa.gov/access/metadata/landing-page/bin/iso?id=gov.noaa.nodc:276264,12209,-16837072.9824826,3242671.39483981
0276264-0000085,7/2/2019 5:00:00 AM,28.42,-150.3,Pacific Ocean,,,,,,Ocean water,,0,,Manta net,0.333,,,,,,2.464707,pieces/m3,1-10,High,Egger et al. 2020,"Egger, M., R. Nijhof, L. Quiros, G. Leone, S-J. Royer, A. C. McWhirter, G. A. Kantakov, V. I. Radchenko, E. A. Pakhomov, B. P. V. Hunt, L. Lebreton. 2020. A spatially variable scarcity of floating microplastics in the eastern North Pacific Ocean. Environmental Research Letters 15, 114056. https://doi.org/10.1088/1748-9326/abbb4f",https://doi.org/10.1088/1748-9326/abbb4f,"The Ocean Cleanup, Rotterdam, The Netherlands",The Ocean Cleanup Foundation,276264,https://www.ncei.noaa.gov/access/metadata/landing-page/bin/iso?id=gov.noaa.nodc:276264,12210,-16731319.466229,3302030.12060632
0276264-0000086,7/3/2019 5:00:00 AM,29.02,-148.63,Pacific Ocean,,,,,,Ocean water,,0,,Manta net,0.333,,,,,,1.848387,pieces/m3,1-10,High,Egger et al. 2020,"Egger, M., R. Nijhof, L. Quiros, G. Leone, S-J. Royer, A. C. McWhirter, G. A. Kantakov, V. I. Radchenko, E. A. Pakhomov, B. P. V. Hunt, L. Lebreton. 2020. A spatially variable scarcity of floating microplastics in the eastern North Pacific Ocean. Environmental Research Letters 15, 114056. https://doi.org/10.1088/1748-9326/abbb4f",https://doi.org/10.1088/1748-9326/abbb4f,"The Ocean Cleanup, Rotterdam, The Netherlands",The Ocean Cleanup Foundation,276264,https://www.ncei.noaa.gov/access/metadata/landing-page/bin/iso?id=gov.noaa.nodc:276264,12211,-16545415.9166042,3378191.8331253
0276264-0000087,7/4/2019 5:00:00 AM,28.83,-147.62,Pacific Ocean,,,,,,Ocean water,,0,,Manta net,0.333,,,,,,0.836267,pieces/m3,0.005-1,Medium,Egger et al. 2020,"Egger, M., R. Nijhof, L. Quiros, G. Leone, S-J. Royer, A. C. McWhirter, G. A. Kantakov, V. I. Radchenko, E. A. Pakhomov, B. P. V. Hunt, L. Lebreton. 2020. A spatially variable scarcity of floating microplastics in the eastern North Pacific Ocean. Environmental Research Letters 15, 114056. https://doi.org/10.1088/1748-9326/abbb4f",https://doi.org/10.1088/1748-9326/abbb4f,"The Ocean Cleanup, Rotterdam, The Netherlands",The Ocean Cleanup Foundation,276264,https://www.ncei.noaa.gov/access/metadata/landing-page/bin/iso?id=gov.noaa.nodc:276264,12212,-16432983.230903,3354026.58600326
0276264-0000088,7/6/2019 5:00:00 AM,28.95,-146.06,Pacific Ocean,,,,,,Ocean water,,0,,Manta net,0.333,,,,,,3.223693,pieces/m3,1-10,High,Egger et al. 2020,"Egger, M., R. Nijhof, L. Quiros, G. Leone, S-J. Royer, A. C. McWhirter, G. A. Kantakov, V. I. Radchenko, E. A. Pakhomov, B. P. V. Hunt, L. Lebreton. 2020. A spatially variable scarcity of floating microplastics in the eastern North Pacific Ocean. Environmental Research Letters 15, 114056. https://doi.org/10.1088/1748-9326/abbb4f",https://doi.org/10.1088/1748-9326/abbb4f,"The Ocean Cleanup, Rotterdam, The Netherlands",The Ocean Cleanup Foundation,276264,https://www.ncei.noaa.gov/access/metadata/landing-page/bin/iso?id=gov.noaa.nodc:276264,12213,-16259324.8252655,3369283.69317099
0276264-0000089,7/7/2019 5:00:00 AM,29.37,-145.75,Pacific Ocean,,,,,,Ocean water,,0,,Manta net,0.333,,,,,,1.31768,pieces/m3,1-10,High,Egger et al. 2020,"Egger, M., R. Nijhof, L. Quiros, G. Leone, S-J. Royer, A. C. McWhirter, G. A. Kantakov, V. I. Radchenko, E. A. Pakhomov, B. P. V. Hunt, L. Lebreton. 2020. A spatially variable scarcity of floating microplastics in the eastern North Pacific Ocean. Environmental Research Letters 15, 114056. https://doi.org/10.1088/1748-9326/abbb4f",https://doi.org/10.1088/1748-9326/abbb4f,"The Ocean Cleanup, Rotterdam, The Netherlands",The Ocean Cleanup Foundation,276264,https://www.ncei.noaa.gov/access/metadata/landing-page/bin/iso?id=gov.noaa.nodc:276264,12214,-16224815.7831196,3422823.56052173
0276264-0000090,7/8/2019 5:00:00 AM,30.03,-145.4,Pacific Ocean,,,,,,Ocean water,,0,,Manta net,0.333,,,,,,1.36212,pieces/m3,1-10,High,Egger et al. 2020,"Egger, M., R. Nijhof, L. Quiros, G. Leone, S-J. Royer, A. C. McWhirter, G. A. Kantakov, V. I. Radchenko, E. A. Pakhomov, B. P. V. Hunt, L. Lebreton. 2020. A spatially variable scarcity of floating microplastics in the eastern North Pacific Ocean. Environmental Research Letters 15, 114056. https://doi.org/10.1088/1748-9326/abbb4f",https://doi.org/10.1088/1748-9326/abbb4f,"The Ocean Cleanup, Rotterdam, The Netherlands",The Ocean Cleanup Foundation,276264,https://www.ncei.noaa.gov/access/metadata/landing-page/bin/iso?id=gov.noaa.nodc:276264,12215,-16185853.961342,3507406.64694416
0276264-0000091,7/9/2019 5:00:00 AM,30.53,-145.04,Pacific Ocean,,,,,,Ocean water,,0,,Manta net,0.333,,,,,,26.854787,pieces/m3,>=10,Very High,Egger et al. 2020,"Egger, M., R. Nijhof, L. Quiros, G. Leone, S-J. Royer, A. C. McWhirter, G. A. Kantakov, V. I. Radchenko, E. A. Pakhomov, B. P. V. Hunt, L. Lebreton. 2020. A spatially variable scarcity of floating microplastics in the eastern North Pacific Ocean. Environmental Research Letters 15, 114056. https://doi.org/10.1088/1748-9326/abbb4f",https://doi.org/10.1088/1748-9326/abbb4f,"The Ocean Cleanup, Rotterdam, The Netherlands",The Ocean Cleanup Foundation,276264,https://www.ncei.noaa.gov/access/metadata/landing-page/bin/iso?id=gov.noaa.nodc:276264,12216,-16145778.9446564,3571859.94960445
0276264-0000092,7/12/2019 5:00:00 AM,31.48,-145.04,Pacific Ocean,,,,,,Ocean water,,0,,Manta net,0.333,,,,,,22.4162,pieces/m3,>=10,Very High,Egger et al. 2020,"Egger, M., R. Nijhof, L. Quiros, G. Leone, S-J. Royer, A. C. McWhirter, G. A. Kantakov, V. I. Radchenko, E. A. Pakhomov, B. P. V. Hunt, L. Lebreton. 2020. A spatially variable scarcity of floating microplastics in the eastern North Pacific Ocean. Environmental Research Letters 15, 114056. https://doi.org/10.1088/1748-9326/abbb4f",https://doi.org/10.1088/1748-9326/abbb4f,"The Ocean Cleanup, Rotterdam, The Netherlands",The Ocean Cleanup Foundation,276264,https://www.ncei.noaa.gov/access/metadata/landing-page/bin/iso?id=gov.noaa.nodc:276264,12217,-16145778.9446564,3695244.43788039
0276264-0000093,7/13/2019 5:00:00 AM,31.62,-144.34,Pacific Ocean,,,,,,Ocean water,,0,,Manta net,0.333,,,,,,8.049147,pieces/m3,1-10,High,Egger et al. 2020,"Egger, M., R. Nijhof, L. Quiros, G. Leone, S-J. Royer, A. C. McWhirter, G. A. Kantakov, V. I. Radchenko, E. A. Pakhomov, B. P. V. Hunt, L. Lebreton. 2020. A spatially variable scarcity of floating microplastics in the eastern North Pacific Ocean. Environmental Research Letters 15, 114056. https://doi.org/10.1088/1748-9326/abbb4f",https://doi.org/10.1088/1748-9326/abbb4f,"The Ocean Cleanup, Rotterdam, The Netherlands",The Ocean Cleanup Foundation,276264,https://www.ncei.noaa.gov/access/metadata/landing-page/bin/iso?id=gov.noaa.nodc:276264,12218,-16067855.3011011,3713532.43415874
0276264-0000094,7/14/2019 5:00:00 AM,31.89,-143.34,Pacific Ocean,,,,,,Ocean water,,0,,Manta net,0.333,,,,,,4.054387,pieces/m3,1-10,High,Egger et al. 2020,"Egger, M., R. Nijhof, L. Quiros, G. Leone, S-J. Royer, A. C. McWhirter, G. A. Kantakov, V. I. Radchenko, E. A. Pakhomov, B. P. V. Hunt, L. Lebreton. 2020. A spatially variable scarcity of floating microplastics in the eastern North Pacific Ocean. Environmental Research Letters 15, 114056. https://doi.org/10.1088/1748-9326/abbb4f",https://doi.org/10.1088/1748-9326/abbb4f,"The Ocean Cleanup, Rotterdam, The Netherlands",The Ocean Cleanup Foundation,276264,https://www.ncei.noaa.gov/access/metadata/landing-page/bin/iso?id=gov.noaa.nodc:276264,12219,-15956535.8103078,3748880.06312406
0276264-0000095,7/15/2019 5:00:00 AM,32.08,-142.46,Pacific Ocean,,,,,,Ocean water,,0,,Manta net,0.333,,,,,,11.416893,pieces/m3,>=10,Very High,Egger et al. 2020,"Egger, M., R. Nijhof, L. Quiros, G. Leone, S-J. Royer, A. C. McWhirter, G. A. Kantakov, V. I. Radchenko, E. A. Pakhomov, B. P. V. Hunt, L. Lebreton. 2020. A spatially variable scarcity of floating microplastics in the eastern North Pacific Ocean. Environmental Research Letters 15, 114056. https://doi.org/10.1088/1748-9326/abbb4f",https://doi.org/10.1088/1748-9326/abbb4f,"The Ocean Cleanup, Rotterdam, The Netherlands",The Ocean Cleanup Foundation,276264,https://www.ncei.noaa.gov/access/metadata/landing-page/bin/iso?id=gov.noaa.nodc:276264,12220,-15858574.6584098,3773816.45745408
0276264-0000096,7/16/2019 5:00:00 AM,31.81,-141.13,Pacific Ocean,,,,,,Ocean water,,0,,Manta net,0.333,,,,,,51.0782,pieces/m3,>=10,Very High,Egger et al. 2020,"Egger, M., R. Nijhof, L. Quiros, G. Leone, S-J. Royer, A. C. McWhirter, G. A. Kantakov, V. I. Radchenko, E. A. Pakhomov, B. P. V. Hunt, L. Lebreton. 2020. A spatially variable scarcity of floating microplastics in the eastern North Pacific Ocean. Environmental Research Letters 15, 114056. https://doi.org/10.1088/1748-9326/abbb4f",https://doi.org/10.1088/1748-9326/abbb4f,"The Ocean Cleanup, Rotterdam, The Netherlands",The Ocean Cleanup Foundation,276264,https://www.ncei.noaa.gov/access/metadata/landing-page/bin/iso?id=gov.noaa.nodc:276264,12221,-15710519.7356547,3738395.93354211
0276264-0000097,7/18/2019 5:00:00 AM,31.02,-141.19,Pacific Ocean,,,,,,Ocean water,,0,,Manta net,0.333,,,,,,4.486027,pieces/m3,1-10,High,Egger et al. 2020,"Egger, M., R. Nijhof, L. Quiros, G. Leone, S-J. Royer, A. C. McWhirter, G. A. Kantakov, V. I. Radchenko, E. A. Pakhomov, B. P. V. Hunt, L. Lebreton. 2020. A spatially variable scarcity of floating microplastics in the eastern North Pacific Ocean. Environmental Research Letters 15, 114056. https://doi.org/10.1088/1748-9326/abbb4f",https://doi.org/10.1088/1748-9326/abbb4f,"The Ocean Cleanup, Rotterdam, The Netherlands",The Ocean Cleanup Foundation,276264,https://www.ncei.noaa.gov/access/metadata/landing-page/bin/iso?id=gov.noaa.nodc:276264,12222,-15717198.9051023,3635346.7965769
0276264-0000098,7/21/2019 5:00:00 AM,33.51,-140.06,Pacific Ocean,,,,,,Ocean water,,0,,Manta net,0.333,,,,,,5.481173,pieces/m3,1-10,High,Egger et al. 2020,"Egger, M., R. Nijhof, L. Quiros, G. Leone, S-J. Royer, A. C. McWhirter, G. A. Kantakov, V. I. Radchenko, E. A. Pakhomov, B. P. V. Hunt, L. Lebreton. 2020. A spatially variable scarcity of floating microplastics in the eastern North Pacific Ocean. Environmental Research Letters 15, 114056. https://doi.org/10.1088/1748-9326/abbb4f",https://doi.org/10.1088/1748-9326/abbb4f,"The Ocean Cleanup, Rotterdam, The Netherlands",The Ocean Cleanup Foundation,276264,https://www.ncei.noaa.gov/access/metadata/landing-page/bin/iso?id=gov.noaa.nodc:276264,12223,-15591407.8805059,3963195.24340215
0276264-0000099,7/25/2019 5:00:00 AM,33.94,-142,Pacific Ocean,,,,,,Ocean water,,0,,Manta net,0.333,,,,,,7.753387,pieces/m3,1-10,High,Egger et al. 2020,"Egger, M., R. Nijhof, L. Quiros, G. Leone, S-J. Royer, A. C. McWhirter, G. A. Kantakov, V. I. Radchenko, E. A. Pakhomov, B. P. V. Hunt, L. Lebreton. 2020. A spatially variable scarcity of floating microplastics in the eastern North Pacific Ocean. Environmental Research Letters 15, 114056. https://doi.org/10.1088/1748-9326/abbb4f",https://doi.org/10.1088/1748-9326/abbb4f,"The Ocean Cleanup, Rotterdam, The Netherlands",The Ocean Cleanup Foundation,276264,https://www.ncei.noaa.gov/access/metadata/landing-page/bin/iso?id=gov.noaa.nodc:276264,12224,-15807367.6926448,4020748.33459618
0276264-0000100,7/27/2019 5:00:00 AM,33.77,-144.17,Pacific Ocean,,,,,,Ocean water,,0,,Manta net,0.333,,,,,,10.217707,pieces/m3,>=10,Very High,Egger et al. 2020,"Egger, M., R. Nijhof, L. Quiros, G. Leone, S-J. Royer, A. C. McWhirter, G. A. Kantakov, V. I. Radchenko, E. A. Pakhomov, B. P. V. Hunt, L. Lebreton. 2020. A spatially variable scarcity of floating microplastics in the eastern North Pacific Ocean. Environmental Research Letters 15, 114056. https://doi.org/10.1088/1748-9326/abbb4f",https://doi.org/10.1088/1748-9326/abbb4f,"The Ocean Cleanup, Rotterdam, The Netherlands",The Ocean Cleanup Foundation,276264,https://www.ncei.noaa.gov/access/metadata/landing-page/bin/iso?id=gov.noaa.nodc:276264,12225,-16048930.9876662,3997960.29825744
0276264-0000101,7/29/2019 5:00:00 AM,33.82,-145.21,Pacific Ocean,,,,,,Ocean water,,0,,Manta net,0.333,,,,,,5.891707,pieces/m3,1-10,High,Egger et al. 2020,"Egger, M., R. Nijhof, L. Quiros, G. Leone, S-J. Royer, A. C. McWhirter, G. A. Kantakov, V. I. Radchenko, E. A. Pakhomov, B. P. V. Hunt, L. Lebreton. 2020. A spatially variable scarcity of floating microplastics in the eastern North Pacific Ocean. Environmental Research Letters 15, 114056. https://doi.org/10.1088/1748-9326/abbb4f",https://doi.org/10.1088/1748-9326/abbb4f,"The Ocean Cleanup, Rotterdam, The Netherlands",The Ocean Cleanup Foundation,276264,https://www.ncei.noaa.gov/access/metadata/landing-page/bin/iso?id=gov.noaa.nodc:276264,12226,-16164703.2580913,4004657.95622498
0276264-0000606,9/14/2015 5:00:00 AM,29.4135,-133.2597,Pacific Ocean,,,,,,Ocean water,,0,,Manta net,0.333,,,,,,3.584262,pieces/m3,1-10,High,Egger et al. 2020,"Egger, M., R. Nijhof, L. Quiros, G. Leone, S-J. Royer, A. C. McWhirter, G. A. Kantakov, V. I. Radchenko, E. A. Pakhomov, B. P. V. Hunt, L. Lebreton. 2020. A spatially variable scarcity of floating microplastics in the eastern North Pacific Ocean. Environmental Research Letters 15, 114056. https://doi.org/10.1088/1748-9326/abbb4f",https://doi.org/10.1088/1748-9326/abbb4f,"The Ocean Cleanup, Rotterdam, The Netherlands",The Ocean Cleanup Foundation,276264,https://www.ncei.noaa.gov/access/metadata/landing-page/bin/iso?id=gov.noaa.nodc:276264,12227,-14834401.9472644,3428381.32966718
0276264-0000105,8/4/2019 5:00:00 AM,31.66,-145.94,Pacific Ocean,,,,,,Ocean water,,0,,Manta net,0.333,,,,,,10.103907,pieces/m3,>=10,Very High,Egger et al. 2020,"Egger, M., R. Nijhof, L. Quiros, G. Leone, S-J. Royer, A. C. McWhirter, G. A. Kantakov, V. I. Radchenko, E. A. Pakhomov, B. P. V. Hunt, L. Lebreton. 2020. A spatially variable scarcity of floating microplastics in the eastern North Pacific Ocean. Environmental Research Letters 15, 114056. https://doi.org/10.1088/1748-9326/abbb4f",https://doi.org/10.1088/1748-9326/abbb4f,"The Ocean Cleanup, Rotterdam, The Netherlands",The Ocean Cleanup Foundation,276264,https://www.ncei.noaa.gov/access/metadata/landing-page/bin/iso?id=gov.noaa.nodc:276264,12228,-16245966.4863703,3718762.62468084
0276264-0000206,8/2/2015 5:00:00 AM,30.001983,-140.813,Pacific Ocean,,,,,,Ocean water,,0,,Manta net,0.333,,,,,,5.263433,pieces/m3,1-10,High,Egger et al. 2020,"Egger, M., R. Nijhof, L. Quiros, G. Leone, S-J. Royer, A. C. McWhirter, G. A. Kantakov, V. I. Radchenko, E. A. Pakhomov, B. P. V. Hunt, L. Lebreton. 2020. A spatially variable scarcity of floating microplastics in the eastern North Pacific Ocean. Environmental Research Letters 15, 114056. https://doi.org/10.1088/1748-9326/abbb4f",https://doi.org/10.1088/1748-9326/abbb4f,"The Ocean Cleanup, Rotterdam, The Netherlands",The Ocean Cleanup Foundation,276264,https://www.ncei.noaa.gov/access/metadata/landing-page/bin/iso?id=gov.noaa.nodc:276264,12230,-15675231.4570732,3503804.74221154
0276264-0000305,8/16/2015 5:00:00 AM,33.000318,-135.284,Pacific Ocean,,,,,,Ocean water,,0,,Manta net,0.333,,,,,,2.307641,pieces/m3,1-10,High,Egger et al. 2020,"Egger, M., R. Nijhof, L. Quiros, G. Leone, S-J. Royer, A. C. McWhirter, G. A. Kantakov, V. I. Radchenko, E. A. Pakhomov, B. P. V. Hunt, L. Lebreton. 2020. A spatially variable scarcity of floating microplastics in the eastern North Pacific Ocean. Environmental Research Letters 15, 114056. https://doi.org/10.1088/1748-9326/abbb4f",https://doi.org/10.1088/1748-9326/abbb4f,"The Ocean Cleanup, Rotterdam, The Netherlands",The Ocean Cleanup Foundation,276264,https://www.ncei.noaa.gov/access/metadata/landing-page/bin/iso?id=gov.noaa.nodc:276264,12231,-15059745.9924772,3895346.17265128
0276264-0000607,9/14/2015 5:00:00 AM,29.38735,-133.2961,Pacific Ocean,,,,,,Ocean water,,0,,Manta net,0.333,,,,,,2.831999,pieces/m3,1-10,High,Egger et al. 2020,"Egger, M., R. Nijhof, L. Quiros, G. Leone, S-J. Royer, A. C. McWhirter, G. A. Kantakov, V. I. Radchenko, E. A. Pakhomov, B. P. V. Hunt, L. Lebreton. 2020. A spatially variable scarcity of floating microplastics in the eastern North Pacific Ocean. Environmental Research Letters 15, 114056. https://doi.org/10.1088/1748-9326/abbb4f",https://doi.org/10.1088/1748-9326/abbb4f,"The Ocean Cleanup, Rotterdam, The Netherlands",The Ocean Cleanup Foundation,276264,https://www.ncei.noaa.gov/access/metadata/landing-page/bin/iso?id=gov.noaa.nodc:276264,12234,-14838453.9767293,3425039.99501952
0276264-0000505,8/19/2015 5:00:00 AM,29.63565,-135.8724,Pacific Ocean,,,,,,Ocean water,,0,,Manta net,0.333,,,,,,1.65324,pieces/m3,1-10,High,Egger et al. 2020,"Egger, M., R. Nijhof, L. Quiros, G. Leone, S-J. Royer, A. C. McWhirter, G. A. Kantakov, V. I. Radchenko, E. A. Pakhomov, B. P. V. Hunt, L. Lebreton. 2020. A spatially variable scarcity of floating microplastics in the eastern North Pacific Ocean. Environmental Research Letters 15, 114056. https://doi.org/10.1088/1748-9326/abbb4f",https://doi.org/10.1088/1748-9326/abbb4f,"The Ocean Cleanup, Rotterdam, The Netherlands",The Ocean Cleanup Foundation,276264,https://www.ncei.noaa.gov/access/metadata/landing-page/bin/iso?id=gov.noaa.nodc:276264,12235,-15125246.38086,3456801.49771437
0276264-0000207,8/2/2015 5:00:00 AM,30.000933,-140.813,Pacific Ocean,,,,,,Ocean water,,0,,Manta net,0.333,,,,,,6.618049,pieces/m3,1-10,High,Egger et al. 2020,"Egger, M., R. Nijhof, L. Quiros, G. Leone, S-J. Royer, A. C. McWhirter, G. A. Kantakov, V. I. Radchenko, E. A. Pakhomov, B. P. V. Hunt, L. Lebreton. 2020. A spatially variable scarcity of floating microplastics in the eastern North Pacific Ocean. Environmental Research Letters 15, 114056. https://doi.org/10.1088/1748-9326/abbb4f",https://doi.org/10.1088/1748-9326/abbb4f,"The Ocean Cleanup, Rotterdam, The Netherlands",The Ocean Cleanup Foundation,276264,https://www.ncei.noaa.gov/access/metadata/landing-page/bin/iso?id=gov.noaa.nodc:276264,12236,-15675231.4570732,3503669.7725188
0276264-0000106,8/5/2019 5:00:00 AM,31.91,-145.09,Pacific Ocean,,,,,,Ocean water,,0,,Manta net,0.333,,,,,,2.800453,pieces/m3,1-10,High,Egger et al. 2020,"Egger, M., R. Nijhof, L. Quiros, G. Leone, S-J. Royer, A. C. McWhirter, G. A. Kantakov, V. I. Radchenko, E. A. Pakhomov, B. P. V. Hunt, L. Lebreton. 2020. A spatially variable scarcity of floating microplastics in the eastern North Pacific Ocean. Environmental Research Letters 15, 114056. https://doi.org/10.1088/1748-9326/abbb4f",https://doi.org/10.1088/1748-9326/abbb4f,"The Ocean Cleanup, Rotterdam, The Netherlands",The Ocean Cleanup Foundation,276264,https://www.ncei.noaa.gov/access/metadata/landing-page/bin/iso?id=gov.noaa.nodc:276264,12237,-16151344.9191961,3751502.51787534
0276264-0000306,8/16/2015 5:00:00 AM,33.00241,-136.8805,Pacific Ocean,,,,,,Ocean water,,0,,Manta net,0.333,,,,,,5.964499,pieces/m3,1-10,High,Egger et al. 2020,"Egger, M., R. Nijhof, L. Quiros, G. Leone, S-J. Royer, A. C. McWhirter, G. A. Kantakov, V. I. Radchenko, E. A. Pakhomov, B. P. V. Hunt, L. Lebreton. 2020. A spatially variable scarcity of floating microplastics in the eastern North Pacific Ocean. Environmental Research Letters 15, 114056. https://doi.org/10.1088/1748-9326/abbb4f",https://doi.org/10.1088/1748-9326/abbb4f,"The Ocean Cleanup, Rotterdam, The Netherlands",The Ocean Cleanup Foundation,276264,https://www.ncei.noaa.gov/access/metadata/landing-page/bin/iso?id=gov.noaa.nodc:276264,12238,-15237467.5595287,3895623.85495482
0276264-0000307,8/16/2015 5:00:00 AM,33.003792,-136.879,Pacific Ocean,,,,,,Ocean water,,0,,Manta net,0.333,,,,,,3.461667,pieces/m3,1-10,High,Egger et al. 2020,"Egger, M., R. Nijhof, L. Quiros, G. Leone, S-J. Royer, A. C. McWhirter, G. A. Kantakov, V. I. Radchenko, E. A. Pakhomov, B. P. V. Hunt, L. Lebreton. 2020. A spatially variable scarcity of floating microplastics in the eastern North Pacific Ocean. Environmental Research Letters 15, 114056. https://doi.org/10.1088/1748-9326/abbb4f",https://doi.org/10.1088/1748-9326/abbb4f,"The Ocean Cleanup, Rotterdam, The Netherlands",The Ocean Cleanup Foundation,276264,https://www.ncei.noaa.gov/access/metadata/landing-page/bin/iso?id=gov.noaa.nodc:276264,12240,-15237300.5802925,3895807.29878821
0276264-0000506,8/19/2015 5:00:00 AM,29.6613,-135.91255,Pacific Ocean,,,,,,Ocean water,,0,,Manta net,0.333,,,,,,2.097955,pieces/m3,1-10,High,Egger et al. 2020,"Egger, M., R. Nijhof, L. Quiros, G. Leone, S-J. Royer, A. C. McWhirter, G. A. Kantakov, V. I. Radchenko, E. A. Pakhomov, B. P. V. Hunt, L. Lebreton. 2020. A spatially variable scarcity of floating microplastics in the eastern North Pacific Ocean. Environmental Research Letters 15, 114056. https://doi.org/10.1088/1748-9326/abbb4f",https://doi.org/10.1088/1748-9326/abbb4f,"The Ocean Cleanup, Rotterdam, The Netherlands",The Ocean Cleanup Foundation,276264,https://www.ncei.noaa.gov/access/metadata/landing-page/bin/iso?id=gov.noaa.nodc:276264,12241,-15129715.8584153,3460086.99013817
0276264-0000107,8/6/2019 5:00:00 AM,32.4,-144.56,Pacific Ocean,,,,,,Ocean water,,0,,Manta net,0.333,,,,,,5.70248,pieces/m3,1-10,High,Egger et al. 2020,"Egger, M., R. Nijhof, L. Quiros, G. Leone, S-J. Royer, A. C. McWhirter, G. A. Kantakov, V. I. Radchenko, E. A. Pakhomov, B. P. V. Hunt, L. Lebreton. 2020. A spatially variable scarcity of floating microplastics in the eastern North Pacific Ocean. Environmental Research Letters 15, 114056. https://doi.org/10.1088/1748-9326/abbb4f",https://doi.org/10.1088/1748-9326/abbb4f,"The Ocean Cleanup, Rotterdam, The Netherlands",The Ocean Cleanup Foundation,276264,https://www.ncei.noaa.gov/access/metadata/landing-page/bin/iso?id=gov.noaa.nodc:276264,12243,-16092345.5890756,3815932.13278521
0276264-0000208,8/2/2015 5:00:00 AM,29.981317,-139.834,Pacific Ocean,,,,,,Ocean water,,0,,Manta net,0.333,,,,,,19.315363,pieces/m3,>=10,Very High,Egger et al. 2020,"Egger, M., R. Nijhof, L. Quiros, G. Leone, S-J. Royer, A. C. McWhirter, G. A. Kantakov, V. I. Radchenko, E. A. Pakhomov, B. P. V. Hunt, L. Lebreton. 2020. A spatially variable scarcity of floating microplastics in the eastern North Pacific Ocean. Environmental Research Letters 15, 114056. https://doi.org/10.1088/1748-9326/abbb4f",https://doi.org/10.1088/1748-9326/abbb4f,"The Ocean Cleanup, Rotterdam, The Netherlands",The Ocean Cleanup Foundation,276264,https://www.ncei.noaa.gov/access/metadata/landing-page/bin/iso?id=gov.noaa.nodc:276264,12244,-15566249.6755866,3501148.54404301
0276264-0000406,8/10/2015 5:00:00 AM,32.4304,-149.0767,Pacific Ocean,,,,,,Ocean water,,0,,Manta net,0.333,,,,,,1.740337,pieces/m3,1-10,High,Egger et al. 2020,"Egger, M., R. Nijhof, L. Quiros, G. Leone, S-J. Royer, A. C. McWhirter, G. A. Kantakov, V. I. Radchenko, E. A. Pakhomov, B. P. V. Hunt, L. Lebreton. 2020. A spatially variable scarcity of floating microplastics in the eastern North Pacific Ocean. Environmental Research Letters 15, 114056. https://doi.org/10.1088/1748-9326/abbb4f",https://doi.org/10.1088/1748-9326/abbb4f,"The Ocean Cleanup, Rotterdam, The Netherlands",The Ocean Cleanup Foundation,276264,https://www.ncei.noaa.gov/access/metadata/landing-page/bin/iso?id=gov.noaa.nodc:276264,12247,-16595142.3331416,3819940.86262547
0276264-0000608,9/14/2015 5:00:00 AM,29.3311,-133.2188,Pacific Ocean,,,,,,Ocean water,,0,,Manta net,0.333,,,,,,2.8162,pieces/m3,1-10,High,Egger et al. 2020,"Egger, M., R. Nijhof, L. Quiros, G. Leone, S-J. Royer, A. C. McWhirter, G. A. Kantakov, V. I. Radchenko, E. A. Pakhomov, B. P. V. Hunt, L. Lebreton. 2020. A spatially variable scarcity of floating microplastics in the eastern North Pacific Ocean. Environmental Research Letters 15, 114056. https://doi.org/10.1088/1748-9326/abbb4f",https://doi.org/10.1088/1748-9326/abbb4f,"The Ocean Cleanup, Rotterdam, The Netherlands",The Ocean Cleanup Foundation,276264,https://www.ncei.noaa.gov/access/metadata/landing-page/bin/iso?id=gov.noaa.nodc:276264,12248,-14829848.980091,3417855.52051191
0276264-0000209,8/2/2015 5:00:00 AM,29.981132,-139.8355,Pacific Ocean,,,,,,Ocean water,,0,,Manta net,0.333,,,,,,21.326015,pieces/m3,>=10,Very High,Egger et al. 2020,"Egger, M., R. Nijhof, L. Quiros, G. Leone, S-J. Royer, A. C. McWhirter, G. A. Kantakov, V. I. Radchenko, E. A. Pakhomov, B. P. V. Hunt, L. Lebreton. 2020. A spatially variable scarcity of floating microplastics in the eastern North Pacific Ocean. Environmental Research Letters 15, 114056. https://doi.org/10.1088/1748-9326/abbb4f",https://doi.org/10.1088/1748-9326/abbb4f,"The Ocean Cleanup, Rotterdam, The Netherlands",The Ocean Cleanup Foundation,276264,https://www.ncei.noaa.gov/access/metadata/landing-page/bin/iso?id=gov.noaa.nodc:276264,12249,-15566416.6548228,3501124.76851488
0276264-0000108,8/7/2019 5:00:00 AM,32.72,-144.28,Pacific Ocean,,,,,,Ocean water,,0,,Manta net,0.333,,,,,,4.632787,pieces/m3,1-10,High,Egger et al. 2020,"Egger, M., R. Nijhof, L. Quiros, G. Leone, S-J. Royer, A. C. McWhirter, G. A. Kantakov, V. I. Radchenko, E. A. Pakhomov, B. P. V. Hunt, L. Lebreton. 2020. A spatially variable scarcity of floating microplastics in the eastern North Pacific Ocean. Environmental Research Letters 15, 114056. https://doi.org/10.1088/1748-9326/abbb4f",https://doi.org/10.1088/1748-9326/abbb4f,"The Ocean Cleanup, Rotterdam, The Netherlands",The Ocean Cleanup Foundation,276264,https://www.ncei.noaa.gov/access/metadata/landing-page/bin/iso?id=gov.noaa.nodc:276264,12251,-16061176.1316535,3858197.34868521
0276264-0000308,8/17/2015 5:00:00 AM,32.991073,-138,Pacific Ocean,,,,,,Ocean water,,0,,Manta net,0.333,,,,,,1.698375,pieces/m3,1-10,High,Egger et al. 2020,"Egger, M., R. Nijhof, L. Quiros, G. Leone, S-J. Royer, A. C. McWhirter, G. A. Kantakov, V. I. Radchenko, E. A. Pakhomov, B. P. V. Hunt, L. Lebreton. 2020. A spatially variable scarcity of floating microplastics in the eastern North Pacific Ocean. Environmental Research Letters 15, 114056. https://doi.org/10.1088/1748-9326/abbb4f",https://doi.org/10.1088/1748-9326/abbb4f,"The Ocean Cleanup, Rotterdam, The Netherlands",The Ocean Cleanup Foundation,276264,https://www.ncei.noaa.gov/access/metadata/landing-page/bin/iso?id=gov.noaa.nodc:276264,12252,-15362089.7294718,3894119.11338808
0276264-0000507,8/19/2015 5:00:00 AM,29.6857,-135.9594,Pacific Ocean,,,,,,Ocean water,,0,,Manta net,0.333,,,,,,1.559172,pieces/m3,1-10,High,Egger et al. 2020,"Egger, M., R. Nijhof, L. Quiros, G. Leone, S-J. Royer, A. C. McWhirter, G. A. Kantakov, V. I. Radchenko, E. A. Pakhomov, B. P. V. Hunt, L. Lebreton. 2020. A spatially variable scarcity of floating microplastics in the eastern North Pacific Ocean. Environmental Research Letters 15, 114056. https://doi.org/10.1088/1748-9326/abbb4f",https://doi.org/10.1088/1748-9326/abbb4f,"The Ocean Cleanup, Rotterdam, The Netherlands",The Ocean Cleanup Foundation,276264,https://www.ncei.noaa.gov/access/metadata/landing-page/bin/iso?id=gov.noaa.nodc:276264,12253,-15134931.176559,3463213.14832787
0276264-0000609,9/14/2015 5:00:00 AM,29.3194,-133.18895,Pacific Ocean,,,,,,Ocean water,,0,,Manta net,0.333,,,,,,1.333847,pieces/m3,1-10,High,Egger et al. 2020,"Egger, M., R. Nijhof, L. Quiros, G. Leone, S-J. Royer, A. C. McWhirter, G. A. Kantakov, V. I. Radchenko, E. A. Pakhomov, B. P. V. Hunt, L. Lebreton. 2020. A spatially variable scarcity of floating microplastics in the eastern North Pacific Ocean. Environmental Research Letters 15, 114056. https://doi.org/10.1088/1748-9326/abbb4f",https://doi.org/10.1088/1748-9326/abbb4f,"The Ocean Cleanup, Rotterdam, The Netherlands",The Ocean Cleanup Foundation,276264,https://www.ncei.noaa.gov/access/metadata/landing-page/bin/iso?id=gov.noaa.nodc:276264,12254,-14826526.0932908,3416361.64795474
0276264-0000407,8/10/2015 5:00:00 AM,32.42315,-148.99965,Pacific Ocean,,,,,,Ocean water,,0,,Manta net,0.333,,,,,,1.295791,pieces/m3,1-10,High,Egger et al. 2020,"Egger, M., R. Nijhof, L. Quiros, G. Leone, S-J. Royer, A. C. McWhirter, G. A. Kantakov, V. I. Radchenko, E. A. Pakhomov, B. P. V. Hunt, L. Lebreton. 2020. A spatially variable scarcity of floating microplastics in the eastern North Pacific Ocean. Environmental Research Letters 15, 114056. https://doi.org/10.1088/1748-9326/abbb4f",https://doi.org/10.1088/1748-9326/abbb4f,"The Ocean Cleanup, Rotterdam, The Netherlands",The Ocean Cleanup Foundation,276264,https://www.ncei.noaa.gov/access/metadata/landing-page/bin/iso?id=gov.noaa.nodc:276264,12256,-16586565.166376,3818984.71064736
0276264-0000309,8/17/2015 5:00:00 AM,32.992298,-137.9975,Pacific Ocean,,,,,,Ocean water,,0,,Manta net,0.333,,,,,,1.166769,pieces/m3,1-10,High,Egger et al. 2020,"Egger, M., R. Nijhof, L. Quiros, G. Leone, S-J. Royer, A. C. McWhirter, G. A. Kantakov, V. I. Radchenko, E. A. Pakhomov, B. P. V. Hunt, L. Lebreton. 2020. A spatially variable scarcity of floating microplastics in the eastern North Pacific Ocean. Environmental Research Letters 15, 114056. https://doi.org/10.1088/1748-9326/abbb4f",https://doi.org/10.1088/1748-9326/abbb4f,"The Ocean Cleanup, Rotterdam, The Netherlands",The Ocean Cleanup Foundation,276264,https://www.ncei.noaa.gov/access/metadata/landing-page/bin/iso?id=gov.noaa.nodc:276264,12257,-15361811.4307448,3894281.69632952
0276264-0000610,9/14/2015 5:00:00 AM,29.29525,-133.14445,Pacific Ocean,,,,,,Ocean water,,0,,Manta net,0.333,,,,,,3.160259,pieces/m3,1-10,High,Egger et al. 2020,"Egger, M., R. Nijhof, L. Quiros, G. Leone, S-J. Royer, A. C. McWhirter, G. A. Kantakov, V. I. Radchenko, E. A. Pakhomov, B. P. V. Hunt, L. Lebreton. 2020. A spatially variable scarcity of floating microplastics in the eastern North Pacific Ocean. Environmental Research Letters 15, 114056. https://doi.org/10.1088/1748-9326/abbb4f",https://doi.org/10.1088/1748-9326/abbb4f,"The Ocean Cleanup, Rotterdam, The Netherlands",The Ocean Cleanup Foundation,276264,https://www.ncei.noaa.gov/access/metadata/landing-page/bin/iso?id=gov.noaa.nodc:276264,12258,-14821572.3759505,3413278.68341443
0276264-0000508,8/20/2015 5:00:00 AM,29.86825,-137.5749,Pacific Ocean,,,,,,Ocean water,,0,,Manta net,0.333,,,,,,1.695865,pieces/m3,1-10,High,Egger et al. 2020,"Egger, M., R. Nijhof, L. Quiros, G. Leone, S-J. Royer, A. C. McWhirter, G. A. Kantakov, V. I. Radchenko, E. A. Pakhomov, B. P. V. Hunt, L. Lebreton. 2020. A spatially variable scarcity of floating microplastics in the eastern North Pacific Ocean. Environmental Research Letters 15, 114056. https://doi.org/10.1088/1748-9326/abbb4f",https://doi.org/10.1088/1748-9326/abbb4f,"The Ocean Cleanup, Rotterdam, The Netherlands",The Ocean Cleanup Foundation,276264,https://www.ncei.noaa.gov/access/metadata/landing-page/bin/iso?id=gov.noaa.nodc:276264,12259,-15314767.8139355,3486625.82621996
0276264-0000210,8/3/2015 5:00:00 AM,29.998385,-139.352,Pacific Ocean,,,,,,Ocean water,,0,,Manta net,0.333,,,,,,32.99717,pieces/m3,>=10,Very High,Egger et al. 2020,"Egger, M., R. Nijhof, L. Quiros, G. Leone, S-J. Royer, A. C. McWhirter, G. A. Kantakov, V. I. Radchenko, E. A. Pakhomov, B. P. V. Hunt, L. Lebreton. 2020. A spatially variable scarcity of floating microplastics in the eastern North Pacific Ocean. Environmental Research Letters 15, 114056. https://doi.org/10.1088/1748-9326/abbb4f",https://doi.org/10.1088/1748-9326/abbb4f,"The Ocean Cleanup, Rotterdam, The Netherlands",The Ocean Cleanup Foundation,276264,https://www.ncei.noaa.gov/access/metadata/landing-page/bin/iso?id=gov.noaa.nodc:276264,12261,-15512593.6810243,3503342.25200183
0276264-0000109,8/8/2019 5:00:00 AM,32.85,-143.36,Pacific Ocean,,,,,,Ocean water,,0,,Manta net,0.333,,,,,,3.92704,pieces/m3,1-10,High,Egger et al. 2020,"Egger, M., R. Nijhof, L. Quiros, G. Leone, S-J. Royer, A. C. McWhirter, G. A. Kantakov, V. I. Radchenko, E. A. Pakhomov, B. P. V. Hunt, L. Lebreton. 2020. A spatially variable scarcity of floating microplastics in the eastern North Pacific Ocean. Environmental Research Letters 15, 114056. https://doi.org/10.1088/1748-9326/abbb4f",https://doi.org/10.1088/1748-9326/abbb4f,"The Ocean Cleanup, Rotterdam, The Netherlands",The Ocean Cleanup Foundation,276264,https://www.ncei.noaa.gov/access/metadata/landing-page/bin/iso?id=gov.noaa.nodc:276264,12262,-15958762.2001237,3875410.85528696
0276264-0000310,8/17/2015 5:00:00 AM,32.997127,-139.5635,Pacific Ocean,,,,,,Ocean water,,0,,Manta net,0.333,,,,,,1.393483,pieces/m3,1-10,High,Egger et al. 2020,"Egger, M., R. Nijhof, L. Quiros, G. Leone, S-J. Royer, A. C. McWhirter, G. A. Kantakov, V. I. Radchenko, E. A. Pakhomov, B. P. V. Hunt, L. Lebreton. 2020. A spatially variable scarcity of floating microplastics in the eastern North Pacific Ocean. Environmental Research Letters 15, 114056. https://doi.org/10.1088/1748-9326/abbb4f",https://doi.org/10.1088/1748-9326/abbb4f,"The Ocean Cleanup, Rotterdam, The Netherlands",The Ocean Cleanup Foundation,276264,https://www.ncei.noaa.gov/access/metadata/landing-page/bin/iso?id=gov.noaa.nodc:276264,12263,-15536137.753327,3894922.62690459
0276264-0000611,9/14/2015 5:00:00 AM,29.26285,-133.09065,Pacific Ocean,,,,,,Ocean water,,0,,Manta net,0.333,,,,,,1.764996,pieces/m3,1-10,High,Egger et al. 2020,"Egger, M., R. Nijhof, L. Quiros, G. Leone, S-J. Royer, A. C. McWhirter, G. A. Kantakov, V. I. Radchenko, E. A. Pakhomov, B. P. V. Hunt, L. Lebreton. 2020. A spatially variable scarcity of floating microplastics in the eastern North Pacific Ocean. Environmental Research Letters 15, 114056. https://doi.org/10.1088/1748-9326/abbb4f",https://doi.org/10.1088/1748-9326/abbb4f,"The Ocean Cleanup, Rotterdam, The Netherlands",The Ocean Cleanup Foundation,276264,https://www.ncei.noaa.gov/access/metadata/landing-page/bin/iso?id=gov.noaa.nodc:276264,12266,-14815583.3873458,3409143.67715631
0276264-0000311,8/17/2015 5:00:00 AM,32.998717,-139.5615,Pacific Ocean,,,,,,Ocean water,,0,,Manta net,0.333,,,,,,0.855302,pieces/m3,0.005-1,Medium,Egger et al. 2020,"Egger, M., R. Nijhof, L. Quiros, G. Leone, S-J. Royer, A. C. McWhirter, G. A. Kantakov, V. I. Radchenko, E. A. Pakhomov, B. P. V. Hunt, L. Lebreton. 2020. A spatially variable scarcity of floating microplastics in the eastern North Pacific Ocean. Environmental Research Letters 15, 114056. https://doi.org/10.1088/1748-9326/abbb4f",https://doi.org/10.1088/1748-9326/abbb4f,"The Ocean Cleanup, Rotterdam, The Netherlands",The Ocean Cleanup Foundation,276264,https://www.ncei.noaa.gov/access/metadata/landing-page/bin/iso?id=gov.noaa.nodc:276264,12267,-15535915.1143454,3895133.66784078
0276264-0000408,8/10/2015 5:00:00 AM,32.40965,-148.92375,Pacific Ocean,,,,,,Ocean water,,0,,Manta net,0.333,,,,,,1.674705,pieces/m3,1-10,High,Egger et al. 2020,"Egger, M., R. Nijhof, L. Quiros, G. Leone, S-J. Royer, A. C. McWhirter, G. A. Kantakov, V. I. Radchenko, E. A. Pakhomov, B. P. V. Hunt, L. Lebreton. 2020. A spatially variable scarcity of floating microplastics in the eastern North Pacific Ocean. Environmental Research Letters 15, 114056. https://doi.org/10.1088/1748-9326/abbb4f",https://doi.org/10.1088/1748-9326/abbb4f,"The Ocean Cleanup, Rotterdam, The Netherlands",The Ocean Cleanup Foundation,276264,https://www.ncei.noaa.gov/access/metadata/landing-page/bin/iso?id=gov.noaa.nodc:276264,12270,-16578116.0170248,3817204.494474
0276264-0000110,8/9/2019 5:00:00 AM,32.78,-142.17,Pacific Ocean,,,,,,Ocean water,,0,,Manta net,0.333,,,,,,4.697453,pieces/m3,1-10,High,Egger et al. 2020,"Egger, M., R. Nijhof, L. Quiros, G. Leone, S-J. Royer, A. C. McWhirter, G. A. Kantakov, V. I. Radchenko, E. A. Pakhomov, B. P. V. Hunt, L. Lebreton. 2020. A spatially variable scarcity of floating microplastics in the eastern North Pacific Ocean. Environmental Research Letters 15, 114056. https://doi.org/10.1088/1748-9326/abbb4f",https://doi.org/10.1088/1748-9326/abbb4f,"The Ocean Cleanup, Rotterdam, The Netherlands",The Ocean Cleanup Foundation,276264,https://www.ncei.noaa.gov/access/metadata/landing-page/bin/iso?id=gov.noaa.nodc:276264,12271,-15826292.0060797,3866138.91846064
0276264-0000211,8/3/2015 5:00:00 AM,29.9987,-139.356,Pacific Ocean,,,,,,Ocean water,,0,,Manta net,0.333,,,,,,31.209877,pieces/m3,>=10,Very High,Egger et al. 2020,"Egger, M., R. Nijhof, L. Quiros, G. Leone, S-J. Royer, A. C. McWhirter, G. A. Kantakov, V. I. Radchenko, E. A. Pakhomov, B. P. V. Hunt, L. Lebreton. 2020. A spatially variable scarcity of floating microplastics in the eastern North Pacific Ocean. Environmental Research Letters 15, 114056. https://doi.org/10.1088/1748-9326/abbb4f",https://doi.org/10.1088/1748-9326/abbb4f,"The Ocean Cleanup, Rotterdam, The Netherlands",The Ocean Cleanup Foundation,276264,https://www.ncei.noaa.gov/access/metadata/landing-page/bin/iso?id=gov.noaa.nodc:276264,12272,-15513038.9589874,3503382.74172011
0276264-0000111,8/11/2019 5:00:00 AM,34.83,-140.42,Pacific Ocean,,,,,,Ocean water,,0,,Manta net,0.333,,,,,,6.596453,pieces/m3,1-10,High,Egger et al. 2020,"Egger, M., R. Nijhof, L. Quiros, G. Leone, S-J. Royer, A. C. McWhirter, G. A. Kantakov, V. I. Radchenko, E. A. Pakhomov, B. P. V. Hunt, L. Lebreton. 2020. A spatially variable scarcity of floating microplastics in the eastern North Pacific Ocean. Environmental Research Letters 15, 114056. https://doi.org/10.1088/1748-9326/abbb4f",https://doi.org/10.1088/1748-9326/abbb4f,"The Ocean Cleanup, Rotterdam, The Netherlands",The Ocean Cleanup Foundation,276264,https://www.ncei.noaa.gov/access/metadata/landing-page/bin/iso?id=gov.noaa.nodc:276264,12273,-15631482.8971915,4140802.75431872
0276264-0000612,9/15/2015 5:00:00 AM,29.2231,-133.03935,Pacific Ocean,,,,,,Ocean water,,0,,Manta net,0.333,,,,,,2.787855,pieces/m3,1-10,High,Egger et al. 2020,"Egger, M., R. Nijhof, L. Quiros, G. Leone, S-J. Royer, A. C. McWhirter, G. A. Kantakov, V. I. Radchenko, E. A. Pakhomov, B. P. V. Hunt, L. Lebreton. 2020. A spatially variable scarcity of floating microplastics in the eastern North Pacific Ocean. Environmental Research Letters 15, 114056. https://doi.org/10.1088/1748-9326/abbb4f",https://doi.org/10.1088/1748-9326/abbb4f,"The Ocean Cleanup, Rotterdam, The Netherlands",The Ocean Cleanup Foundation,276264,https://www.ncei.noaa.gov/access/metadata/landing-page/bin/iso?id=gov.noaa.nodc:276264,12274,-14809872.6974681,3404072.42630306
0276264-0000509,8/20/2015 5:00:00 AM,29.87705,-137.6065,Pacific Ocean,,,,,,Ocean water,,0,,Manta net,0.333,,,,,,3.551559,pieces/m3,1-10,High,Egger et al. 2020,"Egger, M., R. Nijhof, L. Quiros, G. Leone, S-J. Royer, A. C. McWhirter, G. A. Kantakov, V. I. Radchenko, E. A. Pakhomov, B. P. V. Hunt, L. Lebreton. 2020. A spatially variable scarcity of floating microplastics in the eastern North Pacific Ocean. Environmental Research Letters 15, 114056. https://doi.org/10.1088/1748-9326/abbb4f",https://doi.org/10.1088/1748-9326/abbb4f,"The Ocean Cleanup, Rotterdam, The Netherlands",The Ocean Cleanup Foundation,276264,https://www.ncei.noaa.gov/access/metadata/landing-page/bin/iso?id=gov.noaa.nodc:276264,12276,-15318285.5098446,3487755.5372455
0276264-0000112,8/14/2019 5:00:00 AM,35.99,-139.83,Pacific Ocean,,,,,,Ocean water,,0,,Manta net,0.333,,,,,,7.831613,pieces/m3,1-10,High,Egger et al. 2020,"Egger, M., R. Nijhof, L. Quiros, G. Leone, S-J. Royer, A. C. McWhirter, G. A. Kantakov, V. I. Radchenko, E. A. Pakhomov, B. P. V. Hunt, L. Lebreton. 2020. A spatially variable scarcity of floating microplastics in the eastern North Pacific Ocean. Environmental Research Letters 15, 114056. https://doi.org/10.1088/1748-9326/abbb4f",https://doi.org/10.1088/1748-9326/abbb4f,"The Ocean Cleanup, Rotterdam, The Netherlands",The Ocean Cleanup Foundation,276264,https://www.ncei.noaa.gov/access/metadata/landing-page/bin/iso?id=gov.noaa.nodc:276264,12277,-15565804.3976234,4299245.47469277
0276264-0000613,9/15/2015 5:00:00 AM,29.18025,-132.9814,Pacific Ocean,,,,,,Ocean water,,0,,Manta net,0.333,,,,,,1.692349,pieces/m3,1-10,High,Egger et al. 2020,"Egger, M., R. Nijhof, L. Quiros, G. Leone, S-J. Royer, A. C. McWhirter, G. A. Kantakov, V. I. Radchenko, E. A. Pakhomov, B. P. V. Hunt, L. Lebreton. 2020. A spatially variable scarcity of floating microplastics in the eastern North Pacific Ocean. Environmental Research Letters 15, 114056. https://doi.org/10.1088/1748-9326/abbb4f",https://doi.org/10.1088/1748-9326/abbb4f,"The Ocean Cleanup, Rotterdam, The Netherlands",The Ocean Cleanup Foundation,276264,https://www.ncei.noaa.gov/access/metadata/landing-page/bin/iso?id=gov.noaa.nodc:276264,12278,-14803421.7329766,3398607.8855109
0276264-0000212,8/3/2015 5:00:00 AM,30.000585,-138.7765,Pacific Ocean,,,,,,Ocean water,,0,,Manta net,0.333,,,,,,7.799283,pieces/m3,1-10,High,Egger et al. 2020,"Egger, M., R. Nijhof, L. Quiros, G. Leone, S-J. Royer, A. C. McWhirter, G. A. Kantakov, V. I. Radchenko, E. A. Pakhomov, B. P. V. Hunt, L. Lebreton. 2020. A spatially variable scarcity of floating microplastics in the eastern North Pacific Ocean. Environmental Research Letters 15, 114056. https://doi.org/10.1088/1748-9326/abbb4f",https://doi.org/10.1088/1748-9326/abbb4f,"The Ocean Cleanup, Rotterdam, The Netherlands",The Ocean Cleanup Foundation,276264,https://www.ncei.noaa.gov/access/metadata/landing-page/bin/iso?id=gov.noaa.nodc:276264,12280,-15448529.3140727,3503625.04002144
0276264-0000409,8/11/2015 5:00:00 AM,32.1257,-148.25085,Pacific Ocean,,,,,,Ocean water,,0,,Manta net,0.333,,,,,,0.662175,pieces/m3,0.005-1,Medium,Egger et al. 2020,"Egger, M., R. Nijhof, L. Quiros, G. Leone, S-J. Royer, A. C. McWhirter, G. A. Kantakov, V. I. Radchenko, E. A. Pakhomov, B. P. V. Hunt, L. Lebreton. 2020. A spatially variable scarcity of floating microplastics in the eastern North Pacific Ocean. Environmental Research Letters 15, 114056. https://doi.org/10.1088/1748-9326/abbb4f",https://doi.org/10.1088/1748-9326/abbb4f,"The Ocean Cleanup, Rotterdam, The Netherlands",The Ocean Cleanup Foundation,276264,https://www.ncei.noaa.gov/access/metadata/landing-page/bin/iso?id=gov.noaa.nodc:276264,12281,-16503209.13167,3779822.03893212
0276264-0000312,8/18/2015 5:00:00 AM,33.783275,-138.32,Pacific Ocean,,,,,,Ocean water,,0,,Manta net,0.333,,,,,,2.645503,pieces/m3,1-10,High,Egger et al. 2020,"Egger, M., R. Nijhof, L. Quiros, G. Leone, S-J. Royer, A. C. McWhirter, G. A. Kantakov, V. I. Radchenko, E. A. Pakhomov, B. P. V. Hunt, L. Lebreton. 2020. A spatially variable scarcity of floating microplastics in the eastern North Pacific Ocean. Environmental Research Letters 15, 114056. https://doi.org/10.1088/1748-9326/abbb4f",https://doi.org/10.1088/1748-9326/abbb4f,"The Ocean Cleanup, Rotterdam, The Netherlands",The Ocean Cleanup Foundation,276264,https://www.ncei.noaa.gov/access/metadata/landing-page/bin/iso?id=gov.noaa.nodc:276264,12282,-15397711.9665256,3999738.14508046
0276264-0000614,9/15/2015 5:00:00 AM,28.6582,-132.39195,Pacific Ocean,,,,,,Ocean water,,0,,Manta net,0.333,,,,,,1.610358,pieces/m3,1-10,High,Egger et al. 2020,"Egger, M., R. Nijhof, L. Quiros, G. Leone, S-J. Royer, A. C. McWhirter, G. A. Kantakov, V. I. Radchenko, E. A. Pakhomov, B. P. V. Hunt, L. Lebreton. 2020. A spatially variable scarcity of floating microplastics in the eastern North Pacific Ocean. Environmental Research Letters 15, 114056. https://doi.org/10.1088/1748-9326/abbb4f",https://doi.org/10.1088/1748-9326/abbb4f,"The Ocean Cleanup, Rotterdam, The Netherlands",The Ocean Cleanup Foundation,276264,https://www.ncei.noaa.gov/access/metadata/landing-page/bin/iso?id=gov.noaa.nodc:276264,12283,-14737804.4591285,3332214.06618884
0276264-0000213,8/3/2015 5:00:00 AM,30.000377,-138.7795,Pacific Ocean,,,,,,Ocean water,,0,,Manta net,0.333,,,,,,9.972925,pieces/m3,1-10,High,Egger et al. 2020,"Egger, M., R. Nijhof, L. Quiros, G. Leone, S-J. Royer, A. C. McWhirter, G. A. Kantakov, V. I. Radchenko, E. A. Pakhomov, B. P. V. Hunt, L. Lebreton. 2020. A spatially variable scarcity of floating microplastics in the eastern North Pacific Ocean. Environmental Research Letters 15, 114056. https://doi.org/10.1088/1748-9326/abbb4f",https://doi.org/10.1088/1748-9326/abbb4f,"The Ocean Cleanup, Rotterdam, The Netherlands",The Ocean Cleanup Foundation,276264,https://www.ncei.noaa.gov/access/metadata/landing-page/bin/iso?id=gov.noaa.nodc:276264,12284,-15448863.2725451,3503598.30343126
0276264-0000510,8/20/2015 5:00:00 AM,29.8842,-137.6358,Pacific Ocean,,,,,,Ocean water,,0,,Manta net,0.333,,,,,,5.915841,pieces/m3,1-10,High,Egger et al. 2020,"Egger, M., R. Nijhof, L. Quiros, G. Leone, S-J. Royer, A. C. McWhirter, G. A. Kantakov, V. I. Radchenko, E. A. Pakhomov, B. P. V. Hunt, L. Lebreton. 2020. A spatially variable scarcity of floating microplastics in the eastern North Pacific Ocean. Environmental Research Letters 15, 114056. https://doi.org/10.1088/1748-9326/abbb4f",https://doi.org/10.1088/1748-9326/abbb4f,"The Ocean Cleanup, Rotterdam, The Netherlands",The Ocean Cleanup Foundation,276264,https://www.ncei.noaa.gov/access/metadata/landing-page/bin/iso?id=gov.noaa.nodc:276264,12287,-15321547.1709248,3488673.5008528
0276264-0000214,8/3/2015 5:00:00 AM,29.987383,-138.2375,Pacific Ocean,,,,,,Ocean water,,0,,Manta net,0.333,,,,,,5.571537,pieces/m3,1-10,High,Egger et al. 2020,"Egger, M., R. Nijhof, L. Quiros, G. Leone, S-J. Royer, A. C. McWhirter, G. A. Kantakov, V. I. Radchenko, E. A. Pakhomov, B. P. V. Hunt, L. Lebreton. 2020. A spatially variable scarcity of floating microplastics in the eastern North Pacific Ocean. Environmental Research Letters 15, 114056. https://doi.org/10.1088/1748-9326/abbb4f",https://doi.org/10.1088/1748-9326/abbb4f,"The Ocean Cleanup, Rotterdam, The Netherlands",The Ocean Cleanup Foundation,276264,https://www.ncei.noaa.gov/access/metadata/landing-page/bin/iso?id=gov.noaa.nodc:276264,12288,-15388528.1085352,3501928.14886952
0276264-0000410,8/11/2015 5:00:00 AM,32.1176,-148.19875,Pacific Ocean,,,,,,Ocean water,,0,,Manta net,0.333,,,,,,0.322387,pieces/m3,0.005-1,Medium,Egger et al. 2020,"Egger, M., R. Nijhof, L. Quiros, G. Leone, S-J. Royer, A. C. McWhirter, G. A. Kantakov, V. I. Radchenko, E. A. Pakhomov, B. P. V. Hunt, L. Lebreton. 2020. A spatially variable scarcity of floating microplastics in the eastern North Pacific Ocean. Environmental Research Letters 15, 114056. https://doi.org/10.1088/1748-9326/abbb4f",https://doi.org/10.1088/1748-9326/abbb4f,"The Ocean Cleanup, Rotterdam, The Netherlands",The Ocean Cleanup Foundation,276264,https://www.ncei.noaa.gov/access/metadata/landing-page/bin/iso?id=gov.noaa.nodc:276264,12291,-16497409.3861996,3778757.37315106
0276264-0000113,8/15/2019 5:00:00 AM,37.29,-141.1,Pacific Ocean,,,,,,Ocean water,,0,,Manta net,0.333,,,,,,6.183973,pieces/m3,1-10,High,Egger et al. 2020,"Egger, M., R. Nijhof, L. Quiros, G. Leone, S-J. Royer, A. C. McWhirter, G. A. Kantakov, V. I. Radchenko, E. A. Pakhomov, B. P. V. Hunt, L. Lebreton. 2020. A spatially variable scarcity of floating microplastics in the eastern North Pacific Ocean. Environmental Research Letters 15, 114056. https://doi.org/10.1088/1748-9326/abbb4f",https://doi.org/10.1088/1748-9326/abbb4f,"The Ocean Cleanup, Rotterdam, The Netherlands",The Ocean Cleanup Foundation,276264,https://www.ncei.noaa.gov/access/metadata/landing-page/bin/iso?id=gov.noaa.nodc:276264,12292,-15707180.1509309,4479606.50422751
0276264-0000215,8/3/2015 5:00:00 AM,29.987158,-138.2435,Pacific Ocean,,,,,,Ocean water,,0,,Manta net,0.333,,,,,,6.679233,pieces/m3,1-10,High,Egger et al. 2020,"Egger, M., R. Nijhof, L. Quiros, G. Leone, S-J. Royer, A. C. McWhirter, G. A. Kantakov, V. I. Radchenko, E. A. Pakhomov, B. P. V. Hunt, L. Lebreton. 2020. A spatially variable scarcity of floating microplastics in the eastern North Pacific Ocean. Environmental Research Letters 15, 114056. https://doi.org/10.1088/1748-9326/abbb4f",https://doi.org/10.1088/1748-9326/abbb4f,"The Ocean Cleanup, Rotterdam, The Netherlands",The Ocean Cleanup Foundation,276264,https://www.ncei.noaa.gov/access/metadata/landing-page/bin/iso?id=gov.noaa.nodc:276264,12294,-15389196.0254799,3501899.23092604
0276264-0000313,8/18/2015 5:00:00 AM,33.782002,-138.3215,Pacific Ocean,,,,,,Ocean water,,0,,Manta net,0.333,,,,,,3.615134,pieces/m3,1-10,High,Egger et al. 2020,"Egger, M., R. Nijhof, L. Quiros, G. Leone, S-J. Royer, A. C. McWhirter, G. A. Kantakov, V. I. Radchenko, E. A. Pakhomov, B. P. V. Hunt, L. Lebreton. 2020. A spatially variable scarcity of floating microplastics in the eastern North Pacific Ocean. Environmental Research Letters 15, 114056. https://doi.org/10.1088/1748-9326/abbb4f",https://doi.org/10.1088/1748-9326/abbb4f,"The Ocean Cleanup, Rotterdam, The Netherlands",The Ocean Cleanup Foundation,276264,https://www.ncei.noaa.gov/access/metadata/landing-page/bin/iso?id=gov.noaa.nodc:276264,12295,-15397878.9457618,3999567.64733545
0276264-0000511,8/21/2015 5:00:00 AM,30.02665,-139.0718,Pacific Ocean,,,,,,Ocean water,,0,,Manta net,0.333,,,,,,5.938225,pieces/m3,1-10,High,Egger et al. 2020,"Egger, M., R. Nijhof, L. Quiros, G. Leone, S-J. Royer, A. C. McWhirter, G. A. Kantakov, V. I. Radchenko, E. A. Pakhomov, B. P. V. Hunt, L. Lebreton. 2020. A spatially variable scarcity of floating microplastics in the eastern North Pacific Ocean. Environmental Research Letters 15, 114056. https://doi.org/10.1088/1748-9326/abbb4f",https://doi.org/10.1088/1748-9326/abbb4f,"The Ocean Cleanup, Rotterdam, The Netherlands",The Ocean Cleanup Foundation,276264,https://www.ncei.noaa.gov/access/metadata/landing-page/bin/iso?id=gov.noaa.nodc:276264,12297,-15481401.959704,3506975.91268618
0276264-0000615,9/15/2015 5:00:00 AM,28.63415,-132.3716,Pacific Ocean,,,,,,Ocean water,,0,,Manta net,0.333,,,,,,0.963329,pieces/m3,0.005-1,Medium,Egger et al. 2020,"Egger, M., R. Nijhof, L. Quiros, G. Leone, S-J. Royer, A. C. McWhirter, G. A. Kantakov, V. I. Radchenko, E. A. Pakhomov, B. P. V. Hunt, L. Lebreton. 2020. A spatially variable scarcity of floating microplastics in the eastern North Pacific Ocean. Environmental Research Letters 15, 114056. https://doi.org/10.1088/1748-9326/abbb4f",https://doi.org/10.1088/1748-9326/abbb4f,"The Ocean Cleanup, Rotterdam, The Netherlands",The Ocean Cleanup Foundation,276264,https://www.ncei.noaa.gov/access/metadata/landing-page/bin/iso?id=gov.noaa.nodc:276264,12298,-14735539.1074909,3329163.42442493
0276264-0000411,8/11/2015 5:00:00 AM,32.109,-148.10945,Pacific Ocean,,,,,,Ocean water,,0,,Manta net,0.333,,,,,,0.382203,pieces/m3,0.005-1,Medium,Egger et al. 2020,"Egger, M., R. Nijhof, L. Quiros, G. Leone, S-J. Royer, A. C. McWhirter, G. A. Kantakov, V. I. Radchenko, E. A. Pakhomov, B. P. V. Hunt, L. Lebreton. 2020. A spatially variable scarcity of floating microplastics in the eastern North Pacific Ocean. Environmental Research Letters 15, 114056. https://doi.org/10.1088/1748-9326/abbb4f",https://doi.org/10.1088/1748-9326/abbb4f,"The Ocean Cleanup, Rotterdam, The Netherlands",The Ocean Cleanup Foundation,276264,https://www.ncei.noaa.gov/access/metadata/landing-page/bin/iso?id=gov.noaa.nodc:276264,12300,-16487468.5556718,3777627.09066434
0276264-0000114,8/16/2019 5:00:00 AM,37.25,-140.9,Pacific Ocean,,,,,,Ocean water,,0,,Manta net,0.333,,,,,,10.22576,pieces/m3,>=10,Very High,Egger et al. 2020,"Egger, M., R. Nijhof, L. Quiros, G. Leone, S-J. Royer, A. C. McWhirter, G. A. Kantakov, V. I. Radchenko, E. A. Pakhomov, B. P. V. Hunt, L. Lebreton. 2020. A spatially variable scarcity of floating microplastics in the eastern North Pacific Ocean. Environmental Research Letters 15, 114056. https://doi.org/10.1088/1748-9326/abbb4f",https://doi.org/10.1088/1748-9326/abbb4f,"The Ocean Cleanup, Rotterdam, The Netherlands",The Ocean Cleanup Foundation,276264,https://www.ncei.noaa.gov/access/metadata/landing-page/bin/iso?id=gov.noaa.nodc:276264,12301,-15684916.2527722,4474011.08822948
0276264-0000314,8/8/2015 5:00:00 AM,34.8996,-153.56815,Pacific Ocean,,,,,,Ocean water,,0,,Manta net,0.333,,,,,,3.570596,pieces/m3,1-10,High,Egger et al. 2020,"Egger, M., R. Nijhof, L. Quiros, G. Leone, S-J. Royer, A. C. McWhirter, G. A. Kantakov, V. I. Radchenko, E. A. Pakhomov, B. P. V. Hunt, L. Lebreton. 2020. A spatially variable scarcity of floating microplastics in the eastern North Pacific Ocean. Environmental Research Letters 15, 114056. https://doi.org/10.1088/1748-9326/abbb4f",https://doi.org/10.1088/1748-9326/abbb4f,"The Ocean Cleanup, Rotterdam, The Netherlands",The Ocean Cleanup Foundation,276264,https://www.ncei.noaa.gov/access/metadata/landing-page/bin/iso?id=gov.noaa.nodc:276264,12303,-17095128.2600651,4150245.54172987
0276264-0000216,8/3/2015 5:00:00 AM,29.999692,-137.7505,Pacific Ocean,,,,,,Ocean water,,0,,Manta net,0.333,,,,,,3.444226,pieces/m3,1-10,High,Egger et al. 2020,"Egger, M., R. Nijhof, L. Quiros, G. Leone, S-J. Royer, A. C. McWhirter, G. A. Kantakov, V. I. Radchenko, E. A. Pakhomov, B. P. V. Hunt, L. Lebreton. 2020. A spatially variable scarcity of floating microplastics in the eastern North Pacific Ocean. Environmental Research Letters 15, 114056. https://doi.org/10.1088/1748-9326/abbb4f",https://doi.org/10.1088/1748-9326/abbb4f,"The Ocean Cleanup, Rotterdam, The Netherlands",The Ocean Cleanup Foundation,276264,https://www.ncei.noaa.gov/access/metadata/landing-page/bin/iso?id=gov.noaa.nodc:276264,12304,-15334315.5165188,3503510.25303762
0276264-0000512,8/21/2015 5:00:00 AM,30.02395,-139.11535,Pacific Ocean,,,,,,Ocean water,,0,,Manta net,0.333,,,,,,4.833991,pieces/m3,1-10,High,Egger et al. 2020,"Egger, M., R. Nijhof, L. Quiros, G. Leone, S-J. Royer, A. C. McWhirter, G. A. Kantakov, V. I. Radchenko, E. A. Pakhomov, B. P. V. Hunt, L. Lebreton. 2020. A spatially variable scarcity of floating microplastics in the eastern North Pacific Ocean. Environmental Research Letters 15, 114056. https://doi.org/10.1088/1748-9326/abbb4f",https://doi.org/10.1088/1748-9326/abbb4f,"The Ocean Cleanup, Rotterdam, The Netherlands",The Ocean Cleanup Foundation,276264,https://www.ncei.noaa.gov/access/metadata/landing-page/bin/iso?id=gov.noaa.nodc:276264,12305,-15486249.923528,3506628.76432536
0276264-0000616,9/15/2015 5:00:00 AM,28.61695,-132.34115,Pacific Ocean,,,,,,Ocean water,,0,,Manta net,0.333,,,,,,0.788452,pieces/m3,0.005-1,Medium,Egger et al. 2020,"Egger, M., R. Nijhof, L. Quiros, G. Leone, S-J. Royer, A. C. McWhirter, G. A. Kantakov, V. I. Radchenko, E. A. Pakhomov, B. P. V. Hunt, L. Lebreton. 2020. A spatially variable scarcity of floating microplastics in the eastern North Pacific Ocean. Environmental Research Letters 15, 114056. https://doi.org/10.1088/1748-9326/abbb4f",https://doi.org/10.1088/1748-9326/abbb4f,"The Ocean Cleanup, Rotterdam, The Netherlands",The Ocean Cleanup Foundation,276264,https://www.ncei.noaa.gov/access/metadata/landing-page/bin/iso?id=gov.noaa.nodc:276264,12306,-14732149.4289962,3326982.10527652
0276264-0000115,8/18/2019 5:00:00 AM,37.36,-136.42,Pacific Ocean,,,,,,Ocean water,,0,,Manta net,0.333,,,,,,13.405547,pieces/m3,>=10,Very High,Egger et al. 2020,"Egger, M., R. Nijhof, L. Quiros, G. Leone, S-J. Royer, A. C. McWhirter, G. A. Kantakov, V. I. Radchenko, E. A. Pakhomov, B. P. V. Hunt, L. Lebreton. 2020. A spatially variable scarcity of floating microplastics in the eastern North Pacific Ocean. Environmental Research Letters 15, 114056. https://doi.org/10.1088/1748-9326/abbb4f",https://doi.org/10.1088/1748-9326/abbb4f,"The Ocean Cleanup, Rotterdam, The Netherlands",The Ocean Cleanup Foundation,276264,https://www.ncei.noaa.gov/access/metadata/landing-page/bin/iso?id=gov.noaa.nodc:276264,12307,-15186204.9340184,4489405.64567841
0276264-0000412,8/11/2015 5:00:00 AM,31.65705,-146.9711,Pacific Ocean,,,,,,Ocean water,,0,,Manta net,0.333,,,,,,0.377715,pieces/m3,0.005-1,Medium,Egger et al. 2020,"Egger, M., R. Nijhof, L. Quiros, G. Leone, S-J. Royer, A. C. McWhirter, G. A. Kantakov, V. I. Radchenko, E. A. Pakhomov, B. P. V. Hunt, L. Lebreton. 2020. A spatially variable scarcity of floating microplastics in the eastern North Pacific Ocean. Environmental Research Letters 15, 114056. https://doi.org/10.1088/1748-9326/abbb4f",https://doi.org/10.1088/1748-9326/abbb4f,"The Ocean Cleanup, Rotterdam, The Netherlands",The Ocean Cleanup Foundation,276264,https://www.ncei.noaa.gov/access/metadata/landing-page/bin/iso?id=gov.noaa.nodc:276264,12309,-16360748.0133273,3718376.82126344
0276264-0000217,8/3/2015 5:00:00 AM,29.998968,-137.752,Pacific Ocean,,,,,,Ocean water,,0,,Manta net,0.333,,,,,,3.457382,pieces/m3,1-10,High,Egger et al. 2020,"Egger, M., R. Nijhof, L. Quiros, G. Leone, S-J. Royer, A. C. McWhirter, G. A. Kantakov, V. I. Radchenko, E. A. Pakhomov, B. P. V. Hunt, L. Lebreton. 2020. A spatially variable scarcity of floating microplastics in the eastern North Pacific Ocean. Environmental Research Letters 15, 114056. https://doi.org/10.1088/1748-9326/abbb4f",https://doi.org/10.1088/1748-9326/abbb4f,"The Ocean Cleanup, Rotterdam, The Netherlands",The Ocean Cleanup Foundation,276264,https://www.ncei.noaa.gov/access/metadata/landing-page/bin/iso?id=gov.noaa.nodc:276264,12310,-15334482.495755,3503417.19021652
0276264-0000315,8/8/2015 5:00:00 AM,34.9259,-153.49335,Pacific Ocean,,,,,,Ocean water,,0,,Manta net,0.333,,,,,,2.58064,pieces/m3,1-10,High,Egger et al. 2020,"Egger, M., R. Nijhof, L. Quiros, G. Leone, S-J. Royer, A. C. McWhirter, G. A. Kantakov, V. I. Radchenko, E. A. Pakhomov, B. P. V. Hunt, L. Lebreton. 2020. A spatially variable scarcity of floating microplastics in the eastern North Pacific Ocean. Environmental Research Letters 15, 114056. https://doi.org/10.1088/1748-9326/abbb4f",https://doi.org/10.1088/1748-9326/abbb4f,"The Ocean Cleanup, Rotterdam, The Netherlands",The Ocean Cleanup Foundation,276264,https://www.ncei.noaa.gov/access/metadata/landing-page/bin/iso?id=gov.noaa.nodc:276264,12311,-17086801.5621537,4153815.80399545
0276264-0000513,8/21/2015 5:00:00 AM,30.0181,-139.15245,Pacific Ocean,,,,,,Ocean water,,0,,Manta net,0.333,,,,,,5.194461,pieces/m3,1-10,High,Egger et al. 2020,"Egger, M., R. Nijhof, L. Quiros, G. Leone, S-J. Royer, A. C. McWhirter, G. A. Kantakov, V. I. Radchenko, E. A. Pakhomov, B. P. V. Hunt, L. Lebreton. 2020. A spatially variable scarcity of floating microplastics in the eastern North Pacific Ocean. Environmental Research Letters 15, 114056. https://doi.org/10.1088/1748-9326/abbb4f",https://doi.org/10.1088/1748-9326/abbb4f,"The Ocean Cleanup, Rotterdam, The Netherlands",The Ocean Cleanup Foundation,276264,https://www.ncei.noaa.gov/access/metadata/landing-page/bin/iso?id=gov.noaa.nodc:276264,12312,-15490379.8766365,3505876.64197384
0276264-0000617,9/15/2015 5:00:00 AM,28.58695,-132.28805,Pacific Ocean,,,,,,Ocean water,,0,,Manta net,0.333,,,,,,1.189007,pieces/m3,1-10,High,Egger et al. 2020,"Egger, M., R. Nijhof, L. Quiros, G. Leone, S-J. Royer, A. C. McWhirter, G. A. Kantakov, V. I. Radchenko, E. A. Pakhomov, B. P. V. Hunt, L. Lebreton. 2020. A spatially variable scarcity of floating microplastics in the eastern North Pacific Ocean. Environmental Research Letters 15, 114056. https://doi.org/10.1088/1748-9326/abbb4f",https://doi.org/10.1088/1748-9326/abbb4f,"The Ocean Cleanup, Rotterdam, The Netherlands",The Ocean Cleanup Foundation,276264,https://www.ncei.noaa.gov/access/metadata/landing-page/bin/iso?id=gov.noaa.nodc:276264,12313,-14726238.3640351,3323178.33362016
0276264-0000316,8/8/2015 5:00:00 AM,34.93835,-153.4273,Pacific Ocean,,,,,,Ocean water,,0,,Manta net,0.333,,,,,,2.290006,pieces/m3,1-10,High,Egger et al. 2020,"Egger, M., R. Nijhof, L. Quiros, G. Leone, S-J. Royer, A. C. McWhirter, G. A. Kantakov, V. I. Radchenko, E. A. Pakhomov, B. P. V. Hunt, L. Lebreton. 2020. A spatially variable scarcity of floating microplastics in the eastern North Pacific Ocean. Environmental Research Letters 15, 114056. https://doi.org/10.1088/1748-9326/abbb4f",https://doi.org/10.1088/1748-9326/abbb4f,"The Ocean Cleanup, Rotterdam, The Netherlands",The Ocean Cleanup Foundation,276264,https://www.ncei.noaa.gov/access/metadata/landing-page/bin/iso?id=gov.noaa.nodc:276264,12316,-17079448.9097868,4155506.30819273
0276264-0000116,8/19/2019 5:00:00 AM,36.82,-135.8,Pacific Ocean,,,,,,Ocean water,,0,,Manta net,0.333,,,,,,10.560453,pieces/m3,>=10,Very High,Egger et al. 2020,"Egger, M., R. Nijhof, L. Quiros, G. Leone, S-J. Royer, A. C. McWhirter, G. A. Kantakov, V. I. Radchenko, E. A. Pakhomov, B. P. V. Hunt, L. Lebreton. 2020. A spatially variable scarcity of floating microplastics in the eastern North Pacific Ocean. Environmental Research Letters 15, 114056. https://doi.org/10.1088/1748-9326/abbb4f",https://doi.org/10.1088/1748-9326/abbb4f,"The Ocean Cleanup, Rotterdam, The Netherlands",The Ocean Cleanup Foundation,276264,https://www.ncei.noaa.gov/access/metadata/landing-page/bin/iso?id=gov.noaa.nodc:276264,12317,-15117186.8497266,4414046.71876629
0276264-0000514,8/22/2015 5:00:00 AM,28.96625,-140.07585,Pacific Ocean,,,,,,Ocean water,,0,,Manta net,0.333,,,,,,1.549515,pieces/m3,1-10,High,Egger et al. 2020,"Egger, M., R. Nijhof, L. Quiros, G. Leone, S-J. Royer, A. C. McWhirter, G. A. Kantakov, V. I. Radchenko, E. A. Pakhomov, B. P. V. Hunt, L. Lebreton. 2020. A spatially variable scarcity of floating microplastics in the eastern North Pacific Ocean. Environmental Research Letters 15, 114056. https://doi.org/10.1088/1748-9326/abbb4f",https://doi.org/10.1088/1748-9326/abbb4f,"The Ocean Cleanup, Rotterdam, The Netherlands",The Ocean Cleanup Foundation,276264,https://www.ncei.noaa.gov/access/metadata/landing-page/bin/iso?id=gov.noaa.nodc:276264,12318,-15593172.294435,3371351.11705899
0276264-0000413,8/11/2015 5:00:00 AM,31.63865,-146.8989,Pacific Ocean,,,,,,Ocean water,,0,,Manta net,0.333,,,,,,0.221785,pieces/m3,0.005-1,Medium,Egger et al. 2020,"Egger, M., R. Nijhof, L. Quiros, G. Leone, S-J. Royer, A. C. McWhirter, G. A. Kantakov, V. I. Radchenko, E. A. Pakhomov, B. P. V. Hunt, L. Lebreton. 2020. A spatially variable scarcity of floating microplastics in the eastern North Pacific Ocean. Environmental Research Letters 15, 114056. https://doi.org/10.1088/1748-9326/abbb4f",https://doi.org/10.1088/1748-9326/abbb4f,"The Ocean Cleanup, Rotterdam, The Netherlands",The Ocean Cleanup Foundation,276264,https://www.ncei.noaa.gov/access/metadata/landing-page/bin/iso?id=gov.noaa.nodc:276264,12319,-16352710.746092,3715970.73054627
0276264-0000218,8/4/2015 5:00:00 AM,30.00065,-137.304,Pacific Ocean,,,,,,Ocean water,,0,,Manta net,0.333,,,,,,3.170803,pieces/m3,1-10,High,Egger et al. 2020,"Egger, M., R. Nijhof, L. Quiros, G. Leone, S-J. Royer, A. C. McWhirter, G. A. Kantakov, V. I. Radchenko, E. A. Pakhomov, B. P. V. Hunt, L. Lebreton. 2020. A spatially variable scarcity of floating microplastics in the eastern North Pacific Ocean. Environmental Research Letters 15, 114056. https://doi.org/10.1088/1748-9326/abbb4f",https://doi.org/10.1088/1748-9326/abbb4f,"The Ocean Cleanup, Rotterdam, The Netherlands",The Ocean Cleanup Foundation,276264,https://www.ncei.noaa.gov/access/metadata/landing-page/bin/iso?id=gov.noaa.nodc:276264,12320,-15284611.3638796,3503633.39521737
0276264-0000618,9/15/2015 5:00:00 AM,28.56225,-132.25355,Pacific Ocean,,,,,,Ocean water,,0,,Manta net,0.333,,,,,,1.471346,pieces/m3,1-10,High,Egger et al. 2020,"Egger, M., R. Nijhof, L. Quiros, G. Leone, S-J. Royer, A. C. McWhirter, G. A. Kantakov, V. I. Radchenko, E. A. Pakhomov, B. P. V. Hunt, L. Lebreton. 2020. A spatially variable scarcity of floating microplastics in the eastern North Pacific Ocean. Environmental Research Letters 15, 114056. https://doi.org/10.1088/1748-9326/abbb4f",https://doi.org/10.1088/1748-9326/abbb4f,"The Ocean Cleanup, Rotterdam, The Netherlands",The Ocean Cleanup Foundation,276264,https://www.ncei.noaa.gov/access/metadata/landing-page/bin/iso?id=gov.noaa.nodc:276264,12321,-14722397.8416027,3320047.3762085
0276264-0000117,8/23/2019 5:00:00 AM,37.11,-132.06,Pacific Ocean,,,,,,Ocean water,,0,,Manta net,0.333,,,,,,0.124107,pieces/m3,0.005-1,Medium,Egger et al. 2020,"Egger, M., R. Nijhof, L. Quiros, G. Leone, S-J. Royer, A. C. McWhirter, G. A. Kantakov, V. I. Radchenko, E. A. Pakhomov, B. P. V. Hunt, L. Lebreton. 2020. A spatially variable scarcity of floating microplastics in the eastern North Pacific Ocean. Environmental Research Letters 15, 114056. https://doi.org/10.1088/1748-9326/abbb4f",https://doi.org/10.1088/1748-9326/abbb4f,"The Ocean Cleanup, Rotterdam, The Netherlands",The Ocean Cleanup Foundation,276264,https://www.ncei.noaa.gov/access/metadata/landing-page/bin/iso?id=gov.noaa.nodc:276264,12322,-14700851.9541597,4454450.47979647
0276264-0000619,9/15/2015 5:00:00 AM,28.5389,-132.2181,Pacific Ocean,,,,,,Ocean water,,0,,Manta net,0.333,,,,,,2.0441,pieces/m3,1-10,High,Egger et al. 2020,"Egger, M., R. Nijhof, L. Quiros, G. Leone, S-J. Royer, A. C. McWhirter, G. A. Kantakov, V. I. Radchenko, E. A. Pakhomov, B. P. V. Hunt, L. Lebreton. 2020. A spatially variable scarcity of floating microplastics in the eastern North Pacific Ocean. Environmental Research Letters 15, 114056. https://doi.org/10.1088/1748-9326/abbb4f",https://doi.org/10.1088/1748-9326/abbb4f,"The Ocean Cleanup, Rotterdam, The Netherlands",The Ocean Cleanup Foundation,276264,https://www.ncei.noaa.gov/access/metadata/landing-page/bin/iso?id=gov.noaa.nodc:276264,12326,-14718451.5656541,3317088.21954675
0276264-0000317,8/9/2015 5:00:00 AM,34.99005,-152.9525,Pacific Ocean,,,,,,Ocean water,,0,,Manta net,0.333,,,,,,2.738058,pieces/m3,1-10,High,Egger et al. 2020,"Egger, M., R. Nijhof, L. Quiros, G. Leone, S-J. Royer, A. C. McWhirter, G. A. Kantakov, V. I. Radchenko, E. A. Pakhomov, B. P. V. Hunt, L. Lebreton. 2020. A spatially variable scarcity of floating microplastics in the eastern North Pacific Ocean. Environmental Research Letters 15, 114056. https://doi.org/10.1088/1748-9326/abbb4f",https://doi.org/10.1088/1748-9326/abbb4f,"The Ocean Cleanup, Rotterdam, The Netherlands",The Ocean Cleanup Foundation,276264,https://www.ncei.noaa.gov/access/metadata/landing-page/bin/iso?id=gov.noaa.nodc:276264,12327,-17026594.4155582,4162529.06100562
0276264-0000620,9/15/2015 5:00:00 AM,28.51325,-132.18175,Pacific Ocean,,,,,,Ocean water,,0,,Manta net,0.333,,,,,,0.682223,pieces/m3,0.005-1,Medium,Egger et al. 2020,"Egger, M., R. Nijhof, L. Quiros, G. Leone, S-J. Royer, A. C. McWhirter, G. A. Kantakov, V. I. Radchenko, E. A. Pakhomov, B. P. V. Hunt, L. Lebreton. 2020. A spatially variable scarcity of floating microplastics in the eastern North Pacific Ocean. Environmental Research Letters 15, 114056. https://doi.org/10.1088/1748-9326/abbb4f",https://doi.org/10.1088/1748-9326/abbb4f,"The Ocean Cleanup, Rotterdam, The Netherlands",The Ocean Cleanup Foundation,276264,https://www.ncei.noaa.gov/access/metadata/landing-page/bin/iso?id=gov.noaa.nodc:276264,12328,-14714405.1021638,3313838.33859799
0276264-0000515,8/22/2015 5:00:00 AM,28.9324,-140.11825,Pacific Ocean,,,,,,Ocean water,,0,,Manta net,0.333,,,,,,2.213893,pieces/m3,1-10,High,Egger et al. 2020,"Egger, M., R. Nijhof, L. Quiros, G. Leone, S-J. Royer, A. C. McWhirter, G. A. Kantakov, V. I. Radchenko, E. A. Pakhomov, B. P. V. Hunt, L. Lebreton. 2020. A spatially variable scarcity of floating microplastics in the eastern North Pacific Ocean. Environmental Research Letters 15, 114056. https://doi.org/10.1088/1748-9326/abbb4f",https://doi.org/10.1088/1748-9326/abbb4f,"The Ocean Cleanup, Rotterdam, The Netherlands",The Ocean Cleanup Foundation,276264,https://www.ncei.noaa.gov/access/metadata/landing-page/bin/iso?id=gov.noaa.nodc:276264,12330,-15597892.2408446,3367044.87992231
0276264-0000414,8/11/2015 5:00:00 AM,31.6107,-146.8262,Pacific Ocean,,,,,,Ocean water,,0,,Manta net,0.333,,,,,,0.170545,pieces/m3,0.005-1,Medium,Egger et al. 2020,"Egger, M., R. Nijhof, L. Quiros, G. Leone, S-J. Royer, A. C. McWhirter, G. A. Kantakov, V. I. Radchenko, E. A. Pakhomov, B. P. V. Hunt, L. Lebreton. 2020. A spatially variable scarcity of floating microplastics in the eastern North Pacific Ocean. Environmental Research Letters 15, 114056. https://doi.org/10.1088/1748-9326/abbb4f",https://doi.org/10.1088/1748-9326/abbb4f,"The Ocean Cleanup, Rotterdam, The Netherlands",The Ocean Cleanup Foundation,276264,https://www.ncei.noaa.gov/access/metadata/landing-page/bin/iso?id=gov.noaa.nodc:276264,12331,-16344617.8191113,3712316.73705955
0276264-0000219,8/4/2015 5:00:00 AM,30.000033,-137.3055,Pacific Ocean,,,,,,Ocean water,,0,,Manta net,0.333,,,,,,3.184928,pieces/m3,1-10,High,Egger et al. 2020,"Egger, M., R. Nijhof, L. Quiros, G. Leone, S-J. Royer, A. C. McWhirter, G. A. Kantakov, V. I. Radchenko, E. A. Pakhomov, B. P. V. Hunt, L. Lebreton. 2020. A spatially variable scarcity of floating microplastics in the eastern North Pacific Ocean. Environmental Research Letters 15, 114056. https://doi.org/10.1088/1748-9326/abbb4f",https://doi.org/10.1088/1748-9326/abbb4f,"The Ocean Cleanup, Rotterdam, The Netherlands",The Ocean Cleanup Foundation,276264,https://www.ncei.noaa.gov/access/metadata/landing-page/bin/iso?id=gov.noaa.nodc:276264,12332,-15284778.3431158,3503554.08534739
0276264-0000318,8/9/2015 5:00:00 AM,35.00015,-152.8868,Pacific Ocean,,,,,,Ocean water,,0,,Manta net,0.333,,,,,,1.993602,pieces/m3,1-10,High,Egger et al. 2020,"Egger, M., R. Nijhof, L. Quiros, G. Leone, S-J. Royer, A. C. McWhirter, G. A. Kantakov, V. I. Radchenko, E. A. Pakhomov, B. P. V. Hunt, L. Lebreton. 2020. A spatially variable scarcity of floating microplastics in the eastern North Pacific Ocean. Environmental Research Letters 15, 114056. https://doi.org/10.1088/1748-9326/abbb4f",https://doi.org/10.1088/1748-9326/abbb4f,"The Ocean Cleanup, Rotterdam, The Netherlands",The Ocean Cleanup Foundation,276264,https://www.ncei.noaa.gov/access/metadata/landing-page/bin/iso?id=gov.noaa.nodc:276264,12334,-17019280.7250131,4163901.52848382
0276264-0000621,9/15/2015 5:00:00 AM,28.48845,-132.1473,Pacific Ocean,,,,,,Ocean water,,0,,Manta net,0.333,,,,,,3.494777,pieces/m3,1-10,High,Egger et al. 2020,"Egger, M., R. Nijhof, L. Quiros, G. Leone, S-J. Royer, A. C. McWhirter, G. A. Kantakov, V. I. Radchenko, E. A. Pakhomov, B. P. V. Hunt, L. Lebreton. 2020. A spatially variable scarcity of floating microplastics in the eastern North Pacific Ocean. Environmental Research Letters 15, 114056. https://doi.org/10.1088/1748-9326/abbb4f",https://doi.org/10.1088/1748-9326/abbb4f,"The Ocean Cleanup, Rotterdam, The Netherlands",The Ocean Cleanup Foundation,276264,https://www.ncei.noaa.gov/access/metadata/landing-page/bin/iso?id=gov.noaa.nodc:276264,12336,-14710570.145706,3310696.90495495
0276264-0000516,8/22/2015 5:00:00 AM,28.90445,-140.1662,Pacific Ocean,,,,,,Ocean water,,0,,Manta net,0.333,,,,,,1.655169,pieces/m3,1-10,High,Egger et al. 2020,"Egger, M., R. Nijhof, L. Quiros, G. Leone, S-J. Royer, A. C. McWhirter, G. A. Kantakov, V. I. Radchenko, E. A. Pakhomov, B. P. V. Hunt, L. Lebreton. 2020. A spatially variable scarcity of floating microplastics in the eastern North Pacific Ocean. Environmental Research Letters 15, 114056. https://doi.org/10.1088/1748-9326/abbb4f",https://doi.org/10.1088/1748-9326/abbb4f,"The Ocean Cleanup, Rotterdam, The Netherlands",The Ocean Cleanup Foundation,276264,https://www.ncei.noaa.gov/access/metadata/landing-page/bin/iso?id=gov.noaa.nodc:276264,12337,-15603230.0104281,3363490.27283945
0276264-0000415,8/12/2015 5:00:00 AM,31.24935,-146.28115,Pacific Ocean,,,,,,Ocean water,,0,,Manta net,0.333,,,,,,0.707951,pieces/m3,0.005-1,Medium,Egger et al. 2020,"Egger, M., R. Nijhof, L. Quiros, G. Leone, S-J. Royer, A. C. McWhirter, G. A. Kantakov, V. I. Radchenko, E. A. Pakhomov, B. P. V. Hunt, L. Lebreton. 2020. A spatially variable scarcity of floating microplastics in the eastern North Pacific Ocean. Environmental Research Letters 15, 114056. https://doi.org/10.1088/1748-9326/abbb4f",https://doi.org/10.1088/1748-9326/abbb4f,"The Ocean Cleanup, Rotterdam, The Netherlands",The Ocean Cleanup Foundation,276264,https://www.ncei.noaa.gov/access/metadata/landing-page/bin/iso?id=gov.noaa.nodc:276264,12338,-16283943.1306545,3665174.50342771
0276264-0000319,8/9/2015 5:00:00 AM,35.0319,-152.8238,Pacific Ocean,,,,,,Ocean water,,0,,Manta net,0.333,,,,,,1.309742,pieces/m3,1-10,High,Egger et al. 2020,"Egger, M., R. Nijhof, L. Quiros, G. Leone, S-J. Royer, A. C. McWhirter, G. A. Kantakov, V. I. Radchenko, E. A. Pakhomov, B. P. V. Hunt, L. Lebreton. 2020. A spatially variable scarcity of floating microplastics in the eastern North Pacific Ocean. Environmental Research Letters 15, 114056. https://doi.org/10.1088/1748-9326/abbb4f",https://doi.org/10.1088/1748-9326/abbb4f,"The Ocean Cleanup, Rotterdam, The Netherlands",The Ocean Cleanup Foundation,276264,https://www.ncei.noaa.gov/access/metadata/landing-page/bin/iso?id=gov.noaa.nodc:276264,12340,-17012267.5970931,4168217.07209721
0276264-0000622,9/15/2015 5:00:00 AM,28.4553,-132.1118,Pacific Ocean,,,,,,Ocean water,,0,,Manta net,0.333,,,,,,2.274526,pieces/m3,1-10,High,Egger et al. 2020,"Egger, M., R. Nijhof, L. Quiros, G. Leone, S-J. Royer, A. C. McWhirter, G. A. Kantakov, V. I. Radchenko, E. A. Pakhomov, B. P. V. Hunt, L. Lebreton. 2020. A spatially variable scarcity of floating microplastics in the eastern North Pacific Ocean. Environmental Research Letters 15, 114056. https://doi.org/10.1088/1748-9326/abbb4f",https://doi.org/10.1088/1748-9326/abbb4f,"The Ocean Cleanup, Rotterdam, The Netherlands",The Ocean Cleanup Foundation,276264,https://www.ncei.noaa.gov/access/metadata/landing-page/bin/iso?id=gov.noaa.nodc:276264,12343,-14706618.3037828,3306498.92300672
0276264-0000220,8/4/2015 5:00:00 AM,30.003082,-136.6595,Pacific Ocean,,,,,,Ocean water,,0,,Manta net,0.333,,,,,,3.357755,pieces/m3,1-10,High,Egger et al. 2020,"Egger, M., R. Nijhof, L. Quiros, G. Leone, S-J. Royer, A. C. McWhirter, G. A. Kantakov, V. I. Radchenko, E. A. Pakhomov, B. P. V. Hunt, L. Lebreton. 2020. A spatially variable scarcity of floating microplastics in the eastern North Pacific Ocean. Environmental Research Letters 15, 114056. https://doi.org/10.1088/1748-9326/abbb4f",https://doi.org/10.1088/1748-9326/abbb4f,"The Ocean Cleanup, Rotterdam, The Netherlands",The Ocean Cleanup Foundation,276264,https://www.ncei.noaa.gov/access/metadata/landing-page/bin/iso?id=gov.noaa.nodc:276264,12344,-15212865.9520634,3503946.01201964
0276264-0000416,8/12/2015 5:00:00 AM,31.2437,-146.2043,Pacific Ocean,,,,,,Ocean water,,0,,Manta net,0.333,,,,,,1.064675,pieces/m3,1-10,High,Egger et al. 2020,"Egger, M., R. Nijhof, L. Quiros, G. Leone, S-J. Royer, A. C. McWhirter, G. A. Kantakov, V. I. Radchenko, E. A. Pakhomov, B. P. V. Hunt, L. Lebreton. 2020. A spatially variable scarcity of floating microplastics in the eastern North Pacific Ocean. Environmental Research Letters 15, 114056. https://doi.org/10.1088/1748-9326/abbb4f",https://doi.org/10.1088/1748-9326/abbb4f,"The Ocean Cleanup, Rotterdam, The Netherlands",The Ocean Cleanup Foundation,276264,https://www.ncei.noaa.gov/access/metadata/landing-page/bin/iso?id=gov.noaa.nodc:276264,12345,-16275388.227787,3664438.83464208
0276264-0000517,8/23/2015 5:00:00 AM,28.1809,-141.37395,Pacific Ocean,,,,,,Ocean water,,0,,Manta net,0.333,,,,,,2.047425,pieces/m3,1-10,High,Egger et al. 2020,"Egger, M., R. Nijhof, L. Quiros, G. Leone, S-J. Royer, A. C. McWhirter, G. A. Kantakov, V. I. Radchenko, E. A. Pakhomov, B. P. V. Hunt, L. Lebreton. 2020. A spatially variable scarcity of floating microplastics in the eastern North Pacific Ocean. Environmental Research Letters 15, 114056. https://doi.org/10.1088/1748-9326/abbb4f",https://doi.org/10.1088/1748-9326/abbb4f,"The Ocean Cleanup, Rotterdam, The Netherlands",The Ocean Cleanup Foundation,276264,https://www.ncei.noaa.gov/access/metadata/landing-page/bin/iso?id=gov.noaa.nodc:276264,12348,-15737676.1254337,3271800.34443358
0276264-0000623,9/16/2015 5:00:00 AM,28.41905,-132.0774,Pacific Ocean,,,,,,Ocean water,,0,,Manta net,0.333,,,,,,2.02287,pieces/m3,1-10,High,Egger et al. 2020,"Egger, M., R. Nijhof, L. Quiros, G. Leone, S-J. Royer, A. C. McWhirter, G. A. Kantakov, V. I. Radchenko, E. A. Pakhomov, B. P. V. Hunt, L. Lebreton. 2020. A spatially variable scarcity of floating microplastics in the eastern North Pacific Ocean. Environmental Research Letters 15, 114056. https://doi.org/10.1088/1748-9326/abbb4f",https://doi.org/10.1088/1748-9326/abbb4f,"The Ocean Cleanup, Rotterdam, The Netherlands",The Ocean Cleanup Foundation,276264,https://www.ncei.noaa.gov/access/metadata/landing-page/bin/iso?id=gov.noaa.nodc:276264,12350,-14702788.9132995,3301909.87598246
0276264-0000221,8/4/2015 5:00:00 AM,30.003118,-136.662,Pacific Ocean,,,,,,Ocean water,,0,,Manta net,0.333,,,,,,3.956987,pieces/m3,1-10,High,Egger et al. 2020,"Egger, M., R. Nijhof, L. Quiros, G. Leone, S-J. Royer, A. C. McWhirter, G. A. Kantakov, V. I. Radchenko, E. A. Pakhomov, B. P. V. Hunt, L. Lebreton. 2020. A spatially variable scarcity of floating microplastics in the eastern North Pacific Ocean. Environmental Research Letters 15, 114056. https://doi.org/10.1088/1748-9326/abbb4f",https://doi.org/10.1088/1748-9326/abbb4f,"The Ocean Cleanup, Rotterdam, The Netherlands",The Ocean Cleanup Foundation,276264,https://www.ncei.noaa.gov/access/metadata/landing-page/bin/iso?id=gov.noaa.nodc:276264,12351,-15213144.2507904,3503950.63962853
0276264-0000417,8/12/2015 5:00:00 AM,30.5344,-144.9059,Pacific Ocean,,,,,,Ocean water,,0,,Manta net,0.333,,,,,,1.336759,pieces/m3,1-10,High,Egger et al. 2020,"Egger, M., R. Nijhof, L. Quiros, G. Leone, S-J. Royer, A. C. McWhirter, G. A. Kantakov, V. I. Radchenko, E. A. Pakhomov, B. P. V. Hunt, L. Lebreton. 2020. A spatially variable scarcity of floating microplastics in the eastern North Pacific Ocean. Environmental Research Letters 15, 114056. https://doi.org/10.1088/1748-9326/abbb4f",https://doi.org/10.1088/1748-9326/abbb4f,"The Ocean Cleanup, Rotterdam, The Netherlands",The Ocean Cleanup Foundation,276264,https://www.ncei.noaa.gov/access/metadata/landing-page/bin/iso?id=gov.noaa.nodc:276264,12352,-16130851.000941,3572428.60263877
0276264-0000418,8/12/2015 5:00:00 AM,30.5126,-144.822,Pacific Ocean,,,,,,Ocean water,,0,,Manta net,0.333,,,,,,1.377096,pieces/m3,1-10,High,Egger et al. 2020,"Egger, M., R. Nijhof, L. Quiros, G. Leone, S-J. Royer, A. C. McWhirter, G. A. Kantakov, V. I. Radchenko, E. A. Pakhomov, B. P. V. Hunt, L. Lebreton. 2020. A spatially variable scarcity of floating microplastics in the eastern North Pacific Ocean. Environmental Research Letters 15, 114056. https://doi.org/10.1088/1748-9326/abbb4f",https://doi.org/10.1088/1748-9326/abbb4f,"The Ocean Cleanup, Rotterdam, The Netherlands",The Ocean Cleanup Foundation,276264,https://www.ncei.noaa.gov/access/metadata/landing-page/bin/iso?id=gov.noaa.nodc:276264,12353,-16121511.2956635,3569611.43757112
0276264-0000518,8/23/2015 5:00:00 AM,28.1733,-141.4267,Pacific Ocean,,,,,,Ocean water,,0,,Manta net,0.333,,,,,,6.958142,pieces/m3,1-10,High,Egger et al. 2020,"Egger, M., R. Nijhof, L. Quiros, G. Leone, S-J. Royer, A. C. McWhirter, G. A. Kantakov, V. I. Radchenko, E. A. Pakhomov, B. P. V. Hunt, L. Lebreton. 2020. A spatially variable scarcity of floating microplastics in the eastern North Pacific Ocean. Environmental Research Letters 15, 114056. https://doi.org/10.1088/1748-9326/abbb4f",https://doi.org/10.1088/1748-9326/abbb4f,"The Ocean Cleanup, Rotterdam, The Netherlands",The Ocean Cleanup Foundation,276264,https://www.ncei.noaa.gov/access/metadata/landing-page/bin/iso?id=gov.noaa.nodc:276264,12355,-15743548.2285731,3270840.57634702
0276264-0000222,8/4/2015 5:00:00 AM,29.999073,-136.0735,Pacific Ocean,,,,,,Ocean water,,0,,Manta net,0.333,,,,,,5.222847,pieces/m3,1-10,High,Egger et al. 2020,"Egger, M., R. Nijhof, L. Quiros, G. Leone, S-J. Royer, A. C. McWhirter, G. A. Kantakov, V. I. Radchenko, E. A. Pakhomov, B. P. V. Hunt, L. Lebreton. 2020. A spatially variable scarcity of floating microplastics in the eastern North Pacific Ocean. Environmental Research Letters 15, 114056. https://doi.org/10.1088/1748-9326/abbb4f",https://doi.org/10.1088/1748-9326/abbb4f,"The Ocean Cleanup, Rotterdam, The Netherlands",The Ocean Cleanup Foundation,276264,https://www.ncei.noaa.gov/access/metadata/landing-page/bin/iso?id=gov.noaa.nodc:276264,12358,-15147632.7304585,3503430.68685429
0276264-0000419,8/12/2015 5:00:00 AM,30.4886,-144.7408,Pacific Ocean,,,,,,Ocean water,,0,,Manta net,0.333,,,,,,1.674043,pieces/m3,1-10,High,Egger et al. 2020,"Egger, M., R. Nijhof, L. Quiros, G. Leone, S-J. Royer, A. C. McWhirter, G. A. Kantakov, V. I. Radchenko, E. A. Pakhomov, B. P. V. Hunt, L. Lebreton. 2020. A spatially variable scarcity of floating microplastics in the eastern North Pacific Ocean. Environmental Research Letters 15, 114056. https://doi.org/10.1088/1748-9326/abbb4f",https://doi.org/10.1088/1748-9326/abbb4f,"The Ocean Cleanup, Rotterdam, The Netherlands",The Ocean Cleanup Foundation,276264,https://www.ncei.noaa.gov/access/metadata/landing-page/bin/iso?id=gov.noaa.nodc:276264,12359,-16112472.1530111,3566510.70187748
0276264-0000320,8/9/2015 5:00:00 AM,36.0062,-150.3978,Pacific Ocean,,,,,,Ocean water,,0,,Manta net,0.333,,,,,,1.686723,pieces/m3,1-10,High,Egger et al. 2020,"Egger, M., R. Nijhof, L. Quiros, G. Leone, S-J. Royer, A. C. McWhirter, G. A. Kantakov, V. I. Radchenko, E. A. Pakhomov, B. P. V. Hunt, L. Lebreton. 2020. A spatially variable scarcity of floating microplastics in the eastern North Pacific Ocean. Environmental Research Letters 15, 114056. https://doi.org/10.1088/1748-9326/abbb4f",https://doi.org/10.1088/1748-9326/abbb4f,"The Ocean Cleanup, Rotterdam, The Netherlands",The Ocean Cleanup Foundation,276264,https://www.ncei.noaa.gov/access/metadata/landing-page/bin/iso?id=gov.noaa.nodc:276264,12360,-16742206.5124286,4301474.51602185
0276264-0000420,8/13/2015 5:00:00 AM,30.18265,-144.06055,Pacific Ocean,,,,,,Ocean water,,0,,Manta net,0.333,,,,,,3.894233,pieces/m3,1-10,High,Egger et al. 2020,"Egger, M., R. Nijhof, L. Quiros, G. Leone, S-J. Royer, A. C. McWhirter, G. A. Kantakov, V. I. Radchenko, E. A. Pakhomov, B. P. V. Hunt, L. Lebreton. 2020. A spatially variable scarcity of floating microplastics in the eastern North Pacific Ocean. Environmental Research Letters 15, 114056. https://doi.org/10.1088/1748-9326/abbb4f",https://doi.org/10.1088/1748-9326/abbb4f,"The Ocean Cleanup, Rotterdam, The Netherlands",The Ocean Cleanup Foundation,276264,https://www.ncei.noaa.gov/access/metadata/landing-page/bin/iso?id=gov.noaa.nodc:276264,12362,-16036747.0693989,3527049.46998778
0276264-0000624,9/16/2015 5:00:00 AM,28.0647,-131.50285,Pacific Ocean,,,,,,Ocean water,,0,,Manta net,0.333,,,,,,3.891236,pieces/m3,1-10,High,Egger et al. 2020,"Egger, M., R. Nijhof, L. Quiros, G. Leone, S-J. Royer, A. C. McWhirter, G. A. Kantakov, V. I. Radchenko, E. A. Pakhomov, B. P. V. Hunt, L. Lebreton. 2020. A spatially variable scarcity of floating microplastics in the eastern North Pacific Ocean. Environmental Research Letters 15, 114056. https://doi.org/10.1088/1748-9326/abbb4f",https://doi.org/10.1088/1748-9326/abbb4f,"The Ocean Cleanup, Rotterdam, The Netherlands",The Ocean Cleanup Foundation,276264,https://www.ncei.noaa.gov/access/metadata/landing-page/bin/iso?id=gov.noaa.nodc:276264,12363,-14638830.2998642,3257133.43099144
0276264-0000321,8/9/2015 5:00:00 AM,36.0311,-150.3133,Pacific Ocean,,,,,,Ocean water,,0,,Manta net,0.333,,,,,,1.707602,pieces/m3,1-10,High,Egger et al. 2020,"Egger, M., R. Nijhof, L. Quiros, G. Leone, S-J. Royer, A. C. McWhirter, G. A. Kantakov, V. I. Radchenko, E. A. Pakhomov, B. P. V. Hunt, L. Lebreton. 2020. A spatially variable scarcity of floating microplastics in the eastern North Pacific Ocean. Environmental Research Letters 15, 114056. https://doi.org/10.1088/1748-9326/abbb4f",https://doi.org/10.1088/1748-9326/abbb4f,"The Ocean Cleanup, Rotterdam, The Netherlands",The Ocean Cleanup Foundation,276264,https://www.ncei.noaa.gov/access/metadata/landing-page/bin/iso?id=gov.noaa.nodc:276264,12365,-16732800.0154566,4304901.52832157
0276264-0000519,8/23/2015 5:00:00 AM,28.15865,-141.4475,Pacific Ocean,,,,,,Ocean water,,0,,Manta net,0.333,,,,,,3.3992,pieces/m3,1-10,High,Egger et al. 2020,"Egger, M., R. Nijhof, L. Quiros, G. Leone, S-J. Royer, A. C. McWhirter, G. A. Kantakov, V. I. Radchenko, E. A. Pakhomov, B. P. V. Hunt, L. Lebreton. 2020. A spatially variable scarcity of floating microplastics in the eastern North Pacific Ocean. Environmental Research Letters 15, 114056. https://doi.org/10.1088/1748-9326/abbb4f",https://doi.org/10.1088/1748-9326/abbb4f,"The Ocean Cleanup, Rotterdam, The Netherlands",The Ocean Cleanup Foundation,276264,https://www.ncei.noaa.gov/access/metadata/landing-page/bin/iso?id=gov.noaa.nodc:276264,12366,-15745863.6739816,3268990.68944469
0276264-0000223,8/4/2015 5:00:00 AM,29.998983,-136.076,Pacific Ocean,,,,,,Ocean water,,0,,Manta net,0.333,,,,,,4.653116,pieces/m3,1-10,High,Egger et al. 2020,"Egger, M., R. Nijhof, L. Quiros, G. Leone, S-J. Royer, A. C. McWhirter, G. A. Kantakov, V. I. Radchenko, E. A. Pakhomov, B. P. V. Hunt, L. Lebreton. 2020. A spatially variable scarcity of floating microplastics in the eastern North Pacific Ocean. Environmental Research Letters 15, 114056. https://doi.org/10.1088/1748-9326/abbb4f",https://doi.org/10.1088/1748-9326/abbb4f,"The Ocean Cleanup, Rotterdam, The Netherlands",The Ocean Cleanup Foundation,276264,https://www.ncei.noaa.gov/access/metadata/landing-page/bin/iso?id=gov.noaa.nodc:276264,12367,-15147911.0291855,3503419.11830676
0276264-0000421,8/13/2015 5:00:00 AM,30.152309,-144.034902,Pacific Ocean,,,,,,Ocean water,,0,,Manta net,0.333,,,,,,3.881957,pieces/m3,1-10,High,Egger et al. 2020,"Egger, M., R. Nijhof, L. Quiros, G. Leone, S-J. Royer, A. C. McWhirter, G. A. Kantakov, V. I. Radchenko, E. A. Pakhomov, B. P. V. Hunt, L. Lebreton. 2020. A spatially variable scarcity of floating microplastics in the eastern North Pacific Ocean. Environmental Research Letters 15, 114056. https://doi.org/10.1088/1748-9326/abbb4f",https://doi.org/10.1088/1748-9326/abbb4f,"The Ocean Cleanup, Rotterdam, The Netherlands",The Ocean Cleanup Foundation,276264,https://www.ncei.noaa.gov/access/metadata/landing-page/bin/iso?id=gov.noaa.nodc:276264,12370,-16033891.9470991,3523142.80756358
0276264-0000625,9/16/2015 5:00:00 AM,28.0462,-131.4639,Pacific Ocean,,,,,,Ocean water,,0,,Manta net,0.333,,,,,,0.843368,pieces/m3,0.005-1,Medium,Egger et al. 2020,"Egger, M., R. Nijhof, L. Quiros, G. Leone, S-J. Royer, A. C. McWhirter, G. A. Kantakov, V. I. Radchenko, E. A. Pakhomov, B. P. V. Hunt, L. Lebreton. 2020. A spatially variable scarcity of floating microplastics in the eastern North Pacific Ocean. Environmental Research Letters 15, 114056. https://doi.org/10.1088/1748-9326/abbb4f",https://doi.org/10.1088/1748-9326/abbb4f,"The Ocean Cleanup, Rotterdam, The Netherlands",The Ocean Cleanup Foundation,276264,https://www.ncei.noaa.gov/access/metadata/landing-page/bin/iso?id=gov.noaa.nodc:276264,12371,-14634494.4056978,3254799.80229858
0276264-0000224,8/4/2015 5:00:00 AM,30.017658,-135.4865,Pacific Ocean,,,,,,Ocean water,,0,,Manta net,0.333,,,,,,19.230017,pieces/m3,>=10,Very High,Egger et al. 2020,"Egger, M., R. Nijhof, L. Quiros, G. Leone, S-J. Royer, A. C. McWhirter, G. A. Kantakov, V. I. Radchenko, E. A. Pakhomov, B. P. V. Hunt, L. Lebreton. 2020. A spatially variable scarcity of floating microplastics in the eastern North Pacific Ocean. Environmental Research Letters 15, 114056. https://doi.org/10.1088/1748-9326/abbb4f",https://doi.org/10.1088/1748-9326/abbb4f,"The Ocean Cleanup, Rotterdam, The Netherlands",The Ocean Cleanup Foundation,276264,https://www.ncei.noaa.gov/access/metadata/landing-page/bin/iso?id=gov.noaa.nodc:276264,12372,-15082288.1893629,3505819.81675464
0276264-0000322,8/9/2015 5:00:00 AM,36.0488,-150.23055,Pacific Ocean,,,,,,Ocean water,,0,,Manta net,0.333,,,,,,1.271783,pieces/m3,1-10,High,Egger et al. 2020,"Egger, M., R. Nijhof, L. Quiros, G. Leone, S-J. Royer, A. C. McWhirter, G. A. Kantakov, V. I. Radchenko, E. A. Pakhomov, B. P. V. Hunt, L. Lebreton. 2020. A spatially variable scarcity of floating microplastics in the eastern North Pacific Ocean. Environmental Research Letters 15, 114056. https://doi.org/10.1088/1748-9326/abbb4f",https://doi.org/10.1088/1748-9326/abbb4f,"The Ocean Cleanup, Rotterdam, The Netherlands",The Ocean Cleanup Foundation,276264,https://www.ncei.noaa.gov/access/metadata/landing-page/bin/iso?id=gov.noaa.nodc:276264,12373,-16723588.3275934,4307338.25605539
0276264-0000422,8/13/2015 5:00:00 AM,30.15125,-144.0028,Pacific Ocean,,,,,,Ocean water,,0,,Manta net,0.333,,,,,,3.658557,pieces/m3,1-10,High,Egger et al. 2020,"Egger, M., R. Nijhof, L. Quiros, G. Leone, S-J. Royer, A. C. McWhirter, G. A. Kantakov, V. I. Radchenko, E. A. Pakhomov, B. P. V. Hunt, L. Lebreton. 2020. A spatially variable scarcity of floating microplastics in the eastern North Pacific Ocean. Environmental Research Letters 15, 114056. https://doi.org/10.1088/1748-9326/abbb4f",https://doi.org/10.1088/1748-9326/abbb4f,"The Ocean Cleanup, Rotterdam, The Netherlands",The Ocean Cleanup Foundation,276264,https://www.ncei.noaa.gov/access/metadata/landing-page/bin/iso?id=gov.noaa.nodc:276264,12377,-16030318.3688056,3523006.47399686
0276264-0000626,9/16/2015 5:00:00 AM,28.0315,-131.4227,Pacific Ocean,,,,,,Ocean water,,0,,Manta net,0.333,,,,,,0.64902,pieces/m3,0.005-1,Medium,Egger et al. 2020,"Egger, M., R. Nijhof, L. Quiros, G. Leone, S-J. Royer, A. C. McWhirter, G. A. Kantakov, V. I. Radchenko, E. A. Pakhomov, B. P. V. Hunt, L. Lebreton. 2020. A spatially variable scarcity of floating microplastics in the eastern North Pacific Ocean. Environmental Research Letters 15, 114056. https://doi.org/10.1088/1748-9326/abbb4f",https://doi.org/10.1088/1748-9326/abbb4f,"The Ocean Cleanup, Rotterdam, The Netherlands",The Ocean Cleanup Foundation,276264,https://www.ncei.noaa.gov/access/metadata/landing-page/bin/iso?id=gov.noaa.nodc:276264,12378,-14629908.0426772,3252945.7997553
0276264-0000627,9/16/2015 5:00:00 AM,28.00345,-131.3996,Pacific Ocean,,,,,,Ocean water,,0,,Manta net,0.333,,,,,,1.481866,pieces/m3,1-10,High,Egger et al. 2020,"Egger, M., R. Nijhof, L. Quiros, G. Leone, S-J. Royer, A. C. McWhirter, G. A. Kantakov, V. I. Radchenko, E. A. Pakhomov, B. P. V. Hunt, L. Lebreton. 2020. A spatially variable scarcity of floating microplastics in the eastern North Pacific Ocean. Environmental Research Letters 15, 114056. https://doi.org/10.1088/1748-9326/abbb4f",https://doi.org/10.1088/1748-9326/abbb4f,"The Ocean Cleanup, Rotterdam, The Netherlands",The Ocean Cleanup Foundation,276264,https://www.ncei.noaa.gov/access/metadata/landing-page/bin/iso?id=gov.noaa.nodc:276264,12379,-14627336.5624398,3249408.76268297
0276264-0000323,8/10/2015 5:00:00 AM,36.4749,-148.93995,Pacific Ocean,,,,,,Ocean water,,0,,Manta net,0.333,,,,,,2.791323,pieces/m3,1-10,High,Egger et al. 2020,"Egger, M., R. Nijhof, L. Quiros, G. Leone, S-J. Royer, A. C. McWhirter, G. A. Kantakov, V. I. Radchenko, E. A. Pakhomov, B. P. V. Hunt, L. Lebreton. 2020. A spatially variable scarcity of floating microplastics in the eastern North Pacific Ocean. Environmental Research Letters 15, 114056. https://doi.org/10.1088/1748-9326/abbb4f",https://doi.org/10.1088/1748-9326/abbb4f,"The Ocean Cleanup, Rotterdam, The Netherlands",The Ocean Cleanup Foundation,276264,https://www.ncei.noaa.gov/access/metadata/landing-page/bin/iso?id=gov.noaa.nodc:276264,12380,-16579919.3927756,4366165.18230277
0276264-0000520,8/24/2015 5:00:00 AM,27.6269,-142.9212,Pacific Ocean,,,,,,Ocean water,,0,,Manta net,0.333,,,,,,0.546338,pieces/m3,0.005-1,Medium,Egger et al. 2020,"Egger, M., R. Nijhof, L. Quiros, G. Leone, S-J. Royer, A. C. McWhirter, G. A. Kantakov, V. I. Radchenko, E. A. Pakhomov, B. P. V. Hunt, L. Lebreton. 2020. A spatially variable scarcity of floating microplastics in the eastern North Pacific Ocean. Environmental Research Letters 15, 114056. https://doi.org/10.1088/1748-9326/abbb4f",https://doi.org/10.1088/1748-9326/abbb4f,"The Ocean Cleanup, Rotterdam, The Netherlands",The Ocean Cleanup Foundation,276264,https://www.ncei.noaa.gov/access/metadata/landing-page/bin/iso?id=gov.noaa.nodc:276264,12381,-15909915.2075636,3202015.3317007
0276264-0000225,8/4/2015 5:00:00 AM,30.017632,-135.489,Pacific Ocean,,,,,,Ocean water,,0,,Manta net,0.333,,,,,,19.124298,pieces/m3,>=10,Very High,Egger et al. 2020,"Egger, M., R. Nijhof, L. Quiros, G. Leone, S-J. Royer, A. C. McWhirter, G. A. Kantakov, V. I. Radchenko, E. A. Pakhomov, B. P. V. Hunt, L. Lebreton. 2020. A spatially variable scarcity of floating microplastics in the eastern North Pacific Ocean. Environmental Research Letters 15, 114056. https://doi.org/10.1088/1748-9326/abbb4f",https://doi.org/10.1088/1748-9326/abbb4f,"The Ocean Cleanup, Rotterdam, The Netherlands",The Ocean Cleanup Foundation,276264,https://www.ncei.noaa.gov/access/metadata/landing-page/bin/iso?id=gov.noaa.nodc:276264,12384,-15082566.4880898,3505816.47410257
0276264-0000521,8/24/2015 5:00:00 AM,27.6211,-142.9629,Pacific Ocean,,,,,,Ocean water,,0,,Manta net,0.333,,,,,,2.094789,pieces/m3,1-10,High,Egger et al. 2020,"Egger, M., R. Nijhof, L. Quiros, G. Leone, S-J. Royer, A. C. McWhirter, G. A. Kantakov, V. I. Radchenko, E. A. Pakhomov, B. P. V. Hunt, L. Lebreton. 2020. A spatially variable scarcity of floating microplastics in the eastern North Pacific Ocean. Environmental Research Letters 15, 114056. https://doi.org/10.1088/1748-9326/abbb4f",https://doi.org/10.1088/1748-9326/abbb4f,"The Ocean Cleanup, Rotterdam, The Netherlands",The Ocean Cleanup Foundation,276264,https://www.ncei.noaa.gov/access/metadata/landing-page/bin/iso?id=gov.noaa.nodc:276264,12385,-15914557.2303297,3201286.61141802
0276264-0000423,8/6/2015 5:00:00 AM,36.444417,-148.479083,Pacific Ocean,,,,,,Ocean water,,0,,Manta net,0.333,,,,,,2.734936,pieces/m3,1-10,High,Egger et al. 2020,"Egger, M., R. Nijhof, L. Quiros, G. Leone, S-J. Royer, A. C. McWhirter, G. A. Kantakov, V. I. Radchenko, E. A. Pakhomov, B. P. V. Hunt, L. Lebreton. 2020. A spatially variable scarcity of floating microplastics in the eastern North Pacific Ocean. Environmental Research Letters 15, 114056. https://doi.org/10.1088/1748-9326/abbb4f",https://doi.org/10.1088/1748-9326/abbb4f,"The Ocean Cleanup, Rotterdam, The Netherlands",The Ocean Cleanup Foundation,276264,https://www.ncei.noaa.gov/access/metadata/landing-page/bin/iso?id=gov.noaa.nodc:276264,12386,-16528615.9130122,4361946.04067445
0276264-0000628,9/16/2015 5:00:00 AM,27.9848,-131.3751,Pacific Ocean,,,,,,Ocean water,,0,,Manta net,0.333,,,,,,2.011274,pieces/m3,1-10,High,Egger et al. 2020,"Egger, M., R. Nijhof, L. Quiros, G. Leone, S-J. Royer, A. C. McWhirter, G. A. Kantakov, V. I. Radchenko, E. A. Pakhomov, B. P. V. Hunt, L. Lebreton. 2020. A spatially variable scarcity of floating microplastics in the eastern North Pacific Ocean. Environmental Research Letters 15, 114056. https://doi.org/10.1088/1748-9326/abbb4f",https://doi.org/10.1088/1748-9326/abbb4f,"The Ocean Cleanup, Rotterdam, The Netherlands",The Ocean Cleanup Foundation,276264,https://www.ncei.noaa.gov/access/metadata/landing-page/bin/iso?id=gov.noaa.nodc:276264,12387,-14624609.2349154,3247057.55253064
0276264-0000226,8/5/2015 5:00:00 AM,30.004407,-134.899,Pacific Ocean,,,,,,Ocean water,,0,,Manta net,0.333,,,,,,11.384704,pieces/m3,>=10,Very High,Egger et al. 2020,"Egger, M., R. Nijhof, L. Quiros, G. Leone, S-J. Royer, A. C. McWhirter, G. A. Kantakov, V. I. Radchenko, E. A. Pakhomov, B. P. V. Hunt, L. Lebreton. 2020. A spatially variable scarcity of floating microplastics in the eastern North Pacific Ocean. Environmental Research Letters 15, 114056. https://doi.org/10.1088/1748-9326/abbb4f",https://doi.org/10.1088/1748-9326/abbb4f,"The Ocean Cleanup, Rotterdam, The Netherlands",The Ocean Cleanup Foundation,276264,https://www.ncei.noaa.gov/access/metadata/landing-page/bin/iso?id=gov.noaa.nodc:276264,12389,-15016887.9885218,3504116.33484228
0276264-0000324,8/10/2015 5:00:00 AM,36.41775,-148.8748,Pacific Ocean,,,,,,Ocean water,,0,,Manta net,0.333,,,,,,4.773962,pieces/m3,1-10,High,Egger et al. 2020,"Egger, M., R. Nijhof, L. Quiros, G. Leone, S-J. Royer, A. C. McWhirter, G. A. Kantakov, V. I. Radchenko, E. A. Pakhomov, B. P. V. Hunt, L. Lebreton. 2020. A spatially variable scarcity of floating microplastics in the eastern North Pacific Ocean. Environmental Research Letters 15, 114056. https://doi.org/10.1088/1748-9326/abbb4f",https://doi.org/10.1088/1748-9326/abbb4f,"The Ocean Cleanup, Rotterdam, The Netherlands",The Ocean Cleanup Foundation,276264,https://www.ncei.noaa.gov/access/metadata/landing-page/bin/iso?id=gov.noaa.nodc:276264,12391,-16572666.9279504,4358256.42947368
0276264-0000522,8/26/2015 5:00:00 AM,27.4379,-145.51005,Pacific Ocean,,,,,,Ocean water,,0,,Manta net,0.333,,,,,,2.595526,pieces/m3,1-10,High,Egger et al. 2020,"Egger, M., R. Nijhof, L. Quiros, G. Leone, S-J. Royer, A. C. McWhirter, G. A. Kantakov, V. I. Radchenko, E. A. Pakhomov, B. P. V. Hunt, L. Lebreton. 2020. A spatially variable scarcity of floating microplastics in the eastern North Pacific Ocean. Environmental Research Letters 15, 114056. https://doi.org/10.1088/1748-9326/abbb4f",https://doi.org/10.1088/1748-9326/abbb4f,"The Ocean Cleanup, Rotterdam, The Netherlands",The Ocean Cleanup Foundation,276264,https://www.ncei.noaa.gov/access/metadata/landing-page/bin/iso?id=gov.noaa.nodc:276264,12393,-16198104.6713038,3178288.90544811
0276264-0000629,9/16/2015 5:00:00 AM,27.97005,-131.3522,Pacific Ocean,,,,,,Ocean water,,0,,Manta net,0.333,,,,,,4.643193,pieces/m3,1-10,High,Egger et al. 2020,"Egger, M., R. Nijhof, L. Quiros, G. Leone, S-J. Royer, A. C. McWhirter, G. A. Kantakov, V. I. Radchenko, E. A. Pakhomov, B. P. V. Hunt, L. Lebreton. 2020. A spatially variable scarcity of floating microplastics in the eastern North Pacific Ocean. Environmental Research Letters 15, 114056. https://doi.org/10.1088/1748-9326/abbb4f",https://doi.org/10.1088/1748-9326/abbb4f,"The Ocean Cleanup, Rotterdam, The Netherlands",The Ocean Cleanup Foundation,276264,https://www.ncei.noaa.gov/access/metadata/landing-page/bin/iso?id=gov.noaa.nodc:276264,12394,-14622060.0185762,3245198.30434708
0276264-0000424,8/6/2015 5:00:00 AM,36.437702,-148.409409,Pacific Ocean,,,,,,Ocean water,,0,,Manta net,0.333,,,,,,2.116106,pieces/m3,1-10,High,Egger et al. 2020,"Egger, M., R. Nijhof, L. Quiros, G. Leone, S-J. Royer, A. C. McWhirter, G. A. Kantakov, V. I. Radchenko, E. A. Pakhomov, B. P. V. Hunt, L. Lebreton. 2020. A spatially variable scarcity of floating microplastics in the eastern North Pacific Ocean. Environmental Research Letters 15, 114056. https://doi.org/10.1088/1748-9326/abbb4f",https://doi.org/10.1088/1748-9326/abbb4f,"The Ocean Cleanup, Rotterdam, The Netherlands",The Ocean Cleanup Foundation,276264,https://www.ncei.noaa.gov/access/metadata/landing-page/bin/iso?id=gov.noaa.nodc:276264,12396,-16520859.8388107,4361016.84265499
0276264-0000325,8/10/2015 5:00:00 AM,36.41115,-148.81945,Pacific Ocean,,,,,,Ocean water,,0,,Manta net,0.333,,,,,,3.531028,pieces/m3,1-10,High,Egger et al. 2020,"Egger, M., R. Nijhof, L. Quiros, G. Leone, S-J. Royer, A. C. McWhirter, G. A. Kantakov, V. I. Radchenko, E. A. Pakhomov, B. P. V. Hunt, L. Lebreton. 2020. A spatially variable scarcity of floating microplastics in the eastern North Pacific Ocean. Environmental Research Letters 15, 114056. https://doi.org/10.1088/1748-9326/abbb4f",https://doi.org/10.1088/1748-9326/abbb4f,"The Ocean Cleanup, Rotterdam, The Netherlands",The Ocean Cleanup Foundation,276264,https://www.ncei.noaa.gov/access/metadata/landing-page/bin/iso?id=gov.noaa.nodc:276264,12397,-16566505.394135,4357343.45772327
0276264-0000227,8/5/2015 5:00:00 AM,30.004165,-134.9015,Pacific Ocean,,,,,,Ocean water,,0,,Manta net,0.333,,,,,,5.345399,pieces/m3,1-10,High,Egger et al. 2020,"Egger, M., R. Nijhof, L. Quiros, G. Leone, S-J. Royer, A. C. McWhirter, G. A. Kantakov, V. I. Radchenko, E. A. Pakhomov, B. P. V. Hunt, L. Lebreton. 2020. A spatially variable scarcity of floating microplastics in the eastern North Pacific Ocean. Environmental Research Letters 15, 114056. https://doi.org/10.1088/1748-9326/abbb4f",https://doi.org/10.1088/1748-9326/abbb4f,"The Ocean Cleanup, Rotterdam, The Netherlands",The Ocean Cleanup Foundation,276264,https://www.ncei.noaa.gov/access/metadata/landing-page/bin/iso?id=gov.noaa.nodc:276264,12398,-15017166.2872488,3504085.22665509
0276264-0000630,9/16/2015 5:00:00 AM,27.94605,-131.32885,Pacific Ocean,,,,,,Ocean water,,0,,Manta net,0.333,,,,,,1.4459,pieces/m3,1-10,High,Egger et al. 2020,"Egger, M., R. Nijhof, L. Quiros, G. Leone, S-J. Royer, A. C. McWhirter, G. A. Kantakov, V. I. Radchenko, E. A. Pakhomov, B. P. V. Hunt, L. Lebreton. 2020. A spatially variable scarcity of floating microplastics in the eastern North Pacific Ocean. Environmental Research Letters 15, 114056. https://doi.org/10.1088/1748-9326/abbb4f",https://doi.org/10.1088/1748-9326/abbb4f,"The Ocean Cleanup, Rotterdam, The Netherlands",The Ocean Cleanup Foundation,276264,https://www.ncei.noaa.gov/access/metadata/landing-page/bin/iso?id=gov.noaa.nodc:276264,12400,-14619460.7084662,3242173.63009352
0276264-0000523,8/26/2015 5:00:00 AM,27.4258,-145.54195,Pacific Ocean,,,,,,Ocean water,,0,,Manta net,0.333,,,,,,2.373976,pieces/m3,1-10,High,Egger et al. 2020,"Egger, M., R. Nijhof, L. Quiros, G. Leone, S-J. Royer, A. C. McWhirter, G. A. Kantakov, V. I. Radchenko, E. A. Pakhomov, B. P. V. Hunt, L. Lebreton. 2020. A spatially variable scarcity of floating microplastics in the eastern North Pacific Ocean. Environmental Research Letters 15, 114056. https://doi.org/10.1088/1748-9326/abbb4f",https://doi.org/10.1088/1748-9326/abbb4f,"The Ocean Cleanup, Rotterdam, The Netherlands",The Ocean Cleanup Foundation,276264,https://www.ncei.noaa.gov/access/metadata/landing-page/bin/iso?id=gov.noaa.nodc:276264,12403,-16201655.7630601,3176771.2990785
0276264-0000425,8/7/2015 5:00:00 AM,36.698,-145.17075,Pacific Ocean,,,,,,Ocean water,,0,,Manta net,0.333,,,,,,7.350979,pieces/m3,1-10,High,Egger et al. 2020,"Egger, M., R. Nijhof, L. Quiros, G. Leone, S-J. Royer, A. C. McWhirter, G. A. Kantakov, V. I. Radchenko, E. A. Pakhomov, B. P. V. Hunt, L. Lebreton. 2020. A spatially variable scarcity of floating microplastics in the eastern North Pacific Ocean. Environmental Research Letters 15, 114056. https://doi.org/10.1088/1748-9326/abbb4f",https://doi.org/10.1088/1748-9326/abbb4f,"The Ocean Cleanup, Rotterdam, The Netherlands",The Ocean Cleanup Foundation,276264,https://www.ncei.noaa.gov/access/metadata/landing-page/bin/iso?id=gov.noaa.nodc:276264,12404,-16160333.9680776,4397095.06567902
0276264-0000228,8/5/2015 5:00:00 AM,30.002515,-134.28,Pacific Ocean,,,,,,Ocean water,,0,,Manta net,0.333,,,,,,9.884611,pieces/m3,1-10,High,Egger et al. 2020,"Egger, M., R. Nijhof, L. Quiros, G. Leone, S-J. Royer, A. C. McWhirter, G. A. Kantakov, V. I. Radchenko, E. A. Pakhomov, B. P. V. Hunt, L. Lebreton. 2020. A spatially variable scarcity of floating microplastics in the eastern North Pacific Ocean. Environmental Research Letters 15, 114056. https://doi.org/10.1088/1748-9326/abbb4f",https://doi.org/10.1088/1748-9326/abbb4f,"The Ocean Cleanup, Rotterdam, The Netherlands",The Ocean Cleanup Foundation,276264,https://www.ncei.noaa.gov/access/metadata/landing-page/bin/iso?id=gov.noaa.nodc:276264,12405,-14947981.2237208,3503873.12740097
0276264-0000631,9/16/2015 5:00:00 AM,27.9184,-131.28925,Pacific Ocean,,,,,,Ocean water,,0,,Manta net,0.333,,,,,,1.125328,pieces/m3,1-10,High,Egger et al. 2020,"Egger, M., R. Nijhof, L. Quiros, G. Leone, S-J. Royer, A. C. McWhirter, G. A. Kantakov, V. I. Radchenko, E. A. Pakhomov, B. P. V. Hunt, L. Lebreton. 2020. A spatially variable scarcity of floating microplastics in the eastern North Pacific Ocean. Environmental Research Letters 15, 114056. https://doi.org/10.1088/1748-9326/abbb4f",https://doi.org/10.1088/1748-9326/abbb4f,"The Ocean Cleanup, Rotterdam, The Netherlands",The Ocean Cleanup Foundation,276264,https://www.ncei.noaa.gov/access/metadata/landing-page/bin/iso?id=gov.noaa.nodc:276264,12408,-14615052.4566308,3238689.78638741
0276264-0000524,8/26/2015 5:00:00 AM,27.4173,-145.571,Pacific Ocean,,,,,,Ocean water,,0,,Manta net,0.333,,,,,,4.624389,pieces/m3,1-10,High,Egger et al. 2020,"Egger, M., R. Nijhof, L. Quiros, G. Leone, S-J. Royer, A. C. McWhirter, G. A. Kantakov, V. I. Radchenko, E. A. Pakhomov, B. P. V. Hunt, L. Lebreton. 2020. A spatially variable scarcity of floating microplastics in the eastern North Pacific Ocean. Environmental Research Letters 15, 114056. https://doi.org/10.1088/1748-9326/abbb4f",https://doi.org/10.1088/1748-9326/abbb4f,"The Ocean Cleanup, Rotterdam, The Netherlands",The Ocean Cleanup Foundation,276264,https://www.ncei.noaa.gov/access/metadata/landing-page/bin/iso?id=gov.noaa.nodc:276264,12409,-16204889.5942676,3175705.31141116
0276264-0000426,8/7/2015 5:00:00 AM,36.697833,-145.119667,Pacific Ocean,,,,,,Ocean water,,0,,Manta net,0.333,,,,,,7.903851,pieces/m3,1-10,High,Egger et al. 2020,"Egger, M., R. Nijhof, L. Quiros, G. Leone, S-J. Royer, A. C. McWhirter, G. A. Kantakov, V. I. Radchenko, E. A. Pakhomov, B. P. V. Hunt, L. Lebreton. 2020. A spatially variable scarcity of floating microplastics in the eastern North Pacific Ocean. Environmental Research Letters 15, 114056. https://doi.org/10.1088/1748-9326/abbb4f",https://doi.org/10.1088/1748-9326/abbb4f,"The Ocean Cleanup, Rotterdam, The Netherlands",The Ocean Cleanup Foundation,276264,https://www.ncei.noaa.gov/access/metadata/landing-page/bin/iso?id=gov.noaa.nodc:276264,12411,-16154647.4345294,4397071.87982743
0276264-0000229,8/5/2015 5:00:00 AM,30.002482,-134.2835,Pacific Ocean,,,,,,Ocean water,,0,,Manta net,0.333,,,,,,11.344484,pieces/m3,>=10,Very High,Egger et al. 2020,"Egger, M., R. Nijhof, L. Quiros, G. Leone, S-J. Royer, A. C. McWhirter, G. A. Kantakov, V. I. Radchenko, E. A. Pakhomov, B. P. V. Hunt, L. Lebreton. 2020. A spatially variable scarcity of floating microplastics in the eastern North Pacific Ocean. Environmental Research Letters 15, 114056. https://doi.org/10.1088/1748-9326/abbb4f",https://doi.org/10.1088/1748-9326/abbb4f,"The Ocean Cleanup, Rotterdam, The Netherlands",The Ocean Cleanup Foundation,276264,https://www.ncei.noaa.gov/access/metadata/landing-page/bin/iso?id=gov.noaa.nodc:276264,12412,-14948370.8419386,3503868.88545187
0276264-0000326,8/11/2015 5:00:00 AM,36.51035,-148.4062,Pacific Ocean,,,,,,Ocean water,,0,,Manta net,0.333,,,,,,1.96634,pieces/m3,1-10,High,Egger et al. 2020,"Egger, M., R. Nijhof, L. Quiros, G. Leone, S-J. Royer, A. C. McWhirter, G. A. Kantakov, V. I. Radchenko, E. A. Pakhomov, B. P. V. Hunt, L. Lebreton. 2020. A spatially variable scarcity of floating microplastics in the eastern North Pacific Ocean. Environmental Research Letters 15, 114056. https://doi.org/10.1088/1748-9326/abbb4f",https://doi.org/10.1088/1748-9326/abbb4f,"The Ocean Cleanup, Rotterdam, The Netherlands",The Ocean Cleanup Foundation,276264,https://www.ncei.noaa.gov/access/metadata/landing-page/bin/iso?id=gov.noaa.nodc:276264,12413,-16520502.6145647,4371073.89239027
0276264-0000632,9/17/2015 5:00:00 AM,27.8938,-131.25535,Pacific Ocean,,,,,,Ocean water,,0,,Manta net,0.333,,,,,,1.977825,pieces/m3,1-10,High,Egger et al. 2020,"Egger, M., R. Nijhof, L. Quiros, G. Leone, S-J. Royer, A. C. McWhirter, G. A. Kantakov, V. I. Radchenko, E. A. Pakhomov, B. P. V. Hunt, L. Lebreton. 2020. A spatially variable scarcity of floating microplastics in the eastern North Pacific Ocean. Environmental Research Letters 15, 114056. https://doi.org/10.1088/1748-9326/abbb4f",https://doi.org/10.1088/1748-9326/abbb4f,"The Ocean Cleanup, Rotterdam, The Netherlands",The Ocean Cleanup Foundation,276264,https://www.ncei.noaa.gov/access/metadata/landing-page/bin/iso?id=gov.noaa.nodc:276264,12415,-14611278.7258929,3235590.98529662
0276264-0000525,8/26/2015 5:00:00 AM,28.249665,-148.92908,Pacific Ocean,,,,,,Ocean water,,0,,Manta net,0.333,,,,,,1.558805,pieces/m3,1-10,High,Egger et al. 2020,"Egger, M., R. Nijhof, L. Quiros, G. Leone, S-J. Royer, A. C. McWhirter, G. A. Kantakov, V. I. Radchenko, E. A. Pakhomov, B. P. V. Hunt, L. Lebreton. 2020. A spatially variable scarcity of floating microplastics in the eastern North Pacific Ocean. Environmental Research Letters 15, 114056. https://doi.org/10.1088/1748-9326/abbb4f",https://doi.org/10.1088/1748-9326/abbb4f,"The Ocean Cleanup, Rotterdam, The Netherlands",The Ocean Cleanup Foundation,276264,https://www.ncei.noaa.gov/access/metadata/landing-page/bin/iso?id=gov.noaa.nodc:276264,12416,-16578709.3499107,3280487.45523071
0276264-0000427,8/7/2015 5:00:00 AM,36.697583,-145.066667,Pacific Ocean,,,,,,Ocean water,,0,,Manta net,0.333,,,,,,9.861525,pieces/m3,1-10,High,Egger et al. 2020,"Egger, M., R. Nijhof, L. Quiros, G. Leone, S-J. Royer, A. C. McWhirter, G. A. Kantakov, V. I. Radchenko, E. A. Pakhomov, B. P. V. Hunt, L. Lebreton. 2020. A spatially variable scarcity of floating microplastics in the eastern North Pacific Ocean. Environmental Research Letters 15, 114056. https://doi.org/10.1088/1748-9326/abbb4f",https://doi.org/10.1088/1748-9326/abbb4f,"The Ocean Cleanup, Rotterdam, The Netherlands",The Ocean Cleanup Foundation,276264,https://www.ncei.noaa.gov/access/metadata/landing-page/bin/iso?id=gov.noaa.nodc:276264,12417,-16148747.5015174,4397037.17056289
0276264-0000327,8/11/2015 5:00:00 AM,36.56795,-148.4156,Pacific Ocean,,,,,,Ocean water,,0,,Manta net,0.333,,,,,,1.597692,pieces/m3,1-10,High,Egger et al. 2020,"Egger, M., R. Nijhof, L. Quiros, G. Leone, S-J. Royer, A. C. McWhirter, G. A. Kantakov, V. I. Radchenko, E. A. Pakhomov, B. P. V. Hunt, L. Lebreton. 2020. A spatially variable scarcity of floating microplastics in the eastern North Pacific Ocean. Environmental Research Letters 15, 114056. https://doi.org/10.1088/1748-9326/abbb4f",https://doi.org/10.1088/1748-9326/abbb4f,"The Ocean Cleanup, Rotterdam, The Netherlands",The Ocean Cleanup Foundation,276264,https://www.ncei.noaa.gov/access/metadata/landing-page/bin/iso?id=gov.noaa.nodc:276264,12418,-16521549.0177782,4379054.47783925
0276264-0000230,8/6/2015 5:00:00 AM,30.999985,-134.25,Pacific Ocean,,,,,,Ocean water,,0,,Manta net,0.333,,,,,,21.222074,pieces/m3,>=10,Very High,Egger et al. 2020,"Egger, M., R. Nijhof, L. Quiros, G. Leone, S-J. Royer, A. C. McWhirter, G. A. Kantakov, V. I. Radchenko, E. A. Pakhomov, B. P. V. Hunt, L. Lebreton. 2020. A spatially variable scarcity of floating microplastics in the eastern North Pacific Ocean. Environmental Research Letters 15, 114056. https://doi.org/10.1088/1748-9326/abbb4f",https://doi.org/10.1088/1748-9326/abbb4f,"The Ocean Cleanup, Rotterdam, The Netherlands",The Ocean Cleanup Foundation,276264,https://www.ncei.noaa.gov/access/metadata/landing-page/bin/iso?id=gov.noaa.nodc:276264,12419,-14944641.638997,3632747.19534904
0276264-0000633,9/17/2015 5:00:00 AM,27.8666,-131.2242,Pacific Ocean,,,,,,Ocean water,,0,,Manta net,0.333,,,,,,3.481081,pieces/m3,1-10,High,Egger et al. 2020,"Egger, M., R. Nijhof, L. Quiros, G. Leone, S-J. Royer, A. C. McWhirter, G. A. Kantakov, V. I. Radchenko, E. A. Pakhomov, B. P. V. Hunt, L. Lebreton. 2020. A spatially variable scarcity of floating microplastics in the eastern North Pacific Ocean. Environmental Research Letters 15, 114056. https://doi.org/10.1088/1748-9326/abbb4f",https://doi.org/10.1088/1748-9326/abbb4f,"The Ocean Cleanup, Rotterdam, The Netherlands",The Ocean Cleanup Foundation,276264,https://www.ncei.noaa.gov/access/metadata/landing-page/bin/iso?id=gov.noaa.nodc:276264,12421,-14607811.1237547,3232165.4883641
0276264-0000526,9/4/2015 5:00:00 AM,40.30275,-130.0122,Pacific Ocean,,,,,,Ocean water,,0,,Manta net,0.333,,,,,,0.239722,pieces/m3,0.005-1,Medium,Egger et al. 2020,"Egger, M., R. Nijhof, L. Quiros, G. Leone, S-J. Royer, A. C. McWhirter, G. A. Kantakov, V. I. Radchenko, E. A. Pakhomov, B. P. V. Hunt, L. Lebreton. 2020. A spatially variable scarcity of floating microplastics in the eastern North Pacific Ocean. Environmental Research Letters 15, 114056. https://doi.org/10.1088/1748-9326/abbb4f",https://doi.org/10.1088/1748-9326/abbb4f,"The Ocean Cleanup, Rotterdam, The Netherlands",The Ocean Cleanup Foundation,276264,https://www.ncei.noaa.gov/access/metadata/landing-page/bin/iso?id=gov.noaa.nodc:276264,12422,-14472891.9009132,4910035.11139426
0276264-0000428,8/8/2015 5:00:00 AM,36.630917,-144.388917,Pacific Ocean,,,,,,Ocean water,,0,,Manta net,0.333,,,,,,5.533933,pieces/m3,1-10,High,Egger et al. 2020,"Egger, M., R. Nijhof, L. Quiros, G. Leone, S-J. Royer, A. C. McWhirter, G. A. Kantakov, V. I. Radchenko, E. A. Pakhomov, B. P. V. Hunt, L. Lebreton. 2020. A spatially variable scarcity of floating microplastics in the eastern North Pacific Ocean. Environmental Research Letters 15, 114056. https://doi.org/10.1088/1748-9326/abbb4f",https://doi.org/10.1088/1748-9326/abbb4f,"The Ocean Cleanup, Rotterdam, The Netherlands",The Ocean Cleanup Foundation,276264,https://www.ncei.noaa.gov/access/metadata/landing-page/bin/iso?id=gov.noaa.nodc:276264,12424,-16073300.7166322,4387785.4831622
0276264-0000328,8/11/2015 5:00:00 AM,37.62775,-147.2708,Pacific Ocean,,,,,,Ocean water,,0,,Manta net,0.333,,,,,,1.996085,pieces/m3,1-10,High,Egger et al. 2020,"Egger, M., R. Nijhof, L. Quiros, G. Leone, S-J. Royer, A. C. McWhirter, G. A. Kantakov, V. I. Radchenko, E. A. Pakhomov, B. P. V. Hunt, L. Lebreton. 2020. A spatially variable scarcity of floating microplastics in the eastern North Pacific Ocean. Environmental Research Letters 15, 114056. https://doi.org/10.1088/1748-9326/abbb4f",https://doi.org/10.1088/1748-9326/abbb4f,"The Ocean Cleanup, Rotterdam, The Netherlands",The Ocean Cleanup Foundation,276264,https://www.ncei.noaa.gov/access/metadata/landing-page/bin/iso?id=gov.noaa.nodc:276264,12425,-16394110.464718,4526972.01949493
0276264-0000634,9/17/2015 5:00:00 AM,27.57085,-130.8578,Pacific Ocean,,,,,,Ocean water,,0,,Manta net,0.333,,,,,,1.316889,pieces/m3,1-10,High,Egger et al. 2020,"Egger, M., R. Nijhof, L. Quiros, G. Leone, S-J. Royer, A. C. McWhirter, G. A. Kantakov, V. I. Radchenko, E. A. Pakhomov, B. P. V. Hunt, L. Lebreton. 2020. A spatially variable scarcity of floating microplastics in the eastern North Pacific Ocean. Environmental Research Letters 15, 114056. https://doi.org/10.1088/1748-9326/abbb4f",https://doi.org/10.1088/1748-9326/abbb4f,"The Ocean Cleanup, Rotterdam, The Netherlands",The Ocean Cleanup Foundation,276264,https://www.ncei.noaa.gov/access/metadata/landing-page/bin/iso?id=gov.noaa.nodc:276264,12428,-14567023.662328,3194974.74425062
0276264-0000527,9/4/2015 5:00:00 AM,40.2589,-130.0129,Pacific Ocean,,,,,,Ocean water,,0,,Manta net,0.333,,,,,,0.271092,pieces/m3,0.005-1,Medium,Egger et al. 2020,"Egger, M., R. Nijhof, L. Quiros, G. Leone, S-J. Royer, A. C. McWhirter, G. A. Kantakov, V. I. Radchenko, E. A. Pakhomov, B. P. V. Hunt, L. Lebreton. 2020. A spatially variable scarcity of floating microplastics in the eastern North Pacific Ocean. Environmental Research Letters 15, 114056. https://doi.org/10.1088/1748-9326/abbb4f",https://doi.org/10.1088/1748-9326/abbb4f,"The Ocean Cleanup, Rotterdam, The Netherlands",The Ocean Cleanup Foundation,276264,https://www.ncei.noaa.gov/access/metadata/landing-page/bin/iso?id=gov.noaa.nodc:276264,12429,-14472969.8245568,4903636.55645331
0276264-0000429,8/8/2015 5:00:00 AM,36.626667,-144.324167,Pacific Ocean,,,,,,Ocean water,,0,,Manta net,0.333,,,,,,9.419626,pieces/m3,1-10,High,Egger et al. 2020,"Egger, M., R. Nijhof, L. Quiros, G. Leone, S-J. Royer, A. C. McWhirter, G. A. Kantakov, V. I. Radchenko, E. A. Pakhomov, B. P. V. Hunt, L. Lebreton. 2020. A spatially variable scarcity of floating microplastics in the eastern North Pacific Ocean. Environmental Research Letters 15, 114056. https://doi.org/10.1088/1748-9326/abbb4f",https://doi.org/10.1088/1748-9326/abbb4f,"The Ocean Cleanup, Rotterdam, The Netherlands",The Ocean Cleanup Foundation,276264,https://www.ncei.noaa.gov/access/metadata/landing-page/bin/iso?id=gov.noaa.nodc:276264,12430,-16066092.7796034,4387195.9537354
0276264-0000329,8/11/2015 5:00:00 AM,37.6258,-147.19425,Pacific Ocean,,,,,,Ocean water,,0,,Manta net,0.333,,,,,,1.18797,pieces/m3,1-10,High,Egger et al. 2020,"Egger, M., R. Nijhof, L. Quiros, G. Leone, S-J. Royer, A. C. McWhirter, G. A. Kantakov, V. I. Radchenko, E. A. Pakhomov, B. P. V. Hunt, L. Lebreton. 2020. A spatially variable scarcity of floating microplastics in the eastern North Pacific Ocean. Environmental Research Letters 15, 114056. https://doi.org/10.1088/1748-9326/abbb4f",https://doi.org/10.1088/1748-9326/abbb4f,"The Ocean Cleanup, Rotterdam, The Netherlands",The Ocean Cleanup Foundation,276264,https://www.ncei.noaa.gov/access/metadata/landing-page/bin/iso?id=gov.noaa.nodc:276264,12431,-16385588.9576978,4526697.93894792
0276264-0000231,8/6/2015 5:00:00 AM,31.000025,-134.25,Pacific Ocean,,,,,,Ocean water,,0,,Manta net,0.333,,,,,,15.248259,pieces/m3,>=10,Very High,Egger et al. 2020,"Egger, M., R. Nijhof, L. Quiros, G. Leone, S-J. Royer, A. C. McWhirter, G. A. Kantakov, V. I. Radchenko, E. A. Pakhomov, B. P. V. Hunt, L. Lebreton. 2020. A spatially variable scarcity of floating microplastics in the eastern North Pacific Ocean. Environmental Research Letters 15, 114056. https://doi.org/10.1088/1748-9326/abbb4f",https://doi.org/10.1088/1748-9326/abbb4f,"The Ocean Cleanup, Rotterdam, The Netherlands",The Ocean Cleanup Foundation,276264,https://www.ncei.noaa.gov/access/metadata/landing-page/bin/iso?id=gov.noaa.nodc:276264,12432,-14944641.638997,3632752.39011074
0276264-0000528,9/4/2015 5:00:00 AM,39.51115,-130.0977,Pacific Ocean,,,,,,Ocean water,,0,,Manta net,0.333,,,,,,0.246531,pieces/m3,0.005-1,Medium,Egger et al. 2020,"Egger, M., R. Nijhof, L. Quiros, G. Leone, S-J. Royer, A. C. McWhirter, G. A. Kantakov, V. I. Radchenko, E. A. Pakhomov, B. P. V. Hunt, L. Lebreton. 2020. A spatially variable scarcity of floating microplastics in the eastern North Pacific Ocean. Environmental Research Letters 15, 114056. https://doi.org/10.1088/1748-9326/abbb4f",https://doi.org/10.1088/1748-9326/abbb4f,"The Ocean Cleanup, Rotterdam, The Netherlands",The Ocean Cleanup Foundation,276264,https://www.ncei.noaa.gov/access/metadata/landing-page/bin/iso?id=gov.noaa.nodc:276264,12433,-14482409.7173761,4795156.15836709
0276264-0000635,9/17/2015 5:00:00 AM,27.54155,-130.8354,Pacific Ocean,,,,,,Ocean water,,0,,Manta net,0.333,,,,,,0.788529,pieces/m3,0.005-1,Medium,Egger et al. 2020,"Egger, M., R. Nijhof, L. Quiros, G. Leone, S-J. Royer, A. C. McWhirter, G. A. Kantakov, V. I. Radchenko, E. A. Pakhomov, B. P. V. Hunt, L. Lebreton. 2020. A spatially variable scarcity of floating microplastics in the eastern North Pacific Ocean. Environmental Research Letters 15, 114056. https://doi.org/10.1088/1748-9326/abbb4f",https://doi.org/10.1088/1748-9326/abbb4f,"The Ocean Cleanup, Rotterdam, The Netherlands",The Ocean Cleanup Foundation,276264,https://www.ncei.noaa.gov/access/metadata/landing-page/bin/iso?id=gov.noaa.nodc:276264,12436,-14564530.1057343,3191295.72605256
0276264-0000430,8/7/2015 5:00:00 AM,36.361258,-153.74045,Pacific Ocean,,,,,,Ocean water,,0,,Manta net,0.333,,,,,,9.583724,pieces/m3,1-10,High,Egger et al. 2020,"Egger, M., R. Nijhof, L. Quiros, G. Leone, S-J. Royer, A. C. McWhirter, G. A. Kantakov, V. I. Radchenko, E. A. Pakhomov, B. P. V. Hunt, L. Lebreton. 2020. A spatially variable scarcity of floating microplastics in the eastern North Pacific Ocean. Environmental Research Letters 15, 114056. https://doi.org/10.1088/1748-9326/abbb4f",https://doi.org/10.1088/1748-9326/abbb4f,"The Ocean Cleanup, Rotterdam, The Netherlands",The Ocean Cleanup Foundation,276264,https://www.ncei.noaa.gov/access/metadata/landing-page/bin/iso?id=gov.noaa.nodc:276264,12438,-17114308.6083287,4350444.45216064
0276264-0000232,8/6/2015 5:00:00 AM,30.99691,-134.8375,Pacific Ocean,,,,,,Ocean water,,0,,Manta net,0.333,,,,,,6.491765,pieces/m3,1-10,High,Egger et al. 2020,"Egger, M., R. Nijhof, L. Quiros, G. Leone, S-J. Royer, A. C. McWhirter, G. A. Kantakov, V. I. Radchenko, E. A. Pakhomov, B. P. V. Hunt, L. Lebreton. 2020. A spatially variable scarcity of floating microplastics in the eastern North Pacific Ocean. Environmental Research Letters 15, 114056. https://doi.org/10.1088/1748-9326/abbb4f",https://doi.org/10.1088/1748-9326/abbb4f,"The Ocean Cleanup, Rotterdam, The Netherlands",The Ocean Cleanup Foundation,276264,https://www.ncei.noaa.gov/access/metadata/landing-page/bin/iso?id=gov.noaa.nodc:276264,12439,-15010041.839838,3632347.85456567
0276264-0000330,8/12/2015 5:00:00 AM,37.6226,-147.114,Pacific Ocean,,,,,,Ocean water,,0,,Manta net,0.333,,,,,,1.00869,pieces/m3,1-10,High,Egger et al. 2020,"Egger, M., R. Nijhof, L. Quiros, G. Leone, S-J. Royer, A. C. McWhirter, G. A. Kantakov, V. I. Radchenko, E. A. Pakhomov, B. P. V. Hunt, L. Lebreton. 2020. A spatially variable scarcity of floating microplastics in the eastern North Pacific Ocean. Environmental Research Letters 15, 114056. https://doi.org/10.1088/1748-9326/abbb4f",https://doi.org/10.1088/1748-9326/abbb4f,"The Ocean Cleanup, Rotterdam, The Netherlands",The Ocean Cleanup Foundation,276264,https://www.ncei.noaa.gov/access/metadata/landing-page/bin/iso?id=gov.noaa.nodc:276264,12440,-16376655.5685616,4526248.18132327
0276264-0000529,9/4/2015 5:00:00 AM,39.17995,-130.09495,Pacific Ocean,,,,,,Ocean water,,0,,Manta net,0.333,,,,,,0.160215,pieces/m3,0.005-1,Medium,Egger et al. 2020,"Egger, M., R. Nijhof, L. Quiros, G. Leone, S-J. Royer, A. C. McWhirter, G. A. Kantakov, V. I. Radchenko, E. A. Pakhomov, B. P. V. Hunt, L. Lebreton. 2020. A spatially variable scarcity of floating microplastics in the eastern North Pacific Ocean. Environmental Research Letters 15, 114056. https://doi.org/10.1088/1748-9326/abbb4f",https://doi.org/10.1088/1748-9326/abbb4f,"The Ocean Cleanup, Rotterdam, The Netherlands",The Ocean Cleanup Foundation,276264,https://www.ncei.noaa.gov/access/metadata/landing-page/bin/iso?id=gov.noaa.nodc:276264,12441,-14482103.5887764,4747480.74272792
0276264-0000636,9/17/2015 5:00:00 AM,27.5019,-130.80875,Pacific Ocean,,,,,,Ocean water,,0,,Manta net,0.333,,,,,,0.718984,pieces/m3,0.005-1,Medium,Egger et al. 2020,"Egger, M., R. Nijhof, L. Quiros, G. Leone, S-J. Royer, A. C. McWhirter, G. A. Kantakov, V. I. Radchenko, E. A. Pakhomov, B. P. V. Hunt, L. Lebreton. 2020. A spatially variable scarcity of floating microplastics in the eastern North Pacific Ocean. Environmental Research Letters 15, 114056. https://doi.org/10.1088/1748-9326/abbb4f",https://doi.org/10.1088/1748-9326/abbb4f,"The Ocean Cleanup, Rotterdam, The Netherlands",The Ocean Cleanup Foundation,276264,https://www.ncei.noaa.gov/access/metadata/landing-page/bin/iso?id=gov.noaa.nodc:276264,12444,-14561563.4413046,3186318.6846333
0276264-0000431,8/7/2015 5:00:00 AM,36.387908,-153.6577,Pacific Ocean,,,,,,Ocean water,,0,,Manta net,0.333,,,,,,5.317466,pieces/m3,1-10,High,Egger et al. 2020,"Egger, M., R. Nijhof, L. Quiros, G. Leone, S-J. Royer, A. C. McWhirter, G. A. Kantakov, V. I. Radchenko, E. A. Pakhomov, B. P. V. Hunt, L. Lebreton. 2020. A spatially variable scarcity of floating microplastics in the eastern North Pacific Ocean. Environmental Research Letters 15, 114056. https://doi.org/10.1088/1748-9326/abbb4f",https://doi.org/10.1088/1748-9326/abbb4f,"The Ocean Cleanup, Rotterdam, The Netherlands",The Ocean Cleanup Foundation,276264,https://www.ncei.noaa.gov/access/metadata/landing-page/bin/iso?id=gov.noaa.nodc:276264,12447,-17105096.9204656,4354129.03121134
0276264-0000331,8/13/2015 5:00:00 AM,37.493,-143.5639,Pacific Ocean,,,,,,Ocean water,,0,,Manta net,0.333,,,,,,2.952631,pieces/m3,1-10,High,Egger et al. 2020,"Egger, M., R. Nijhof, L. Quiros, G. Leone, S-J. Royer, A. C. McWhirter, G. A. Kantakov, V. I. Radchenko, E. A. Pakhomov, B. P. V. Hunt, L. Lebreton. 2020. A spatially variable scarcity of floating microplastics in the eastern North Pacific Ocean. Environmental Research Letters 15, 114056. https://doi.org/10.1088/1748-9326/abbb4f",https://doi.org/10.1088/1748-9326/abbb4f,"The Ocean Cleanup, Rotterdam, The Netherlands",The Ocean Cleanup Foundation,276264,https://www.ncei.noaa.gov/access/metadata/landing-page/bin/iso?id=gov.noaa.nodc:276264,12449,-15981460.2442964,4508049.2330796
0276264-0000233,8/6/2015 5:00:00 AM,30.996977,-134.835,Pacific Ocean,,,,,,Ocean water,,0,,Manta net,0.333,,,,,,2.78158,pieces/m3,1-10,High,Egger et al. 2020,"Egger, M., R. Nijhof, L. Quiros, G. Leone, S-J. Royer, A. C. McWhirter, G. A. Kantakov, V. I. Radchenko, E. A. Pakhomov, B. P. V. Hunt, L. Lebreton. 2020. A spatially variable scarcity of floating microplastics in the eastern North Pacific Ocean. Environmental Research Letters 15, 114056. https://doi.org/10.1088/1748-9326/abbb4f",https://doi.org/10.1088/1748-9326/abbb4f,"The Ocean Cleanup, Rotterdam, The Netherlands",The Ocean Cleanup Foundation,276264,https://www.ncei.noaa.gov/access/metadata/landing-page/bin/iso?id=gov.noaa.nodc:276264,12450,-15009763.541111,3632356.55551218
0276264-0000530,9/4/2015 5:00:00 AM,39.14325,-130.1035,Pacific Ocean,,,,,,Ocean water,,0,,Manta net,0.333,,,,,,0.218331,pieces/m3,0.005-1,Medium,Egger et al. 2020,"Egger, M., R. Nijhof, L. Quiros, G. Leone, S-J. Royer, A. C. McWhirter, G. A. Kantakov, V. I. Radchenko, E. A. Pakhomov, B. P. V. Hunt, L. Lebreton. 2020. A spatially variable scarcity of floating microplastics in the eastern North Pacific Ocean. Environmental Research Letters 15, 114056. https://doi.org/10.1088/1748-9326/abbb4f",https://doi.org/10.1088/1748-9326/abbb4f,"The Ocean Cleanup, Rotterdam, The Netherlands",The Ocean Cleanup Foundation,276264,https://www.ncei.noaa.gov/access/metadata/landing-page/bin/iso?id=gov.noaa.nodc:276264,12451,-14483055.3704227,4742211.7272713
0276264-0000637,9/17/2015 5:00:00 AM,27.46875,-130.78575,Pacific Ocean,,,,,,Ocean water,,0,,Manta net,0.333,,,,,,1.434491,pieces/m3,1-10,High,Egger et al. 2020,"Egger, M., R. Nijhof, L. Quiros, G. Leone, S-J. Royer, A. C. McWhirter, G. A. Kantakov, V. I. Radchenko, E. A. Pakhomov, B. P. V. Hunt, L. Lebreton. 2020. A spatially variable scarcity of floating microplastics in the eastern North Pacific Ocean. Environmental Research Letters 15, 114056. https://doi.org/10.1088/1748-9326/abbb4f",https://doi.org/10.1088/1748-9326/abbb4f,"The Ocean Cleanup, Rotterdam, The Netherlands",The Ocean Cleanup Foundation,276264,https://www.ncei.noaa.gov/access/metadata/landing-page/bin/iso?id=gov.noaa.nodc:276264,12452,-14559003.0930164,3182158.9278152
0276264-0000432,8/7/2015 5:00:00 AM,36.413033,-153.550317,Pacific Ocean,,,,,,Ocean water,,0,,Manta net,0.333,,,,,,6.160555,pieces/m3,1-10,High,Egger et al. 2020,"Egger, M., R. Nijhof, L. Quiros, G. Leone, S-J. Royer, A. C. McWhirter, G. A. Kantakov, V. I. Radchenko, E. A. Pakhomov, B. P. V. Hunt, L. Lebreton. 2020. A spatially variable scarcity of floating microplastics in the eastern North Pacific Ocean. Environmental Research Letters 15, 114056. https://doi.org/10.1088/1748-9326/abbb4f",https://doi.org/10.1088/1748-9326/abbb4f,"The Ocean Cleanup, Rotterdam, The Netherlands",The Ocean Cleanup Foundation,276264,https://www.ncei.noaa.gov/access/metadata/landing-page/bin/iso?id=gov.noaa.nodc:276264,12453,-17093143.0995857,4357603.92342129
0276264-0000234,8/6/2015 5:00:00 AM,30.999668,-135.406,Pacific Ocean,,,,,,Ocean water,,0,,Manta net,0.333,,,,,,2.23836,pieces/m3,1-10,High,Egger et al. 2020,"Egger, M., R. Nijhof, L. Quiros, G. Leone, S-J. Royer, A. C. McWhirter, G. A. Kantakov, V. I. Radchenko, E. A. Pakhomov, B. P. V. Hunt, L. Lebreton. 2020. A spatially variable scarcity of floating microplastics in the eastern North Pacific Ocean. Environmental Research Letters 15, 114056. https://doi.org/10.1088/1748-9326/abbb4f",https://doi.org/10.1088/1748-9326/abbb4f,"The Ocean Cleanup, Rotterdam, The Netherlands",The Ocean Cleanup Foundation,276264,https://www.ncei.noaa.gov/access/metadata/landing-page/bin/iso?id=gov.noaa.nodc:276264,12455,-15073326.970354,3632706.02693963
0276264-0000531,9/5/2015 5:00:00 AM,39.1098,-130.1168,Pacific Ocean,,,,,,Ocean water,,0,,Manta net,0.333,,,,,,0.340995,pieces/m3,0.005-1,Medium,Egger et al. 2020,"Egger, M., R. Nijhof, L. Quiros, G. Leone, S-J. Royer, A. C. McWhirter, G. A. Kantakov, V. I. Radchenko, E. A. Pakhomov, B. P. V. Hunt, L. Lebreton. 2020. A spatially variable scarcity of floating microplastics in the eastern North Pacific Ocean. Environmental Research Letters 15, 114056. https://doi.org/10.1088/1748-9326/abbb4f",https://doi.org/10.1088/1748-9326/abbb4f,"The Ocean Cleanup, Rotterdam, The Netherlands",The Ocean Cleanup Foundation,276264,https://www.ncei.noaa.gov/access/metadata/landing-page/bin/iso?id=gov.noaa.nodc:276264,12456,-14484535.9196502,4737411.70639694
0276264-0000332,8/13/2015 5:00:00 AM,37.49145,-143.47605,Pacific Ocean,,,,,,Ocean water,,0,,Manta net,0.333,,,,,,2.363342,pieces/m3,1-10,High,Egger et al. 2020,"Egger, M., R. Nijhof, L. Quiros, G. Leone, S-J. Royer, A. C. McWhirter, G. A. Kantakov, V. I. Radchenko, E. A. Pakhomov, B. P. V. Hunt, L. Lebreton. 2020. A spatially variable scarcity of floating microplastics in the eastern North Pacific Ocean. Environmental Research Letters 15, 114056. https://doi.org/10.1088/1748-9326/abbb4f",https://doi.org/10.1088/1748-9326/abbb4f,"The Ocean Cleanup, Rotterdam, The Netherlands",The Ocean Cleanup Foundation,276264,https://www.ncei.noaa.gov/access/metadata/landing-page/bin/iso?id=gov.noaa.nodc:276264,12457,-15971680.8270303,4507831.76724309
0276264-0000638,9/17/2015 5:00:00 AM,27.44255,-130.7715,Pacific Ocean,,,,,,Ocean water,,0,,Manta net,0.333,,,,,,2.168122,pieces/m3,1-10,High,Egger et al. 2020,"Egger, M., R. Nijhof, L. Quiros, G. Leone, S-J. Royer, A. C. McWhirter, G. A. Kantakov, V. I. Radchenko, E. A. Pakhomov, B. P. V. Hunt, L. Lebreton. 2020. A spatially variable scarcity of floating microplastics in the eastern North Pacific Ocean. Environmental Research Letters 15, 114056. https://doi.org/10.1088/1748-9326/abbb4f",https://doi.org/10.1088/1748-9326/abbb4f,"The Ocean Cleanup, Rotterdam, The Netherlands",The Ocean Cleanup Foundation,276264,https://www.ncei.noaa.gov/access/metadata/landing-page/bin/iso?id=gov.noaa.nodc:276264,12459,-14557416.7902726,3178872.16207044
0276264-0000433,8/7/2015 5:00:00 AM,36.430392,-153.4763,Pacific Ocean,,,,,,Ocean water,,0,,Manta net,0.333,,,,,,4.196483,pieces/m3,1-10,High,Egger et al. 2020,"Egger, M., R. Nijhof, L. Quiros, G. Leone, S-J. Royer, A. C. McWhirter, G. A. Kantakov, V. I. Radchenko, E. A. Pakhomov, B. P. V. Hunt, L. Lebreton. 2020. A spatially variable scarcity of floating microplastics in the eastern North Pacific Ocean. Environmental Research Letters 15, 114056. https://doi.org/10.1088/1748-9326/abbb4f",https://doi.org/10.1088/1748-9326/abbb4f,"The Ocean Cleanup, Rotterdam, The Netherlands",The Ocean Cleanup Foundation,276264,https://www.ncei.noaa.gov/access/metadata/landing-page/bin/iso?id=gov.noaa.nodc:276264,12462,-17084903.5648357,4360005.40202994
0276264-0000333,8/13/2015 5:00:00 AM,37.4848,-143.3958,Pacific Ocean,,,,,,Ocean water,,0,,Manta net,0.333,,,,,,2.280913,pieces/m3,1-10,High,Egger et al. 2020,"Egger, M., R. Nijhof, L. Quiros, G. Leone, S-J. Royer, A. C. McWhirter, G. A. Kantakov, V. I. Radchenko, E. A. Pakhomov, B. P. V. Hunt, L. Lebreton. 2020. A spatially variable scarcity of floating microplastics in the eastern North Pacific Ocean. Environmental Research Letters 15, 114056. https://doi.org/10.1088/1748-9326/abbb4f",https://doi.org/10.1088/1748-9326/abbb4f,"The Ocean Cleanup, Rotterdam, The Netherlands",The Ocean Cleanup Foundation,276264,https://www.ncei.noaa.gov/access/metadata/landing-page/bin/iso?id=gov.noaa.nodc:276264,12463,-15962747.4378941,4506898.81986331
0276264-0000235,8/6/2015 5:00:00 AM,30.9999,-135.403,Pacific Ocean,,,,,,Ocean water,,0,,Manta net,0.333,,,,,,1.571052,pieces/m3,1-10,High,Egger et al. 2020,"Egger, M., R. Nijhof, L. Quiros, G. Leone, S-J. Royer, A. C. McWhirter, G. A. Kantakov, V. I. Radchenko, E. A. Pakhomov, B. P. V. Hunt, L. Lebreton. 2020. A spatially variable scarcity of floating microplastics in the eastern North Pacific Ocean. Environmental Research Letters 15, 114056. https://doi.org/10.1088/1748-9326/abbb4f",https://doi.org/10.1088/1748-9326/abbb4f,"The Ocean Cleanup, Rotterdam, The Netherlands",The Ocean Cleanup Foundation,276264,https://www.ncei.noaa.gov/access/metadata/landing-page/bin/iso?id=gov.noaa.nodc:276264,12464,-15072993.0118816,3632736.15648766
0276264-0000639,9/17/2015 5:00:00 AM,27.41565,-130.7418,Pacific Ocean,,,,,,Ocean water,,0,,Manta net,0.333,,,,,,2.183253,pieces/m3,1-10,High,Egger et al. 2020,"Egger, M., R. Nijhof, L. Quiros, G. Leone, S-J. Royer, A. C. McWhirter, G. A. Kantakov, V. I. Radchenko, E. A. Pakhomov, B. P. V. Hunt, L. Lebreton. 2020. A spatially variable scarcity of floating microplastics in the eastern North Pacific Ocean. Environmental Research Letters 15, 114056. https://doi.org/10.1088/1748-9326/abbb4f",https://doi.org/10.1088/1748-9326/abbb4f,"The Ocean Cleanup, Rotterdam, The Netherlands",The Ocean Cleanup Foundation,276264,https://www.ncei.noaa.gov/access/metadata/landing-page/bin/iso?id=gov.noaa.nodc:276264,12466,-14554110.601396,3175498.39390183
0276264-0000236,8/6/2015 5:00:00 AM,30.999907,-135.9415,Pacific Ocean,,,,,,Ocean water,,0,,Manta net,0.333,,,,,,1.964699,pieces/m3,1-10,High,Egger et al. 2020,"Egger, M., R. Nijhof, L. Quiros, G. Leone, S-J. Royer, A. C. McWhirter, G. A. Kantakov, V. I. Radchenko, E. A. Pakhomov, B. P. V. Hunt, L. Lebreton. 2020. A spatially variable scarcity of floating microplastics in the eastern North Pacific Ocean. Environmental Research Letters 15, 114056. https://doi.org/10.1088/1748-9326/abbb4f",https://doi.org/10.1088/1748-9326/abbb4f,"The Ocean Cleanup, Rotterdam, The Netherlands",The Ocean Cleanup Foundation,276264,https://www.ncei.noaa.gov/access/metadata/landing-page/bin/iso?id=gov.noaa.nodc:276264,12468,-15132938.5576738,3632737.06556999
0276264-0000532,9/5/2015 5:00:00 AM,38.52335,-130.46275,Pacific Ocean,,,,,,Ocean water,,0,,Manta net,0.333,,,,,,0.179689,pieces/m3,0.005-1,Medium,Egger et al. 2020,"Egger, M., R. Nijhof, L. Quiros, G. Leone, S-J. Royer, A. C. McWhirter, G. A. Kantakov, V. I. Radchenko, E. A. Pakhomov, B. P. V. Hunt, L. Lebreton. 2020. A spatially variable scarcity of floating microplastics in the eastern North Pacific Ocean. Environmental Research Letters 15, 114056. https://doi.org/10.1088/1748-9326/abbb4f",https://doi.org/10.1088/1748-9326/abbb4f,"The Ocean Cleanup, Rotterdam, The Netherlands",The Ocean Cleanup Foundation,276264,https://www.ncei.noaa.gov/access/metadata/landing-page/bin/iso?id=gov.noaa.nodc:276264,12469,-14523046.8974902,4653623.71826577
0276264-0000434,8/8/2015 5:00:00 AM,36.956525,-150.65005,Pacific Ocean,,,,,,Ocean water,,0,,Manta net,0.333,,,,,,2.220469,pieces/m3,1-10,High,Egger et al. 2020,"Egger, M., R. Nijhof, L. Quiros, G. Leone, S-J. Royer, A. C. McWhirter, G. A. Kantakov, V. I. Radchenko, E. A. Pakhomov, B. P. V. Hunt, L. Lebreton. 2020. A spatially variable scarcity of floating microplastics in the eastern North Pacific Ocean. Environmental Research Letters 15, 114056. https://doi.org/10.1088/1748-9326/abbb4f",https://doi.org/10.1088/1748-9326/abbb4f,"The Ocean Cleanup, Rotterdam, The Netherlands",The Ocean Cleanup Foundation,276264,https://www.ncei.noaa.gov/access/metadata/landing-page/bin/iso?id=gov.noaa.nodc:276264,12472,-16770286.8539812,4433048.66413
0276264-0000237,8/6/2015 5:00:00 AM,31.001183,-135.9385,Pacific Ocean,,,,,,Ocean water,,0,,Manta net,0.333,,,,,,1.386953,pieces/m3,1-10,High,Egger et al. 2020,"Egger, M., R. Nijhof, L. Quiros, G. Leone, S-J. Royer, A. C. McWhirter, G. A. Kantakov, V. I. Radchenko, E. A. Pakhomov, B. P. V. Hunt, L. Lebreton. 2020. A spatially variable scarcity of floating microplastics in the eastern North Pacific Ocean. Environmental Research Letters 15, 114056. https://doi.org/10.1088/1748-9326/abbb4f",https://doi.org/10.1088/1748-9326/abbb4f,"The Ocean Cleanup, Rotterdam, The Netherlands",The Ocean Cleanup Foundation,276264,https://www.ncei.noaa.gov/access/metadata/landing-page/bin/iso?id=gov.noaa.nodc:276264,12473,-15132604.5992014,3632902.77940671
0276264-0000435,8/8/2015 5:00:00 AM,36.975692,-150.573367,Pacific Ocean,,,,,,Ocean water,,0,,Manta net,0.333,,,,,,2.466297,pieces/m3,1-10,High,Egger et al. 2020,"Egger, M., R. Nijhof, L. Quiros, G. Leone, S-J. Royer, A. C. McWhirter, G. A. Kantakov, V. I. Radchenko, E. A. Pakhomov, B. P. V. Hunt, L. Lebreton. 2020. A spatially variable scarcity of floating microplastics in the eastern North Pacific Ocean. Environmental Research Letters 15, 114056. https://doi.org/10.1088/1748-9326/abbb4f",https://doi.org/10.1088/1748-9326/abbb4f,"The Ocean Cleanup, Rotterdam, The Netherlands",The Ocean Cleanup Foundation,276264,https://www.ncei.noaa.gov/access/metadata/landing-page/bin/iso?id=gov.noaa.nodc:276264,12474,-16761750.5414687,4435719.10691791
0276264-0000640,9/17/2015 5:00:00 AM,27.3857,-130.72035,Pacific Ocean,,,,,,Ocean water,,0,,Manta net,0.333,,,,,,2.893381,pieces/m3,1-10,High,Egger et al. 2020,"Egger, M., R. Nijhof, L. Quiros, G. Leone, S-J. Royer, A. C. McWhirter, G. A. Kantakov, V. I. Radchenko, E. A. Pakhomov, B. P. V. Hunt, L. Lebreton. 2020. A spatially variable scarcity of floating microplastics in the eastern North Pacific Ocean. Environmental Research Letters 15, 114056. https://doi.org/10.1088/1748-9326/abbb4f",https://doi.org/10.1088/1748-9326/abbb4f,"The Ocean Cleanup, Rotterdam, The Netherlands",The Ocean Cleanup Foundation,276264,https://www.ncei.noaa.gov/access/metadata/landing-page/bin/iso?id=gov.noaa.nodc:276264,12475,-14551722.7983185,3171743.06455796
0276264-0000533,9/5/2015 5:00:00 AM,38.4919,-130.43175,Pacific Ocean,,,,,,Ocean water,,0,,Manta net,0.333,,,,,,0.375259,pieces/m3,0.005-1,Medium,Egger et al. 2020,"Egger, M., R. Nijhof, L. Quiros, G. Leone, S-J. Royer, A. C. McWhirter, G. A. Kantakov, V. I. Radchenko, E. A. Pakhomov, B. P. V. Hunt, L. Lebreton. 2020. A spatially variable scarcity of floating microplastics in the eastern North Pacific Ocean. Environmental Research Letters 15, 114056. https://doi.org/10.1088/1748-9326/abbb4f",https://doi.org/10.1088/1748-9326/abbb4f,"The Ocean Cleanup, Rotterdam, The Netherlands",The Ocean Cleanup Foundation,276264,https://www.ncei.noaa.gov/access/metadata/landing-page/bin/iso?id=gov.noaa.nodc:276264,12476,-14519595.9932756,4649149.7439886
0276264-0000334,8/13/2015 5:00:00 AM,37.5533,-140.9014,Pacific Ocean,,,,,,Ocean water,,0,,Manta net,0.333,,,,,,5.809413,pieces/m3,1-10,High,Egger et al. 2020,"Egger, M., R. Nijhof, L. Quiros, G. Leone, S-J. Royer, A. C. McWhirter, G. A. Kantakov, V. I. Radchenko, E. A. Pakhomov, B. P. V. Hunt, L. Lebreton. 2020. A spatially variable scarcity of floating microplastics in the eastern North Pacific Ocean. Environmental Research Letters 15, 114056. https://doi.org/10.1088/1748-9326/abbb4f",https://doi.org/10.1088/1748-9326/abbb4f,"The Ocean Cleanup, Rotterdam, The Netherlands",The Ocean Cleanup Foundation,276264,https://www.ncei.noaa.gov/access/metadata/landing-page/bin/iso?id=gov.noaa.nodc:276264,12477,-15685072.1000594,4516512.86201262
0276264-0000238,8/6/2015 5:00:00 AM,30.98824,-136.3195,Pacific Ocean,,,,,,Ocean water,,0,,Manta net,0.333,,,,,,3.19434,pieces/m3,1-10,High,Egger et al. 2020,"Egger, M., R. Nijhof, L. Quiros, G. Leone, S-J. Royer, A. C. McWhirter, G. A. Kantakov, V. I. Radchenko, E. A. Pakhomov, B. P. V. Hunt, L. Lebreton. 2020. A spatially variable scarcity of floating microplastics in the eastern North Pacific Ocean. Environmental Research Letters 15, 114056. https://doi.org/10.1088/1748-9326/abbb4f",https://doi.org/10.1088/1748-9326/abbb4f,"The Ocean Cleanup, Rotterdam, The Netherlands",The Ocean Cleanup Foundation,276264,https://www.ncei.noaa.gov/access/metadata/landing-page/bin/iso?id=gov.noaa.nodc:276264,12481,-15175017.3251937,3631221.97768214
0276264-0000436,8/10/2015 5:00:00 AM,36.82255,-142.139083,Pacific Ocean,,,,,,Ocean water,,0,,Manta net,0.333,,,,,,6.950391,pieces/m3,1-10,High,Egger et al. 2020,"Egger, M., R. Nijhof, L. Quiros, G. Leone, S-J. Royer, A. C. McWhirter, G. A. Kantakov, V. I. Radchenko, E. A. Pakhomov, B. P. V. Hunt, L. Lebreton. 2020. A spatially variable scarcity of floating microplastics in the eastern North Pacific Ocean. Environmental Research Letters 15, 114056. https://doi.org/10.1088/1748-9326/abbb4f",https://doi.org/10.1088/1748-9326/abbb4f,"The Ocean Cleanup, Rotterdam, The Netherlands",The Ocean Cleanup Foundation,276264,https://www.ncei.noaa.gov/access/metadata/landing-page/bin/iso?id=gov.noaa.nodc:276264,12482,-15822850.3413828,4414401.32407571
0276264-0000534,9/5/2015 5:00:00 AM,38.45935,-130.4462,Pacific Ocean,,,,,,Ocean water,,0,,Manta net,0.333,,,,,,0.699219,pieces/m3,0.005-1,Medium,Egger et al. 2020,"Egger, M., R. Nijhof, L. Quiros, G. Leone, S-J. Royer, A. C. McWhirter, G. A. Kantakov, V. I. Radchenko, E. A. Pakhomov, B. P. V. Hunt, L. Lebreton. 2020. A spatially variable scarcity of floating microplastics in the eastern North Pacific Ocean. Environmental Research Letters 15, 114056. https://doi.org/10.1088/1748-9326/abbb4f",https://doi.org/10.1088/1748-9326/abbb4f,"The Ocean Cleanup, Rotterdam, The Netherlands",The Ocean Cleanup Foundation,276264,https://www.ncei.noaa.gov/access/metadata/landing-page/bin/iso?id=gov.noaa.nodc:276264,12483,-14521204.5599175,4644521.34332602
0276264-0000641,9/17/2015 5:00:00 AM,27.36025,-130.705,Pacific Ocean,,,,,,Ocean water,,0,,Manta net,0.333,,,,,,1.37327,pieces/m3,1-10,High,Egger et al. 2020,"Egger, M., R. Nijhof, L. Quiros, G. Leone, S-J. Royer, A. C. McWhirter, G. A. Kantakov, V. I. Radchenko, E. A. Pakhomov, B. P. V. Hunt, L. Lebreton. 2020. A spatially variable scarcity of floating microplastics in the eastern North Pacific Ocean. Environmental Research Letters 15, 114056. https://doi.org/10.1088/1748-9326/abbb4f",https://doi.org/10.1088/1748-9326/abbb4f,"The Ocean Cleanup, Rotterdam, The Netherlands",The Ocean Cleanup Foundation,276264,https://www.ncei.noaa.gov/access/metadata/landing-page/bin/iso?id=gov.noaa.nodc:276264,12484,-14550014.0441348,3168552.77416752
0276264-0000335,8/13/2015 5:00:00 AM,37.6084,-140.82965,Pacific Ocean,,,,,,Ocean water,,0,,Manta net,0.333,,,,,,5.533149,pieces/m3,1-10,High,Egger et al. 2020,"Egger, M., R. Nijhof, L. Quiros, G. Leone, S-J. Royer, A. C. McWhirter, G. A. Kantakov, V. I. Radchenko, E. A. Pakhomov, B. P. V. Hunt, L. Lebreton. 2020. A spatially variable scarcity of floating microplastics in the eastern North Pacific Ocean. Environmental Research Letters 15, 114056. https://doi.org/10.1088/1748-9326/abbb4f",https://doi.org/10.1088/1748-9326/abbb4f,"The Ocean Cleanup, Rotterdam, The Netherlands",The Ocean Cleanup Foundation,276264,https://www.ncei.noaa.gov/access/metadata/landing-page/bin/iso?id=gov.noaa.nodc:276264,12485,-15677084.9265949,4524252.61538645
0276264-0000239,8/6/2015 5:00:00 AM,30.998325,-136.3185,Pacific Ocean,,,,,,Ocean water,,0,,Manta net,0.333,,,,,,1.808096,pieces/m3,1-10,High,Egger et al. 2020,"Egger, M., R. Nijhof, L. Quiros, G. Leone, S-J. Royer, A. C. McWhirter, G. A. Kantakov, V. I. Radchenko, E. A. Pakhomov, B. P. V. Hunt, L. Lebreton. 2020. A spatially variable scarcity of floating microplastics in the eastern North Pacific Ocean. Environmental Research Letters 15, 114056. https://doi.org/10.1088/1748-9326/abbb4f",https://doi.org/10.1088/1748-9326/abbb4f,"The Ocean Cleanup, Rotterdam, The Netherlands",The Ocean Cleanup Foundation,276264,https://www.ncei.noaa.gov/access/metadata/landing-page/bin/iso?id=gov.noaa.nodc:276264,12489,-15174906.0057029,3632531.61466008
0276264-0000535,9/5/2015 5:00:00 AM,38.32165,-130.5008,Pacific Ocean,,,,,,Ocean water,,0,,Manta net,0.333,,,,,,0.176326,pieces/m3,0.005-1,Medium,Egger et al. 2020,"Egger, M., R. Nijhof, L. Quiros, G. Leone, S-J. Royer, A. C. McWhirter, G. A. Kantakov, V. I. Radchenko, E. A. Pakhomov, B. P. V. Hunt, L. Lebreton. 2020. A spatially variable scarcity of floating microplastics in the eastern North Pacific Ocean. Environmental Research Letters 15, 114056. https://doi.org/10.1088/1748-9326/abbb4f",https://doi.org/10.1088/1748-9326/abbb4f,"The Ocean Cleanup, Rotterdam, The Netherlands",The Ocean Cleanup Foundation,276264,https://www.ncei.noaa.gov/access/metadata/landing-page/bin/iso?id=gov.noaa.nodc:276264,12490,-14527282.6041148,4624964.3493359
0276264-0000642,9/18/2015 5:00:00 AM,27.3318,-130.68475,Pacific Ocean,,,,,,Ocean water,,0,,Manta net,0.333,,,,,,1.32478,pieces/m3,1-10,High,Egger et al. 2020,"Egger, M., R. Nijhof, L. Quiros, G. Leone, S-J. Royer, A. C. McWhirter, G. A. Kantakov, V. I. Radchenko, E. A. Pakhomov, B. P. V. Hunt, L. Lebreton. 2020. A spatially variable scarcity of floating microplastics in the eastern North Pacific Ocean. Environmental Research Letters 15, 114056. https://doi.org/10.1088/1748-9326/abbb4f",https://doi.org/10.1088/1748-9326/abbb4f,"The Ocean Cleanup, Rotterdam, The Netherlands",The Ocean Cleanup Foundation,276264,https://www.ncei.noaa.gov/access/metadata/landing-page/bin/iso?id=gov.noaa.nodc:276264,12491,-14547759.8244463,3164987.28602161
0276264-0000536,9/5/2015 5:00:00 AM,38.2776,-130.4749,Pacific Ocean,,,,,,Ocean water,,0,,Manta net,0.333,,,,,,0.063881,pieces/m3,0.005-1,Medium,Egger et al. 2020,"Egger, M., R. Nijhof, L. Quiros, G. Leone, S-J. Royer, A. C. McWhirter, G. A. Kantakov, V. I. Radchenko, E. A. Pakhomov, B. P. V. Hunt, L. Lebreton. 2020. A spatially variable scarcity of floating microplastics in the eastern North Pacific Ocean. Environmental Research Letters 15, 114056. https://doi.org/10.1088/1748-9326/abbb4f",https://doi.org/10.1088/1748-9326/abbb4f,"The Ocean Cleanup, Rotterdam, The Netherlands",The Ocean Cleanup Foundation,276264,https://www.ncei.noaa.gov/access/metadata/landing-page/bin/iso?id=gov.noaa.nodc:276264,12492,-14524399.4293033,4618715.94701546
0276264-0000336,8/14/2015 5:00:00 AM,37.6138,-140.78325,Pacific Ocean,,,,,,Ocean water,,0,,Manta net,0.333,,,,,,6.874532,pieces/m3,1-10,High,Egger et al. 2020,"Egger, M., R. Nijhof, L. Quiros, G. Leone, S-J. Royer, A. C. McWhirter, G. A. Kantakov, V. I. Radchenko, E. A. Pakhomov, B. P. V. Hunt, L. Lebreton. 2020. A spatially variable scarcity of floating microplastics in the eastern North Pacific Ocean. Environmental Research Letters 15, 114056. https://doi.org/10.1088/1748-9326/abbb4f",https://doi.org/10.1088/1748-9326/abbb4f,"The Ocean Cleanup, Rotterdam, The Netherlands",The Ocean Cleanup Foundation,276264,https://www.ncei.noaa.gov/access/metadata/landing-page/bin/iso?id=gov.noaa.nodc:276264,12493,-15671919.7022221,4525011.44767005
0276264-0000240,8/7/2015 5:00:00 AM,30.981832,-137.373,Pacific Ocean,,,,,,Ocean water,,0,,Manta net,0.333,,,,,,5.022222,pieces/m3,1-10,High,Egger et al. 2020,"Egger, M., R. Nijhof, L. Quiros, G. Leone, S-J. Royer, A. C. McWhirter, G. A. Kantakov, V. I. Radchenko, E. A. Pakhomov, B. P. V. Hunt, L. Lebreton. 2020. A spatially variable scarcity of floating microplastics in the eastern North Pacific Ocean. Environmental Research Letters 15, 114056. https://doi.org/10.1088/1748-9326/abbb4f",https://doi.org/10.1088/1748-9326/abbb4f,"The Ocean Cleanup, Rotterdam, The Netherlands",The Ocean Cleanup Foundation,276264,https://www.ncei.noaa.gov/access/metadata/landing-page/bin/iso?id=gov.noaa.nodc:276264,12496,-15292292.4087444,3630389.90744674
0276264-0000437,7/31/2015 5:00:00 AM,25.57665,-154.25865,Pacific Ocean,,,,,,Ocean water,,0,,Manta net,0.333,,,,,,0.791407,pieces/m3,0.005-1,Medium,Egger et al. 2020,"Egger, M., R. Nijhof, L. Quiros, G. Leone, S-J. Royer, A. C. McWhirter, G. A. Kantakov, V. I. Radchenko, E. A. Pakhomov, B. P. V. Hunt, L. Lebreton. 2020. A spatially variable scarcity of floating microplastics in the eastern North Pacific Ocean. Environmental Research Letters 15, 114056. https://doi.org/10.1088/1748-9326/abbb4f",https://doi.org/10.1088/1748-9326/abbb4f,"The Ocean Cleanup, Rotterdam, The Netherlands",The Ocean Cleanup Foundation,276264,https://www.ncei.noaa.gov/access/metadata/landing-page/bin/iso?id=gov.noaa.nodc:276264,12499,-17171994.3684578,2946741.01193489
0276264-0000643,9/18/2015 5:00:00 AM,27.31045,-130.6653,Pacific Ocean,,,,,,Ocean water,,0,,Manta net,0.333,,,,,,1.264402,pieces/m3,1-10,High,Egger et al. 2020,"Egger, M., R. Nijhof, L. Quiros, G. Leone, S-J. Royer, A. C. McWhirter, G. A. Kantakov, V. I. Radchenko, E. A. Pakhomov, B. P. V. Hunt, L. Lebreton. 2020. A spatially variable scarcity of floating microplastics in the eastern North Pacific Ocean. Environmental Research Letters 15, 114056. https://doi.org/10.1088/1748-9326/abbb4f",https://doi.org/10.1088/1748-9326/abbb4f,"The Ocean Cleanup, Rotterdam, The Netherlands",The Ocean Cleanup Foundation,276264,https://www.ncei.noaa.gov/access/metadata/landing-page/bin/iso?id=gov.noaa.nodc:276264,12500,-14545594.6603503,3162312.20434192
0276264-0000537,9/6/2015 5:00:00 AM,38.2432,-130.48625,Pacific Ocean,,,,,,Ocean water,,0,,Manta net,0.333,,,,,,0.128928,pieces/m3,0.005-1,Medium,Egger et al. 2020,"Egger, M., R. Nijhof, L. Quiros, G. Leone, S-J. Royer, A. C. McWhirter, G. A. Kantakov, V. I. Radchenko, E. A. Pakhomov, B. P. V. Hunt, L. Lebreton. 2020. A spatially variable scarcity of floating microplastics in the eastern North Pacific Ocean. Environmental Research Letters 15, 114056. https://doi.org/10.1088/1748-9326/abbb4f",https://doi.org/10.1088/1748-9326/abbb4f,"The Ocean Cleanup, Rotterdam, The Netherlands",The Ocean Cleanup Foundation,276264,https://www.ncei.noaa.gov/access/metadata/landing-page/bin/iso?id=gov.noaa.nodc:276264,12501,-14525662.9055238,4613839.01317233
0276264-0000337,8/14/2015 5:00:00 AM,38.31795,-137.71005,Pacific Ocean,,,,,,Ocean water,,0,,Manta net,0.333,,,,,,4.527676,pieces/m3,1-10,High,Egger et al. 2020,"Egger, M., R. Nijhof, L. Quiros, G. Leone, S-J. Royer, A. C. McWhirter, G. A. Kantakov, V. I. Radchenko, E. A. Pakhomov, B. P. V. Hunt, L. Lebreton. 2020. A spatially variable scarcity of floating microplastics in the eastern North Pacific Ocean. Environmental Research Letters 15, 114056. https://doi.org/10.1088/1748-9326/abbb4f",https://doi.org/10.1088/1748-9326/abbb4f,"The Ocean Cleanup, Rotterdam, The Netherlands",The Ocean Cleanup Foundation,276264,https://www.ncei.noaa.gov/access/metadata/landing-page/bin/iso?id=gov.noaa.nodc:276264,12502,-15329812.6431162,4624439.36591738
0276264-0000538,9/6/2015 5:00:00 AM,37.56655,-131.4851,Pacific Ocean,,,,,,Ocean water,,0,,Manta net,0.333,,,,,,0.808203,pieces/m3,0.005-1,Medium,Egger et al. 2020,"Egger, M., R. Nijhof, L. Quiros, G. Leone, S-J. Royer, A. C. McWhirter, G. A. Kantakov, V. I. Radchenko, E. A. Pakhomov, B. P. V. Hunt, L. Lebreton. 2020. A spatially variable scarcity of floating microplastics in the eastern North Pacific Ocean. Environmental Research Letters 15, 114056. https://doi.org/10.1088/1748-9326/abbb4f",https://doi.org/10.1088/1748-9326/abbb4f,"The Ocean Cleanup, Rotterdam, The Netherlands",The Ocean Cleanup Foundation,276264,https://www.ncei.noaa.gov/access/metadata/landing-page/bin/iso?id=gov.noaa.nodc:276264,12503,-14636854.3789027,4518373.53199995
0276264-0000338,8/14/2015 5:00:00 AM,38.337,-137.6313,Pacific Ocean,,,,,,Ocean water,,0,,Manta net,0.333,,,,,,4.302687,pieces/m3,1-10,High,Egger et al. 2020,"Egger, M., R. Nijhof, L. Quiros, G. Leone, S-J. Royer, A. C. McWhirter, G. A. Kantakov, V. I. Radchenko, E. A. Pakhomov, B. P. V. Hunt, L. Lebreton. 2020. A spatially variable scarcity of floating microplastics in the eastern North Pacific Ocean. Environmental Research Letters 15, 114056. https://doi.org/10.1088/1748-9326/abbb4f",https://doi.org/10.1088/1748-9326/abbb4f,"The Ocean Cleanup, Rotterdam, The Netherlands",The Ocean Cleanup Foundation,276264,https://www.ncei.noaa.gov/access/metadata/landing-page/bin/iso?id=gov.noaa.nodc:276264,12504,-15321046.2332163,4627142.60731746
0276264-0000438,7/31/2015 5:00:00 AM,25.64925,-154.19815,Pacific Ocean,,,,,,Ocean water,,0,,Manta net,0.333,,,,,,0.355209,pieces/m3,0.005-1,Medium,Egger et al. 2020,"Egger, M., R. Nijhof, L. Quiros, G. Leone, S-J. Royer, A. C. McWhirter, G. A. Kantakov, V. I. Radchenko, E. A. Pakhomov, B. P. V. Hunt, L. Lebreton. 2020. A spatially variable scarcity of floating microplastics in the eastern North Pacific Ocean. Environmental Research Letters 15, 114056. https://doi.org/10.1088/1748-9326/abbb4f",https://doi.org/10.1088/1748-9326/abbb4f,"The Ocean Cleanup, Rotterdam, The Netherlands",The Ocean Cleanup Foundation,276264,https://www.ncei.noaa.gov/access/metadata/landing-page/bin/iso?id=gov.noaa.nodc:276264,12508,-17165259.5392648,2955703.5089271
0276264-0000644,9/18/2015 5:00:00 AM,27.28275,-130.6385,Pacific Ocean,,,,,,Ocean water,,0,,Manta net,0.333,,,,,,2.389612,pieces/m3,1-10,High,Egger et al. 2020,"Egger, M., R. Nijhof, L. Quiros, G. Leone, S-J. Royer, A. C. McWhirter, G. A. Kantakov, V. I. Radchenko, E. A. Pakhomov, B. P. V. Hunt, L. Lebreton. 2020. A spatially variable scarcity of floating microplastics in the eastern North Pacific Ocean. Environmental Research Letters 15, 114056. https://doi.org/10.1088/1748-9326/abbb4f",https://doi.org/10.1088/1748-9326/abbb4f,"The Ocean Cleanup, Rotterdam, The Netherlands",The Ocean Cleanup Foundation,276264,https://www.ncei.noaa.gov/access/metadata/landing-page/bin/iso?id=gov.noaa.nodc:276264,12509,-14542611.2979971,3158842.25643612
0276264-0000241,8/7/2015 5:00:00 AM,30.983658,-137.371,Pacific Ocean,,,,,,Ocean water,,0,,Manta net,0.333,,,,,,4.018993,pieces/m3,1-10,High,Egger et al. 2020,"Egger, M., R. Nijhof, L. Quiros, G. Leone, S-J. Royer, A. C. McWhirter, G. A. Kantakov, V. I. Radchenko, E. A. Pakhomov, B. P. V. Hunt, L. Lebreton. 2020. A spatially variable scarcity of floating microplastics in the eastern North Pacific Ocean. Environmental Research Letters 15, 114056. https://doi.org/10.1088/1748-9326/abbb4f",https://doi.org/10.1088/1748-9326/abbb4f,"The Ocean Cleanup, Rotterdam, The Netherlands",The Ocean Cleanup Foundation,276264,https://www.ncei.noaa.gov/access/metadata/landing-page/bin/iso?id=gov.noaa.nodc:276264,12511,-15292069.7697628,3630627.00541312
0276264-0000439,8/1/2015 5:00:00 AM,25.7102,-154.14835,Pacific Ocean,,,,,,Ocean water,,0,,Manta net,0.333,,,,,,0.645052,pieces/m3,0.005-1,Medium,Egger et al. 2020,"Egger, M., R. Nijhof, L. Quiros, G. Leone, S-J. Royer, A. C. McWhirter, G. A. Kantakov, V. I. Radchenko, E. A. Pakhomov, B. P. V. Hunt, L. Lebreton. 2020. A spatially variable scarcity of floating microplastics in the eastern North Pacific Ocean. Environmental Research Letters 15, 114056. https://doi.org/10.1088/1748-9326/abbb4f",https://doi.org/10.1088/1748-9326/abbb4f,"The Ocean Cleanup, Rotterdam, The Netherlands",The Ocean Cleanup Foundation,276264,https://www.ncei.noaa.gov/access/metadata/landing-page/bin/iso?id=gov.noaa.nodc:276264,12512,-17159715.8286233,2963232.02024548
0276264-0000539,9/6/2015 5:00:00 AM,37.52595,-131.4816,Pacific Ocean,,,,,,Ocean water,,0,,Manta net,0.333,,,,,,0.900901,pieces/m3,0.005-1,Medium,Egger et al. 2020,"Egger, M., R. Nijhof, L. Quiros, G. Leone, S-J. Royer, A. C. McWhirter, G. A. Kantakov, V. I. Radchenko, E. A. Pakhomov, B. P. V. Hunt, L. Lebreton. 2020. A spatially variable scarcity of floating microplastics in the eastern North Pacific Ocean. Environmental Research Letters 15, 114056. https://doi.org/10.1088/1748-9326/abbb4f",https://doi.org/10.1088/1748-9326/abbb4f,"The Ocean Cleanup, Rotterdam, The Netherlands",The Ocean Cleanup Foundation,276264,https://www.ncei.noaa.gov/access/metadata/landing-page/bin/iso?id=gov.noaa.nodc:276264,12515,-14636464.7606849,4512673.20413345
0276264-0000645,9/18/2015 5:00:00 AM,26.9158,-130.22555,Pacific Ocean,,,,,,Ocean water,,0,,Manta net,0.333,,,,,,0.311213,pieces/m3,0.005-1,Medium,Egger et al. 2020,"Egger, M., R. Nijhof, L. Quiros, G. Leone, S-J. Royer, A. C. McWhirter, G. A. Kantakov, V. I. Radchenko, E. A. Pakhomov, B. P. V. Hunt, L. Lebreton. 2020. A spatially variable scarcity of floating microplastics in the eastern North Pacific Ocean. Environmental Research Letters 15, 114056. https://doi.org/10.1088/1748-9326/abbb4f",https://doi.org/10.1088/1748-9326/abbb4f,"The Ocean Cleanup, Rotterdam, The Netherlands",The Ocean Cleanup Foundation,276264,https://www.ncei.noaa.gov/access/metadata/landing-page/bin/iso?id=gov.noaa.nodc:276264,12516,-14496641.914274,3112956.0045084
0276264-0000440,8/1/2015 5:00:00 AM,27.20655,-152.87545,Pacific Ocean,,,,,,Ocean water,,0,,Manta net,0.333,,,,,,0.223018,pieces/m3,0.005-1,Medium,Egger et al. 2020,"Egger, M., R. Nijhof, L. Quiros, G. Leone, S-J. Royer, A. C. McWhirter, G. A. Kantakov, V. I. Radchenko, E. A. Pakhomov, B. P. V. Hunt, L. Lebreton. 2020. A spatially variable scarcity of floating microplastics in the eastern North Pacific Ocean. Environmental Research Letters 15, 114056. https://doi.org/10.1088/1748-9326/abbb4f",https://doi.org/10.1088/1748-9326/abbb4f,"The Ocean Cleanup, Rotterdam, The Netherlands",The Ocean Cleanup Foundation,276264,https://www.ncei.noaa.gov/access/metadata/landing-page/bin/iso?id=gov.noaa.nodc:276264,12519,-17018017.2487926,3149301.22749661
0276264-0000242,8/7/2015 5:00:00 AM,30.997658,-137.898,Pacific Ocean,,,,,,Ocean water,,0,,Manta net,0.333,,,,,,3.315935,pieces/m3,1-10,High,Egger et al. 2020,"Egger, M., R. Nijhof, L. Quiros, G. Leone, S-J. Royer, A. C. McWhirter, G. A. Kantakov, V. I. Radchenko, E. A. Pakhomov, B. P. V. Hunt, L. Lebreton. 2020. A spatially variable scarcity of floating microplastics in the eastern North Pacific Ocean. Environmental Research Letters 15, 114056. https://doi.org/10.1088/1748-9326/abbb4f",https://doi.org/10.1088/1748-9326/abbb4f,"The Ocean Cleanup, Rotterdam, The Netherlands",The Ocean Cleanup Foundation,276264,https://www.ncei.noaa.gov/access/metadata/landing-page/bin/iso?id=gov.noaa.nodc:276264,12520,-15350735.1414108,3632444.99383771
0276264-0000339,8/15/2015 5:00:00 AM,38.3638,-137.5601,Pacific Ocean,,,,,,Ocean water,,0,,Manta net,0.333,,,,,,6.006095,pieces/m3,1-10,High,Egger et al. 2020,"Egger, M., R. Nijhof, L. Quiros, G. Leone, S-J. Royer, A. C. McWhirter, G. A. Kantakov, V. I. Radchenko, E. A. Pakhomov, B. P. V. Hunt, L. Lebreton. 2020. A spatially variable scarcity of floating microplastics in the eastern North Pacific Ocean. Environmental Research Letters 15, 114056. https://doi.org/10.1088/1748-9326/abbb4f",https://doi.org/10.1088/1748-9326/abbb4f,"The Ocean Cleanup, Rotterdam, The Netherlands",The Ocean Cleanup Foundation,276264,https://www.ncei.noaa.gov/access/metadata/landing-page/bin/iso?id=gov.noaa.nodc:276264,12522,-15313120.2854718,4630946.79622059
0276264-0000646,9/18/2015 5:00:00 AM,26.88465,-130.1919,Pacific Ocean,,,,,,Ocean water,,0,,Manta net,0.333,,,,,,0.726409,pieces/m3,0.005-1,Medium,Egger et al. 2020,"Egger, M., R. Nijhof, L. Quiros, G. Leone, S-J. Royer, A. C. McWhirter, G. A. Kantakov, V. I. Radchenko, E. A. Pakhomov, B. P. V. Hunt, L. Lebreton. 2020. A spatially variable scarcity of floating microplastics in the eastern North Pacific Ocean. Environmental Research Letters 15, 114056. https://doi.org/10.1088/1748-9326/abbb4f",https://doi.org/10.1088/1748-9326/abbb4f,"The Ocean Cleanup, Rotterdam, The Netherlands",The Ocean Cleanup Foundation,276264,https://www.ncei.noaa.gov/access/metadata/landing-page/bin/iso?id=gov.noaa.nodc:276264,12523,-14492896.0134088,3109067.66775454
0276264-0000340,8/16/2015 5:00:00 AM,38.5759,-134.14955,Pacific Ocean,,,,,,Ocean water,,0,,Manta net,0.333,,,,,,1.232119,pieces/m3,1-10,High,Egger et al. 2020,"Egger, M., R. Nijhof, L. Quiros, G. Leone, S-J. Royer, A. C. McWhirter, G. A. Kantakov, V. I. Radchenko, E. A. Pakhomov, B. P. V. Hunt, L. Lebreton. 2020. A spatially variable scarcity of floating microplastics in the eastern North Pacific Ocean. Environmental Research Letters 15, 114056. https://doi.org/10.1088/1748-9326/abbb4f",https://doi.org/10.1088/1748-9326/abbb4f,"The Ocean Cleanup, Rotterdam, The Netherlands",The Ocean Cleanup Foundation,276264,https://www.ncei.noaa.gov/access/metadata/landing-page/bin/iso?id=gov.noaa.nodc:276264,12525,-14933459.5961468,4661103.67465867
0276264-0000540,9/6/2015 5:00:00 AM,37.47505,-131.48945,Pacific Ocean,,,,,,Ocean water,,0,,Manta net,0.333,,,,,,0.844273,pieces/m3,0.005-1,Medium,Egger et al. 2020,"Egger, M., R. Nijhof, L. Quiros, G. Leone, S-J. Royer, A. C. McWhirter, G. A. Kantakov, V. I. Radchenko, E. A. Pakhomov, B. P. V. Hunt, L. Lebreton. 2020. A spatially variable scarcity of floating microplastics in the eastern North Pacific Ocean. Environmental Research Letters 15, 114056. https://doi.org/10.1088/1748-9326/abbb4f",https://doi.org/10.1088/1748-9326/abbb4f,"The Ocean Cleanup, Rotterdam, The Netherlands",The Ocean Cleanup Foundation,276264,https://www.ncei.noaa.gov/access/metadata/landing-page/bin/iso?id=gov.noaa.nodc:276264,12527,-14637338.6186876,4505531.11480006
0276264-0000441,8/2/2015 5:00:00 AM,27.26705,-152.8234,Pacific Ocean,,,,,,Ocean water,,0,,Manta net,0.333,,,,,,0.209325,pieces/m3,0.005-1,Medium,Egger et al. 2020,"Egger, M., R. Nijhof, L. Quiros, G. Leone, S-J. Royer, A. C. McWhirter, G. A. Kantakov, V. I. Radchenko, E. A. Pakhomov, B. P. V. Hunt, L. Lebreton. 2020. A spatially variable scarcity of floating microplastics in the eastern North Pacific Ocean. Environmental Research Letters 15, 114056. https://doi.org/10.1088/1748-9326/abbb4f",https://doi.org/10.1088/1748-9326/abbb4f,"The Ocean Cleanup, Rotterdam, The Netherlands",The Ocean Cleanup Foundation,276264,https://www.ncei.noaa.gov/access/metadata/landing-page/bin/iso?id=gov.noaa.nodc:276264,12528,-17012223.0692968,3156875.91926333
0276264-0000243,8/7/2015 5:00:00 AM,30.998065,-137.895,Pacific Ocean,,,,,,Ocean water,,0,,Manta net,0.333,,,,,,3.839036,pieces/m3,1-10,High,Egger et al. 2020,"Egger, M., R. Nijhof, L. Quiros, G. Leone, S-J. Royer, A. C. McWhirter, G. A. Kantakov, V. I. Radchenko, E. A. Pakhomov, B. P. V. Hunt, L. Lebreton. 2020. A spatially variable scarcity of floating microplastics in the eastern North Pacific Ocean. Environmental Research Letters 15, 114056. https://doi.org/10.1088/1748-9326/abbb4f",https://doi.org/10.1088/1748-9326/abbb4f,"The Ocean Cleanup, Rotterdam, The Netherlands",The Ocean Cleanup Foundation,276264,https://www.ncei.noaa.gov/access/metadata/landing-page/bin/iso?id=gov.noaa.nodc:276264,12529,-15350401.1829385,3632497.84934992
0276264-0000647,9/18/2015 5:00:00 AM,26.84925,-130.1594,Pacific Ocean,,,,,,Ocean water,,0,,Manta net,0.333,,,,,,1.394636,pieces/m3,1-10,High,Egger et al. 2020,"Egger, M., R. Nijhof, L. Quiros, G. Leone, S-J. Royer, A. C. McWhirter, G. A. Kantakov, V. I. Radchenko, E. A. Pakhomov, B. P. V. Hunt, L. Lebreton. 2020. A spatially variable scarcity of floating microplastics in the eastern North Pacific Ocean. Environmental Research Letters 15, 114056. https://doi.org/10.1088/1748-9326/abbb4f",https://doi.org/10.1088/1748-9326/abbb4f,"The Ocean Cleanup, Rotterdam, The Netherlands",The Ocean Cleanup Foundation,276264,https://www.ncei.noaa.gov/access/metadata/landing-page/bin/iso?id=gov.noaa.nodc:276264,12531,-14489278.129958,3104650.12037557
0276264-0000341,8/16/2015 5:00:00 AM,38.6405,-134.05505,Pacific Ocean,,,,,,Ocean water,,0,,Manta net,0.333,,,,,,1.450724,pieces/m3,1-10,High,Egger et al. 2020,"Egger, M., R. Nijhof, L. Quiros, G. Leone, S-J. Royer, A. C. McWhirter, G. A. Kantakov, V. I. Radchenko, E. A. Pakhomov, B. P. V. Hunt, L. Lebreton. 2020. A spatially variable scarcity of floating microplastics in the eastern North Pacific Ocean. Environmental Research Letters 15, 114056. https://doi.org/10.1088/1748-9326/abbb4f",https://doi.org/10.1088/1748-9326/abbb4f,"The Ocean Cleanup, Rotterdam, The Netherlands",The Ocean Cleanup Foundation,276264,https://www.ncei.noaa.gov/access/metadata/landing-page/bin/iso?id=gov.noaa.nodc:276264,12532,-14922939.9042668,4670306.32767135
0276264-0000541,9/6/2015 5:00:00 AM,37.3324,-131.5925,Pacific Ocean,,,,,,Ocean water,,0,,Manta net,0.333,,,,,,2.238093,pieces/m3,1-10,High,Egger et al. 2020,"Egger, M., R. Nijhof, L. Quiros, G. Leone, S-J. Royer, A. C. McWhirter, G. A. Kantakov, V. I. Radchenko, E. A. Pakhomov, B. P. V. Hunt, L. Lebreton. 2020. A spatially variable scarcity of floating microplastics in the eastern North Pacific Ocean. Environmental Research Letters 15, 114056. https://doi.org/10.1088/1748-9326/abbb4f",https://doi.org/10.1088/1748-9326/abbb4f,"The Ocean Cleanup, Rotterdam, The Netherlands",The Ocean Cleanup Foundation,276264,https://www.ncei.noaa.gov/access/metadata/landing-page/bin/iso?id=gov.noaa.nodc:276264,12533,-14648810.0922139,4485540.89401496
0276264-0000244,8/7/2015 5:00:00 AM,31.00675,-138.482,Pacific Ocean,,,,,,Ocean water,,0,,Manta net,0.333,,,,,,4.667212,pieces/m3,1-10,High,Egger et al. 2020,"Egger, M., R. Nijhof, L. Quiros, G. Leone, S-J. Royer, A. C. McWhirter, G. A. Kantakov, V. I. Radchenko, E. A. Pakhomov, B. P. V. Hunt, L. Lebreton. 2020. A spatially variable scarcity of floating microplastics in the eastern North Pacific Ocean. Environmental Research Letters 15, 114056. https://doi.org/10.1088/1748-9326/abbb4f",https://doi.org/10.1088/1748-9326/abbb4f,"The Ocean Cleanup, Rotterdam, The Netherlands",The Ocean Cleanup Foundation,276264,https://www.ncei.noaa.gov/access/metadata/landing-page/bin/iso?id=gov.noaa.nodc:276264,12534,-15415745.7240341,3633625.79040564
0276264-0000648,9/18/2015 5:00:00 AM,26.8175,-130.12895,Pacific Ocean,,,,,,Ocean water,,0,,Manta net,0.333,,,,,,0.6541,pieces/m3,0.005-1,Medium,Egger et al. 2020,"Egger, M., R. Nijhof, L. Quiros, G. Leone, S-J. Royer, A. C. McWhirter, G. A. Kantakov, V. I. Radchenko, E. A. Pakhomov, B. P. V. Hunt, L. Lebreton. 2020. A spatially variable scarcity of floating microplastics in the eastern North Pacific Ocean. Environmental Research Letters 15, 114056. https://doi.org/10.1088/1748-9326/abbb4f",https://doi.org/10.1088/1748-9326/abbb4f,"The Ocean Cleanup, Rotterdam, The Netherlands",The Ocean Cleanup Foundation,276264,https://www.ncei.noaa.gov/access/metadata/landing-page/bin/iso?id=gov.noaa.nodc:276264,12535,-14485888.4514634,3100689.22977286
0276264-0000342,8/16/2015 5:00:00 AM,38.6421,-133.9901,Pacific Ocean,,,,,,Ocean water,,0,,Manta net,0.333,,,,,,1.027045,pieces/m3,1-10,High,Egger et al. 2020,"Egger, M., R. Nijhof, L. Quiros, G. Leone, S-J. Royer, A. C. McWhirter, G. A. Kantakov, V. I. Radchenko, E. A. Pakhomov, B. P. V. Hunt, L. Lebreton. 2020. A spatially variable scarcity of floating microplastics in the eastern North Pacific Ocean. Environmental Research Letters 15, 114056. https://doi.org/10.1088/1748-9326/abbb4f",https://doi.org/10.1088/1748-9326/abbb4f,"The Ocean Cleanup, Rotterdam, The Netherlands",The Ocean Cleanup Foundation,276264,https://www.ncei.noaa.gov/access/metadata/landing-page/bin/iso?id=gov.noaa.nodc:276264,12537,-14915709.7033398,4670534.3623631
0276264-0000442,8/2/2015 5:00:00 AM,27.32605,-152.7755,Pacific Ocean,,,,,,Ocean water,,0,,Manta net,0.333,,,,,,0.087972,pieces/m3,0.005-1,Medium,Egger et al. 2020,"Egger, M., R. Nijhof, L. Quiros, G. Leone, S-J. Royer, A. C. McWhirter, G. A. Kantakov, V. I. Radchenko, E. A. Pakhomov, B. P. V. Hunt, L. Lebreton. 2020. A spatially variable scarcity of floating microplastics in the eastern North Pacific Ocean. Environmental Research Letters 15, 114056. https://doi.org/10.1088/1748-9326/abbb4f",https://doi.org/10.1088/1748-9326/abbb4f,"The Ocean Cleanup, Rotterdam, The Netherlands",The Ocean Cleanup Foundation,276264,https://www.ncei.noaa.gov/access/metadata/landing-page/bin/iso?id=gov.noaa.nodc:276264,12538,-17006890.8656878,3164266.78009549
0276264-0000542,9/6/2015 5:00:00 AM,37.29105,-131.58465,Pacific Ocean,,,,,,Ocean water,,0,,Manta net,0.333,,,,,,3.081825,pieces/m3,1-10,High,Egger et al. 2020,"Egger, M., R. Nijhof, L. Quiros, G. Leone, S-J. Royer, A. C. McWhirter, G. A. Kantakov, V. I. Radchenko, E. A. Pakhomov, B. P. V. Hunt, L. Lebreton. 2020. A spatially variable scarcity of floating microplastics in the eastern North Pacific Ocean. Environmental Research Letters 15, 114056. https://doi.org/10.1088/1748-9326/abbb4f",https://doi.org/10.1088/1748-9326/abbb4f,"The Ocean Cleanup, Rotterdam, The Netherlands",The Ocean Cleanup Foundation,276264,https://www.ncei.noaa.gov/access/metadata/landing-page/bin/iso?id=gov.noaa.nodc:276264,12540,-14647936.2342111,4479753.42395091
0276264-0000343,8/8/2015 5:00:00 AM,36.468,-150.86725,Pacific Ocean,,,,,,Ocean water,,0,,Manta net,0.333,,,,,,2.598221,pieces/m3,1-10,High,Egger et al. 2020,"Egger, M., R. Nijhof, L. Quiros, G. Leone, S-J. Royer, A. C. McWhirter, G. A. Kantakov, V. I. Radchenko, E. A. Pakhomov, B. P. V. Hunt, L. Lebreton. 2020. A spatially variable scarcity of floating microplastics in the eastern North Pacific Ocean. Environmental Research Letters 15, 114056. https://doi.org/10.1088/1748-9326/abbb4f",https://doi.org/10.1088/1748-9326/abbb4f,"The Ocean Cleanup, Rotterdam, The Netherlands",The Ocean Cleanup Foundation,276264,https://www.ncei.noaa.gov/access/metadata/landing-page/bin/iso?id=gov.noaa.nodc:276264,12542,-16794465.4473815,4365210.01041572
0276264-0000543,9/7/2015 5:00:00 AM,37.25425,-131.62625,Pacific Ocean,,,,,,Ocean water,,0,,Manta net,0.333,,,,,,5.524371,pieces/m3,1-10,High,Egger et al. 2020,"Egger, M., R. Nijhof, L. Quiros, G. Leone, S-J. Royer, A. C. McWhirter, G. A. Kantakov, V. I. Radchenko, E. A. Pakhomov, B. P. V. Hunt, L. Lebreton. 2020. A spatially variable scarcity of floating microplastics in the eastern North Pacific Ocean. Environmental Research Letters 15, 114056. https://doi.org/10.1088/1748-9326/abbb4f",https://doi.org/10.1088/1748-9326/abbb4f,"The Ocean Cleanup, Rotterdam, The Netherlands",The Ocean Cleanup Foundation,276264,https://www.ncei.noaa.gov/access/metadata/landing-page/bin/iso?id=gov.noaa.nodc:276264,12543,-14652567.1250281,4474605.46007547
0276264-0000649,9/18/2015 5:00:00 AM,26.79615,-130.09925,Pacific Ocean,,,,,,Ocean water,,0,,Manta net,0.333,,,,,,0.719813,pieces/m3,0.005-1,Medium,Egger et al. 2020,"Egger, M., R. Nijhof, L. Quiros, G. Leone, S-J. Royer, A. C. McWhirter, G. A. Kantakov, V. I. Radchenko, E. A. Pakhomov, B. P. V. Hunt, L. Lebreton. 2020. A spatially variable scarcity of floating microplastics in the eastern North Pacific Ocean. Environmental Research Letters 15, 114056. https://doi.org/10.1088/1748-9326/abbb4f",https://doi.org/10.1088/1748-9326/abbb4f,"The Ocean Cleanup, Rotterdam, The Netherlands",The Ocean Cleanup Foundation,276264,https://www.ncei.noaa.gov/access/metadata/landing-page/bin/iso?id=gov.noaa.nodc:276264,12545,-14482582.2625868,3098026.38869619
0276264-0000245,8/7/2015 5:00:00 AM,31.008,-138.48,Pacific Ocean,,,,,,Ocean water,,0,,Manta net,0.333,,,,,,5.031545,pieces/m3,1-10,High,Egger et al. 2020,"Egger, M., R. Nijhof, L. Quiros, G. Leone, S-J. Royer, A. C. McWhirter, G. A. Kantakov, V. I. Radchenko, E. A. Pakhomov, B. P. V. Hunt, L. Lebreton. 2020. A spatially variable scarcity of floating microplastics in the eastern North Pacific Ocean. Environmental Research Letters 15, 114056. https://doi.org/10.1088/1748-9326/abbb4f",https://doi.org/10.1088/1748-9326/abbb4f,"The Ocean Cleanup, Rotterdam, The Netherlands",The Ocean Cleanup Foundation,276264,https://www.ncei.noaa.gov/access/metadata/landing-page/bin/iso?id=gov.noaa.nodc:276264,12546,-15415523.0850525,3633788.13925796
0276264-0000443,8/2/2015 5:00:00 AM,28.6498,-151.6073,Pacific Ocean,,,,,,Ocean water,,0,,Manta net,0.333,,,,,,0.171664,pieces/m3,0.005-1,Medium,Egger et al. 2020,"Egger, M., R. Nijhof, L. Quiros, G. Leone, S-J. Royer, A. C. McWhirter, G. A. Kantakov, V. I. Radchenko, E. A. Pakhomov, B. P. V. Hunt, L. Lebreton. 2020. A spatially variable scarcity of floating microplastics in the eastern North Pacific Ocean. Environmental Research Letters 15, 114056. https://doi.org/10.1088/1748-9326/abbb4f",https://doi.org/10.1088/1748-9326/abbb4f,"The Ocean Cleanup, Rotterdam, The Netherlands",The Ocean Cleanup Foundation,276264,https://www.ncei.noaa.gov/access/metadata/landing-page/bin/iso?id=gov.noaa.nodc:276264,12548,-16876847.4365431,3331148.48187701
0276264-0000344,8/8/2015 5:00:00 AM,36.4614,-150.7943,Pacific Ocean,,,,,,Ocean water,,0,,Manta net,0.333,,,,,,3.183474,pieces/m3,1-10,High,Egger et al. 2020,"Egger, M., R. Nijhof, L. Quiros, G. Leone, S-J. Royer, A. C. McWhirter, G. A. Kantakov, V. I. Radchenko, E. A. Pakhomov, B. P. V. Hunt, L. Lebreton. 2020. A spatially variable scarcity of floating microplastics in the eastern North Pacific Ocean. Environmental Research Letters 15, 114056. https://doi.org/10.1088/1748-9326/abbb4f",https://doi.org/10.1088/1748-9326/abbb4f,"The Ocean Cleanup, Rotterdam, The Netherlands",The Ocean Cleanup Foundation,276264,https://www.ncei.noaa.gov/access/metadata/landing-page/bin/iso?id=gov.noaa.nodc:276264,12550,-16786344.6905281,4364296.44729145
0276264-0000544,9/7/2015 5:00:00 AM,36.8589,-132.80485,Pacific Ocean,,,,,,Ocean water,,0,,Manta net,0.333,,,,,,1.106487,pieces/m3,1-10,High,Egger et al. 2020,"Egger, M., R. Nijhof, L. Quiros, G. Leone, S-J. Royer, A. C. McWhirter, G. A. Kantakov, V. I. Radchenko, E. A. Pakhomov, B. P. V. Hunt, L. Lebreton. 2020. A spatially variable scarcity of floating microplastics in the eastern North Pacific Ocean. Environmental Research Letters 15, 114056. https://doi.org/10.1088/1748-9326/abbb4f",https://doi.org/10.1088/1748-9326/abbb4f,"The Ocean Cleanup, Rotterdam, The Netherlands",The Ocean Cleanup Foundation,276264,https://www.ncei.noaa.gov/access/metadata/landing-page/bin/iso?id=gov.noaa.nodc:276264,12551,-14783768.2768771,4419457.47348722
0276264-0000545,9/7/2015 5:00:00 AM,36.85195,-132.87875,Pacific Ocean,,,,,,Ocean water,,0,,Manta net,0.333,,,,,,1.176606,pieces/m3,1-10,High,Egger et al. 2020,"Egger, M., R. Nijhof, L. Quiros, G. Leone, S-J. Royer, A. C. McWhirter, G. A. Kantakov, V. I. Radchenko, E. A. Pakhomov, B. P. V. Hunt, L. Lebreton. 2020. A spatially variable scarcity of floating microplastics in the eastern North Pacific Ocean. Environmental Research Letters 15, 114056. https://doi.org/10.1088/1748-9326/abbb4f",https://doi.org/10.1088/1748-9326/abbb4f,"The Ocean Cleanup, Rotterdam, The Netherlands",The Ocean Cleanup Foundation,276264,https://www.ncei.noaa.gov/access/metadata/landing-page/bin/iso?id=gov.noaa.nodc:276264,12553,-14791994.7872467,4418490.5685556
0276264-0000345,8/8/2015 5:00:00 AM,36.4484,-150.7282,Pacific Ocean,,,,,,Ocean water,,0,,Manta net,0.333,,,,,,4.08012,pieces/m3,1-10,High,Egger et al. 2020,"Egger, M., R. Nijhof, L. Quiros, G. Leone, S-J. Royer, A. C. McWhirter, G. A. Kantakov, V. I. Radchenko, E. A. Pakhomov, B. P. V. Hunt, L. Lebreton. 2020. A spatially variable scarcity of floating microplastics in the eastern North Pacific Ocean. Environmental Research Letters 15, 114056. https://doi.org/10.1088/1748-9326/abbb4f",https://doi.org/10.1088/1748-9326/abbb4f,"The Ocean Cleanup, Rotterdam, The Netherlands",The Ocean Cleanup Foundation,276264,https://www.ncei.noaa.gov/access/metadata/landing-page/bin/iso?id=gov.noaa.nodc:276264,12554,-16778986.4721867,4362497.23216534
0276264-0000444,8/3/2015 5:00:00 AM,28.7092,-151.5602,Pacific Ocean,,,,,,Ocean water,,0,,Manta net,0.333,,,,,,0.158652,pieces/m3,0.005-1,Medium,Egger et al. 2020,"Egger, M., R. Nijhof, L. Quiros, G. Leone, S-J. Royer, A. C. McWhirter, G. A. Kantakov, V. I. Radchenko, E. A. Pakhomov, B. P. V. Hunt, L. Lebreton. 2020. A spatially variable scarcity of floating microplastics in the eastern North Pacific Ocean. Environmental Research Letters 15, 114056. https://doi.org/10.1088/1748-9326/abbb4f",https://doi.org/10.1088/1748-9326/abbb4f,"The Ocean Cleanup, Rotterdam, The Netherlands",The Ocean Cleanup Foundation,276264,https://www.ncei.noaa.gov/access/metadata/landing-page/bin/iso?id=gov.noaa.nodc:276264,12556,-16871604.2885267,3338685.51949588
0276264-0000246,8/8/2015 5:00:00 AM,31.001332,-139.0185,Pacific Ocean,,,,,,Ocean water,,0,,Manta net,0.333,,,,,,4.227363,pieces/m3,1-10,High,Egger et al. 2020,"Egger, M., R. Nijhof, L. Quiros, G. Leone, S-J. Royer, A. C. McWhirter, G. A. Kantakov, V. I. Radchenko, E. A. Pakhomov, B. P. V. Hunt, L. Lebreton. 2020. A spatially variable scarcity of floating microplastics in the eastern North Pacific Ocean. Environmental Research Letters 15, 114056. https://doi.org/10.1088/1748-9326/abbb4f",https://doi.org/10.1088/1748-9326/abbb4f,"The Ocean Cleanup, Rotterdam, The Netherlands",The Ocean Cleanup Foundation,276264,https://www.ncei.noaa.gov/access/metadata/landing-page/bin/iso?id=gov.noaa.nodc:276264,12557,-15475468.6308447,3632922.13014822
0276264-0000650,9/18/2015 5:00:00 AM,26.7912,-130.06355,Pacific Ocean,,,,,,Ocean water,,0,,Manta net,0.333,,,,,,0.729317,pieces/m3,0.005-1,Medium,Egger et al. 2020,"Egger, M., R. Nijhof, L. Quiros, G. Leone, S-J. Royer, A. C. McWhirter, G. A. Kantakov, V. I. Radchenko, E. A. Pakhomov, B. P. V. Hunt, L. Lebreton. 2020. A spatially variable scarcity of floating microplastics in the eastern North Pacific Ocean. Environmental Research Letters 15, 114056. https://doi.org/10.1088/1748-9326/abbb4f",https://doi.org/10.1088/1748-9326/abbb4f,"The Ocean Cleanup, Rotterdam, The Netherlands",The Ocean Cleanup Foundation,276264,https://www.ncei.noaa.gov/access/metadata/landing-page/bin/iso?id=gov.noaa.nodc:276264,12559,-14478608.1567655,3097409.08025798
0276264-0000247,8/8/2015 5:00:00 AM,31.003018,-139.017,Pacific Ocean,,,,,,Ocean water,,0,,Manta net,0.333,,,,,,3.077937,pieces/m3,1-10,High,Egger et al. 2020,"Egger, M., R. Nijhof, L. Quiros, G. Leone, S-J. Royer, A. C. McWhirter, G. A. Kantakov, V. I. Radchenko, E. A. Pakhomov, B. P. V. Hunt, L. Lebreton. 2020. A spatially variable scarcity of floating microplastics in the eastern North Pacific Ocean. Environmental Research Letters 15, 114056. https://doi.org/10.1088/1748-9326/abbb4f",https://doi.org/10.1088/1748-9326/abbb4f,"The Ocean Cleanup, Rotterdam, The Netherlands",The Ocean Cleanup Foundation,276264,https://www.ncei.noaa.gov/access/metadata/landing-page/bin/iso?id=gov.noaa.nodc:276264,12561,-15475301.6516085,3633141.09433702
0276264-0000248,8/8/2015 5:00:00 AM,30.993983,-139.5495,Pacific Ocean,,,,,,Ocean water,,0,,Manta net,0.333,,,,,,5.997055,pieces/m3,1-10,High,Egger et al. 2020,"Egger, M., R. Nijhof, L. Quiros, G. Leone, S-J. Royer, A. C. McWhirter, G. A. Kantakov, V. I. Radchenko, E. A. Pakhomov, B. P. V. Hunt, L. Lebreton. 2020. A spatially variable scarcity of floating microplastics in the eastern North Pacific Ocean. Environmental Research Letters 15, 114056. https://doi.org/10.1088/1748-9326/abbb4f",https://doi.org/10.1088/1748-9326/abbb4f,"The Ocean Cleanup, Rotterdam, The Netherlands",The Ocean Cleanup Foundation,276264,https://www.ncei.noaa.gov/access/metadata/landing-page/bin/iso?id=gov.noaa.nodc:276264,12562,-15534579.2804559,3631967.74604799
0276264-0000651,9/18/2015 5:00:00 AM,26.7433,-130.0524,Pacific Ocean,,,,,,Ocean water,,0,,Manta net,0.333,,,,,,0.633044,pieces/m3,0.005-1,Medium,Egger et al. 2020,"Egger, M., R. Nijhof, L. Quiros, G. Leone, S-J. Royer, A. C. McWhirter, G. A. Kantakov, V. I. Radchenko, E. A. Pakhomov, B. P. V. Hunt, L. Lebreton. 2020. A spatially variable scarcity of floating microplastics in the eastern North Pacific Ocean. Environmental Research Letters 15, 114056. https://doi.org/10.1088/1748-9326/abbb4f",https://doi.org/10.1088/1748-9326/abbb4f,"The Ocean Cleanup, Rotterdam, The Netherlands",The Ocean Cleanup Foundation,276264,https://www.ncei.noaa.gov/access/metadata/landing-page/bin/iso?id=gov.noaa.nodc:276264,12563,-14477366.9444431,3091436.9199773
0276264-0000546,9/7/2015 5:00:00 AM,36.84485,-132.94685,Pacific Ocean,,,,,,Ocean water,,0,,Manta net,0.333,,,,,,1.511378,pieces/m3,1-10,High,Egger et al. 2020,"Egger, M., R. Nijhof, L. Quiros, G. Leone, S-J. Royer, A. C. McWhirter, G. A. Kantakov, V. I. Radchenko, E. A. Pakhomov, B. P. V. Hunt, L. Lebreton. 2020. A spatially variable scarcity of floating microplastics in the eastern North Pacific Ocean. Environmental Research Letters 15, 114056. https://doi.org/10.1088/1748-9326/abbb4f",https://doi.org/10.1088/1748-9326/abbb4f,"The Ocean Cleanup, Rotterdam, The Netherlands",The Ocean Cleanup Foundation,276264,https://www.ncei.noaa.gov/access/metadata/landing-page/bin/iso?id=gov.noaa.nodc:276264,12565,-14799575.6445697,4417502.8859413
0276264-0000445,8/3/2015 5:00:00 AM,28.7676,-151.50785,Pacific Ocean,,,,,,Ocean water,,0,,Manta net,0.333,,,,,,0.173261,pieces/m3,0.005-1,Medium,Egger et al. 2020,"Egger, M., R. Nijhof, L. Quiros, G. Leone, S-J. Royer, A. C. McWhirter, G. A. Kantakov, V. I. Radchenko, E. A. Pakhomov, B. P. V. Hunt, L. Lebreton. 2020. A spatially variable scarcity of floating microplastics in the eastern North Pacific Ocean. Environmental Research Letters 15, 114056. https://doi.org/10.1088/1748-9326/abbb4f",https://doi.org/10.1088/1748-9326/abbb4f,"The Ocean Cleanup, Rotterdam, The Netherlands",The Ocean Cleanup Foundation,276264,https://www.ncei.noaa.gov/access/metadata/landing-page/bin/iso?id=gov.noaa.nodc:276264,12566,-16865776.7131837,3346099.84419408
0276264-0000346,8/8/2015 5:00:00 AM,36.3994,-150.3816,Pacific Ocean,,,,,,Ocean water,,0,,Manta net,0.333,,,,,,2.080938,pieces/m3,1-10,High,Egger et al. 2020,"Egger, M., R. Nijhof, L. Quiros, G. Leone, S-J. Royer, A. C. McWhirter, G. A. Kantakov, V. I. Radchenko, E. A. Pakhomov, B. P. V. Hunt, L. Lebreton. 2020. A spatially variable scarcity of floating microplastics in the eastern North Pacific Ocean. Environmental Research Letters 15, 114056. https://doi.org/10.1088/1748-9326/abbb4f",https://doi.org/10.1088/1748-9326/abbb4f,"The Ocean Cleanup, Rotterdam, The Netherlands",The Ocean Cleanup Foundation,276264,https://www.ncei.noaa.gov/access/metadata/landing-page/bin/iso?id=gov.noaa.nodc:276264,12567,-16740403.1366777,4355718.28329547
0276264-0000347,8/9/2015 5:00:00 AM,36.3904,-150.29685,Pacific Ocean,,,,,,Ocean water,,0,,Manta net,0.333,,,,,,2.32306,pieces/m3,1-10,High,Egger et al. 2020,"Egger, M., R. Nijhof, L. Quiros, G. Leone, S-J. Royer, A. C. McWhirter, G. A. Kantakov, V. I. Radchenko, E. A. Pakhomov, B. P. V. Hunt, L. Lebreton. 2020. A spatially variable scarcity of floating microplastics in the eastern North Pacific Ocean. Environmental Research Letters 15, 114056. https://doi.org/10.1088/1748-9326/abbb4f",https://doi.org/10.1088/1748-9326/abbb4f,"The Ocean Cleanup, Rotterdam, The Netherlands",The Ocean Cleanup Foundation,276264,https://www.ncei.noaa.gov/access/metadata/landing-page/bin/iso?id=gov.noaa.nodc:276264,12568,-16730968.809833,4354473.63501685
0276264-0000348,8/12/2015 5:00:00 AM,32.066667,-152.482917,Pacific Ocean,,,,,,Ocean water,,0,,Manta net,0.333,,,,,,0.424833,pieces/m3,0.005-1,Medium,Egger et al. 2020,"Egger, M., R. Nijhof, L. Quiros, G. Leone, S-J. Royer, A. C. McWhirter, G. A. Kantakov, V. I. Radchenko, E. A. Pakhomov, B. P. V. Hunt, L. Lebreton. 2020. A spatially variable scarcity of floating microplastics in the eastern North Pacific Ocean. Environmental Research Letters 15, 114056. https://doi.org/10.1088/1748-9326/abbb4f",https://doi.org/10.1088/1748-9326/abbb4f,"The Ocean Cleanup, Rotterdam, The Netherlands",The Ocean Cleanup Foundation,276264,https://www.ncei.noaa.gov/access/metadata/landing-page/bin/iso?id=gov.noaa.nodc:276264,12569,-16974320.675113,3772064.89171339
0276264-0000249,8/8/2015 5:00:00 AM,30.993983,-139.5495,Pacific Ocean,,,,,,Ocean water,,0,,Manta net,0.333,,,,,,6.352912,pieces/m3,1-10,High,Egger et al. 2020,"Egger, M., R. Nijhof, L. Quiros, G. Leone, S-J. Royer, A. C. McWhirter, G. A. Kantakov, V. I. Radchenko, E. A. Pakhomov, B. P. V. Hunt, L. Lebreton. 2020. A spatially variable scarcity of floating microplastics in the eastern North Pacific Ocean. Environmental Research Letters 15, 114056. https://doi.org/10.1088/1748-9326/abbb4f",https://doi.org/10.1088/1748-9326/abbb4f,"The Ocean Cleanup, Rotterdam, The Netherlands",The Ocean Cleanup Foundation,276264,https://www.ncei.noaa.gov/access/metadata/landing-page/bin/iso?id=gov.noaa.nodc:276264,12571,-15534579.2804559,3631967.74604799
0276264-0000652,9/19/2015 5:00:00 AM,26.71075,-130.09475,Pacific Ocean,,,,,,Ocean water,,0,,Manta net,0.333,,,,,,0.622319,pieces/m3,0.005-1,Medium,Egger et al. 2020,"Egger, M., R. Nijhof, L. Quiros, G. Leone, S-J. Royer, A. C. McWhirter, G. A. Kantakov, V. I. Radchenko, E. A. Pakhomov, B. P. V. Hunt, L. Lebreton. 2020. A spatially variable scarcity of floating microplastics in the eastern North Pacific Ocean. Environmental Research Letters 15, 114056. https://doi.org/10.1088/1748-9326/abbb4f",https://doi.org/10.1088/1748-9326/abbb4f,"The Ocean Cleanup, Rotterdam, The Netherlands",The Ocean Cleanup Foundation,276264,https://www.ncei.noaa.gov/access/metadata/landing-page/bin/iso?id=gov.noaa.nodc:276264,12572,-14482081.3248782,3087380.02971115
0276264-0000250,8/8/2015 5:00:00 AM,31.005442,-140.074,Pacific Ocean,,,,,,Ocean water,,0,,Manta net,0.333,,,,,,3.940242,pieces/m3,1-10,High,Egger et al. 2020,"Egger, M., R. Nijhof, L. Quiros, G. Leone, S-J. Royer, A. C. McWhirter, G. A. Kantakov, V. I. Radchenko, E. A. Pakhomov, B. P. V. Hunt, L. Lebreton. 2020. A spatially variable scarcity of floating microplastics in the eastern North Pacific Ocean. Environmental Research Letters 15, 114056. https://doi.org/10.1088/1748-9326/abbb4f",https://doi.org/10.1088/1748-9326/abbb4f,"The Ocean Cleanup, Rotterdam, The Netherlands",The Ocean Cleanup Foundation,276264,https://www.ncei.noaa.gov/access/metadata/landing-page/bin/iso?id=gov.noaa.nodc:276264,12573,-15592966.353377,3633455.91084576
0276264-0000653,9/19/2015 5:00:00 AM,26.67355,-130.11035,Pacific Ocean,,,,,,Ocean water,,0,,Manta net,0.333,,,,,,0.471239,pieces/m3,0.005-1,Medium,Egger et al. 2020,"Egger, M., R. Nijhof, L. Quiros, G. Leone, S-J. Royer, A. C. McWhirter, G. A. Kantakov, V. I. Radchenko, E. A. Pakhomov, B. P. V. Hunt, L. Lebreton. 2020. A spatially variable scarcity of floating microplastics in the eastern North Pacific Ocean. Environmental Research Letters 15, 114056. https://doi.org/10.1088/1748-9326/abbb4f",https://doi.org/10.1088/1748-9326/abbb4f,"The Ocean Cleanup, Rotterdam, The Netherlands",The Ocean Cleanup Foundation,276264,https://www.ncei.noaa.gov/access/metadata/landing-page/bin/iso?id=gov.noaa.nodc:276264,12575,-14483817.9089346,3082745.00342122
0276264-0000349,8/13/2015 5:00:00 AM,34.43125,-151.25375,Pacific Ocean,,,,,,Ocean water,,0,,Manta net,0.333,,,,,,1.159275,pieces/m3,1-10,High,Egger et al. 2020,"Egger, M., R. Nijhof, L. Quiros, G. Leone, S-J. Royer, A. C. McWhirter, G. A. Kantakov, V. I. Radchenko, E. A. Pakhomov, B. P. V. Hunt, L. Lebreton. 2020. A spatially variable scarcity of floating microplastics in the eastern North Pacific Ocean. Environmental Research Letters 15, 114056. https://doi.org/10.1088/1748-9326/abbb4f",https://doi.org/10.1088/1748-9326/abbb4f,"The Ocean Cleanup, Rotterdam, The Netherlands",The Ocean Cleanup Foundation,276264,https://www.ncei.noaa.gov/access/metadata/landing-page/bin/iso?id=gov.noaa.nodc:276264,12576,-16837490.4305731,4086856.40515746
0276264-0000547,9/7/2015 5:00:00 AM,36.79505,-133.1918,Pacific Ocean,,,,,,Ocean water,,0,,Manta net,0.333,,,,,,1.578621,pieces/m3,1-10,High,Egger et al. 2020,"Egger, M., R. Nijhof, L. Quiros, G. Leone, S-J. Royer, A. C. McWhirter, G. A. Kantakov, V. I. Radchenko, E. A. Pakhomov, B. P. V. Hunt, L. Lebreton. 2020. A spatially variable scarcity of floating microplastics in the eastern North Pacific Ocean. Environmental Research Letters 15, 114056. https://doi.org/10.1088/1748-9326/abbb4f",https://doi.org/10.1088/1748-9326/abbb4f,"The Ocean Cleanup, Rotterdam, The Netherlands",The Ocean Cleanup Foundation,276264,https://www.ncei.noaa.gov/access/metadata/landing-page/bin/iso?id=gov.noaa.nodc:276264,12578,-14826843.3538395,4410577.77227526
0276264-0000350,8/14/2015 5:00:00 AM,36.292,-150.04125,Pacific Ocean,,,,,,Ocean water,,0,,Manta net,0.333,,,,,,0.513742,pieces/m3,0.005-1,Medium,Egger et al. 2020,"Egger, M., R. Nijhof, L. Quiros, G. Leone, S-J. Royer, A. C. McWhirter, G. A. Kantakov, V. I. Radchenko, E. A. Pakhomov, B. P. V. Hunt, L. Lebreton. 2020. A spatially variable scarcity of floating microplastics in the eastern North Pacific Ocean. Environmental Research Letters 15, 114056. https://doi.org/10.1088/1748-9326/abbb4f",https://doi.org/10.1088/1748-9326/abbb4f,"The Ocean Cleanup, Rotterdam, The Netherlands",The Ocean Cleanup Foundation,276264,https://www.ncei.noaa.gov/access/metadata/landing-page/bin/iso?id=gov.noaa.nodc:276264,12579,-16702515.5479863,4340874.86599673
0276264-0000446,8/3/2015 5:00:00 AM,30.0368,-150.34875,Pacific Ocean,,,,,,Ocean water,,0,,Manta net,0.333,,,,,,0.424666,pieces/m3,0.005-1,Medium,Egger et al. 2020,"Egger, M., R. Nijhof, L. Quiros, G. Leone, S-J. Royer, A. C. McWhirter, G. A. Kantakov, V. I. Radchenko, E. A. Pakhomov, B. P. V. Hunt, L. Lebreton. 2020. A spatially variable scarcity of floating microplastics in the eastern North Pacific Ocean. Environmental Research Letters 15, 114056. https://doi.org/10.1088/1748-9326/abbb4f",https://doi.org/10.1088/1748-9326/abbb4f,"The Ocean Cleanup, Rotterdam, The Netherlands",The Ocean Cleanup Foundation,276264,https://www.ncei.noaa.gov/access/metadata/landing-page/bin/iso?id=gov.noaa.nodc:276264,12581,-16736746.2914052,3508281.01796882
0276264-0000351,8/14/2015 5:00:00 AM,36.273667,-149.92,Pacific Ocean,,,,,,Ocean water,,0,,Manta net,0.333,,,,,,1.148941,pieces/m3,1-10,High,Egger et al. 2020,"Egger, M., R. Nijhof, L. Quiros, G. Leone, S-J. Royer, A. C. McWhirter, G. A. Kantakov, V. I. Radchenko, E. A. Pakhomov, B. P. V. Hunt, L. Lebreton. 2020. A spatially variable scarcity of floating microplastics in the eastern North Pacific Ocean. Environmental Research Letters 15, 114056. https://doi.org/10.1088/1748-9326/abbb4f",https://doi.org/10.1088/1748-9326/abbb4f,"The Ocean Cleanup, Rotterdam, The Netherlands",The Ocean Cleanup Foundation,276264,https://www.ncei.noaa.gov/access/metadata/landing-page/bin/iso?id=gov.noaa.nodc:276264,12582,-16689018.0597276,4338343.16271688
0276264-0000447,8/4/2015 5:00:00 AM,30.1002,-150.29195,Pacific Ocean,,,,,,Ocean water,,0,,Manta net,0.333,,,,,,0.183463,pieces/m3,0.005-1,Medium,Egger et al. 2020,"Egger, M., R. Nijhof, L. Quiros, G. Leone, S-J. Royer, A. C. McWhirter, G. A. Kantakov, V. I. Radchenko, E. A. Pakhomov, B. P. V. Hunt, L. Lebreton. 2020. A spatially variable scarcity of floating microplastics in the eastern North Pacific Ocean. Environmental Research Letters 15, 114056. https://doi.org/10.1088/1748-9326/abbb4f",https://doi.org/10.1088/1748-9326/abbb4f,"The Ocean Cleanup, Rotterdam, The Netherlands",The Ocean Cleanup Foundation,276264,https://www.ncei.noaa.gov/access/metadata/landing-page/bin/iso?id=gov.noaa.nodc:276264,12584,-16730423.3443281,3516436.13242485
0276264-0000654,9/19/2015 5:00:00 AM,26.64255,-130.07915,Pacific Ocean,,,,,,Ocean water,,0,,Manta net,0.333,,,,,,0.292958,pieces/m3,0.005-1,Medium,Egger et al. 2020,"Egger, M., R. Nijhof, L. Quiros, G. Leone, S-J. Royer, A. C. McWhirter, G. A. Kantakov, V. I. Radchenko, E. A. Pakhomov, B. P. V. Hunt, L. Lebreton. 2020. A spatially variable scarcity of floating microplastics in the eastern North Pacific Ocean. Environmental Research Letters 15, 114056. https://doi.org/10.1088/1748-9326/abbb4f",https://doi.org/10.1088/1748-9326/abbb4f,"The Ocean Cleanup, Rotterdam, The Netherlands",The Ocean Cleanup Foundation,276264,https://www.ncei.noaa.gov/access/metadata/landing-page/bin/iso?id=gov.noaa.nodc:276264,12586,-14480344.7408219,3078883.63630013
0276264-0000251,8/8/2015 5:00:00 AM,31.007708,-140.0705,Pacific Ocean,,,,,,Ocean water,,0,,Manta net,0.333,,,,,,3.591232,pieces/m3,1-10,High,Egger et al. 2020,"Egger, M., R. Nijhof, L. Quiros, G. Leone, S-J. Royer, A. C. McWhirter, G. A. Kantakov, V. I. Radchenko, E. A. Pakhomov, B. P. V. Hunt, L. Lebreton. 2020. A spatially variable scarcity of floating microplastics in the eastern North Pacific Ocean. Environmental Research Letters 15, 114056. https://doi.org/10.1088/1748-9326/abbb4f",https://doi.org/10.1088/1748-9326/abbb4f,"The Ocean Cleanup, Rotterdam, The Netherlands",The Ocean Cleanup Foundation,276264,https://www.ncei.noaa.gov/access/metadata/landing-page/bin/iso?id=gov.noaa.nodc:276264,12587,-15592576.7351592,3633750.21437549
0276264-0000548,9/7/2015 5:00:00 AM,36.74855,-133.1945,Pacific Ocean,,,,,,Ocean water,,0,,Manta net,0.333,,,,,,2.413135,pieces/m3,1-10,High,Egger et al. 2020,"Egger, M., R. Nijhof, L. Quiros, G. Leone, S-J. Royer, A. C. McWhirter, G. A. Kantakov, V. I. Radchenko, E. A. Pakhomov, B. P. V. Hunt, L. Lebreton. 2020. A spatially variable scarcity of floating microplastics in the eastern North Pacific Ocean. Environmental Research Letters 15, 114056. https://doi.org/10.1088/1748-9326/abbb4f",https://doi.org/10.1088/1748-9326/abbb4f,"The Ocean Cleanup, Rotterdam, The Netherlands",The Ocean Cleanup Foundation,276264,https://www.ncei.noaa.gov/access/metadata/landing-page/bin/iso?id=gov.noaa.nodc:276264,12588,-14827143.9164647,4404115.61504637
0276264-0000252,8/8/2015 5:00:00 AM,31.000233,-140.6145,Pacific Ocean,,,,,,Ocean water,,0,,Manta net,0.333,,,,,,5.563262,pieces/m3,1-10,High,Egger et al. 2020,"Egger, M., R. Nijhof, L. Quiros, G. Leone, S-J. Royer, A. C. McWhirter, G. A. Kantakov, V. I. Radchenko, E. A. Pakhomov, B. P. V. Hunt, L. Lebreton. 2020. A spatially variable scarcity of floating microplastics in the eastern North Pacific Ocean. Environmental Research Letters 15, 114056. https://doi.org/10.1088/1748-9326/abbb4f",https://doi.org/10.1088/1748-9326/abbb4f,"The Ocean Cleanup, Rotterdam, The Netherlands",The Ocean Cleanup Foundation,276264,https://www.ncei.noaa.gov/access/metadata/landing-page/bin/iso?id=gov.noaa.nodc:276264,12589,-15653134.5381508,3632779.40290672
0276264-0000352,8/8/2015 5:00:00 AM,33.8761,-148.17765,Pacific Ocean,,,,,,Ocean water,,0,,Manta net,0.333,,,,,,0.437536,pieces/m3,0.005-1,Medium,Egger et al. 2020,"Egger, M., R. Nijhof, L. Quiros, G. Leone, S-J. Royer, A. C. McWhirter, G. A. Kantakov, V. I. Radchenko, E. A. Pakhomov, B. P. V. Hunt, L. Lebreton. 2020. A spatially variable scarcity of floating microplastics in the eastern North Pacific Ocean. Environmental Research Letters 15, 114056. https://doi.org/10.1088/1748-9326/abbb4f",https://doi.org/10.1088/1748-9326/abbb4f,"The Ocean Cleanup, Rotterdam, The Netherlands",The Ocean Cleanup Foundation,276264,https://www.ncei.noaa.gov/access/metadata/landing-page/bin/iso?id=gov.noaa.nodc:276264,12591,-16495060.5449439,4012177.39172813
0276264-0000448,8/4/2015 5:00:00 AM,30.1622,-150.2365,Pacific Ocean,,,,,,Ocean water,,0,,Manta net,0.333,,,,,,0.152902,pieces/m3,0.005-1,Medium,Egger et al. 2020,"Egger, M., R. Nijhof, L. Quiros, G. Leone, S-J. Royer, A. C. McWhirter, G. A. Kantakov, V. I. Radchenko, E. A. Pakhomov, B. P. V. Hunt, L. Lebreton. 2020. A spatially variable scarcity of floating microplastics in the eastern North Pacific Ocean. Environmental Research Letters 15, 114056. https://doi.org/10.1088/1748-9326/abbb4f",https://doi.org/10.1088/1748-9326/abbb4f,"The Ocean Cleanup, Rotterdam, The Netherlands",The Ocean Cleanup Foundation,276264,https://www.ncei.noaa.gov/access/metadata/landing-page/bin/iso?id=gov.noaa.nodc:276264,12592,-16724250.6785636,3524416.22604549
0276264-0000655,9/19/2015 5:00:00 AM,26.8144,-130.4419,Pacific Ocean,,,,,,Ocean water,,0,,Manta net,0.333,,,,,,0.258935,pieces/m3,0.005-1,Medium,Egger et al. 2020,"Egger, M., R. Nijhof, L. Quiros, G. Leone, S-J. Royer, A. C. McWhirter, G. A. Kantakov, V. I. Radchenko, E. A. Pakhomov, B. P. V. Hunt, L. Lebreton. 2020. A spatially variable scarcity of floating microplastics in the eastern North Pacific Ocean. Environmental Research Letters 15, 114056. https://doi.org/10.1088/1748-9326/abbb4f",https://doi.org/10.1088/1748-9326/abbb4f,"The Ocean Cleanup, Rotterdam, The Netherlands",The Ocean Cleanup Foundation,276264,https://www.ncei.noaa.gov/access/metadata/landing-page/bin/iso?id=gov.noaa.nodc:276264,12594,-14520725.8861071,3100302.55662485
0276264-0000549,9/8/2015 5:00:00 AM,36.6861,-133.2069,Pacific Ocean,,,,,,Ocean water,,0,,Manta net,0.333,,,,,,3.215274,pieces/m3,1-10,High,Egger et al. 2020,"Egger, M., R. Nijhof, L. Quiros, G. Leone, S-J. Royer, A. C. McWhirter, G. A. Kantakov, V. I. Radchenko, E. A. Pakhomov, B. P. V. Hunt, L. Lebreton. 2020. A spatially variable scarcity of floating microplastics in the eastern North Pacific Ocean. Environmental Research Letters 15, 114056. https://doi.org/10.1088/1748-9326/abbb4f",https://doi.org/10.1088/1748-9326/abbb4f,"The Ocean Cleanup, Rotterdam, The Netherlands",The Ocean Cleanup Foundation,276264,https://www.ncei.noaa.gov/access/metadata/landing-page/bin/iso?id=gov.noaa.nodc:276264,12595,-14828524.2781505,4395443.02626353
0276264-0000253,8/8/2015 5:00:00 AM,31.001293,-140.612,Pacific Ocean,,,,,,Ocean water,,0,,Manta net,0.333,,,,,,6.471148,pieces/m3,1-10,High,Egger et al. 2020,"Egger, M., R. Nijhof, L. Quiros, G. Leone, S-J. Royer, A. C. McWhirter, G. A. Kantakov, V. I. Radchenko, E. A. Pakhomov, B. P. V. Hunt, L. Lebreton. 2020. A spatially variable scarcity of floating microplastics in the eastern North Pacific Ocean. Environmental Research Letters 15, 114056. https://doi.org/10.1088/1748-9326/abbb4f",https://doi.org/10.1088/1748-9326/abbb4f,"The Ocean Cleanup, Rotterdam, The Netherlands",The Ocean Cleanup Foundation,276264,https://www.ncei.noaa.gov/access/metadata/landing-page/bin/iso?id=gov.noaa.nodc:276264,12597,-15652856.2394238,3632917.06518611
0276264-0000449,8/5/2015 5:00:00 AM,31.6661,-148.79285,Pacific Ocean,,,,,,Ocean water,,0,,Manta net,0.333,,,,,,0.795527,pieces/m3,0.005-1,Medium,Egger et al. 2020,"Egger, M., R. Nijhof, L. Quiros, G. Leone, S-J. Royer, A. C. McWhirter, G. A. Kantakov, V. I. Radchenko, E. A. Pakhomov, B. P. V. Hunt, L. Lebreton. 2020. A spatially variable scarcity of floating microplastics in the eastern North Pacific Ocean. Environmental Research Letters 15, 114056. https://doi.org/10.1088/1748-9326/abbb4f",https://doi.org/10.1088/1748-9326/abbb4f,"The Ocean Cleanup, Rotterdam, The Netherlands",The Ocean Cleanup Foundation,276264,https://www.ncei.noaa.gov/access/metadata/landing-page/bin/iso?id=gov.noaa.nodc:276264,12598,-16563544.2956799,3719560.42653365
0276264-0000656,9/19/2015 5:00:00 AM,26.83415,-130.4905,Pacific Ocean,,,,,,Ocean water,,0,,Manta net,0.333,,,,,,0.379932,pieces/m3,0.005-1,Medium,Egger et al. 2020,"Egger, M., R. Nijhof, L. Quiros, G. Leone, S-J. Royer, A. C. McWhirter, G. A. Kantakov, V. I. Radchenko, E. A. Pakhomov, B. P. V. Hunt, L. Lebreton. 2020. A spatially variable scarcity of floating microplastics in the eastern North Pacific Ocean. Environmental Research Letters 15, 114056. https://doi.org/10.1088/1748-9326/abbb4f",https://doi.org/10.1088/1748-9326/abbb4f,"The Ocean Cleanup, Rotterdam, The Netherlands",The Ocean Cleanup Foundation,276264,https://www.ncei.noaa.gov/access/metadata/landing-page/bin/iso?id=gov.noaa.nodc:276264,12600,-14526136.0133597,3102766.21976869
0276264-0000254,8/9/2015 5:00:00 AM,30.983093,-141.2415,Pacific Ocean,,,,,,Ocean water,,0,,Manta net,0.333,,,,,,6.950086,pieces/m3,1-10,High,Egger et al. 2020,"Egger, M., R. Nijhof, L. Quiros, G. Leone, S-J. Royer, A. C. McWhirter, G. A. Kantakov, V. I. Radchenko, E. A. Pakhomov, B. P. V. Hunt, L. Lebreton. 2020. A spatially variable scarcity of floating microplastics in the eastern North Pacific Ocean. Environmental Research Letters 15, 114056. https://doi.org/10.1088/1748-9326/abbb4f",https://doi.org/10.1088/1748-9326/abbb4f,"The Ocean Cleanup, Rotterdam, The Netherlands",The Ocean Cleanup Foundation,276264,https://www.ncei.noaa.gov/access/metadata/landing-page/bin/iso?id=gov.noaa.nodc:276264,12602,-15722931.8588781,3630553.64219507
0276264-0000550,9/8/2015 5:00:00 AM,35.59465,-132.87865,Pacific Ocean,,,,,,Ocean water,,0,,Manta net,0.333,,,,,,1.574961,pieces/m3,1-10,High,Egger et al. 2020,"Egger, M., R. Nijhof, L. Quiros, G. Leone, S-J. Royer, A. C. McWhirter, G. A. Kantakov, V. I. Radchenko, E. A. Pakhomov, B. P. V. Hunt, L. Lebreton. 2020. A spatially variable scarcity of floating microplastics in the eastern North Pacific Ocean. Environmental Research Letters 15, 114056. https://doi.org/10.1088/1748-9326/abbb4f",https://doi.org/10.1088/1748-9326/abbb4f,"The Ocean Cleanup, Rotterdam, The Netherlands",The Ocean Cleanup Foundation,276264,https://www.ncei.noaa.gov/access/metadata/landing-page/bin/iso?id=gov.noaa.nodc:276264,12603,-14791983.6552976,4244988.23046556
0276264-0000353,8/8/2015 5:00:00 AM,34.361559,-151.176779,Pacific Ocean,,,,,,Ocean water,,0,,Manta net,0.333,,,,,,0.292719,pieces/m3,0.005-1,Medium,Egger et al. 2020,"Egger, M., R. Nijhof, L. Quiros, G. Leone, S-J. Royer, A. C. McWhirter, G. A. Kantakov, V. I. Radchenko, E. A. Pakhomov, B. P. V. Hunt, L. Lebreton. 2020. A spatially variable scarcity of floating microplastics in the eastern North Pacific Ocean. Environmental Research Letters 15, 114056. https://doi.org/10.1088/1748-9326/abbb4f",https://doi.org/10.1088/1748-9326/abbb4f,"The Ocean Cleanup, Rotterdam, The Netherlands",The Ocean Cleanup Foundation,276264,https://www.ncei.noaa.gov/access/metadata/landing-page/bin/iso?id=gov.noaa.nodc:276264,12604,-16828922.0580473,4077454.5055883
0276264-0000450,8/5/2015 5:00:00 AM,31.7191,-148.7428,Pacific Ocean,,,,,,Ocean water,,0,,Manta net,0.333,,,,,,0.758546,pieces/m3,0.005-1,Medium,Egger et al. 2020,"Egger, M., R. Nijhof, L. Quiros, G. Leone, S-J. Royer, A. C. McWhirter, G. A. Kantakov, V. I. Radchenko, E. A. Pakhomov, B. P. V. Hunt, L. Lebreton. 2020. A spatially variable scarcity of floating microplastics in the eastern North Pacific Ocean. Environmental Research Letters 15, 114056. https://doi.org/10.1088/1748-9326/abbb4f",https://doi.org/10.1088/1748-9326/abbb4f,"The Ocean Cleanup, Rotterdam, The Netherlands",The Ocean Cleanup Foundation,276264,https://www.ncei.noaa.gov/access/metadata/landing-page/bin/iso?id=gov.noaa.nodc:276264,12606,-16557972.7551657,3726494.35438444
0276264-0000657,9/19/2015 5:00:00 AM,26.95735,-130.6939,Pacific Ocean,,,,,,Ocean water,,0,,Manta net,0.333,,,,,,0.616756,pieces/m3,0.005-1,Medium,Egger et al. 2020,"Egger, M., R. Nijhof, L. Quiros, G. Leone, S-J. Royer, A. C. McWhirter, G. A. Kantakov, V. I. Radchenko, E. A. Pakhomov, B. P. V. Hunt, L. Lebreton. 2020. A spatially variable scarcity of floating microplastics in the eastern North Pacific Ocean. Environmental Research Letters 15, 114056. https://doi.org/10.1088/1748-9326/abbb4f",https://doi.org/10.1088/1748-9326/abbb4f,"The Ocean Cleanup, Rotterdam, The Netherlands",The Ocean Cleanup Foundation,276264,https://www.ncei.noaa.gov/access/metadata/landing-page/bin/iso?id=gov.noaa.nodc:276264,12607,-14548778.397787,3118144.2049776
0276264-0000551,9/8/2015 5:00:00 AM,35.53215,-132.90485,Pacific Ocean,,,,,,Ocean water,,0,,Manta net,0.333,,,,,,0.894086,pieces/m3,0.005-1,Medium,Egger et al. 2020,"Egger, M., R. Nijhof, L. Quiros, G. Leone, S-J. Royer, A. C. McWhirter, G. A. Kantakov, V. I. Radchenko, E. A. Pakhomov, B. P. V. Hunt, L. Lebreton. 2020. A spatially variable scarcity of floating microplastics in the eastern North Pacific Ocean. Environmental Research Letters 15, 114056. https://doi.org/10.1088/1748-9326/abbb4f",https://doi.org/10.1088/1748-9326/abbb4f,"The Ocean Cleanup, Rotterdam, The Netherlands",The Ocean Cleanup Foundation,276264,https://www.ncei.noaa.gov/access/metadata/landing-page/bin/iso?id=gov.noaa.nodc:276264,12608,-14794900.2259564,4236435.42837092
0276264-0000255,8/9/2015 5:00:00 AM,30.985335,-141.239,Pacific Ocean,,,,,,Ocean water,,0,,Manta net,0.333,,,,,,8.261449,pieces/m3,1-10,High,Egger et al. 2020,"Egger, M., R. Nijhof, L. Quiros, G. Leone, S-J. Royer, A. C. McWhirter, G. A. Kantakov, V. I. Radchenko, E. A. Pakhomov, B. P. V. Hunt, L. Lebreton. 2020. A spatially variable scarcity of floating microplastics in the eastern North Pacific Ocean. Environmental Research Letters 15, 114056. https://doi.org/10.1088/1748-9326/abbb4f",https://doi.org/10.1088/1748-9326/abbb4f,"The Ocean Cleanup, Rotterdam, The Netherlands",The Ocean Cleanup Foundation,276264,https://www.ncei.noaa.gov/access/metadata/landing-page/bin/iso?id=gov.noaa.nodc:276264,12610,-15722653.5601512,3630844.76039028
0276264-0000451,8/5/2015 5:00:00 AM,31.7684,-148.69475,Pacific Ocean,,,,,,Ocean water,,0,,Manta net,0.333,,,,,,1.820322,pieces/m3,1-10,High,Egger et al. 2020,"Egger, M., R. Nijhof, L. Quiros, G. Leone, S-J. Royer, A. C. McWhirter, G. A. Kantakov, V. I. Radchenko, E. A. Pakhomov, B. P. V. Hunt, L. Lebreton. 2020. A spatially variable scarcity of floating microplastics in the eastern North Pacific Ocean. Environmental Research Letters 15, 114056. https://doi.org/10.1088/1748-9326/abbb4f",https://doi.org/10.1088/1748-9326/abbb4f,"The Ocean Cleanup, Rotterdam, The Netherlands",The Ocean Cleanup Foundation,276264,https://www.ncei.noaa.gov/access/metadata/landing-page/bin/iso?id=gov.noaa.nodc:276264,12613,-16552623.8536331,3732947.77525324
0276264-0000658,9/19/2015 5:00:00 AM,26.9979,-130.7584,Pacific Ocean,,,,,,Ocean water,,0,,Manta net,0.333,,,,,,0.320443,pieces/m3,0.005-1,Medium,Egger et al. 2020,"Egger, M., R. Nijhof, L. Quiros, G. Leone, S-J. Royer, A. C. McWhirter, G. A. Kantakov, V. I. Radchenko, E. A. Pakhomov, B. P. V. Hunt, L. Lebreton. 2020. A spatially variable scarcity of floating microplastics in the eastern North Pacific Ocean. Environmental Research Letters 15, 114056. https://doi.org/10.1088/1748-9326/abbb4f",https://doi.org/10.1088/1748-9326/abbb4f,"The Ocean Cleanup, Rotterdam, The Netherlands",The Ocean Cleanup Foundation,276264,https://www.ncei.noaa.gov/access/metadata/landing-page/bin/iso?id=gov.noaa.nodc:276264,12614,-14555958.5049432,3123209.38430527
0276264-0000256,8/9/2015 5:00:00 AM,30.997417,-141.8015,Pacific Ocean,,,,,,Ocean water,,0,,Manta net,0.333,,,,,,5.076931,pieces/m3,1-10,High,Egger et al. 2020,"Egger, M., R. Nijhof, L. Quiros, G. Leone, S-J. Royer, A. C. McWhirter, G. A. Kantakov, V. I. Radchenko, E. A. Pakhomov, B. P. V. Hunt, L. Lebreton. 2020. A spatially variable scarcity of floating microplastics in the eastern North Pacific Ocean. Environmental Research Letters 15, 114056. https://doi.org/10.1088/1748-9326/abbb4f",https://doi.org/10.1088/1748-9326/abbb4f,"The Ocean Cleanup, Rotterdam, The Netherlands",The Ocean Cleanup Foundation,276264,https://www.ncei.noaa.gov/access/metadata/landing-page/bin/iso?id=gov.noaa.nodc:276264,12616,-15785270.7737224,3632413.69620831
0276264-0000552,9/8/2015 5:00:00 AM,35.4712,-132.92745,Pacific Ocean,,,,,,Ocean water,,0,,Manta net,0.333,,,,,,0.514966,pieces/m3,0.005-1,Medium,Egger et al. 2020,"Egger, M., R. Nijhof, L. Quiros, G. Leone, S-J. Royer, A. C. McWhirter, G. A. Kantakov, V. I. Radchenko, E. A. Pakhomov, B. P. V. Hunt, L. Lebreton. 2020. A spatially variable scarcity of floating microplastics in the eastern North Pacific Ocean. Environmental Research Letters 15, 114056. https://doi.org/10.1088/1748-9326/abbb4f",https://doi.org/10.1088/1748-9326/abbb4f,"The Ocean Cleanup, Rotterdam, The Netherlands",The Ocean Cleanup Foundation,276264,https://www.ncei.noaa.gov/access/metadata/landing-page/bin/iso?id=gov.noaa.nodc:276264,12617,-14797416.0464483,4228101.1503164
0276264-0000354,8/9/2015 5:00:00 AM,34.360313,-150.425565,Pacific Ocean,,,,,,Ocean water,,0,,Manta net,0.333,,,,,,0.665633,pieces/m3,0.005-1,Medium,Egger et al. 2020,"Egger, M., R. Nijhof, L. Quiros, G. Leone, S-J. Royer, A. C. McWhirter, G. A. Kantakov, V. I. Radchenko, E. A. Pakhomov, B. P. V. Hunt, L. Lebreton. 2020. A spatially variable scarcity of floating microplastics in the eastern North Pacific Ocean. Environmental Research Letters 15, 114056. https://doi.org/10.1088/1748-9326/abbb4f",https://doi.org/10.1088/1748-9326/abbb4f,"The Ocean Cleanup, Rotterdam, The Netherlands",The Ocean Cleanup Foundation,276264,https://www.ncei.noaa.gov/access/metadata/landing-page/bin/iso?id=gov.noaa.nodc:276264,12618,-16745297.2980905,4077286.48095131
0276264-0000452,8/5/2015 5:00:00 AM,33.05545,-147.4223,Pacific Ocean,,,,,,Ocean water,,0,,Manta net,0.333,,,,,,2.842617,pieces/m3,1-10,High,Egger et al. 2020,"Egger, M., R. Nijhof, L. Quiros, G. Leone, S-J. Royer, A. C. McWhirter, G. A. Kantakov, V. I. Radchenko, E. A. Pakhomov, B. P. V. Hunt, L. Lebreton. 2020. A spatially variable scarcity of floating microplastics in the eastern North Pacific Ocean. Environmental Research Letters 15, 114056. https://doi.org/10.1088/1748-9326/abbb4f",https://doi.org/10.1088/1748-9326/abbb4f,"The Ocean Cleanup, Rotterdam, The Netherlands",The Ocean Cleanup Foundation,276264,https://www.ncei.noaa.gov/access/metadata/landing-page/bin/iso?id=gov.noaa.nodc:276264,12620,-16410975.3675732,3902666.33844069
0276264-0000659,9/20/2015 5:00:00 AM,27.03455,-130.82,Pacific Ocean,,,,,,Ocean water,,0,,Manta net,0.333,,,,,,0.364115,pieces/m3,0.005-1,Medium,Egger et al. 2020,"Egger, M., R. Nijhof, L. Quiros, G. Leone, S-J. Royer, A. C. McWhirter, G. A. Kantakov, V. I. Radchenko, E. A. Pakhomov, B. P. V. Hunt, L. Lebreton. 2020. A spatially variable scarcity of floating microplastics in the eastern North Pacific Ocean. Environmental Research Letters 15, 114056. https://doi.org/10.1088/1748-9326/abbb4f",https://doi.org/10.1088/1748-9326/abbb4f,"The Ocean Cleanup, Rotterdam, The Netherlands",The Ocean Cleanup Foundation,276264,https://www.ncei.noaa.gov/access/metadata/landing-page/bin/iso?id=gov.noaa.nodc:276264,12621,-14562815.785576,3127788.97856501
0276264-0000257,8/9/2015 5:00:00 AM,30.990473,-141.8,Pacific Ocean,,,,,,Ocean water,,0,,Manta net,0.333,,,,,,4.295994,pieces/m3,1-10,High,Egger et al. 2020,"Egger, M., R. Nijhof, L. Quiros, G. Leone, S-J. Royer, A. C. McWhirter, G. A. Kantakov, V. I. Radchenko, E. A. Pakhomov, B. P. V. Hunt, L. Lebreton. 2020. A spatially variable scarcity of floating microplastics in the eastern North Pacific Ocean. Environmental Research Letters 15, 114056. https://doi.org/10.1088/1748-9326/abbb4f",https://doi.org/10.1088/1748-9326/abbb4f,"The Ocean Cleanup, Rotterdam, The Netherlands",The Ocean Cleanup Foundation,276264,https://www.ncei.noaa.gov/access/metadata/landing-page/bin/iso?id=gov.noaa.nodc:276264,12623,-15785103.7944862,3631511.9428785
0276264-0000553,9/8/2015 5:00:00 AM,35.42255,-132.9495,Pacific Ocean,,,,,,Ocean water,,0,,Manta net,0.333,,,,,,0.551901,pieces/m3,0.005-1,Medium,Egger et al. 2020,"Egger, M., R. Nijhof, L. Quiros, G. Leone, S-J. Royer, A. C. McWhirter, G. A. Kantakov, V. I. Radchenko, E. A. Pakhomov, B. P. V. Hunt, L. Lebreton. 2020. A spatially variable scarcity of floating microplastics in the eastern North Pacific Ocean. Environmental Research Letters 15, 114056. https://doi.org/10.1088/1748-9326/abbb4f",https://doi.org/10.1088/1748-9326/abbb4f,"The Ocean Cleanup, Rotterdam, The Netherlands",The Ocean Cleanup Foundation,276264,https://www.ncei.noaa.gov/access/metadata/landing-page/bin/iso?id=gov.noaa.nodc:276264,12626,-14799870.6412203,4221453.30200792
0276264-0000453,8/6/2015 5:00:00 AM,33.1201,-147.3596,Pacific Ocean,,,,,,Ocean water,,0,,Manta net,0.333,,,,,,2.491377,pieces/m3,1-10,High,Egger et al. 2020,"Egger, M., R. Nijhof, L. Quiros, G. Leone, S-J. Royer, A. C. McWhirter, G. A. Kantakov, V. I. Radchenko, E. A. Pakhomov, B. P. V. Hunt, L. Lebreton. 2020. A spatially variable scarcity of floating microplastics in the eastern North Pacific Ocean. Environmental Research Letters 15, 114056. https://doi.org/10.1088/1748-9326/abbb4f",https://doi.org/10.1088/1748-9326/abbb4f,"The Ocean Cleanup, Rotterdam, The Netherlands",The Ocean Cleanup Foundation,276264,https://www.ncei.noaa.gov/access/metadata/landing-page/bin/iso?id=gov.noaa.nodc:276264,12627,-16403995.6355005,3911256.10124389
0276264-0000660,9/19/2015 5:00:00 AM,26.8595,-130.5453,Pacific Ocean,,,,,,Ocean water,,0,,Manta net,0.333,,,,,,0.402258,pieces/m3,0.005-1,Medium,Egger et al. 2020,"Egger, M., R. Nijhof, L. Quiros, G. Leone, S-J. Royer, A. C. McWhirter, G. A. Kantakov, V. I. Radchenko, E. A. Pakhomov, B. P. V. Hunt, L. Lebreton. 2020. A spatially variable scarcity of floating microplastics in the eastern North Pacific Ocean. Environmental Research Letters 15, 114056. https://doi.org/10.1088/1748-9326/abbb4f",https://doi.org/10.1088/1748-9326/abbb4f,"The Ocean Cleanup, Rotterdam, The Netherlands",The Ocean Cleanup Foundation,276264,https://www.ncei.noaa.gov/access/metadata/landing-page/bin/iso?id=gov.noaa.nodc:276264,12628,-14532236.3214551,3105929.07028393
0276264-0000258,8/9/2015 5:00:00 AM,30.998698,-142.3675,Pacific Ocean,,,,,,Ocean water,,0,,Manta net,0.333,,,,,,5.148795,pieces/m3,1-10,High,Egger et al. 2020,"Egger, M., R. Nijhof, L. Quiros, G. Leone, S-J. Royer, A. C. McWhirter, G. A. Kantakov, V. I. Radchenko, E. A. Pakhomov, B. P. V. Hunt, L. Lebreton. 2020. A spatially variable scarcity of floating microplastics in the eastern North Pacific Ocean. Environmental Research Letters 15, 114056. https://doi.org/10.1088/1748-9326/abbb4f",https://doi.org/10.1088/1748-9326/abbb4f,"The Ocean Cleanup, Rotterdam, The Netherlands",The Ocean Cleanup Foundation,276264,https://www.ncei.noaa.gov/access/metadata/landing-page/bin/iso?id=gov.noaa.nodc:276264,12629,-15848277.6055114,3632580.05505427
0276264-0000355,8/9/2015 5:00:00 AM,34.3742,-150.30375,Pacific Ocean,,,,,,Ocean water,,0,,Manta net,0.333,,,,,,0.558239,pieces/m3,0.005-1,Medium,Egger et al. 2020,"Egger, M., R. Nijhof, L. Quiros, G. Leone, S-J. Royer, A. C. McWhirter, G. A. Kantakov, V. I. Radchenko, E. A. Pakhomov, B. P. V. Hunt, L. Lebreton. 2020. A spatially variable scarcity of floating microplastics in the eastern North Pacific Ocean. Environmental Research Letters 15, 114056. https://doi.org/10.1088/1748-9326/abbb4f",https://doi.org/10.1088/1748-9326/abbb4f,"The Ocean Cleanup, Rotterdam, The Netherlands",The Ocean Cleanup Foundation,276264,https://www.ncei.noaa.gov/access/metadata/landing-page/bin/iso?id=gov.noaa.nodc:276264,12631,-16731736.9143195,4079159.30130516
0276264-0000454,8/6/2015 5:00:00 AM,33.18105,-147.2988,Pacific Ocean,,,,,,Ocean water,,0,,Manta net,0.333,,,,,,2.76533,pieces/m3,1-10,High,Egger et al. 2020,"Egger, M., R. Nijhof, L. Quiros, G. Leone, S-J. Royer, A. C. McWhirter, G. A. Kantakov, V. I. Radchenko, E. A. Pakhomov, B. P. V. Hunt, L. Lebreton. 2020. A spatially variable scarcity of floating microplastics in the eastern North Pacific Ocean. Environmental Research Letters 15, 114056. https://doi.org/10.1088/1748-9326/abbb4f",https://doi.org/10.1088/1748-9326/abbb4f,"The Ocean Cleanup, Rotterdam, The Netherlands",The Ocean Cleanup Foundation,276264,https://www.ncei.noaa.gov/access/metadata/landing-page/bin/iso?id=gov.noaa.nodc:276264,12634,-16397227.4104602,3919360.05371719
0276264-0000661,9/19/2015 5:00:00 AM,26.89715,-130.59185,Pacific Ocean,,,,,,Ocean water,,0,,Manta net,0.333,,,,,,0.183989,pieces/m3,0.005-1,Medium,Egger et al. 2020,"Egger, M., R. Nijhof, L. Quiros, G. Leone, S-J. Royer, A. C. McWhirter, G. A. Kantakov, V. I. Radchenko, E. A. Pakhomov, B. P. V. Hunt, L. Lebreton. 2020. A spatially variable scarcity of floating microplastics in the eastern North Pacific Ocean. Environmental Research Letters 15, 114056. https://doi.org/10.1088/1748-9326/abbb4f",https://doi.org/10.1088/1748-9326/abbb4f,"The Ocean Cleanup, Rotterdam, The Netherlands",The Ocean Cleanup Foundation,276264,https://www.ncei.noaa.gov/access/metadata/landing-page/bin/iso?id=gov.noaa.nodc:276264,12635,-14537418.2437516,3110627.86667616
0276264-0000356,8/9/2015 5:00:00 AM,34.5663,-147.3776,Pacific Ocean,,,,,,Ocean water,,0,,Manta net,0.333,,,,,,0.326856,pieces/m3,0.005-1,Medium,Egger et al. 2020,"Egger, M., R. Nijhof, L. Quiros, G. Leone, S-J. Royer, A. C. McWhirter, G. A. Kantakov, V. I. Radchenko, E. A. Pakhomov, B. P. V. Hunt, L. Lebreton. 2020. A spatially variable scarcity of floating microplastics in the eastern North Pacific Ocean. Environmental Research Letters 15, 114056. https://doi.org/10.1088/1748-9326/abbb4f",https://doi.org/10.1088/1748-9326/abbb4f,"The Ocean Cleanup, Rotterdam, The Netherlands",The Ocean Cleanup Foundation,276264,https://www.ncei.noaa.gov/access/metadata/landing-page/bin/iso?id=gov.noaa.nodc:276264,12636,-16405999.3863348,4105098.12991307
0276264-0000554,9/8/2015 5:00:00 AM,35.37085,-132.9414,Pacific Ocean,,,,,,Ocean water,,0,,Manta net,0.333,,,,,,0.650244,pieces/m3,0.005-1,Medium,Egger et al. 2020,"Egger, M., R. Nijhof, L. Quiros, G. Leone, S-J. Royer, A. C. McWhirter, G. A. Kantakov, V. I. Radchenko, E. A. Pakhomov, B. P. V. Hunt, L. Lebreton. 2020. A spatially variable scarcity of floating microplastics in the eastern North Pacific Ocean. Environmental Research Letters 15, 114056. https://doi.org/10.1088/1748-9326/abbb4f",https://doi.org/10.1088/1748-9326/abbb4f,"The Ocean Cleanup, Rotterdam, The Netherlands",The Ocean Cleanup Foundation,276264,https://www.ncei.noaa.gov/access/metadata/landing-page/bin/iso?id=gov.noaa.nodc:276264,12640,-14798968.9533449,4214393.08084076
0276264-0000259,8/9/2015 5:00:00 AM,30.998768,-142.365,Pacific Ocean,,,,,,Ocean water,,0,,Manta net,0.333,,,,,,3.394001,pieces/m3,1-10,High,Egger et al. 2020,"Egger, M., R. Nijhof, L. Quiros, G. Leone, S-J. Royer, A. C. McWhirter, G. A. Kantakov, V. I. Radchenko, E. A. Pakhomov, B. P. V. Hunt, L. Lebreton. 2020. A spatially variable scarcity of floating microplastics in the eastern North Pacific Ocean. Environmental Research Letters 15, 114056. https://doi.org/10.1088/1748-9326/abbb4f",https://doi.org/10.1088/1748-9326/abbb4f,"The Ocean Cleanup, Rotterdam, The Netherlands",The Ocean Cleanup Foundation,276264,https://www.ncei.noaa.gov/access/metadata/landing-page/bin/iso?id=gov.noaa.nodc:276264,12641,-15847999.3067844,3632589.14576599
0276264-0000455,8/6/2015 5:00:00 AM,34.74145,-145.67045,Pacific Ocean,,,,,,Ocean water,,0,,Manta net,0.333,,,,,,1.799987,pieces/m3,1-10,High,Egger et al. 2020,"Egger, M., R. Nijhof, L. Quiros, G. Leone, S-J. Royer, A. C. McWhirter, G. A. Kantakov, V. I. Radchenko, E. A. Pakhomov, B. P. V. Hunt, L. Lebreton. 2020. A spatially variable scarcity of floating microplastics in the eastern North Pacific Ocean. Environmental Research Letters 15, 114056. https://doi.org/10.1088/1748-9326/abbb4f",https://doi.org/10.1088/1748-9326/abbb4f,"The Ocean Cleanup, Rotterdam, The Netherlands",The Ocean Cleanup Foundation,276264,https://www.ncei.noaa.gov/access/metadata/landing-page/bin/iso?id=gov.noaa.nodc:276264,12642,-16215960.317627,4128800.50622078
0276264-0000662,9/19/2015 5:00:00 AM,26.91925,-130.6392,Pacific Ocean,,,,,,Ocean water,,0,,Manta net,0.333,,,,,,0.468736,pieces/m3,0.005-1,Medium,Egger et al. 2020,"Egger, M., R. Nijhof, L. Quiros, G. Leone, S-J. Royer, A. C. McWhirter, G. A. Kantakov, V. I. Radchenko, E. A. Pakhomov, B. P. V. Hunt, L. Lebreton. 2020. A spatially variable scarcity of floating microplastics in the eastern North Pacific Ocean. Environmental Research Letters 15, 114056. https://doi.org/10.1088/1748-9326/abbb4f",https://doi.org/10.1088/1748-9326/abbb4f,"The Ocean Cleanup, Rotterdam, The Netherlands",The Ocean Cleanup Foundation,276264,https://www.ncei.noaa.gov/access/metadata/landing-page/bin/iso?id=gov.noaa.nodc:276264,12643,-14542689.2216406,3113386.72095866
0276264-0000357,8/10/2015 5:00:00 AM,34.5692,-147.24665,Pacific Ocean,,,,,,Ocean water,,0,,Manta net,0.333,,,,,,0.317912,pieces/m3,0.005-1,Medium,Egger et al. 2020,"Egger, M., R. Nijhof, L. Quiros, G. Leone, S-J. Royer, A. C. McWhirter, G. A. Kantakov, V. I. Radchenko, E. A. Pakhomov, B. P. V. Hunt, L. Lebreton. 2020. A spatially variable scarcity of floating microplastics in the eastern North Pacific Ocean. Environmental Research Letters 15, 114056. https://doi.org/10.1088/1748-9326/abbb4f",https://doi.org/10.1088/1748-9326/abbb4f,"The Ocean Cleanup, Rotterdam, The Netherlands",The Ocean Cleanup Foundation,276264,https://www.ncei.noaa.gov/access/metadata/landing-page/bin/iso?id=gov.noaa.nodc:276264,12644,-16391422.0990154,4105490.16856287
0276264-0000260,8/9/2015 5:00:00 AM,30.98986,-142.8715,Pacific Ocean,,,,,,Ocean water,,0,,Manta net,0.333,,,,,,10.74915,pieces/m3,>=10,Very High,Egger et al. 2020,"Egger, M., R. Nijhof, L. Quiros, G. Leone, S-J. Royer, A. C. McWhirter, G. A. Kantakov, V. I. Radchenko, E. A. Pakhomov, B. P. V. Hunt, L. Lebreton. 2020. A spatially variable scarcity of floating microplastics in the eastern North Pacific Ocean. Environmental Research Letters 15, 114056. https://doi.org/10.1088/1748-9326/abbb4f",https://doi.org/10.1088/1748-9326/abbb4f,"The Ocean Cleanup, Rotterdam, The Netherlands",The Ocean Cleanup Foundation,276264,https://www.ncei.noaa.gov/access/metadata/landing-page/bin/iso?id=gov.noaa.nodc:276264,12647,-15904382.6288712,3631432.34136725
0276264-0000456,8/7/2015 5:00:00 AM,34.8108,-145.59745,Pacific Ocean,,,,,,Ocean water,,0,,Manta net,0.333,,,,,,9.622925,pieces/m3,1-10,High,Egger et al. 2020,"Egger, M., R. Nijhof, L. Quiros, G. Leone, S-J. Royer, A. C. McWhirter, G. A. Kantakov, V. I. Radchenko, E. A. Pakhomov, B. P. V. Hunt, L. Lebreton. 2020. A spatially variable scarcity of floating microplastics in the eastern North Pacific Ocean. Environmental Research Letters 15, 114056. https://doi.org/10.1088/1748-9326/abbb4f",https://doi.org/10.1088/1748-9326/abbb4f,"The Ocean Cleanup, Rotterdam, The Netherlands",The Ocean Cleanup Foundation,276264,https://www.ncei.noaa.gov/access/metadata/landing-page/bin/iso?id=gov.noaa.nodc:276264,12648,-16207833.9947991,4138199.25255722
0276264-0000555,9/8/2015 5:00:00 AM,35.319,-132.9537,Pacific Ocean,,,,,,Ocean water,,0,,Manta net,0.333,,,,,,0.678457,pieces/m3,0.005-1,Medium,Egger et al. 2020,"Egger, M., R. Nijhof, L. Quiros, G. Leone, S-J. Royer, A. C. McWhirter, G. A. Kantakov, V. I. Radchenko, E. A. Pakhomov, B. P. V. Hunt, L. Lebreton. 2020. A spatially variable scarcity of floating microplastics in the eastern North Pacific Ocean. Environmental Research Letters 15, 114056. https://doi.org/10.1088/1748-9326/abbb4f",https://doi.org/10.1088/1748-9326/abbb4f,"The Ocean Cleanup, Rotterdam, The Netherlands",The Ocean Cleanup Foundation,276264,https://www.ncei.noaa.gov/access/metadata/landing-page/bin/iso?id=gov.noaa.nodc:276264,12650,-14800338.1830817,4207316.91624459
0276264-0000663,9/19/2015 5:00:00 AM,27.05725,-130.87735,Pacific Ocean,,,,,,Ocean water,,0,,Manta net,0.333,,,,,,0.165177,pieces/m3,0.005-1,Medium,Egger et al. 2020,"Egger, M., R. Nijhof, L. Quiros, G. Leone, S-J. Royer, A. C. McWhirter, G. A. Kantakov, V. I. Radchenko, E. A. Pakhomov, B. P. V. Hunt, L. Lebreton. 2020. A spatially variable scarcity of floating microplastics in the eastern North Pacific Ocean. Environmental Research Letters 15, 114056. https://doi.org/10.1088/1748-9326/abbb4f",https://doi.org/10.1088/1748-9326/abbb4f,"The Ocean Cleanup, Rotterdam, The Netherlands",The Ocean Cleanup Foundation,276264,https://www.ncei.noaa.gov/access/metadata/landing-page/bin/iso?id=gov.noaa.nodc:276264,12651,-14569199.958373,3130626.20263868
0276264-0000358,8/11/2015 5:00:00 AM,33.71115,-143.807,Pacific Ocean,,,,,,Ocean water,,0,,Manta net,0.333,,,,,,0.775949,pieces/m3,0.005-1,Medium,Egger et al. 2020,"Egger, M., R. Nijhof, L. Quiros, G. Leone, S-J. Royer, A. C. McWhirter, G. A. Kantakov, V. I. Radchenko, E. A. Pakhomov, B. P. V. Hunt, L. Lebreton. 2020. A spatially variable scarcity of floating microplastics in the eastern North Pacific Ocean. Environmental Research Letters 15, 114056. https://doi.org/10.1088/1748-9326/abbb4f",https://doi.org/10.1088/1748-9326/abbb4f,"The Ocean Cleanup, Rotterdam, The Netherlands",The Ocean Cleanup Foundation,276264,https://www.ncei.noaa.gov/access/metadata/landing-page/bin/iso?id=gov.noaa.nodc:276264,12653,-16008522.0125083,3990082.1598524
0276264-0000457,8/7/2015 5:00:00 AM,34.8762,-145.52865,Pacific Ocean,,,,,,Ocean water,,0,,Manta net,0.333,,,,,,1.743582,pieces/m3,1-10,High,Egger et al. 2020,"Egger, M., R. Nijhof, L. Quiros, G. Leone, S-J. Royer, A. C. McWhirter, G. A. Kantakov, V. I. Radchenko, E. A. Pakhomov, B. P. V. Hunt, L. Lebreton. 2020. A spatially variable scarcity of floating microplastics in the eastern North Pacific Ocean. Environmental Research Letters 15, 114056. https://doi.org/10.1088/1748-9326/abbb4f",https://doi.org/10.1088/1748-9326/abbb4f,"The Ocean Cleanup, Rotterdam, The Netherlands",The Ocean Cleanup Foundation,276264,https://www.ncei.noaa.gov/access/metadata/landing-page/bin/iso?id=gov.noaa.nodc:276264,12655,-16200175.2138325,4147069.91956866
0276264-0000556,9/8/2015 5:00:00 AM,35.26665,-132.96325,Pacific Ocean,,,,,,Ocean water,,0,,Manta net,0.333,,,,,,0.418786,pieces/m3,0.005-1,Medium,Egger et al. 2020,"Egger, M., R. Nijhof, L. Quiros, G. Leone, S-J. Royer, A. C. McWhirter, G. A. Kantakov, V. I. Radchenko, E. A. Pakhomov, B. P. V. Hunt, L. Lebreton. 2020. A spatially variable scarcity of floating microplastics in the eastern North Pacific Ocean. Environmental Research Letters 15, 114056. https://doi.org/10.1088/1748-9326/abbb4f",https://doi.org/10.1088/1748-9326/abbb4f,"The Ocean Cleanup, Rotterdam, The Netherlands",The Ocean Cleanup Foundation,276264,https://www.ncei.noaa.gov/access/metadata/landing-page/bin/iso?id=gov.noaa.nodc:276264,12657,-14801401.2842187,4200177.11628463
0276264-0000458,8/7/2015 5:00:00 AM,36.3457,-143.9069,Pacific Ocean,,,,,,Ocean water,,0,,Manta net,0.333,,,,,,7.09803,pieces/m3,1-10,High,Egger et al. 2020,"Egger, M., R. Nijhof, L. Quiros, G. Leone, S-J. Royer, A. C. McWhirter, G. A. Kantakov, V. I. Radchenko, E. A. Pakhomov, B. P. V. Hunt, L. Lebreton. 2020. A spatially variable scarcity of floating microplastics in the eastern North Pacific Ocean. Environmental Research Letters 15, 114056. https://doi.org/10.1088/1748-9326/abbb4f",https://doi.org/10.1088/1748-9326/abbb4f,"The Ocean Cleanup, Rotterdam, The Netherlands",The Ocean Cleanup Foundation,276264,https://www.ncei.noaa.gov/access/metadata/landing-page/bin/iso?id=gov.noaa.nodc:276264,12660,-16019642.8296385,4348294.01555051
0276264-0000359,8/11/2015 5:00:00 AM,33.8227,-141.10995,Pacific Ocean,,,,,,Ocean water,,0,,Manta net,0.333,,,,,,0.268115,pieces/m3,0.005-1,Medium,Egger et al. 2020,"Egger, M., R. Nijhof, L. Quiros, G. Leone, S-J. Royer, A. C. McWhirter, G. A. Kantakov, V. I. Radchenko, E. A. Pakhomov, B. P. V. Hunt, L. Lebreton. 2020. A spatially variable scarcity of floating microplastics in the eastern North Pacific Ocean. Environmental Research Letters 15, 114056. https://doi.org/10.1088/1748-9326/abbb4f",https://doi.org/10.1088/1748-9326/abbb4f,"The Ocean Cleanup, Rotterdam, The Netherlands",The Ocean Cleanup Foundation,276264,https://www.ncei.noaa.gov/access/metadata/landing-page/bin/iso?id=gov.noaa.nodc:276264,12661,-15708287.7798643,4005019.74113434
0276264-0000261,8/9/2015 5:00:00 AM,30.989667,-142.871,Pacific Ocean,,,,,,Ocean water,,0,,Manta net,0.333,,,,,,9.76311,pieces/m3,1-10,High,Egger et al. 2020,"Egger, M., R. Nijhof, L. Quiros, G. Leone, S-J. Royer, A. C. McWhirter, G. A. Kantakov, V. I. Radchenko, E. A. Pakhomov, B. P. V. Hunt, L. Lebreton. 2020. A spatially variable scarcity of floating microplastics in the eastern North Pacific Ocean. Environmental Research Letters 15, 114056. https://doi.org/10.1088/1748-9326/abbb4f",https://doi.org/10.1088/1748-9326/abbb4f,"The Ocean Cleanup, Rotterdam, The Netherlands",The Ocean Cleanup Foundation,276264,https://www.ncei.noaa.gov/access/metadata/landing-page/bin/iso?id=gov.noaa.nodc:276264,12662,-15904326.9691258,3631407.27933337
0276264-0000557,9/9/2015 5:00:00 AM,33.77235,-132.7587,Pacific Ocean,,,,,,Ocean water,,0,,Manta net,0.333,,,,,,0.605422,pieces/m3,0.005-1,Medium,Egger et al. 2020,"Egger, M., R. Nijhof, L. Quiros, G. Leone, S-J. Royer, A. C. McWhirter, G. A. Kantakov, V. I. Radchenko, E. A. Pakhomov, B. P. V. Hunt, L. Lebreton. 2020. A spatially variable scarcity of floating microplastics in the eastern North Pacific Ocean. Environmental Research Letters 15, 114056. https://doi.org/10.1088/1748-9326/abbb4f",https://doi.org/10.1088/1748-9326/abbb4f,"The Ocean Cleanup, Rotterdam, The Netherlands",The Ocean Cleanup Foundation,276264,https://www.ncei.noaa.gov/access/metadata/landing-page/bin/iso?id=gov.noaa.nodc:276264,12667,-14778630.882377,3998275.00060296
0276264-0000459,8/7/2015 5:00:00 AM,36.4242,-143.81825,Pacific Ocean,,,,,,Ocean water,,0,,Manta net,0.333,,,,,,9.143135,pieces/m3,1-10,High,Egger et al. 2020,"Egger, M., R. Nijhof, L. Quiros, G. Leone, S-J. Royer, A. C. McWhirter, G. A. Kantakov, V. I. Radchenko, E. A. Pakhomov, B. P. V. Hunt, L. Lebreton. 2020. A spatially variable scarcity of floating microplastics in the eastern North Pacific Ocean. Environmental Research Letters 15, 114056. https://doi.org/10.1088/1748-9326/abbb4f",https://doi.org/10.1088/1748-9326/abbb4f,"The Ocean Cleanup, Rotterdam, The Netherlands",The Ocean Cleanup Foundation,276264,https://www.ncei.noaa.gov/access/metadata/landing-page/bin/iso?id=gov.noaa.nodc:276264,12668,-16009774.3567797,4359148.72683014
0276264-0000262,8/10/2015 5:00:00 AM,31.00334,-143.2895,Pacific Ocean,,,,,,Ocean water,,0,,Manta net,0.333,,,,,,5.982011,pieces/m3,1-10,High,Egger et al. 2020,"Egger, M., R. Nijhof, L. Quiros, G. Leone, S-J. Royer, A. C. McWhirter, G. A. Kantakov, V. I. Radchenko, E. A. Pakhomov, B. P. V. Hunt, L. Lebreton. 2020. A spatially variable scarcity of floating microplastics in the eastern North Pacific Ocean. Environmental Research Letters 15, 114056. https://doi.org/10.1088/1748-9326/abbb4f",https://doi.org/10.1088/1748-9326/abbb4f,"The Ocean Cleanup, Rotterdam, The Netherlands",The Ocean Cleanup Foundation,276264,https://www.ncei.noaa.gov/access/metadata/landing-page/bin/iso?id=gov.noaa.nodc:276264,12669,-15950914.1760228,3633182.91356076
0276264-0000360,8/12/2015 5:00:00 AM,34.20235,-137.37605,Pacific Ocean,,,,,,Ocean water,,0,,Manta net,0.333,,,,,,0.703392,pieces/m3,0.005-1,Medium,Egger et al. 2020,"Egger, M., R. Nijhof, L. Quiros, G. Leone, S-J. Royer, A. C. McWhirter, G. A. Kantakov, V. I. Radchenko, E. A. Pakhomov, B. P. V. Hunt, L. Lebreton. 2020. A spatially variable scarcity of floating microplastics in the eastern North Pacific Ocean. Environmental Research Letters 15, 114056. https://doi.org/10.1088/1748-9326/abbb4f",https://doi.org/10.1088/1748-9326/abbb4f,"The Ocean Cleanup, Rotterdam, The Netherlands",The Ocean Cleanup Foundation,276264,https://www.ncei.noaa.gov/access/metadata/landing-page/bin/iso?id=gov.noaa.nodc:276264,12670,-15292631.9331913,4056005.15763247
0276263-0000010,11/29/2019 6:00:00 AM,26.876733,-144.96945,Pacific Ocean,,,,,,Ocean water,,0,,Manta net,0.333,,,,,,3.938291,pieces/m3,1-10,High,Egger et al. 2021,"Egger, M., L. Quiros, G. Leone, F. Ferrari, C. M. Boerger, M. Tishler. 2021. Relative Abundance of Floating Plastic Debris and Neuston in the Eastern North Pacific Ocean. Frontiers in Marine Science 8, 626026. https://doi.org/10.3389/fmars.2021.626026",https://doi.org/10.3389/fmars.2021.626026,"The Ocean Cleanup, Rotterdam, The Netherlands",The Ocean Cleanup Foundation,276263,https://www.ncei.noaa.gov/access/metadata/landing-page/bin/iso?id=gov.noaa.nodc:276263,12671,-16137925.3545809,3108079.58943065
0276264-0000558,9/9/2015 5:00:00 AM,33.7154,-132.7717,Pacific Ocean,,,,,,Ocean water,,0,,Manta net,0.333,,,,,,0.589552,pieces/m3,0.005-1,Medium,Egger et al. 2020,"Egger, M., R. Nijhof, L. Quiros, G. Leone, S-J. Royer, A. C. McWhirter, G. A. Kantakov, V. I. Radchenko, E. A. Pakhomov, B. P. V. Hunt, L. Lebreton. 2020. A spatially variable scarcity of floating microplastics in the eastern North Pacific Ocean. Environmental Research Letters 15, 114056. https://doi.org/10.1088/1748-9326/abbb4f",https://doi.org/10.1088/1748-9326/abbb4f,"The Ocean Cleanup, Rotterdam, The Netherlands",The Ocean Cleanup Foundation,276264,https://www.ncei.noaa.gov/access/metadata/landing-page/bin/iso?id=gov.noaa.nodc:276264,12674,-14780078.0357573,3990650.91833554
0276264-0000460,8/8/2015 5:00:00 AM,36.49925,-143.7316,Pacific Ocean,,,,,,Ocean water,,0,,Manta net,0.333,,,,,,6.965577,pieces/m3,1-10,High,Egger et al. 2020,"Egger, M., R. Nijhof, L. Quiros, G. Leone, S-J. Royer, A. C. McWhirter, G. A. Kantakov, V. I. Radchenko, E. A. Pakhomov, B. P. V. Hunt, L. Lebreton. 2020. A spatially variable scarcity of floating microplastics in the eastern North Pacific Ocean. Environmental Research Letters 15, 114056. https://doi.org/10.1088/1748-9326/abbb4f",https://doi.org/10.1088/1748-9326/abbb4f,"The Ocean Cleanup, Rotterdam, The Netherlands",The Ocean Cleanup Foundation,276264,https://www.ncei.noaa.gov/access/metadata/landing-page/bin/iso?id=gov.noaa.nodc:276264,12675,-16000128.5229025,4369536.6498534
0276264-0000263,8/10/2015 5:00:00 AM,31.003027,-143.2895,Pacific Ocean,,,,,,Ocean water,,0,,Manta net,0.333,,,,,,5.291144,pieces/m3,1-10,High,Egger et al. 2020,"Egger, M., R. Nijhof, L. Quiros, G. Leone, S-J. Royer, A. C. McWhirter, G. A. Kantakov, V. I. Radchenko, E. A. Pakhomov, B. P. V. Hunt, L. Lebreton. 2020. A spatially variable scarcity of floating microplastics in the eastern North Pacific Ocean. Environmental Research Letters 15, 114056. https://doi.org/10.1088/1748-9326/abbb4f",https://doi.org/10.1088/1748-9326/abbb4f,"The Ocean Cleanup, Rotterdam, The Netherlands",The Ocean Cleanup Foundation,276264,https://www.ncei.noaa.gov/access/metadata/landing-page/bin/iso?id=gov.noaa.nodc:276264,12677,-15950914.1760228,3633142.26319539
0276264-0000361,8/15/2015 5:00:00 AM,34.4929,-133.71795,Pacific Ocean,,,,,,Ocean water,,0,,Manta net,0.333,,,,,,0.66966,pieces/m3,0.005-1,Medium,Egger et al. 2020,"Egger, M., R. Nijhof, L. Quiros, G. Leone, S-J. Royer, A. C. McWhirter, G. A. Kantakov, V. I. Radchenko, E. A. Pakhomov, B. P. V. Hunt, L. Lebreton. 2020. A spatially variable scarcity of floating microplastics in the eastern North Pacific Ocean. Environmental Research Letters 15, 114056. https://doi.org/10.1088/1748-9326/abbb4f",https://doi.org/10.1088/1748-9326/abbb4f,"The Ocean Cleanup, Rotterdam, The Netherlands",The Ocean Cleanup Foundation,276264,https://www.ncei.noaa.gov/access/metadata/landing-page/bin/iso?id=gov.noaa.nodc:276264,12678,-14885414.1039204,4095180.04321729
0276264-0000362,8/21/2015 5:00:00 AM,25.3371,-156.16475,Pacific Ocean,,,,,,Ocean water,,0,,Manta net,0.333,,,,,,0.066203,pieces/m3,0.005-1,Medium,Egger et al. 2020,"Egger, M., R. Nijhof, L. Quiros, G. Leone, S-J. Royer, A. C. McWhirter, G. A. Kantakov, V. I. Radchenko, E. A. Pakhomov, B. P. V. Hunt, L. Lebreton. 2020. A spatially variable scarcity of floating microplastics in the eastern North Pacific Ocean. Environmental Research Letters 15, 114056. https://doi.org/10.1088/1748-9326/abbb4f",https://doi.org/10.1088/1748-9326/abbb4f,"The Ocean Cleanup, Rotterdam, The Netherlands",The Ocean Cleanup Foundation,276264,https://www.ncei.noaa.gov/access/metadata/landing-page/bin/iso?id=gov.noaa.nodc:276264,12679,-17384180.4498589,2917206.90563025
0276263-0000011,11/29/2019 6:00:00 AM,27.023967,-144.9753,Pacific Ocean,,,,,,Ocean water,,0,,Manta net,0.333,,,,,,3.922436,pieces/m3,1-10,High,Egger et al. 2021,"Egger, M., L. Quiros, G. Leone, F. Ferrari, C. M. Boerger, M. Tishler. 2021. Relative Abundance of Floating Plastic Debris and Neuston in the Eastern North Pacific Ocean. Frontiers in Marine Science 8, 626026. https://doi.org/10.3389/fmars.2021.626026",https://doi.org/10.3389/fmars.2021.626026,"The Ocean Cleanup, Rotterdam, The Netherlands",The Ocean Cleanup Foundation,276263,https://www.ncei.noaa.gov/access/metadata/landing-page/bin/iso?id=gov.noaa.nodc:276263,12680,-16138576.5736021,3126466.42827305
0276264-0000559,9/9/2015 5:00:00 AM,33.65155,-132.9671,Pacific Ocean,,,,,,Ocean water,,0,,Manta net,0.333,,,,,,0.493343,pieces/m3,0.005-1,Medium,Egger et al. 2020,"Egger, M., R. Nijhof, L. Quiros, G. Leone, S-J. Royer, A. C. McWhirter, G. A. Kantakov, V. I. Radchenko, E. A. Pakhomov, B. P. V. Hunt, L. Lebreton. 2020. A spatially variable scarcity of floating microplastics in the eastern North Pacific Ocean. Environmental Research Letters 15, 114056. https://doi.org/10.1088/1748-9326/abbb4f",https://doi.org/10.1088/1748-9326/abbb4f,"The Ocean Cleanup, Rotterdam, The Netherlands",The Ocean Cleanup Foundation,276264,https://www.ncei.noaa.gov/access/metadata/landing-page/bin/iso?id=gov.noaa.nodc:276264,12683,-14801829.8642583,3982109.12092135
0276264-0000461,8/9/2015 5:00:00 AM,38.42595,-141.46505,Pacific Ocean,,,,,,Ocean water,,0,,Manta net,0.333,,,,,,3.210041,pieces/m3,1-10,High,Egger et al. 2020,"Egger, M., R. Nijhof, L. Quiros, G. Leone, S-J. Royer, A. C. McWhirter, G. A. Kantakov, V. I. Radchenko, E. A. Pakhomov, B. P. V. Hunt, L. Lebreton. 2020. A spatially variable scarcity of floating microplastics in the eastern North Pacific Ocean. Environmental Research Letters 15, 114056. https://doi.org/10.1088/1748-9326/abbb4f",https://doi.org/10.1088/1748-9326/abbb4f,"The Ocean Cleanup, Rotterdam, The Netherlands",The Ocean Cleanup Foundation,276264,https://www.ncei.noaa.gov/access/metadata/landing-page/bin/iso?id=gov.noaa.nodc:276264,12684,-15747817.331045,4639774.24861705
0276264-0000264,8/10/2015 5:00:00 AM,31.001742,-143.8345,Pacific Ocean,,,,,,Ocean water,,0,,Manta net,0.333,,,,,,7.0435,pieces/m3,1-10,High,Egger et al. 2020,"Egger, M., R. Nijhof, L. Quiros, G. Leone, S-J. Royer, A. C. McWhirter, G. A. Kantakov, V. I. Radchenko, E. A. Pakhomov, B. P. V. Hunt, L. Lebreton. 2020. A spatially variable scarcity of floating microplastics in the eastern North Pacific Ocean. Environmental Research Letters 15, 114056. https://doi.org/10.1088/1748-9326/abbb4f",https://doi.org/10.1088/1748-9326/abbb4f,"The Ocean Cleanup, Rotterdam, The Netherlands",The Ocean Cleanup Foundation,276264,https://www.ncei.noaa.gov/access/metadata/landing-page/bin/iso?id=gov.noaa.nodc:276264,12685,-16011583.2985051,3632975.37731115
0276264-0000462,8/9/2015 5:00:00 AM,39.78885,-139.73575,Pacific Ocean,,,,,,Ocean water,,0,,Manta net,0.333,,,,,,1.250812,pieces/m3,1-10,High,Egger et al. 2020,"Egger, M., R. Nijhof, L. Quiros, G. Leone, S-J. Royer, A. C. McWhirter, G. A. Kantakov, V. I. Radchenko, E. A. Pakhomov, B. P. V. Hunt, L. Lebreton. 2020. A spatially variable scarcity of floating microplastics in the eastern North Pacific Ocean. Environmental Research Letters 15, 114056. https://doi.org/10.1088/1748-9326/abbb4f",https://doi.org/10.1088/1748-9326/abbb4f,"The Ocean Cleanup, Rotterdam, The Netherlands",The Ocean Cleanup Foundation,276264,https://www.ncei.noaa.gov/access/metadata/landing-page/bin/iso?id=gov.noaa.nodc:276264,12686,-15555312.5356162,4835305.81189029
0276263-0000012,11/29/2019 6:00:00 AM,27.090983,-144.979433,Pacific Ocean,,,,,,Ocean water,,0,,Manta net,0.333,,,,,,5.74337,pieces/m3,1-10,High,Egger et al. 2021,"Egger, M., L. Quiros, G. Leone, F. Ferrari, C. M. Boerger, M. Tishler. 2021. Relative Abundance of Floating Plastic Debris and Neuston in the Eastern North Pacific Ocean. Frontiers in Marine Science 8, 626026. https://doi.org/10.3389/fmars.2021.626026",https://doi.org/10.3389/fmars.2021.626026,"The Ocean Cleanup, Rotterdam, The Netherlands",The Ocean Cleanup Foundation,276263,https://www.ncei.noaa.gov/access/metadata/landing-page/bin/iso?id=gov.noaa.nodc:276263,12687,-16139036.6570575,3134843.4784871
0276264-0000164,7/27/2015 5:00:00 AM,29.072267,-134.0445,Pacific Ocean,,,,,,Ocean water,,0,,Manta net,0.333,,,,,,0.79943,pieces/m3,0.005-1,Medium,Egger et al. 2020,"Egger, M., R. Nijhof, L. Quiros, G. Leone, S-J. Royer, A. C. McWhirter, G. A. Kantakov, V. I. Radchenko, E. A. Pakhomov, B. P. V. Hunt, L. Lebreton. 2020. A spatially variable scarcity of floating microplastics in the eastern North Pacific Ocean. Environmental Research Letters 15, 114056. https://doi.org/10.1088/1748-9326/abbb4f",https://doi.org/10.1088/1748-9326/abbb4f,"The Ocean Cleanup, Rotterdam, The Netherlands",The Ocean Cleanup Foundation,276264,https://www.ncei.noaa.gov/access/metadata/landing-page/bin/iso?id=gov.noaa.nodc:276264,12688,-14921765.483639,3384847.22401935
0276264-0000560,9/10/2015 5:00:00 AM,33.64905,-133.01355,Pacific Ocean,,,,,,Ocean water,,0,,Manta net,0.333,,,,,,0.641622,pieces/m3,0.005-1,Medium,Egger et al. 2020,"Egger, M., R. Nijhof, L. Quiros, G. Leone, S-J. Royer, A. C. McWhirter, G. A. Kantakov, V. I. Radchenko, E. A. Pakhomov, B. P. V. Hunt, L. Lebreton. 2020. A spatially variable scarcity of floating microplastics in the eastern North Pacific Ocean. Environmental Research Letters 15, 114056. https://doi.org/10.1088/1748-9326/abbb4f",https://doi.org/10.1088/1748-9326/abbb4f,"The Ocean Cleanup, Rotterdam, The Netherlands",The Ocean Cleanup Foundation,276264,https://www.ncei.noaa.gov/access/metadata/landing-page/bin/iso?id=gov.noaa.nodc:276264,12690,-14807000.6546056,3981774.80209214
0276264-0000265,8/10/2015 5:00:00 AM,31.000442,-143.8325,Pacific Ocean,,,,,,Ocean water,,0,,Manta net,0.333,,,,,,5.996947,pieces/m3,1-10,High,Egger et al. 2020,"Egger, M., R. Nijhof, L. Quiros, G. Leone, S-J. Royer, A. C. McWhirter, G. A. Kantakov, V. I. Radchenko, E. A. Pakhomov, B. P. V. Hunt, L. Lebreton. 2020. A spatially variable scarcity of floating microplastics in the eastern North Pacific Ocean. Environmental Research Letters 15, 114056. https://doi.org/10.1088/1748-9326/abbb4f",https://doi.org/10.1088/1748-9326/abbb4f,"The Ocean Cleanup, Rotterdam, The Netherlands",The Ocean Cleanup Foundation,276264,https://www.ncei.noaa.gov/access/metadata/landing-page/bin/iso?id=gov.noaa.nodc:276264,12692,-16011360.6595235,3632806.54563125
0276264-0000363,8/21/2015 5:00:00 AM,25.2567,-156.214733,Pacific Ocean,,,,,,Ocean water,,0,,Manta net,0.333,,,,,,0.063081,pieces/m3,0.005-1,Medium,Egger et al. 2020,"Egger, M., R. Nijhof, L. Quiros, G. Leone, S-J. Royer, A. C. McWhirter, G. A. Kantakov, V. I. Radchenko, E. A. Pakhomov, B. P. V. Hunt, L. Lebreton. 2020. A spatially variable scarcity of floating microplastics in the eastern North Pacific Ocean. Environmental Research Letters 15, 114056. https://doi.org/10.1088/1748-9326/abbb4f",https://doi.org/10.1088/1748-9326/abbb4f,"The Ocean Cleanup, Rotterdam, The Netherlands",The Ocean Cleanup Foundation,276264,https://www.ncei.noaa.gov/access/metadata/landing-page/bin/iso?id=gov.noaa.nodc:276264,12693,-17389744.5319672,2907307.52283356
0276264-0000463,8/10/2015 5:00:00 AM,39.84545,-139.6602,Pacific Ocean,,,,,,Ocean water,,0,,Manta net,0.333,,,,,,2.834407,pieces/m3,1-10,High,Egger et al. 2020,"Egger, M., R. Nijhof, L. Quiros, G. Leone, S-J. Royer, A. C. McWhirter, G. A. Kantakov, V. I. Radchenko, E. A. Pakhomov, B. P. V. Hunt, L. Lebreton. 2020. A spatially variable scarcity of floating microplastics in the eastern North Pacific Ocean. Environmental Research Letters 15, 114056. https://doi.org/10.1088/1748-9326/abbb4f",https://doi.org/10.1088/1748-9326/abbb4f,"The Ocean Cleanup, Rotterdam, The Netherlands",The Ocean Cleanup Foundation,276264,https://www.ncei.noaa.gov/access/metadata/landing-page/bin/iso?id=gov.noaa.nodc:276264,12694,-15546902.3480867,4843508.84577386
0276264-0000165,7/27/2015 5:00:00 AM,29.072067,-134.043,Pacific Ocean,,,,,,Ocean water,,0,,Manta net,0.333,,,,,,0.995046,pieces/m3,0.005-1,Medium,Egger et al. 2020,"Egger, M., R. Nijhof, L. Quiros, G. Leone, S-J. Royer, A. C. McWhirter, G. A. Kantakov, V. I. Radchenko, E. A. Pakhomov, B. P. V. Hunt, L. Lebreton. 2020. A spatially variable scarcity of floating microplastics in the eastern North Pacific Ocean. Environmental Research Letters 15, 114056. https://doi.org/10.1088/1748-9326/abbb4f",https://doi.org/10.1088/1748-9326/abbb4f,"The Ocean Cleanup, Rotterdam, The Netherlands",The Ocean Cleanup Foundation,276264,https://www.ncei.noaa.gov/access/metadata/landing-page/bin/iso?id=gov.noaa.nodc:276264,12695,-14921598.5044028,3384821.75069563
0276263-0000013,11/29/2019 6:00:00 AM,27.484317,-144.990517,Pacific Ocean,,,,,,Ocean water,,0,,Manta net,0.333,,,,,,2.881837,pieces/m3,1-10,High,Egger et al. 2021,"Egger, M., L. Quiros, G. Leone, F. Ferrari, C. M. Boerger, M. Tishler. 2021. Relative Abundance of Floating Plastic Debris and Neuston in the Eastern North Pacific Ocean. Frontiers in Marine Science 8, 626026. https://doi.org/10.3389/fmars.2021.626026",https://doi.org/10.3389/fmars.2021.626026,"The Ocean Cleanup, Rotterdam, The Netherlands",The Ocean Cleanup Foundation,276263,https://www.ncei.noaa.gov/access/metadata/landing-page/bin/iso?id=gov.noaa.nodc:276263,12697,-16140270.5222935,3184112.16357198
0276264-0000561,9/10/2015 5:00:00 AM,33.64765,-133.0587,Pacific Ocean,,,,,,Ocean water,,0,,Manta net,0.333,,,,,,0.489709,pieces/m3,0.005-1,Medium,Egger et al. 2020,"Egger, M., R. Nijhof, L. Quiros, G. Leone, S-J. Royer, A. C. McWhirter, G. A. Kantakov, V. I. Radchenko, E. A. Pakhomov, B. P. V. Hunt, L. Lebreton. 2020. A spatially variable scarcity of floating microplastics in the eastern North Pacific Ocean. Environmental Research Letters 15, 114056. https://doi.org/10.1088/1748-9326/abbb4f",https://doi.org/10.1088/1748-9326/abbb4f,"The Ocean Cleanup, Rotterdam, The Netherlands",The Ocean Cleanup Foundation,276264,https://www.ncei.noaa.gov/access/metadata/landing-page/bin/iso?id=gov.noaa.nodc:276264,12699,-14812026.7296149,3981587.58778907
0276264-0000364,8/21/2015 5:00:00 AM,25.1671,-156.26965,Pacific Ocean,,,,,,Ocean water,,0,,Manta net,0.333,,,,,,0.052272,pieces/m3,0.005-1,Medium,Egger et al. 2020,"Egger, M., R. Nijhof, L. Quiros, G. Leone, S-J. Royer, A. C. McWhirter, G. A. Kantakov, V. I. Radchenko, E. A. Pakhomov, B. P. V. Hunt, L. Lebreton. 2020. A spatially variable scarcity of floating microplastics in the eastern North Pacific Ocean. Environmental Research Letters 15, 114056. https://doi.org/10.1088/1748-9326/abbb4f",https://doi.org/10.1088/1748-9326/abbb4f,"The Ocean Cleanup, Rotterdam, The Netherlands",The Ocean Cleanup Foundation,276264,https://www.ncei.noaa.gov/access/metadata/landing-page/bin/iso?id=gov.noaa.nodc:276264,12700,-17395857.8644431,2896283.09231826
0276264-0000464,8/10/2015 5:00:00 AM,39.90505,-139.5802,Pacific Ocean,,,,,,Ocean water,,0,,Manta net,0.333,,,,,,2.587281,pieces/m3,1-10,High,Egger et al. 2020,"Egger, M., R. Nijhof, L. Quiros, G. Leone, S-J. Royer, A. C. McWhirter, G. A. Kantakov, V. I. Radchenko, E. A. Pakhomov, B. P. V. Hunt, L. Lebreton. 2020. A spatially variable scarcity of floating microplastics in the eastern North Pacific Ocean. Environmental Research Letters 15, 114056. https://doi.org/10.1088/1748-9326/abbb4f",https://doi.org/10.1088/1748-9326/abbb4f,"The Ocean Cleanup, Rotterdam, The Netherlands",The Ocean Cleanup Foundation,276264,https://www.ncei.noaa.gov/access/metadata/landing-page/bin/iso?id=gov.noaa.nodc:276264,12701,-15537996.7888233,4852153.98238067
0276264-0000266,8/10/2015 5:00:00 AM,32.023423,-143.639,Pacific Ocean,,,,,,Ocean water,,0,,Manta net,0.333,,,,,,3.387223,pieces/m3,1-10,High,Egger et al. 2020,"Egger, M., R. Nijhof, L. Quiros, G. Leone, S-J. Royer, A. C. McWhirter, G. A. Kantakov, V. I. Radchenko, E. A. Pakhomov, B. P. V. Hunt, L. Lebreton. 2020. A spatially variable scarcity of floating microplastics in the eastern North Pacific Ocean. Environmental Research Letters 15, 114056. https://doi.org/10.1088/1748-9326/abbb4f",https://doi.org/10.1088/1748-9326/abbb4f,"The Ocean Cleanup, Rotterdam, The Netherlands",The Ocean Cleanup Foundation,276264,https://www.ncei.noaa.gov/access/metadata/landing-page/bin/iso?id=gov.noaa.nodc:276264,12702,-15989820.338055,3766385.65273733
0276264-0000166,7/27/2015 5:00:00 AM,29.057002,-134.558,Pacific Ocean,,,,,,Ocean water,,0,,Manta net,0.333,,,,,,1.348287,pieces/m3,1-10,High,Egger et al. 2020,"Egger, M., R. Nijhof, L. Quiros, G. Leone, S-J. Royer, A. C. McWhirter, G. A. Kantakov, V. I. Radchenko, E. A. Pakhomov, B. P. V. Hunt, L. Lebreton. 2020. A spatially variable scarcity of floating microplastics in the eastern North Pacific Ocean. Environmental Research Letters 15, 114056. https://doi.org/10.1088/1748-9326/abbb4f",https://doi.org/10.1088/1748-9326/abbb4f,"The Ocean Cleanup, Rotterdam, The Netherlands",The Ocean Cleanup Foundation,276264,https://www.ncei.noaa.gov/access/metadata/landing-page/bin/iso?id=gov.noaa.nodc:276264,12704,-14978928.0421613,3382903.11465534
0276264-0000562,9/9/2015 5:00:00 AM,33.6838,-132.8152,Pacific Ocean,,,,,,Ocean water,,0,,Manta net,0.333,,,,,,0.816799,pieces/m3,0.005-1,Medium,Egger et al. 2020,"Egger, M., R. Nijhof, L. Quiros, G. Leone, S-J. Royer, A. C. McWhirter, G. A. Kantakov, V. I. Radchenko, E. A. Pakhomov, B. P. V. Hunt, L. Lebreton. 2020. A spatially variable scarcity of floating microplastics in the eastern North Pacific Ocean. Environmental Research Letters 15, 114056. https://doi.org/10.1088/1748-9326/abbb4f",https://doi.org/10.1088/1748-9326/abbb4f,"The Ocean Cleanup, Rotterdam, The Netherlands",The Ocean Cleanup Foundation,276264,https://www.ncei.noaa.gov/access/metadata/landing-page/bin/iso?id=gov.noaa.nodc:276264,12705,-14784920.4336068,3986422.70487803
0276263-0000014,11/29/2019 6:00:00 AM,27.50425,-144.989917,Pacific Ocean,,,,,,Ocean water,,0,,Manta net,0.333,,,,,,1.415722,pieces/m3,1-10,High,Egger et al. 2021,"Egger, M., L. Quiros, G. Leone, F. Ferrari, C. M. Boerger, M. Tishler. 2021. Relative Abundance of Floating Plastic Debris and Neuston in the Eastern North Pacific Ocean. Frontiers in Marine Science 8, 626026. https://doi.org/10.3389/fmars.2021.626026",https://doi.org/10.3389/fmars.2021.626026,"The Ocean Cleanup, Rotterdam, The Netherlands",The Ocean Cleanup Foundation,276263,https://www.ncei.noaa.gov/access/metadata/landing-page/bin/iso?id=gov.noaa.nodc:276263,12706,-16140203.730599,3186613.61689664
0276264-0000267,8/10/2015 5:00:00 AM,32.01861,-143.64,Pacific Ocean,,,,,,Ocean water,,0,,Manta net,0.333,,,,,,3.903438,pieces/m3,1-10,High,Egger et al. 2020,"Egger, M., R. Nijhof, L. Quiros, G. Leone, S-J. Royer, A. C. McWhirter, G. A. Kantakov, V. I. Radchenko, E. A. Pakhomov, B. P. V. Hunt, L. Lebreton. 2020. A spatially variable scarcity of floating microplastics in the eastern North Pacific Ocean. Environmental Research Letters 15, 114056. https://doi.org/10.1088/1748-9326/abbb4f",https://doi.org/10.1088/1748-9326/abbb4f,"The Ocean Cleanup, Rotterdam, The Netherlands",The Ocean Cleanup Foundation,276264,https://www.ncei.noaa.gov/access/metadata/landing-page/bin/iso?id=gov.noaa.nodc:276264,12707,-15989931.6575458,3765753.72681173
0276264-0000365,8/12/2015 5:00:00 AM,33.525,-151.11665,Pacific Ocean,,,,,,Ocean water,,0,,Manta net,0.333,,,,,,0.953208,pieces/m3,0.005-1,Medium,Egger et al. 2020,"Egger, M., R. Nijhof, L. Quiros, G. Leone, S-J. Royer, A. C. McWhirter, G. A. Kantakov, V. I. Radchenko, E. A. Pakhomov, B. P. V. Hunt, L. Lebreton. 2020. A spatially variable scarcity of floating microplastics in the eastern North Pacific Ocean. Environmental Research Letters 15, 114056. https://doi.org/10.1088/1748-9326/abbb4f",https://doi.org/10.1088/1748-9326/abbb4f,"The Ocean Cleanup, Rotterdam, The Netherlands",The Ocean Cleanup Foundation,276264,https://www.ncei.noaa.gov/access/metadata/landing-page/bin/iso?id=gov.noaa.nodc:276264,12709,-16822228.5283853,3965198.07165567
0276264-0000465,8/19/2015 5:00:00 AM,31.6748,-142.8823,Pacific Ocean,,,,,,Ocean water,,0,,Manta net,0.333,,,,,,3.861539,pieces/m3,1-10,High,Egger et al. 2020,"Egger, M., R. Nijhof, L. Quiros, G. Leone, S-J. Royer, A. C. McWhirter, G. A. Kantakov, V. I. Radchenko, E. A. Pakhomov, B. P. V. Hunt, L. Lebreton. 2020. A spatially variable scarcity of floating microplastics in the eastern North Pacific Ocean. Environmental Research Letters 15, 114056. https://doi.org/10.1088/1748-9326/abbb4f",https://doi.org/10.1088/1748-9326/abbb4f,"The Ocean Cleanup, Rotterdam, The Netherlands",The Ocean Cleanup Foundation,276264,https://www.ncei.noaa.gov/access/metadata/landing-page/bin/iso?id=gov.noaa.nodc:276264,12710,-15905584.8793717,3720698.36572782
0276264-0000563,9/9/2015 5:00:00 AM,33.6709,-132.8623,Pacific Ocean,,,,,,Ocean water,,0,,Manta net,0.333,,,,,,0.705246,pieces/m3,0.005-1,Medium,Egger et al. 2020,"Egger, M., R. Nijhof, L. Quiros, G. Leone, S-J. Royer, A. C. McWhirter, G. A. Kantakov, V. I. Radchenko, E. A. Pakhomov, B. P. V. Hunt, L. Lebreton. 2020. A spatially variable scarcity of floating microplastics in the eastern North Pacific Ocean. Environmental Research Letters 15, 114056. https://doi.org/10.1088/1748-9326/abbb4f",https://doi.org/10.1088/1748-9326/abbb4f,"The Ocean Cleanup, Rotterdam, The Netherlands",The Ocean Cleanup Foundation,276264,https://www.ncei.noaa.gov/access/metadata/landing-page/bin/iso?id=gov.noaa.nodc:276264,12712,-14790163.5816232,3984697.07721096
0276263-0000015,11/29/2019 6:00:00 AM,27.524033,-144.989817,Pacific Ocean,,,,,,Ocean water,,0,,Manta net,0.333,,,,,,4.383277,pieces/m3,1-10,High,Egger et al. 2021,"Egger, M., L. Quiros, G. Leone, F. Ferrari, C. M. Boerger, M. Tishler. 2021. Relative Abundance of Floating Plastic Debris and Neuston in the Eastern North Pacific Ocean. Frontiers in Marine Science 8, 626026. https://doi.org/10.3389/fmars.2021.626026",https://doi.org/10.3389/fmars.2021.626026,"The Ocean Cleanup, Rotterdam, The Netherlands",The Ocean Cleanup Foundation,276263,https://www.ncei.noaa.gov/access/metadata/landing-page/bin/iso?id=gov.noaa.nodc:276263,12713,-16140192.5986499,3189096.69430267
0276264-0000466,8/20/2015 5:00:00 AM,31.21335,-142.13765,Pacific Ocean,,,,,,Ocean water,,0,,Manta net,0.333,,,,,,1.708537,pieces/m3,1-10,High,Egger et al. 2020,"Egger, M., R. Nijhof, L. Quiros, G. Leone, S-J. Royer, A. C. McWhirter, G. A. Kantakov, V. I. Radchenko, E. A. Pakhomov, B. P. V. Hunt, L. Lebreton. 2020. A spatially variable scarcity of floating microplastics in the eastern North Pacific Ocean. Environmental Research Letters 15, 114056. https://doi.org/10.1088/1748-9326/abbb4f",https://doi.org/10.1088/1748-9326/abbb4f,"The Ocean Cleanup, Rotterdam, The Netherlands",The Ocean Cleanup Foundation,276264,https://www.ncei.noaa.gov/access/metadata/landing-page/bin/iso?id=gov.noaa.nodc:276264,12714,-15822690.8205525,3660487.8091324
0276264-0000268,8/11/2015 5:00:00 AM,32.003858,-143.1125,Pacific Ocean,,,,,,Ocean water,,0,,Manta net,0.333,,,,,,2.191318,pieces/m3,1-10,High,Egger et al. 2020,"Egger, M., R. Nijhof, L. Quiros, G. Leone, S-J. Royer, A. C. McWhirter, G. A. Kantakov, V. I. Radchenko, E. A. Pakhomov, B. P. V. Hunt, L. Lebreton. 2020. A spatially variable scarcity of floating microplastics in the eastern North Pacific Ocean. Environmental Research Letters 15, 114056. https://doi.org/10.1088/1748-9326/abbb4f",https://doi.org/10.1088/1748-9326/abbb4f,"The Ocean Cleanup, Rotterdam, The Netherlands",The Ocean Cleanup Foundation,276264,https://www.ncei.noaa.gov/access/metadata/landing-page/bin/iso?id=gov.noaa.nodc:276264,12715,-15931210.6261524,3763817.06025038
0276263-0000016,12/2/2019 6:00:00 AM,31.790833,-143.96,Pacific Ocean,,,,,,Ocean water,,0,,Manta net,0.333,,,,,,8.294709,pieces/m3,1-10,High,Egger et al. 2021,"Egger, M., L. Quiros, G. Leone, F. Ferrari, C. M. Boerger, M. Tishler. 2021. Relative Abundance of Floating Plastic Debris and Neuston in the Eastern North Pacific Ocean. Frontiers in Marine Science 8, 626026. https://doi.org/10.3389/fmars.2021.626026",https://doi.org/10.3389/fmars.2021.626026,"The Ocean Cleanup, Rotterdam, The Netherlands",The Ocean Cleanup Foundation,276263,https://www.ncei.noaa.gov/access/metadata/landing-page/bin/iso?id=gov.noaa.nodc:276263,12718,-16025553.8945997,3735885.41623554
0276264-0000564,9/9/2015 5:00:00 AM,33.6587,-132.91725,Pacific Ocean,,,,,,Ocean water,,0,,Manta net,0.333,,,,,,0.462912,pieces/m3,0.005-1,Medium,Egger et al. 2020,"Egger, M., R. Nijhof, L. Quiros, G. Leone, S-J. Royer, A. C. McWhirter, G. A. Kantakov, V. I. Radchenko, E. A. Pakhomov, B. P. V. Hunt, L. Lebreton. 2020. A spatially variable scarcity of floating microplastics in the eastern North Pacific Ocean. Environmental Research Letters 15, 114056. https://doi.org/10.1088/1748-9326/abbb4f",https://doi.org/10.1088/1748-9326/abbb4f,"The Ocean Cleanup, Rotterdam, The Netherlands",The Ocean Cleanup Foundation,276264,https://www.ncei.noaa.gov/access/metadata/landing-page/bin/iso?id=gov.noaa.nodc:276264,12719,-14796280.5876422,3983065.32637933
0276264-0000167,7/27/2015 5:00:00 AM,29.05571,-134.5405,Pacific Ocean,,,,,,Ocean water,,0,,Manta net,0.333,,,,,,0.784123,pieces/m3,0.005-1,Medium,Egger et al. 2020,"Egger, M., R. Nijhof, L. Quiros, G. Leone, S-J. Royer, A. C. McWhirter, G. A. Kantakov, V. I. Radchenko, E. A. Pakhomov, B. P. V. Hunt, L. Lebreton. 2020. A spatially variable scarcity of floating microplastics in the eastern North Pacific Ocean. Environmental Research Letters 15, 114056. https://doi.org/10.1088/1748-9326/abbb4f",https://doi.org/10.1088/1748-9326/abbb4f,"The Ocean Cleanup, Rotterdam, The Netherlands",The Ocean Cleanup Foundation,276264,https://www.ncei.noaa.gov/access/metadata/landing-page/bin/iso?id=gov.noaa.nodc:276264,12720,-14976979.9510724,3382738.58222018
0276264-0000467,8/20/2015 5:00:00 AM,30.5515,-140.5807,Pacific Ocean,,,,,,Ocean water,,0,,Manta net,0.333,,,,,,4.795062,pieces/m3,1-10,High,Egger et al. 2020,"Egger, M., R. Nijhof, L. Quiros, G. Leone, S-J. Royer, A. C. McWhirter, G. A. Kantakov, V. I. Radchenko, E. A. Pakhomov, B. P. V. Hunt, L. Lebreton. 2020. A spatially variable scarcity of floating microplastics in the eastern North Pacific Ocean. Environmental Research Letters 15, 114056. https://doi.org/10.1088/1748-9326/abbb4f",https://doi.org/10.1088/1748-9326/abbb4f,"The Ocean Cleanup, Rotterdam, The Netherlands",The Ocean Cleanup Foundation,276264,https://www.ncei.noaa.gov/access/metadata/landing-page/bin/iso?id=gov.noaa.nodc:276264,12721,-15649371.939362,3574638.83975071
0276264-0000269,8/11/2015 5:00:00 AM,32.003092,-143.1145,Pacific Ocean,,,,,,Ocean water,,0,,Manta net,0.333,,,,,,4.934588,pieces/m3,1-10,High,Egger et al. 2020,"Egger, M., R. Nijhof, L. Quiros, G. Leone, S-J. Royer, A. C. McWhirter, G. A. Kantakov, V. I. Radchenko, E. A. Pakhomov, B. P. V. Hunt, L. Lebreton. 2020. A spatially variable scarcity of floating microplastics in the eastern North Pacific Ocean. Environmental Research Letters 15, 114056. https://doi.org/10.1088/1748-9326/abbb4f",https://doi.org/10.1088/1748-9326/abbb4f,"The Ocean Cleanup, Rotterdam, The Netherlands",The Ocean Cleanup Foundation,276264,https://www.ncei.noaa.gov/access/metadata/landing-page/bin/iso?id=gov.noaa.nodc:276264,12722,-15931433.2651339,3763716.50703619
0276264-0000366,8/12/2015 5:00:00 AM,33.56665,-151.05,Pacific Ocean,,,,,,Ocean water,,0,,Manta net,0.333,,,,,,1.527513,pieces/m3,1-10,High,Egger et al. 2020,"Egger, M., R. Nijhof, L. Quiros, G. Leone, S-J. Royer, A. C. McWhirter, G. A. Kantakov, V. I. Radchenko, E. A. Pakhomov, B. P. V. Hunt, L. Lebreton. 2020. A spatially variable scarcity of floating microplastics in the eastern North Pacific Ocean. Environmental Research Letters 15, 114056. https://doi.org/10.1088/1748-9326/abbb4f",https://doi.org/10.1088/1748-9326/abbb4f,"The Ocean Cleanup, Rotterdam, The Netherlands",The Ocean Cleanup Foundation,276264,https://www.ncei.noaa.gov/access/metadata/landing-page/bin/iso?id=gov.noaa.nodc:276264,12723,-16814809.084324,3970761.08048184
0276264-0000168,7/28/2015 5:00:00 AM,29.009277,-135.1045,Pacific Ocean,,,,,,Ocean water,,0,,Manta net,0.333,,,,,,0.914308,pieces/m3,0.005-1,Medium,Egger et al. 2020,"Egger, M., R. Nijhof, L. Quiros, G. Leone, S-J. Royer, A. C. McWhirter, G. A. Kantakov, V. I. Radchenko, E. A. Pakhomov, B. P. V. Hunt, L. Lebreton. 2020. A spatially variable scarcity of floating microplastics in the eastern North Pacific Ocean. Environmental Research Letters 15, 114056. https://doi.org/10.1088/1748-9326/abbb4f",https://doi.org/10.1088/1748-9326/abbb4f,"The Ocean Cleanup, Rotterdam, The Netherlands",The Ocean Cleanup Foundation,276264,https://www.ncei.noaa.gov/access/metadata/landing-page/bin/iso?id=gov.noaa.nodc:276264,12726,-15039764.1438798,3376826.84214113
0276264-0000565,9/10/2015 5:00:00 AM,33.11215,-133.077,Pacific Ocean,,,,,,Ocean water,,0,,Manta net,0.333,,,,,,2.63242,pieces/m3,1-10,High,Egger et al. 2020,"Egger, M., R. Nijhof, L. Quiros, G. Leone, S-J. Royer, A. C. McWhirter, G. A. Kantakov, V. I. Radchenko, E. A. Pakhomov, B. P. V. Hunt, L. Lebreton. 2020. A spatially variable scarcity of floating microplastics in the eastern North Pacific Ocean. Environmental Research Letters 15, 114056. https://doi.org/10.1088/1748-9326/abbb4f",https://doi.org/10.1088/1748-9326/abbb4f,"The Ocean Cleanup, Rotterdam, The Netherlands",The Ocean Cleanup Foundation,276264,https://www.ncei.noaa.gov/access/metadata/landing-page/bin/iso?id=gov.noaa.nodc:276264,12727,-14814063.8762965,3910199.47881817
0276264-0000468,8/21/2015 5:00:00 AM,30.5864,-139.65,Pacific Ocean,,,,,,Ocean water,,0,,Manta net,0.333,,,,,,3.951364,pieces/m3,1-10,High,Egger et al. 2020,"Egger, M., R. Nijhof, L. Quiros, G. Leone, S-J. Royer, A. C. McWhirter, G. A. Kantakov, V. I. Radchenko, E. A. Pakhomov, B. P. V. Hunt, L. Lebreton. 2020. A spatially variable scarcity of floating microplastics in the eastern North Pacific Ocean. Environmental Research Letters 15, 114056. https://doi.org/10.1088/1748-9326/abbb4f",https://doi.org/10.1088/1748-9326/abbb4f,"The Ocean Cleanup, Rotterdam, The Netherlands",The Ocean Cleanup Foundation,276264,https://www.ncei.noaa.gov/access/metadata/landing-page/bin/iso?id=gov.noaa.nodc:276264,12728,-15545766.8892807,3579151.00024126
0276263-0000017,12/2/2019 6:00:00 AM,31.7875,-143.938667,Pacific Ocean,,,,,,Ocean water,,0,,Manta net,0.333,,,,,,4.954052,pieces/m3,1-10,High,Egger et al. 2021,"Egger, M., L. Quiros, G. Leone, F. Ferrari, C. M. Boerger, M. Tishler. 2021. Relative Abundance of Floating Plastic Debris and Neuston in the Eastern North Pacific Ocean. Frontiers in Marine Science 8, 626026. https://doi.org/10.3389/fmars.2021.626026",https://doi.org/10.3389/fmars.2021.626026,"The Ocean Cleanup, Rotterdam, The Netherlands",The Ocean Cleanup Foundation,276263,https://www.ncei.noaa.gov/access/metadata/landing-page/bin/iso?id=gov.noaa.nodc:276263,12729,-16023179.1159026,3735448.90892074
0276264-0000469,8/21/2015 5:00:00 AM,30.42635,-137.804,Pacific Ocean,,,,,,Ocean water,,0,,Manta net,0.333,,,,,,2.182661,pieces/m3,1-10,High,Egger et al. 2020,"Egger, M., R. Nijhof, L. Quiros, G. Leone, S-J. Royer, A. C. McWhirter, G. A. Kantakov, V. I. Radchenko, E. A. Pakhomov, B. P. V. Hunt, L. Lebreton. 2020. A spatially variable scarcity of floating microplastics in the eastern North Pacific Ocean. Environmental Research Letters 15, 114056. https://doi.org/10.1088/1748-9326/abbb4f",https://doi.org/10.1088/1748-9326/abbb4f,"The Ocean Cleanup, Rotterdam, The Netherlands",The Ocean Cleanup Foundation,276264,https://www.ncei.noaa.gov/access/metadata/landing-page/bin/iso?id=gov.noaa.nodc:276264,12731,-15340271.1092763,3558471.73005633
0276264-0000367,8/11/2015 5:00:00 AM,31.75,-153.14165,Pacific Ocean,,,,,,Ocean water,,0,,Manta net,0.333,,,,,,0.285813,pieces/m3,0.005-1,Medium,Egger et al. 2020,"Egger, M., R. Nijhof, L. Quiros, G. Leone, S-J. Royer, A. C. McWhirter, G. A. Kantakov, V. I. Radchenko, E. A. Pakhomov, B. P. V. Hunt, L. Lebreton. 2020. A spatially variable scarcity of floating microplastics in the eastern North Pacific Ocean. Environmental Research Letters 15, 114056. https://doi.org/10.1088/1748-9326/abbb4f",https://doi.org/10.1088/1748-9326/abbb4f,"The Ocean Cleanup, Rotterdam, The Netherlands",The Ocean Cleanup Foundation,276264,https://www.ncei.noaa.gov/access/metadata/landing-page/bin/iso?id=gov.noaa.nodc:276264,12732,-17047650.4972417,3730538.79441267
0276264-0000270,8/11/2015 5:00:00 AM,32.000239,-142.5845,Pacific Ocean,,,,,,Ocean water,,0,,Manta net,0.333,,,,,,2.068737,pieces/m3,1-10,High,Egger et al. 2020,"Egger, M., R. Nijhof, L. Quiros, G. Leone, S-J. Royer, A. C. McWhirter, G. A. Kantakov, V. I. Radchenko, E. A. Pakhomov, B. P. V. Hunt, L. Lebreton. 2020. A spatially variable scarcity of floating microplastics in the eastern North Pacific Ocean. Environmental Research Letters 15, 114056. https://doi.org/10.1088/1748-9326/abbb4f",https://doi.org/10.1088/1748-9326/abbb4f,"The Ocean Cleanup, Rotterdam, The Netherlands",The Ocean Cleanup Foundation,276264,https://www.ncei.noaa.gov/access/metadata/landing-page/bin/iso?id=gov.noaa.nodc:276264,12733,-15872433.9350135,3763341.99964946
0276264-0000169,7/28/2015 5:00:00 AM,29.009007,-135.1075,Pacific Ocean,,,,,,Ocean water,,0,,Manta net,0.333,,,,,,1.393601,pieces/m3,1-10,High,Egger et al. 2020,"Egger, M., R. Nijhof, L. Quiros, G. Leone, S-J. Royer, A. C. McWhirter, G. A. Kantakov, V. I. Radchenko, E. A. Pakhomov, B. P. V. Hunt, L. Lebreton. 2020. A spatially variable scarcity of floating microplastics in the eastern North Pacific Ocean. Environmental Research Letters 15, 114056. https://doi.org/10.1088/1748-9326/abbb4f",https://doi.org/10.1088/1748-9326/abbb4f,"The Ocean Cleanup, Rotterdam, The Netherlands",The Ocean Cleanup Foundation,276264,https://www.ncei.noaa.gov/access/metadata/landing-page/bin/iso?id=gov.noaa.nodc:276264,12734,-15040098.1023522,3376792.47415103
0276264-0000566,9/10/2015 5:00:00 AM,33.1067,-133.1195,Pacific Ocean,,,,,,Ocean water,,0,,Manta net,0.333,,,,,,2.741188,pieces/m3,1-10,High,Egger et al. 2020,"Egger, M., R. Nijhof, L. Quiros, G. Leone, S-J. Royer, A. C. McWhirter, G. A. Kantakov, V. I. Radchenko, E. A. Pakhomov, B. P. V. Hunt, L. Lebreton. 2020. A spatially variable scarcity of floating microplastics in the eastern North Pacific Ocean. Environmental Research Letters 15, 114056. https://doi.org/10.1088/1748-9326/abbb4f",https://doi.org/10.1088/1748-9326/abbb4f,"The Ocean Cleanup, Rotterdam, The Netherlands",The Ocean Cleanup Foundation,276264,https://www.ncei.noaa.gov/access/metadata/landing-page/bin/iso?id=gov.noaa.nodc:276264,12736,-14818794.9546552,3909475.1828384
0276263-0000018,12/2/2019 6:00:00 AM,31.796333,-143.933667,Pacific Ocean,,,,,,Ocean water,,0,,Manta net,0.333,,,,,,15.049329,pieces/m3,>=10,Very High,Egger et al. 2021,"Egger, M., L. Quiros, G. Leone, F. Ferrari, C. M. Boerger, M. Tishler. 2021. Relative Abundance of Floating Plastic Debris and Neuston in the Eastern North Pacific Ocean. Frontiers in Marine Science 8, 626026. https://doi.org/10.3389/fmars.2021.626026",https://doi.org/10.3389/fmars.2021.626026,"The Ocean Cleanup, Rotterdam, The Netherlands",The Ocean Cleanup Foundation,276263,https://www.ncei.noaa.gov/access/metadata/landing-page/bin/iso?id=gov.noaa.nodc:276263,12738,-16022622.5184486,3736605.75975129
0276264-0000470,8/22/2015 5:00:00 AM,30.13065,-133.8532,Pacific Ocean,,,,,,Ocean water,,0,,Manta net,0.333,,,,,,2.387089,pieces/m3,1-10,High,Egger et al. 2020,"Egger, M., R. Nijhof, L. Quiros, G. Leone, S-J. Royer, A. C. McWhirter, G. A. Kantakov, V. I. Radchenko, E. A. Pakhomov, B. P. V. Hunt, L. Lebreton. 2020. A spatially variable scarcity of floating microplastics in the eastern North Pacific Ocean. Environmental Research Letters 15, 114056. https://doi.org/10.1088/1748-9326/abbb4f",https://doi.org/10.1088/1748-9326/abbb4f,"The Ocean Cleanup, Rotterdam, The Netherlands",The Ocean Cleanup Foundation,276264,https://www.ncei.noaa.gov/access/metadata/landing-page/bin/iso?id=gov.noaa.nodc:276264,12739,-14900470.0650502,3520354.76178649
0276264-0000170,7/28/2015 5:00:00 AM,28.990773,-135.6835,Pacific Ocean,,,,,,Ocean water,,0,,Manta net,0.333,,,,,,0.86557,pieces/m3,0.005-1,Medium,Egger et al. 2020,"Egger, M., R. Nijhof, L. Quiros, G. Leone, S-J. Royer, A. C. McWhirter, G. A. Kantakov, V. I. Radchenko, E. A. Pakhomov, B. P. V. Hunt, L. Lebreton. 2020. A spatially variable scarcity of floating microplastics in the eastern North Pacific Ocean. Environmental Research Letters 15, 114056. https://doi.org/10.1088/1748-9326/abbb4f",https://doi.org/10.1088/1748-9326/abbb4f,"The Ocean Cleanup, Rotterdam, The Netherlands",The Ocean Cleanup Foundation,276264,https://www.ncei.noaa.gov/access/metadata/landing-page/bin/iso?id=gov.noaa.nodc:276264,12740,-15104218.1290491,3374471.69698092
0276264-0000271,8/11/2015 5:00:00 AM,32.000648,-142.5855,Pacific Ocean,,,,,,Ocean water,,0,,Manta net,0.333,,,,,,3.964016,pieces/m3,1-10,High,Egger et al. 2020,"Egger, M., R. Nijhof, L. Quiros, G. Leone, S-J. Royer, A. C. McWhirter, G. A. Kantakov, V. I. Radchenko, E. A. Pakhomov, B. P. V. Hunt, L. Lebreton. 2020. A spatially variable scarcity of floating microplastics in the eastern North Pacific Ocean. Environmental Research Letters 15, 114056. https://doi.org/10.1088/1748-9326/abbb4f",https://doi.org/10.1088/1748-9326/abbb4f,"The Ocean Cleanup, Rotterdam, The Netherlands",The Ocean Cleanup Foundation,276264,https://www.ncei.noaa.gov/access/metadata/landing-page/bin/iso?id=gov.noaa.nodc:276264,12741,-15872545.2545043,3763395.68751476
0276264-0000368,8/12/2015 5:00:00 AM,35.375,-148.85,Pacific Ocean,,,,,,Ocean water,,0,,Manta net,0.333,,,,,,1.234553,pieces/m3,1-10,High,Egger et al. 2020,"Egger, M., R. Nijhof, L. Quiros, G. Leone, S-J. Royer, A. C. McWhirter, G. A. Kantakov, V. I. Radchenko, E. A. Pakhomov, B. P. V. Hunt, L. Lebreton. 2020. A spatially variable scarcity of floating microplastics in the eastern North Pacific Ocean. Environmental Research Letters 15, 114056. https://doi.org/10.1088/1748-9326/abbb4f",https://doi.org/10.1088/1748-9326/abbb4f,"The Ocean Cleanup, Rotterdam, The Netherlands",The Ocean Cleanup Foundation,276264,https://www.ncei.noaa.gov/access/metadata/landing-page/bin/iso?id=gov.noaa.nodc:276264,12743,-16569906.2045788,4214959.64334941
0276263-0000019,12/3/2019 6:00:00 AM,33.488333,-143.104333,Pacific Ocean,,,,,,Ocean water,,0,,Manta net,0.333,,,,,,3.187497,pieces/m3,1-10,High,Egger et al. 2021,"Egger, M., L. Quiros, G. Leone, F. Ferrari, C. M. Boerger, M. Tishler. 2021. Relative Abundance of Floating Plastic Debris and Neuston in the Eastern North Pacific Ocean. Frontiers in Marine Science 8, 626026. https://doi.org/10.3389/fmars.2021.626026",https://doi.org/10.3389/fmars.2021.626026,"The Ocean Cleanup, Rotterdam, The Netherlands",The Ocean Cleanup Foundation,276263,https://www.ncei.noaa.gov/access/metadata/landing-page/bin/iso?id=gov.noaa.nodc:276263,12745,-15930301.4798711,3960302.83757548
0276264-0000471,8/22/2015 5:00:00 AM,30.14545,-133.79635,Pacific Ocean,,,,,,Ocean water,,0,,Manta net,0.333,,,,,,3.964444,pieces/m3,1-10,High,Egger et al. 2020,"Egger, M., R. Nijhof, L. Quiros, G. Leone, S-J. Royer, A. C. McWhirter, G. A. Kantakov, V. I. Radchenko, E. A. Pakhomov, B. P. V. Hunt, L. Lebreton. 2020. A spatially variable scarcity of floating microplastics in the eastern North Pacific Ocean. Environmental Research Letters 15, 114056. https://doi.org/10.1088/1748-9326/abbb4f",https://doi.org/10.1088/1748-9326/abbb4f,"The Ocean Cleanup, Rotterdam, The Netherlands",The Ocean Cleanup Foundation,276264,https://www.ncei.noaa.gov/access/metadata/landing-page/bin/iso?id=gov.noaa.nodc:276264,12746,-14894141.5519986,3522259.81942055
0276264-0000171,7/28/2015 5:00:00 AM,28.991327,-135.68,Pacific Ocean,,,,,,Ocean water,,0,,Manta net,0.333,,,,,,0.934591,pieces/m3,0.005-1,Medium,Egger et al. 2020,"Egger, M., R. Nijhof, L. Quiros, G. Leone, S-J. Royer, A. C. McWhirter, G. A. Kantakov, V. I. Radchenko, E. A. Pakhomov, B. P. V. Hunt, L. Lebreton. 2020. A spatially variable scarcity of floating microplastics in the eastern North Pacific Ocean. Environmental Research Letters 15, 114056. https://doi.org/10.1088/1748-9326/abbb4f",https://doi.org/10.1088/1748-9326/abbb4f,"The Ocean Cleanup, Rotterdam, The Netherlands",The Ocean Cleanup Foundation,276264,https://www.ncei.noaa.gov/access/metadata/landing-page/bin/iso?id=gov.noaa.nodc:276264,12747,-15103828.5108314,3374542.20266323
0276264-0000472,8/23/2015 5:00:00 AM,30.14065,-133.74765,Pacific Ocean,,,,,,Ocean water,,0,,Manta net,0.333,,,,,,4.812514,pieces/m3,1-10,High,Egger et al. 2020,"Egger, M., R. Nijhof, L. Quiros, G. Leone, S-J. Royer, A. C. McWhirter, G. A. Kantakov, V. I. Radchenko, E. A. Pakhomov, B. P. V. Hunt, L. Lebreton. 2020. A spatially variable scarcity of floating microplastics in the eastern North Pacific Ocean. Environmental Research Letters 15, 114056. https://doi.org/10.1088/1748-9326/abbb4f",https://doi.org/10.1088/1748-9326/abbb4f,"The Ocean Cleanup, Rotterdam, The Netherlands",The Ocean Cleanup Foundation,276264,https://www.ncei.noaa.gov/access/metadata/landing-page/bin/iso?id=gov.noaa.nodc:276264,12748,-14888720.292797,3521641.9315861
0276264-0000567,9/10/2015 5:00:00 AM,33.10015,-133.1591,Pacific Ocean,,,,,,Ocean water,,0,,Manta net,0.333,,,,,,2.999244,pieces/m3,1-10,High,Egger et al. 2020,"Egger, M., R. Nijhof, L. Quiros, G. Leone, S-J. Royer, A. C. McWhirter, G. A. Kantakov, V. I. Radchenko, E. A. Pakhomov, B. P. V. Hunt, L. Lebreton. 2020. A spatially variable scarcity of floating microplastics in the eastern North Pacific Ocean. Environmental Research Letters 15, 114056. https://doi.org/10.1088/1748-9326/abbb4f",https://doi.org/10.1088/1748-9326/abbb4f,"The Ocean Cleanup, Rotterdam, The Netherlands",The Ocean Cleanup Foundation,276264,https://www.ncei.noaa.gov/access/metadata/landing-page/bin/iso?id=gov.noaa.nodc:276264,12750,-14823203.2064906,3908604.75811593
0276264-0000369,8/14/2015 5:00:00 AM,36.29165,-145.8333,Pacific Ocean,,,,,,Ocean water,,0,,Manta net,0.333,,,,,,2.081533,pieces/m3,1-10,High,Egger et al. 2020,"Egger, M., R. Nijhof, L. Quiros, G. Leone, S-J. Royer, A. C. McWhirter, G. A. Kantakov, V. I. Radchenko, E. A. Pakhomov, B. P. V. Hunt, L. Lebreton. 2020. A spatially variable scarcity of floating microplastics in the eastern North Pacific Ocean. Environmental Research Letters 15, 114056. https://doi.org/10.1088/1748-9326/abbb4f",https://doi.org/10.1088/1748-9326/abbb4f,"The Ocean Cleanup, Rotterdam, The Netherlands",The Ocean Cleanup Foundation,276264,https://www.ncei.noaa.gov/access/metadata/landing-page/bin/iso?id=gov.noaa.nodc:276264,12751,-16234088.6967027,4340826.52703172
0276264-0000272,8/11/2015 5:00:00 AM,31.998427,-142.044,Pacific Ocean,,,,,,Ocean water,,0,,Manta net,0.333,,,,,,4.535362,pieces/m3,1-10,High,Egger et al. 2020,"Egger, M., R. Nijhof, L. Quiros, G. Leone, S-J. Royer, A. C. McWhirter, G. A. Kantakov, V. I. Radchenko, E. A. Pakhomov, B. P. V. Hunt, L. Lebreton. 2020. A spatially variable scarcity of floating microplastics in the eastern North Pacific Ocean. Environmental Research Letters 15, 114056. https://doi.org/10.1088/1748-9326/abbb4f",https://doi.org/10.1088/1748-9326/abbb4f,"The Ocean Cleanup, Rotterdam, The Netherlands",The Ocean Cleanup Foundation,276264,https://www.ncei.noaa.gov/access/metadata/landing-page/bin/iso?id=gov.noaa.nodc:276264,12752,-15812265.7502398,3763104.14822221
0276264-0000172,7/28/2015 5:00:00 AM,29.007998,-136.255,Pacific Ocean,,,,,,Ocean water,,0,,Manta net,0.333,,,,,,0.838474,pieces/m3,0.005-1,Medium,Egger et al. 2020,"Egger, M., R. Nijhof, L. Quiros, G. Leone, S-J. Royer, A. C. McWhirter, G. A. Kantakov, V. I. Radchenko, E. A. Pakhomov, B. P. V. Hunt, L. Lebreton. 2020. A spatially variable scarcity of floating microplastics in the eastern North Pacific Ocean. Environmental Research Letters 15, 114056. https://doi.org/10.1088/1748-9326/abbb4f",https://doi.org/10.1088/1748-9326/abbb4f,"The Ocean Cleanup, Rotterdam, The Netherlands",The Ocean Cleanup Foundation,276264,https://www.ncei.noaa.gov/access/metadata/landing-page/bin/iso?id=gov.noaa.nodc:276264,12754,-15167837.2180375,3376664.040494
0276263-0000020,12/3/2019 6:00:00 AM,33.444833,-143.083,Pacific Ocean,,,,,,Ocean water,,0,,Manta net,0.333,,,,,,3.41776,pieces/m3,1-10,High,Egger et al. 2021,"Egger, M., L. Quiros, G. Leone, F. Ferrari, C. M. Boerger, M. Tishler. 2021. Relative Abundance of Floating Plastic Debris and Neuston in the Eastern North Pacific Ocean. Frontiers in Marine Science 8, 626026. https://doi.org/10.3389/fmars.2021.626026",https://doi.org/10.3389/fmars.2021.626026,"The Ocean Cleanup, Rotterdam, The Netherlands",The Ocean Cleanup Foundation,276263,https://www.ncei.noaa.gov/access/metadata/landing-page/bin/iso?id=gov.noaa.nodc:276263,12755,-15927926.701174,3954498.04974467
0276264-0000473,8/13/2015 5:00:00 AM,34.0202,-154.4145,Pacific Ocean,,,,,,Ocean water,,0,,Manta net,0.333,,,,,,0.528724,pieces/m3,0.005-1,Medium,Egger et al. 2020,"Egger, M., R. Nijhof, L. Quiros, G. Leone, S-J. Royer, A. C. McWhirter, G. A. Kantakov, V. I. Radchenko, E. A. Pakhomov, B. P. V. Hunt, L. Lebreton. 2020. A spatially variable scarcity of floating microplastics in the eastern North Pacific Ocean. Environmental Research Letters 15, 114056. https://doi.org/10.1088/1748-9326/abbb4f",https://doi.org/10.1088/1748-9326/abbb4f,"The Ocean Cleanup, Rotterdam, The Netherlands",The Ocean Cleanup Foundation,276264,https://www.ncei.noaa.gov/access/metadata/landing-page/bin/iso?id=gov.noaa.nodc:276264,12756,-17189343.5110979,4031514.71521516
0276264-0000474,8/13/2015 5:00:00 AM,34.14805,-154.3767,Pacific Ocean,,,,,,Ocean water,,0,,Manta net,0.333,,,,,,0.646543,pieces/m3,0.005-1,Medium,Egger et al. 2020,"Egger, M., R. Nijhof, L. Quiros, G. Leone, S-J. Royer, A. C. McWhirter, G. A. Kantakov, V. I. Radchenko, E. A. Pakhomov, B. P. V. Hunt, L. Lebreton. 2020. A spatially variable scarcity of floating microplastics in the eastern North Pacific Ocean. Environmental Research Letters 15, 114056. https://doi.org/10.1088/1748-9326/abbb4f",https://doi.org/10.1088/1748-9326/abbb4f,"The Ocean Cleanup, Rotterdam, The Netherlands",The Ocean Cleanup Foundation,276264,https://www.ncei.noaa.gov/access/metadata/landing-page/bin/iso?id=gov.noaa.nodc:276264,12757,-17185135.634346,4048698.89029345
0276264-0000273,8/11/2015 5:00:00 AM,31.997675,-142.0465,Pacific Ocean,,,,,,Ocean water,,0,,Manta net,0.333,,,,,,8.968392,pieces/m3,1-10,High,Egger et al. 2020,"Egger, M., R. Nijhof, L. Quiros, G. Leone, S-J. Royer, A. C. McWhirter, G. A. Kantakov, V. I. Radchenko, E. A. Pakhomov, B. P. V. Hunt, L. Lebreton. 2020. A spatially variable scarcity of floating microplastics in the eastern North Pacific Ocean. Environmental Research Letters 15, 114056. https://doi.org/10.1088/1748-9326/abbb4f",https://doi.org/10.1088/1748-9326/abbb4f,"The Ocean Cleanup, Rotterdam, The Netherlands",The Ocean Cleanup Foundation,276264,https://www.ncei.noaa.gov/access/metadata/landing-page/bin/iso?id=gov.noaa.nodc:276264,12759,-15812544.0489667,3763005.43863467
0276263-0000021,12/3/2019 6:00:00 AM,33.5053,-143.057217,Pacific Ocean,,,,,,Ocean water,,0,,Manta net,0.333,,,,,,1.582836,pieces/m3,1-10,High,Egger et al. 2021,"Egger, M., L. Quiros, G. Leone, F. Ferrari, C. M. Boerger, M. Tishler. 2021. Relative Abundance of Floating Plastic Debris and Neuston in the Eastern North Pacific Ocean. Frontiers in Marine Science 8, 626026. https://doi.org/10.3389/fmars.2021.626026",https://doi.org/10.3389/fmars.2021.626026,"The Ocean Cleanup, Rotterdam, The Netherlands",The Ocean Cleanup Foundation,276263,https://www.ncei.noaa.gov/access/metadata/landing-page/bin/iso?id=gov.noaa.nodc:276263,12761,-15925056.5507428,3962567.76199039
0276264-0000370,8/14/2015 5:00:00 AM,36.29165,-145.7333,Pacific Ocean,,,,,,Ocean water,,0,,Manta net,0.333,,,,,,1.602424,pieces/m3,1-10,High,Egger et al. 2020,"Egger, M., R. Nijhof, L. Quiros, G. Leone, S-J. Royer, A. C. McWhirter, G. A. Kantakov, V. I. Radchenko, E. A. Pakhomov, B. P. V. Hunt, L. Lebreton. 2020. A spatially variable scarcity of floating microplastics in the eastern North Pacific Ocean. Environmental Research Letters 15, 114056. https://doi.org/10.1088/1748-9326/abbb4f",https://doi.org/10.1088/1748-9326/abbb4f,"The Ocean Cleanup, Rotterdam, The Netherlands",The Ocean Cleanup Foundation,276264,https://www.ncei.noaa.gov/access/metadata/landing-page/bin/iso?id=gov.noaa.nodc:276264,12762,-16222956.7476234,4340826.52703172
0276264-0000173,7/28/2015 5:00:00 AM,29.008225,-136.2595,Pacific Ocean,,,,,,Ocean water,,0,,Manta net,0.333,,,,,,0.864578,pieces/m3,0.005-1,Medium,Egger et al. 2020,"Egger, M., R. Nijhof, L. Quiros, G. Leone, S-J. Royer, A. C. McWhirter, G. A. Kantakov, V. I. Radchenko, E. A. Pakhomov, B. P. V. Hunt, L. Lebreton. 2020. A spatially variable scarcity of floating microplastics in the eastern North Pacific Ocean. Environmental Research Letters 15, 114056. https://doi.org/10.1088/1748-9326/abbb4f",https://doi.org/10.1088/1748-9326/abbb4f,"The Ocean Cleanup, Rotterdam, The Netherlands",The Ocean Cleanup Foundation,276264,https://www.ncei.noaa.gov/access/metadata/landing-page/bin/iso?id=gov.noaa.nodc:276264,12763,-15168338.1557461,3376692.93477529
0276264-0000568,9/10/2015 5:00:00 AM,33.08485,-133.2088,Pacific Ocean,,,,,,Ocean water,,0,,Manta net,0.333,,,,,,3.772227,pieces/m3,1-10,High,Egger et al. 2020,"Egger, M., R. Nijhof, L. Quiros, G. Leone, S-J. Royer, A. C. McWhirter, G. A. Kantakov, V. I. Radchenko, E. A. Pakhomov, B. P. V. Hunt, L. Lebreton. 2020. A spatially variable scarcity of floating microplastics in the eastern North Pacific Ocean. Environmental Research Letters 15, 114056. https://doi.org/10.1088/1748-9326/abbb4f",https://doi.org/10.1088/1748-9326/abbb4f,"The Ocean Cleanup, Rotterdam, The Netherlands",The Ocean Cleanup Foundation,276264,https://www.ncei.noaa.gov/access/metadata/landing-page/bin/iso?id=gov.noaa.nodc:276264,12764,-14828735.785183,3906571.80496054
0276264-0000475,8/13/2015 5:00:00 AM,34.20425,-154.36715,Pacific Ocean,,,,,,Ocean water,,0,,Manta net,0.333,,,,,,1.051438,pieces/m3,1-10,High,Egger et al. 2020,"Egger, M., R. Nijhof, L. Quiros, G. Leone, S-J. Royer, A. C. McWhirter, G. A. Kantakov, V. I. Radchenko, E. A. Pakhomov, B. P. V. Hunt, L. Lebreton. 2020. A spatially variable scarcity of floating microplastics in the eastern North Pacific Ocean. Environmental Research Letters 15, 114056. https://doi.org/10.1088/1748-9326/abbb4f",https://doi.org/10.1088/1748-9326/abbb4f,"The Ocean Cleanup, Rotterdam, The Netherlands",The Ocean Cleanup Foundation,276264,https://www.ncei.noaa.gov/access/metadata/landing-page/bin/iso?id=gov.noaa.nodc:276264,12766,-17184072.5332089,4056260.894883
0276264-0000371,8/16/2015 5:00:00 AM,34.1333,-137.1,Pacific Ocean,,,,,,Ocean water,,0,,Manta net,0.333,,,,,,3.616785,pieces/m3,1-10,High,Egger et al. 2020,"Egger, M., R. Nijhof, L. Quiros, G. Leone, S-J. Royer, A. C. McWhirter, G. A. Kantakov, V. I. Radchenko, E. A. Pakhomov, B. P. V. Hunt, L. Lebreton. 2020. A spatially variable scarcity of floating microplastics in the eastern North Pacific Ocean. Environmental Research Letters 15, 114056. https://doi.org/10.1088/1748-9326/abbb4f",https://doi.org/10.1088/1748-9326/abbb4f,"The Ocean Cleanup, Rotterdam, The Netherlands",The Ocean Cleanup Foundation,276264,https://www.ncei.noaa.gov/access/metadata/landing-page/bin/iso?id=gov.noaa.nodc:276264,12767,-15261902.1877578,4046715.034254
0276264-0000274,8/11/2015 5:00:00 AM,32.012067,-141.5035,Pacific Ocean,,,,,,Ocean water,,0,,Manta net,0.333,,,,,,7.860124,pieces/m3,1-10,High,Egger et al. 2020,"Egger, M., R. Nijhof, L. Quiros, G. Leone, S-J. Royer, A. C. McWhirter, G. A. Kantakov, V. I. Radchenko, E. A. Pakhomov, B. P. V. Hunt, L. Lebreton. 2020. A spatially variable scarcity of floating microplastics in the eastern North Pacific Ocean. Environmental Research Letters 15, 114056. https://doi.org/10.1088/1748-9326/abbb4f",https://doi.org/10.1088/1748-9326/abbb4f,"The Ocean Cleanup, Rotterdam, The Netherlands",The Ocean Cleanup Foundation,276264,https://www.ncei.noaa.gov/access/metadata/landing-page/bin/iso?id=gov.noaa.nodc:276264,12769,-15752097.565466,3764894.71265802
0276264-0000174,7/28/2015 5:00:00 AM,29.007052,-136.8455,Pacific Ocean,,,,,,Ocean water,,0,,Manta net,0.333,,,,,,0.983232,pieces/m3,0.005-1,Medium,Egger et al. 2020,"Egger, M., R. Nijhof, L. Quiros, G. Leone, S-J. Royer, A. C. McWhirter, G. A. Kantakov, V. I. Radchenko, E. A. Pakhomov, B. P. V. Hunt, L. Lebreton. 2020. A spatially variable scarcity of floating microplastics in the eastern North Pacific Ocean. Environmental Research Letters 15, 114056. https://doi.org/10.1088/1748-9326/abbb4f",https://doi.org/10.1088/1748-9326/abbb4f,"The Ocean Cleanup, Rotterdam, The Netherlands",The Ocean Cleanup Foundation,276264,https://www.ncei.noaa.gov/access/metadata/landing-page/bin/iso?id=gov.noaa.nodc:276264,12770,-15233571.3773509,3376543.62712415
0276263-0000022,12/3/2019 6:00:00 AM,33.666667,-141.15,Pacific Ocean,,,,,,Ocean water,,0,,Manta net,0.333,,,,,,3.692508,pieces/m3,1-10,High,Egger et al. 2021,"Egger, M., L. Quiros, G. Leone, F. Ferrari, C. M. Boerger, M. Tishler. 2021. Relative Abundance of Floating Plastic Debris and Neuston in the Eastern North Pacific Ocean. Frontiers in Marine Science 8, 626026. https://doi.org/10.3389/fmars.2021.626026",https://doi.org/10.3389/fmars.2021.626026,"The Ocean Cleanup, Rotterdam, The Netherlands",The Ocean Cleanup Foundation,276263,https://www.ncei.noaa.gov/access/metadata/landing-page/bin/iso?id=gov.noaa.nodc:276263,12771,-15712746.1254706,3984130.8869549
0276264-0000569,9/10/2015 5:00:00 AM,33.07095,-133.2357,Pacific Ocean,,,,,,Ocean water,,0,,Manta net,0.333,,,,,,6.487523,pieces/m3,1-10,High,Egger et al. 2020,"Egger, M., R. Nijhof, L. Quiros, G. Leone, S-J. Royer, A. C. McWhirter, G. A. Kantakov, V. I. Radchenko, E. A. Pakhomov, B. P. V. Hunt, L. Lebreton. 2020. A spatially variable scarcity of floating microplastics in the eastern North Pacific Ocean. Environmental Research Letters 15, 114056. https://doi.org/10.1088/1748-9326/abbb4f",https://doi.org/10.1088/1748-9326/abbb4f,"The Ocean Cleanup, Rotterdam, The Netherlands",The Ocean Cleanup Foundation,276264,https://www.ncei.noaa.gov/access/metadata/landing-page/bin/iso?id=gov.noaa.nodc:276264,12772,-14831730.2794854,3904725.18026643
0276264-0000476,8/14/2015 5:00:00 AM,34.24515,-154.3473,Pacific Ocean,,,,,,Ocean water,,0,,Manta net,0.333,,,,,,1.387017,pieces/m3,1-10,High,Egger et al. 2020,"Egger, M., R. Nijhof, L. Quiros, G. Leone, S-J. Royer, A. C. McWhirter, G. A. Kantakov, V. I. Radchenko, E. A. Pakhomov, B. P. V. Hunt, L. Lebreton. 2020. A spatially variable scarcity of floating microplastics in the eastern North Pacific Ocean. Environmental Research Letters 15, 114056. https://doi.org/10.1088/1748-9326/abbb4f",https://doi.org/10.1088/1748-9326/abbb4f,"The Ocean Cleanup, Rotterdam, The Netherlands",The Ocean Cleanup Foundation,276264,https://www.ncei.noaa.gov/access/metadata/landing-page/bin/iso?id=gov.noaa.nodc:276264,12773,-17181862.8413166,4061767.37419206
0276264-0000275,8/11/2015 5:00:00 AM,32.009235,-141.5065,Pacific Ocean,,,,,,Ocean water,,0,,Manta net,0.333,,,,,,9.260515,pieces/m3,1-10,High,Egger et al. 2020,"Egger, M., R. Nijhof, L. Quiros, G. Leone, S-J. Royer, A. C. McWhirter, G. A. Kantakov, V. I. Radchenko, E. A. Pakhomov, B. P. V. Hunt, L. Lebreton. 2020. A spatially variable scarcity of floating microplastics in the eastern North Pacific Ocean. Environmental Research Letters 15, 114056. https://doi.org/10.1088/1748-9326/abbb4f",https://doi.org/10.1088/1748-9326/abbb4f,"The Ocean Cleanup, Rotterdam, The Netherlands",The Ocean Cleanup Foundation,276264,https://www.ncei.noaa.gov/access/metadata/landing-page/bin/iso?id=gov.noaa.nodc:276264,12775,-15752431.5239384,3764522.92545706
0276264-0000372,8/8/2015 5:00:00 AM,36.25525,-156.2503,Pacific Ocean,,,,,,Ocean water,,0,,Manta net,0.333,,,,,,6.58212,pieces/m3,1-10,High,Egger et al. 2020,"Egger, M., R. Nijhof, L. Quiros, G. Leone, S-J. Royer, A. C. McWhirter, G. A. Kantakov, V. I. Radchenko, E. A. Pakhomov, B. P. V. Hunt, L. Lebreton. 2020. A spatially variable scarcity of floating microplastics in the eastern North Pacific Ocean. Environmental Research Letters 15, 114056. https://doi.org/10.1088/1748-9326/abbb4f",https://doi.org/10.1088/1748-9326/abbb4f,"The Ocean Cleanup, Rotterdam, The Netherlands",The Ocean Cleanup Foundation,276264,https://www.ncei.noaa.gov/access/metadata/landing-page/bin/iso?id=gov.noaa.nodc:276264,12777,-17393703.8322962,4335800.45792712
0276264-0000570,9/10/2015 5:00:00 AM,33.0595,-133.27305,Pacific Ocean,,,,,,Ocean water,,0,,Manta net,0.333,,,,,,4.656397,pieces/m3,1-10,High,Egger et al. 2020,"Egger, M., R. Nijhof, L. Quiros, G. Leone, S-J. Royer, A. C. McWhirter, G. A. Kantakov, V. I. Radchenko, E. A. Pakhomov, B. P. V. Hunt, L. Lebreton. 2020. A spatially variable scarcity of floating microplastics in the eastern North Pacific Ocean. Environmental Research Letters 15, 114056. https://doi.org/10.1088/1748-9326/abbb4f",https://doi.org/10.1088/1748-9326/abbb4f,"The Ocean Cleanup, Rotterdam, The Netherlands",The Ocean Cleanup Foundation,276264,https://www.ncei.noaa.gov/access/metadata/landing-page/bin/iso?id=gov.noaa.nodc:276264,12778,-14835888.0624665,3903204.25889594
0276263-0000023,12/3/2019 6:00:00 AM,33.669,-141.131667,Pacific Ocean,,,,,,Ocean water,,0,,Manta net,0.333,,,,,,6.293373,pieces/m3,1-10,High,Egger et al. 2021,"Egger, M., L. Quiros, G. Leone, F. Ferrari, C. M. Boerger, M. Tishler. 2021. Relative Abundance of Floating Plastic Debris and Neuston in the Eastern North Pacific Ocean. Frontiers in Marine Science 8, 626026. https://doi.org/10.3389/fmars.2021.626026",https://doi.org/10.3389/fmars.2021.626026,"The Ocean Cleanup, Rotterdam, The Netherlands",The Ocean Cleanup Foundation,276263,https://www.ncei.noaa.gov/access/metadata/landing-page/bin/iso?id=gov.noaa.nodc:276263,12779,-15710705.3052459,3984442.936867
0276264-0000175,7/28/2015 5:00:00 AM,29.007302,-136.8435,Pacific Ocean,,,,,,Ocean water,,0,,Manta net,0.333,,,,,,0.89138,pieces/m3,0.005-1,Medium,Egger et al. 2020,"Egger, M., R. Nijhof, L. Quiros, G. Leone, S-J. Royer, A. C. McWhirter, G. A. Kantakov, V. I. Radchenko, E. A. Pakhomov, B. P. V. Hunt, L. Lebreton. 2020. A spatially variable scarcity of floating microplastics in the eastern North Pacific Ocean. Environmental Research Letters 15, 114056. https://doi.org/10.1088/1748-9326/abbb4f",https://doi.org/10.1088/1748-9326/abbb4f,"The Ocean Cleanup, Rotterdam, The Netherlands",The Ocean Cleanup Foundation,276264,https://www.ncei.noaa.gov/access/metadata/landing-page/bin/iso?id=gov.noaa.nodc:276264,12780,-15233348.7383693,3376575.44873206
0276264-0000477,8/14/2015 5:00:00 AM,36.17985,-153.7338,Pacific Ocean,,,,,,Ocean water,,0,,Manta net,0.333,,,,,,0.563965,pieces/m3,0.005-1,Medium,Egger et al. 2020,"Egger, M., R. Nijhof, L. Quiros, G. Leone, S-J. Royer, A. C. McWhirter, G. A. Kantakov, V. I. Radchenko, E. A. Pakhomov, B. P. V. Hunt, L. Lebreton. 2020. A spatially variable scarcity of floating microplastics in the eastern North Pacific Ocean. Environmental Research Letters 15, 114056. https://doi.org/10.1088/1748-9326/abbb4f",https://doi.org/10.1088/1748-9326/abbb4f,"The Ocean Cleanup, Rotterdam, The Netherlands",The Ocean Cleanup Foundation,276264,https://www.ncei.noaa.gov/access/metadata/landing-page/bin/iso?id=gov.noaa.nodc:276264,12781,-17113568.333715,4325396.75750136
0276264-0000276,8/12/2015 5:00:00 AM,32.00336,-140.348,Pacific Ocean,,,,,,Ocean water,,0,,Manta net,0.333,,,,,,4.092073,pieces/m3,1-10,High,Egger et al. 2020,"Egger, M., R. Nijhof, L. Quiros, G. Leone, S-J. Royer, A. C. McWhirter, G. A. Kantakov, V. I. Radchenko, E. A. Pakhomov, B. P. V. Hunt, L. Lebreton. 2020. A spatially variable scarcity of floating microplastics in the eastern North Pacific Ocean. Environmental Research Letters 15, 114056. https://doi.org/10.1088/1748-9326/abbb4f",https://doi.org/10.1088/1748-9326/abbb4f,"The Ocean Cleanup, Rotterdam, The Netherlands",The Ocean Cleanup Foundation,276264,https://www.ncei.noaa.gov/access/metadata/landing-page/bin/iso?id=gov.noaa.nodc:276264,12782,-15623467.8938544,3763751.68743856
0276264-0000373,8/8/2015 5:00:00 AM,36.25325,-156.18705,Pacific Ocean,,,,,,Ocean water,,0,,Manta net,0.333,,,,,,6.203604,pieces/m3,1-10,High,Egger et al. 2020,"Egger, M., R. Nijhof, L. Quiros, G. Leone, S-J. Royer, A. C. McWhirter, G. A. Kantakov, V. I. Radchenko, E. A. Pakhomov, B. P. V. Hunt, L. Lebreton. 2020. A spatially variable scarcity of floating microplastics in the eastern North Pacific Ocean. Environmental Research Letters 15, 114056. https://doi.org/10.1088/1748-9326/abbb4f",https://doi.org/10.1088/1748-9326/abbb4f,"The Ocean Cleanup, Rotterdam, The Netherlands",The Ocean Cleanup Foundation,276264,https://www.ncei.noaa.gov/access/metadata/landing-page/bin/iso?id=gov.noaa.nodc:276264,12784,-17386662.8745036,4335524.36817379
0276264-0000571,9/10/2015 5:00:00 AM,33.04615,-133.3114,Pacific Ocean,,,,,,Ocean water,,0,,Manta net,0.333,,,,,,2.053062,pieces/m3,1-10,High,Egger et al. 2020,"Egger, M., R. Nijhof, L. Quiros, G. Leone, S-J. Royer, A. C. McWhirter, G. A. Kantakov, V. I. Radchenko, E. A. Pakhomov, B. P. V. Hunt, L. Lebreton. 2020. A spatially variable scarcity of floating microplastics in the eastern North Pacific Ocean. Environmental Research Letters 15, 114056. https://doi.org/10.1088/1748-9326/abbb4f",https://doi.org/10.1088/1748-9326/abbb4f,"The Ocean Cleanup, Rotterdam, The Netherlands",The Ocean Cleanup Foundation,276264,https://www.ncei.noaa.gov/access/metadata/landing-page/bin/iso?id=gov.noaa.nodc:276264,12785,-14840157.1649384,3901431.20733219
0276264-0000176,7/29/2015 5:00:00 AM,29.00774,-137.451,Pacific Ocean,,,,,,Ocean water,,0,,Manta net,0.333,,,,,,0.918348,pieces/m3,0.005-1,Medium,Egger et al. 2020,"Egger, M., R. Nijhof, L. Quiros, G. Leone, S-J. Royer, A. C. McWhirter, G. A. Kantakov, V. I. Radchenko, E. A. Pakhomov, B. P. V. Hunt, L. Lebreton. 2020. A spatially variable scarcity of floating microplastics in the eastern North Pacific Ocean. Environmental Research Letters 15, 114056. https://doi.org/10.1088/1748-9326/abbb4f",https://doi.org/10.1088/1748-9326/abbb4f,"The Ocean Cleanup, Rotterdam, The Netherlands",The Ocean Cleanup Foundation,276264,https://www.ncei.noaa.gov/access/metadata/landing-page/bin/iso?id=gov.noaa.nodc:276264,12786,-15300975.3290262,3376631.20037471
0276263-0000024,12/3/2019 6:00:00 AM,33.671833,-141.098667,Pacific Ocean,,,,,,Ocean water,,0,,Manta net,0.333,,,,,,7.704875,pieces/m3,1-10,High,Egger et al. 2021,"Egger, M., L. Quiros, G. Leone, F. Ferrari, C. M. Boerger, M. Tishler. 2021. Relative Abundance of Floating Plastic Debris and Neuston in the Eastern North Pacific Ocean. Frontiers in Marine Science 8, 626026. https://doi.org/10.3389/fmars.2021.626026",https://doi.org/10.3389/fmars.2021.626026,"The Ocean Cleanup, Rotterdam, The Netherlands",The Ocean Cleanup Foundation,276263,https://www.ncei.noaa.gov/access/metadata/landing-page/bin/iso?id=gov.noaa.nodc:276263,12787,-15707031.7620497,3984821.87555101
0276264-0000478,8/14/2015 5:00:00 AM,36.2547,-153.71465,Pacific Ocean,,,,,,Ocean water,,0,,Manta net,0.333,,,,,,1.0534,pieces/m3,1-10,High,Egger et al. 2020,"Egger, M., R. Nijhof, L. Quiros, G. Leone, S-J. Royer, A. C. McWhirter, G. A. Kantakov, V. I. Radchenko, E. A. Pakhomov, B. P. V. Hunt, L. Lebreton. 2020. A spatially variable scarcity of floating microplastics in the eastern North Pacific Ocean. Environmental Research Letters 15, 114056. https://doi.org/10.1088/1748-9326/abbb4f",https://doi.org/10.1088/1748-9326/abbb4f,"The Ocean Cleanup, Rotterdam, The Netherlands",The Ocean Cleanup Foundation,276264,https://www.ncei.noaa.gov/access/metadata/landing-page/bin/iso?id=gov.noaa.nodc:276264,12788,-17111436.5654663,4335724.53254041
0276264-0000374,8/8/2015 5:00:00 AM,36.83315,-153.35705,Pacific Ocean,,,,,,Ocean water,,0,,Manta net,0.333,,,,,,3.118782,pieces/m3,1-10,High,Egger et al. 2020,"Egger, M., R. Nijhof, L. Quiros, G. Leone, S-J. Royer, A. C. McWhirter, G. A. Kantakov, V. I. Radchenko, E. A. Pakhomov, B. P. V. Hunt, L. Lebreton. 2020. A spatially variable scarcity of floating microplastics in the eastern North Pacific Ocean. Environmental Research Letters 15, 114056. https://doi.org/10.1088/1748-9326/abbb4f",https://doi.org/10.1088/1748-9326/abbb4f,"The Ocean Cleanup, Rotterdam, The Netherlands",The Ocean Cleanup Foundation,276264,https://www.ncei.noaa.gov/access/metadata/landing-page/bin/iso?id=gov.noaa.nodc:276264,12790,-17071628.7155586,4415875.49634227
0276264-0000277,8/12/2015 5:00:00 AM,32.000367,-140.351,Pacific Ocean,,,,,,Ocean water,,0,,Manta net,0.333,,,,,,8.765483,pieces/m3,1-10,High,Egger et al. 2020,"Egger, M., R. Nijhof, L. Quiros, G. Leone, S-J. Royer, A. C. McWhirter, G. A. Kantakov, V. I. Radchenko, E. A. Pakhomov, B. P. V. Hunt, L. Lebreton. 2020. A spatially variable scarcity of floating microplastics in the eastern North Pacific Ocean. Environmental Research Letters 15, 114056. https://doi.org/10.1088/1748-9326/abbb4f",https://doi.org/10.1088/1748-9326/abbb4f,"The Ocean Cleanup, Rotterdam, The Netherlands",The Ocean Cleanup Foundation,276264,https://www.ncei.noaa.gov/access/metadata/landing-page/bin/iso?id=gov.noaa.nodc:276264,12791,-15623801.8523267,3763358.80169403
0276264-0000572,9/11/2015 5:00:00 AM,33.0328,-133.35875,Pacific Ocean,,,,,,Ocean water,,0,,Manta net,0.333,,,,,,1.79035,pieces/m3,1-10,High,Egger et al. 2020,"Egger, M., R. Nijhof, L. Quiros, G. Leone, S-J. Royer, A. C. McWhirter, G. A. Kantakov, V. I. Radchenko, E. A. Pakhomov, B. P. V. Hunt, L. Lebreton. 2020. A spatially variable scarcity of floating microplastics in the eastern North Pacific Ocean. Environmental Research Letters 15, 114056. https://doi.org/10.1088/1748-9326/abbb4f",https://doi.org/10.1088/1748-9326/abbb4f,"The Ocean Cleanup, Rotterdam, The Netherlands",The Ocean Cleanup Foundation,276264,https://www.ncei.noaa.gov/access/metadata/landing-page/bin/iso?id=gov.noaa.nodc:276264,12792,-14845428.1428275,3899658.42450702
0276264-0000177,7/29/2015 5:00:00 AM,29.008008,-137.4495,Pacific Ocean,,,,,,Ocean water,,0,,Manta net,0.333,,,,,,0.795394,pieces/m3,0.005-1,Medium,Egger et al. 2020,"Egger, M., R. Nijhof, L. Quiros, G. Leone, S-J. Royer, A. C. McWhirter, G. A. Kantakov, V. I. Radchenko, E. A. Pakhomov, B. P. V. Hunt, L. Lebreton. 2020. A spatially variable scarcity of floating microplastics in the eastern North Pacific Ocean. Environmental Research Letters 15, 114056. https://doi.org/10.1088/1748-9326/abbb4f",https://doi.org/10.1088/1748-9326/abbb4f,"The Ocean Cleanup, Rotterdam, The Netherlands",The Ocean Cleanup Foundation,276264,https://www.ncei.noaa.gov/access/metadata/landing-page/bin/iso?id=gov.noaa.nodc:276264,12794,-15300808.3497901,3376665.31336849
0276264-0000479,8/14/2015 5:00:00 AM,36.32075,-153.6895,Pacific Ocean,,,,,,Ocean water,,0,,Manta net,0.333,,,,,,1.100274,pieces/m3,1-10,High,Egger et al. 2020,"Egger, M., R. Nijhof, L. Quiros, G. Leone, S-J. Royer, A. C. McWhirter, G. A. Kantakov, V. I. Radchenko, E. A. Pakhomov, B. P. V. Hunt, L. Lebreton. 2020. A spatially variable scarcity of floating microplastics in the eastern North Pacific Ocean. Environmental Research Letters 15, 114056. https://doi.org/10.1088/1748-9326/abbb4f",https://doi.org/10.1088/1748-9326/abbb4f,"The Ocean Cleanup, Rotterdam, The Netherlands",The Ocean Cleanup Foundation,276264,https://www.ncei.noaa.gov/access/metadata/landing-page/bin/iso?id=gov.noaa.nodc:276264,12795,-17108636.8802728,4344846.30752579
0276264-0000278,8/12/2015 5:00:00 AM,31.992393,-139.8385,Pacific Ocean,,,,,,Ocean water,,0,,Manta net,0.333,,,,,,5.058694,pieces/m3,1-10,High,Egger et al. 2020,"Egger, M., R. Nijhof, L. Quiros, G. Leone, S-J. Royer, A. C. McWhirter, G. A. Kantakov, V. I. Radchenko, E. A. Pakhomov, B. P. V. Hunt, L. Lebreton. 2020. A spatially variable scarcity of floating microplastics in the eastern North Pacific Ocean. Environmental Research Letters 15, 114056. https://doi.org/10.1088/1748-9326/abbb4f",https://doi.org/10.1088/1748-9326/abbb4f,"The Ocean Cleanup, Rotterdam, The Netherlands",The Ocean Cleanup Foundation,276264,https://www.ncei.noaa.gov/access/metadata/landing-page/bin/iso?id=gov.noaa.nodc:276264,12796,-15566750.6132952,3762312.13160147
0276264-0000375,8/9/2015 5:00:00 AM,36.8386,-153.28865,Pacific Ocean,,,,,,Ocean water,,0,,Manta net,0.333,,,,,,2.736727,pieces/m3,1-10,High,Egger et al. 2020,"Egger, M., R. Nijhof, L. Quiros, G. Leone, S-J. Royer, A. C. McWhirter, G. A. Kantakov, V. I. Radchenko, E. A. Pakhomov, B. P. V. Hunt, L. Lebreton. 2020. A spatially variable scarcity of floating microplastics in the eastern North Pacific Ocean. Environmental Research Letters 15, 114056. https://doi.org/10.1088/1748-9326/abbb4f",https://doi.org/10.1088/1748-9326/abbb4f,"The Ocean Cleanup, Rotterdam, The Netherlands",The Ocean Cleanup Foundation,276264,https://www.ncei.noaa.gov/access/metadata/landing-page/bin/iso?id=gov.noaa.nodc:276264,12797,-17064014.4623883,4416633.52291635
0276264-0000178,7/29/2015 5:00:00 AM,29.000943,-138.032,Pacific Ocean,,,,,,Ocean water,,0,,Manta net,0.333,,,,,,0.857739,pieces/m3,0.005-1,Medium,Egger et al. 2020,"Egger, M., R. Nijhof, L. Quiros, G. Leone, S-J. Royer, A. C. McWhirter, G. A. Kantakov, V. I. Radchenko, E. A. Pakhomov, B. P. V. Hunt, L. Lebreton. 2020. A spatially variable scarcity of floating microplastics in the eastern North Pacific Ocean. Environmental Research Letters 15, 114056. https://doi.org/10.1088/1748-9326/abbb4f",https://doi.org/10.1088/1748-9326/abbb4f,"The Ocean Cleanup, Rotterdam, The Netherlands",The Ocean Cleanup Foundation,276264,https://www.ncei.noaa.gov/access/metadata/landing-page/bin/iso?id=gov.noaa.nodc:276264,12799,-15365651.9531771,3375766.05823666
0276263-0000025,12/3/2019 6:00:00 AM,33.89755,-140.53365,Pacific Ocean,,,,,,Ocean water,,0,,Manta net,0.333,,,,,,27.723083,pieces/m3,>=10,Very High,Egger et al. 2021,"Egger, M., L. Quiros, G. Leone, F. Ferrari, C. M. Boerger, M. Tishler. 2021. Relative Abundance of Floating Plastic Debris and Neuston in the Eastern North Pacific Ocean. Frontiers in Marine Science 8, 626026. https://doi.org/10.3389/fmars.2021.626026",https://doi.org/10.3389/fmars.2021.626026,"The Ocean Cleanup, Rotterdam, The Netherlands",The Ocean Cleanup Foundation,276263,https://www.ncei.noaa.gov/access/metadata/landing-page/bin/iso?id=gov.noaa.nodc:276263,12801,-15644134.3573201,4015053.7759797
0276264-0000573,9/11/2015 5:00:00 AM,33.02275,-133.41515,Pacific Ocean,,,,,,Ocean water,,0,,Manta net,0.333,,,,,,0.585087,pieces/m3,0.005-1,Medium,Egger et al. 2020,"Egger, M., R. Nijhof, L. Quiros, G. Leone, S-J. Royer, A. C. McWhirter, G. A. Kantakov, V. I. Radchenko, E. A. Pakhomov, B. P. V. Hunt, L. Lebreton. 2020. A spatially variable scarcity of floating microplastics in the eastern North Pacific Ocean. Environmental Research Letters 15, 114056. https://doi.org/10.1088/1748-9326/abbb4f",https://doi.org/10.1088/1748-9326/abbb4f,"The Ocean Cleanup, Rotterdam, The Netherlands",The Ocean Cleanup Foundation,276264,https://www.ncei.noaa.gov/access/metadata/landing-page/bin/iso?id=gov.noaa.nodc:276264,12802,-14851706.5621082,3898324.0348579
0276264-0000480,8/14/2015 5:00:00 AM,36.3728,-153.6528,Pacific Ocean,,,,,,Ocean water,,0,,Manta net,0.333,,,,,,1.550254,pieces/m3,1-10,High,Egger et al. 2020,"Egger, M., R. Nijhof, L. Quiros, G. Leone, S-J. Royer, A. C. McWhirter, G. A. Kantakov, V. I. Radchenko, E. A. Pakhomov, B. P. V. Hunt, L. Lebreton. 2020. A spatially variable scarcity of floating microplastics in the eastern North Pacific Ocean. Environmental Research Letters 15, 114056. https://doi.org/10.1088/1748-9326/abbb4f",https://doi.org/10.1088/1748-9326/abbb4f,"The Ocean Cleanup, Rotterdam, The Netherlands",The Ocean Cleanup Foundation,276264,https://www.ncei.noaa.gov/access/metadata/landing-page/bin/iso?id=gov.noaa.nodc:276264,12803,-17104551.4549607,4352040.07248313
0276264-0000279,8/12/2015 5:00:00 AM,31.98985,-139.84,Pacific Ocean,,,,,,Ocean water,,0,,Manta net,0.333,,,,,,9.431598,pieces/m3,1-10,High,Egger et al. 2020,"Egger, M., R. Nijhof, L. Quiros, G. Leone, S-J. Royer, A. C. McWhirter, G. A. Kantakov, V. I. Radchenko, E. A. Pakhomov, B. P. V. Hunt, L. Lebreton. 2020. A spatially variable scarcity of floating microplastics in the eastern North Pacific Ocean. Environmental Research Letters 15, 114056. https://doi.org/10.1088/1748-9326/abbb4f",https://doi.org/10.1088/1748-9326/abbb4f,"The Ocean Cleanup, Rotterdam, The Netherlands",The Ocean Cleanup Foundation,276264,https://www.ncei.noaa.gov/access/metadata/landing-page/bin/iso?id=gov.noaa.nodc:276264,12805,-15566917.5925314,3761978.35564993
0276263-0000026,12/3/2019 6:00:00 AM,33.906033,-140.5,Pacific Ocean,,,,,,Ocean water,,0,,Manta net,0.333,,,,,,4.256088,pieces/m3,1-10,High,Egger et al. 2021,"Egger, M., L. Quiros, G. Leone, F. Ferrari, C. M. Boerger, M. Tishler. 2021. Relative Abundance of Floating Plastic Debris and Neuston in the Eastern North Pacific Ocean. Frontiers in Marine Science 8, 626026. https://doi.org/10.3389/fmars.2021.626026",https://doi.org/10.3389/fmars.2021.626026,"The Ocean Cleanup, Rotterdam, The Netherlands",The Ocean Cleanup Foundation,276263,https://www.ncei.noaa.gov/access/metadata/landing-page/bin/iso?id=gov.noaa.nodc:276263,12806,-15640388.4564549,4016191.5218914
0276263-0000027,12/3/2019 6:00:00 AM,33.9101,-140.475483,Pacific Ocean,,,,,,Ocean water,,0,,Manta net,0.333,,,,,,7.252628,pieces/m3,1-10,High,Egger et al. 2021,"Egger, M., L. Quiros, G. Leone, F. Ferrari, C. M. Boerger, M. Tishler. 2021. Relative Abundance of Floating Plastic Debris and Neuston in the Eastern North Pacific Ocean. Frontiers in Marine Science 8, 626026. https://doi.org/10.3389/fmars.2021.626026",https://doi.org/10.3389/fmars.2021.626026,"The Ocean Cleanup, Rotterdam, The Netherlands",The Ocean Cleanup Foundation,276263,https://www.ncei.noaa.gov/access/metadata/landing-page/bin/iso?id=gov.noaa.nodc:276263,12809,-15637659.2364992,4016737.03093627
0276264-0000179,7/29/2015 5:00:00 AM,29.001168,-138.0285,Pacific Ocean,,,,,,Ocean water,,0,,Manta net,0.333,,,,,,0.741419,pieces/m3,0.005-1,Medium,Egger et al. 2020,"Egger, M., R. Nijhof, L. Quiros, G. Leone, S-J. Royer, A. C. McWhirter, G. A. Kantakov, V. I. Radchenko, E. A. Pakhomov, B. P. V. Hunt, L. Lebreton. 2020. A spatially variable scarcity of floating microplastics in the eastern North Pacific Ocean. Environmental Research Letters 15, 114056. https://doi.org/10.1088/1748-9326/abbb4f",https://doi.org/10.1088/1748-9326/abbb4f,"The Ocean Cleanup, Rotterdam, The Netherlands",The Ocean Cleanup Foundation,276264,https://www.ncei.noaa.gov/access/metadata/landing-page/bin/iso?id=gov.noaa.nodc:276264,12810,-15365262.3349594,3375794.69598744
0276264-0000574,9/11/2015 5:00:00 AM,32.47625,-133.46005,Pacific Ocean,,,,,,Ocean water,,0,,Manta net,0.333,,,,,,0.91359,pieces/m3,0.005-1,Medium,Egger et al. 2020,"Egger, M., R. Nijhof, L. Quiros, G. Leone, S-J. Royer, A. C. McWhirter, G. A. Kantakov, V. I. Radchenko, E. A. Pakhomov, B. P. V. Hunt, L. Lebreton. 2020. A spatially variable scarcity of floating microplastics in the eastern North Pacific Ocean. Environmental Research Letters 15, 114056. https://doi.org/10.1088/1748-9326/abbb4f",https://doi.org/10.1088/1748-9326/abbb4f,"The Ocean Cleanup, Rotterdam, The Netherlands",The Ocean Cleanup Foundation,276264,https://www.ncei.noaa.gov/access/metadata/landing-page/bin/iso?id=gov.noaa.nodc:276264,12811,-14856704.8072448,3825989.48112523
0276264-0000481,8/14/2015 5:00:00 AM,36.42225,-153.62265,Pacific Ocean,,,,,,Ocean water,,0,,Manta net,0.333,,,,,,1.17109,pieces/m3,1-10,High,Egger et al. 2020,"Egger, M., R. Nijhof, L. Quiros, G. Leone, S-J. Royer, A. C. McWhirter, G. A. Kantakov, V. I. Radchenko, E. A. Pakhomov, B. P. V. Hunt, L. Lebreton. 2020. A spatially variable scarcity of floating microplastics in the eastern North Pacific Ocean. Environmental Research Letters 15, 114056. https://doi.org/10.1088/1748-9326/abbb4f",https://doi.org/10.1088/1748-9326/abbb4f,"The Ocean Cleanup, Rotterdam, The Netherlands",The Ocean Cleanup Foundation,276264,https://www.ncei.noaa.gov/access/metadata/landing-page/bin/iso?id=gov.noaa.nodc:276264,12812,-17101195.1723133,4358878.95469663
0276264-0000280,8/12/2015 5:00:00 AM,32.003383,-139.321,Pacific Ocean,,,,,,Ocean water,,0,,Manta net,0.333,,,,,,17.674272,pieces/m3,>=10,Very High,Egger et al. 2020,"Egger, M., R. Nijhof, L. Quiros, G. Leone, S-J. Royer, A. C. McWhirter, G. A. Kantakov, V. I. Radchenko, E. A. Pakhomov, B. P. V. Hunt, L. Lebreton. 2020. A spatially variable scarcity of floating microplastics in the eastern North Pacific Ocean. Environmental Research Letters 15, 114056. https://doi.org/10.1088/1748-9326/abbb4f",https://doi.org/10.1088/1748-9326/abbb4f,"The Ocean Cleanup, Rotterdam, The Netherlands",The Ocean Cleanup Foundation,276264,https://www.ncei.noaa.gov/access/metadata/landing-page/bin/iso?id=gov.noaa.nodc:276264,12813,-15509142.7768097,3763754.70665699
0276264-0000376,8/9/2015 5:00:00 AM,36.8441,-153.19055,Pacific Ocean,,,,,,Ocean water,,0,,Manta net,0.333,,,,,,3.530292,pieces/m3,1-10,High,Egger et al. 2020,"Egger, M., R. Nijhof, L. Quiros, G. Leone, S-J. Royer, A. C. McWhirter, G. A. Kantakov, V. I. Radchenko, E. A. Pakhomov, B. P. V. Hunt, L. Lebreton. 2020. A spatially variable scarcity of floating microplastics in the eastern North Pacific Ocean. Environmental Research Letters 15, 114056. https://doi.org/10.1088/1748-9326/abbb4f",https://doi.org/10.1088/1748-9326/abbb4f,"The Ocean Cleanup, Rotterdam, The Netherlands",The Ocean Cleanup Foundation,276264,https://www.ncei.noaa.gov/access/metadata/landing-page/bin/iso?id=gov.noaa.nodc:276264,12814,-17053094.0203415,4417398.55862663
0276264-0000180,7/29/2015 5:00:00 AM,29.000035,-138.5655,Pacific Ocean,,,,,,Ocean water,,0,,Manta net,0.333,,,,,,1.146122,pieces/m3,1-10,High,Egger et al. 2020,"Egger, M., R. Nijhof, L. Quiros, G. Leone, S-J. Royer, A. C. McWhirter, G. A. Kantakov, V. I. Radchenko, E. A. Pakhomov, B. P. V. Hunt, L. Lebreton. 2020. A spatially variable scarcity of floating microplastics in the eastern North Pacific Ocean. Environmental Research Letters 15, 114056. https://doi.org/10.1088/1748-9326/abbb4f",https://doi.org/10.1088/1748-9326/abbb4f,"The Ocean Cleanup, Rotterdam, The Netherlands",The Ocean Cleanup Foundation,276264,https://www.ncei.noaa.gov/access/metadata/landing-page/bin/iso?id=gov.noaa.nodc:276264,12815,-15425040.9015153,3375650.48963581
0276264-0000281,8/12/2015 5:00:00 AM,32.002977,-139.315,Pacific Ocean,,,,,,Ocean water,,0,,Manta net,0.333,,,,,,20.043001,pieces/m3,>=10,Very High,Egger et al. 2020,"Egger, M., R. Nijhof, L. Quiros, G. Leone, S-J. Royer, A. C. McWhirter, G. A. Kantakov, V. I. Radchenko, E. A. Pakhomov, B. P. V. Hunt, L. Lebreton. 2020. A spatially variable scarcity of floating microplastics in the eastern North Pacific Ocean. Environmental Research Letters 15, 114056. https://doi.org/10.1088/1748-9326/abbb4f",https://doi.org/10.1088/1748-9326/abbb4f,"The Ocean Cleanup, Rotterdam, The Netherlands",The Ocean Cleanup Foundation,276264,https://www.ncei.noaa.gov/access/metadata/landing-page/bin/iso?id=gov.noaa.nodc:276264,12816,-15508474.8598649,3763701.41099955
0276264-0000282,8/13/2015 5:00:00 AM,32.005742,-138.792,Pacific Ocean,,,,,,Ocean water,,0,,Manta net,0.333,,,,,,6.000392,pieces/m3,1-10,High,Egger et al. 2020,"Egger, M., R. Nijhof, L. Quiros, G. Leone, S-J. Royer, A. C. McWhirter, G. A. Kantakov, V. I. Radchenko, E. A. Pakhomov, B. P. V. Hunt, L. Lebreton. 2020. A spatially variable scarcity of floating microplastics in the eastern North Pacific Ocean. Environmental Research Letters 15, 114056. https://doi.org/10.1088/1748-9326/abbb4f",https://doi.org/10.1088/1748-9326/abbb4f,"The Ocean Cleanup, Rotterdam, The Netherlands",The Ocean Cleanup Foundation,276264,https://www.ncei.noaa.gov/access/metadata/landing-page/bin/iso?id=gov.noaa.nodc:276264,12819,-15450254.76618,3764064.37747432
0276264-0000181,7/29/2015 5:00:00 AM,29.000142,-138.5675,Pacific Ocean,,,,,,Ocean water,,0,,Manta net,0.333,,,,,,0.907112,pieces/m3,0.005-1,Medium,Egger et al. 2020,"Egger, M., R. Nijhof, L. Quiros, G. Leone, S-J. Royer, A. C. McWhirter, G. A. Kantakov, V. I. Radchenko, E. A. Pakhomov, B. P. V. Hunt, L. Lebreton. 2020. A spatially variable scarcity of floating microplastics in the eastern North Pacific Ocean. Environmental Research Letters 15, 114056. https://doi.org/10.1088/1748-9326/abbb4f",https://doi.org/10.1088/1748-9326/abbb4f,"The Ocean Cleanup, Rotterdam, The Netherlands",The Ocean Cleanup Foundation,276264,https://www.ncei.noaa.gov/access/metadata/landing-page/bin/iso?id=gov.noaa.nodc:276264,12820,-15425263.5404969,3375664.10834988
0276264-0000575,9/11/2015 5:00:00 AM,32.4745,-133.4965,Pacific Ocean,,,,,,Ocean water,,0,,Manta net,0.333,,,,,,1.389757,pieces/m3,1-10,High,Egger et al. 2020,"Egger, M., R. Nijhof, L. Quiros, G. Leone, S-J. Royer, A. C. McWhirter, G. A. Kantakov, V. I. Radchenko, E. A. Pakhomov, B. P. V. Hunt, L. Lebreton. 2020. A spatially variable scarcity of floating microplastics in the eastern North Pacific Ocean. Environmental Research Letters 15, 114056. https://doi.org/10.1088/1748-9326/abbb4f",https://doi.org/10.1088/1748-9326/abbb4f,"The Ocean Cleanup, Rotterdam, The Netherlands",The Ocean Cleanup Foundation,276264,https://www.ncei.noaa.gov/access/metadata/landing-page/bin/iso?id=gov.noaa.nodc:276264,12822,-14860762.4026842,3825758.56130407
0276264-0000482,8/15/2015 5:00:00 AM,36.48745,-153.60735,Pacific Ocean,,,,,,Ocean water,,0,,Manta net,0.333,,,,,,0.750804,pieces/m3,0.005-1,Medium,Egger et al. 2020,"Egger, M., R. Nijhof, L. Quiros, G. Leone, S-J. Royer, A. C. McWhirter, G. A. Kantakov, V. I. Radchenko, E. A. Pakhomov, B. P. V. Hunt, L. Lebreton. 2020. A spatially variable scarcity of floating microplastics in the eastern North Pacific Ocean. Environmental Research Letters 15, 114056. https://doi.org/10.1088/1748-9326/abbb4f",https://doi.org/10.1088/1748-9326/abbb4f,"The Ocean Cleanup, Rotterdam, The Netherlands",The Ocean Cleanup Foundation,276264,https://www.ncei.noaa.gov/access/metadata/landing-page/bin/iso?id=gov.noaa.nodc:276264,12823,-17099491.9841041,4367902.70572031
0276263-0000028,12/4/2019 6:00:00 AM,34.422667,-139.239667,Pacific Ocean,,,,,,Ocean water,,0,,Manta net,0.333,,,,,,42.069682,pieces/m3,>=10,Very High,Egger et al. 2021,"Egger, M., L. Quiros, G. Leone, F. Ferrari, C. M. Boerger, M. Tishler. 2021. Relative Abundance of Floating Plastic Debris and Neuston in the Eastern North Pacific Ocean. Frontiers in Marine Science 8, 626026. https://doi.org/10.3389/fmars.2021.626026",https://doi.org/10.3389/fmars.2021.626026,"The Ocean Cleanup, Rotterdam, The Netherlands",The Ocean Cleanup Foundation,276263,https://www.ncei.noaa.gov/access/metadata/landing-page/bin/iso?id=gov.noaa.nodc:276263,12824,-15500088.828665,4085698.06365005
0276264-0000576,9/11/2015 5:00:00 AM,32.469,-133.5409,Pacific Ocean,,,,,,Ocean water,,0,,Manta net,0.333,,,,,,2.131878,pieces/m3,1-10,High,Egger et al. 2020,"Egger, M., R. Nijhof, L. Quiros, G. Leone, S-J. Royer, A. C. McWhirter, G. A. Kantakov, V. I. Radchenko, E. A. Pakhomov, B. P. V. Hunt, L. Lebreton. 2020. A spatially variable scarcity of floating microplastics in the eastern North Pacific Ocean. Environmental Research Letters 15, 114056. https://doi.org/10.1088/1748-9326/abbb4f",https://doi.org/10.1088/1748-9326/abbb4f,"The Ocean Cleanup, Rotterdam, The Netherlands",The Ocean Cleanup Foundation,276264,https://www.ncei.noaa.gov/access/metadata/landing-page/bin/iso?id=gov.noaa.nodc:276264,12825,-14865704.9880755,3825032.84251611
0276264-0000377,8/10/2015 5:00:00 AM,36.7966,-146.6179,Pacific Ocean,,,,,,Ocean water,,0,,Manta net,0.333,,,,,,3.084044,pieces/m3,1-10,High,Egger et al. 2020,"Egger, M., R. Nijhof, L. Quiros, G. Leone, S-J. Royer, A. C. McWhirter, G. A. Kantakov, V. I. Radchenko, E. A. Pakhomov, B. P. V. Hunt, L. Lebreton. 2020. A spatially variable scarcity of floating microplastics in the eastern North Pacific Ocean. Environmental Research Letters 15, 114056. https://doi.org/10.1088/1748-9326/abbb4f",https://doi.org/10.1088/1748-9326/abbb4f,"The Ocean Cleanup, Rotterdam, The Netherlands",The Ocean Cleanup Foundation,276264,https://www.ncei.noaa.gov/access/metadata/landing-page/bin/iso?id=gov.noaa.nodc:276264,12826,-16321429.9691791,4410793.24504455
0276263-0000029,12/4/2019 6:00:00 AM,34.432067,-139.212717,Pacific Ocean,,,,,,Ocean water,,0,,Manta net,0.333,,,,,,15.664694,pieces/m3,>=10,Very High,Egger et al. 2021,"Egger, M., L. Quiros, G. Leone, F. Ferrari, C. M. Boerger, M. Tishler. 2021. Relative Abundance of Floating Plastic Debris and Neuston in the Eastern North Pacific Ocean. Frontiers in Marine Science 8, 626026. https://doi.org/10.3389/fmars.2021.626026",https://doi.org/10.3389/fmars.2021.626026,"The Ocean Cleanup, Rotterdam, The Netherlands",The Ocean Cleanup Foundation,276263,https://www.ncei.noaa.gov/access/metadata/landing-page/bin/iso?id=gov.noaa.nodc:276263,12827,-15497088.7683881,4086966.67175709
0276264-0000283,8/13/2015 5:00:00 AM,32.00334,-138.795,Pacific Ocean,,,,,,Ocean water,,0,,Manta net,0.333,,,,,,8.972393,pieces/m3,1-10,High,Egger et al. 2020,"Egger, M., R. Nijhof, L. Quiros, G. Leone, S-J. Royer, A. C. McWhirter, G. A. Kantakov, V. I. Radchenko, E. A. Pakhomov, B. P. V. Hunt, L. Lebreton. 2020. A spatially variable scarcity of floating microplastics in the eastern North Pacific Ocean. Environmental Research Letters 15, 114056. https://doi.org/10.1088/1748-9326/abbb4f",https://doi.org/10.1088/1748-9326/abbb4f,"The Ocean Cleanup, Rotterdam, The Netherlands",The Ocean Cleanup Foundation,276264,https://www.ncei.noaa.gov/access/metadata/landing-page/bin/iso?id=gov.noaa.nodc:276264,12828,-15450588.7246524,3763749.06203185
0276264-0000483,8/15/2015 5:00:00 AM,38.28955,-152.5767,Pacific Ocean,,,,,,Ocean water,,0,,Manta net,0.333,,,,,,0.764954,pieces/m3,0.005-1,Medium,Egger et al. 2020,"Egger, M., R. Nijhof, L. Quiros, G. Leone, S-J. Royer, A. C. McWhirter, G. A. Kantakov, V. I. Radchenko, E. A. Pakhomov, B. P. V. Hunt, L. Lebreton. 2020. A spatially variable scarcity of floating microplastics in the eastern North Pacific Ocean. Environmental Research Letters 15, 114056. https://doi.org/10.1088/1748-9326/abbb4f",https://doi.org/10.1088/1748-9326/abbb4f,"The Ocean Cleanup, Rotterdam, The Netherlands",The Ocean Cleanup Foundation,276264,https://www.ncei.noaa.gov/access/metadata/landing-page/bin/iso?id=gov.noaa.nodc:276264,12830,-16984760.5509181,4620410.65511623
0276264-0000182,7/29/2015 5:00:00 AM,29.00025,-139.1675,Pacific Ocean,,,,,,Ocean water,,0,,Manta net,0.333,,,,,,1.478848,pieces/m3,1-10,High,Egger et al. 2020,"Egger, M., R. Nijhof, L. Quiros, G. Leone, S-J. Royer, A. C. McWhirter, G. A. Kantakov, V. I. Radchenko, E. A. Pakhomov, B. P. V. Hunt, L. Lebreton. 2020. A spatially variable scarcity of floating microplastics in the eastern North Pacific Ocean. Environmental Research Letters 15, 114056. https://doi.org/10.1088/1748-9326/abbb4f",https://doi.org/10.1088/1748-9326/abbb4f,"The Ocean Cleanup, Rotterdam, The Netherlands",The Ocean Cleanup Foundation,276264,https://www.ncei.noaa.gov/access/metadata/landing-page/bin/iso?id=gov.noaa.nodc:276264,12831,-15492055.2349729,3375677.85435595
0276264-0000284,8/13/2015 5:00:00 AM,32.00225,-138.28,Pacific Ocean,,,,,,Ocean water,,0,,Manta net,0.333,,,,,,5.330399,pieces/m3,1-10,High,Egger et al. 2020,"Egger, M., R. Nijhof, L. Quiros, G. Leone, S-J. Royer, A. C. McWhirter, G. A. Kantakov, V. I. Radchenko, E. A. Pakhomov, B. P. V. Hunt, L. Lebreton. 2020. A spatially variable scarcity of floating microplastics in the eastern North Pacific Ocean. Environmental Research Letters 15, 114056. https://doi.org/10.1088/1748-9326/abbb4f",https://doi.org/10.1088/1748-9326/abbb4f,"The Ocean Cleanup, Rotterdam, The Netherlands",The Ocean Cleanup Foundation,276264,https://www.ncei.noaa.gov/access/metadata/landing-page/bin/iso?id=gov.noaa.nodc:276264,12832,-15393259.1868939,3763605.97823218
0276264-0000577,9/11/2015 5:00:00 AM,32.46245,-133.58405,Pacific Ocean,,,,,,Ocean water,,0,,Manta net,0.333,,,,,,1.4442,pieces/m3,1-10,High,Egger et al. 2020,"Egger, M., R. Nijhof, L. Quiros, G. Leone, S-J. Royer, A. C. McWhirter, G. A. Kantakov, V. I. Radchenko, E. A. Pakhomov, B. P. V. Hunt, L. Lebreton. 2020. A spatially variable scarcity of floating microplastics in the eastern North Pacific Ocean. Environmental Research Letters 15, 114056. https://doi.org/10.1088/1748-9326/abbb4f",https://doi.org/10.1088/1748-9326/abbb4f,"The Ocean Cleanup, Rotterdam, The Netherlands",The Ocean Cleanup Foundation,276264,https://www.ncei.noaa.gov/access/metadata/landing-page/bin/iso?id=gov.noaa.nodc:276264,12835,-14870508.4241032,3824168.63524089
0276264-0000285,8/13/2015 5:00:00 AM,32.000718,-138.2815,Pacific Ocean,,,,,,Ocean water,,0,,Manta net,0.333,,,,,,9.018254,pieces/m3,1-10,High,Egger et al. 2020,"Egger, M., R. Nijhof, L. Quiros, G. Leone, S-J. Royer, A. C. McWhirter, G. A. Kantakov, V. I. Radchenko, E. A. Pakhomov, B. P. V. Hunt, L. Lebreton. 2020. A spatially variable scarcity of floating microplastics in the eastern North Pacific Ocean. Environmental Research Letters 15, 114056. https://doi.org/10.1088/1748-9326/abbb4f",https://doi.org/10.1088/1748-9326/abbb4f,"The Ocean Cleanup, Rotterdam, The Netherlands",The Ocean Cleanup Foundation,276264,https://www.ncei.noaa.gov/access/metadata/landing-page/bin/iso?id=gov.noaa.nodc:276264,12836,-15393426.1661301,3763404.87617097
0276263-0000030,12/4/2019 6:00:00 AM,34.442383,-139.185417,Pacific Ocean,,,,,,Ocean water,,0,,Manta net,0.333,,,,,,14.472815,pieces/m3,>=10,Very High,Egger et al. 2021,"Egger, M., L. Quiros, G. Leone, F. Ferrari, C. M. Boerger, M. Tishler. 2021. Relative Abundance of Floating Plastic Debris and Neuston in the Eastern North Pacific Ocean. Frontiers in Marine Science 8, 626026. https://doi.org/10.3389/fmars.2021.626026",https://doi.org/10.3389/fmars.2021.626026,"The Ocean Cleanup, Rotterdam, The Netherlands",The Ocean Cleanup Foundation,276263,https://www.ncei.noaa.gov/access/metadata/landing-page/bin/iso?id=gov.noaa.nodc:276263,12839,-15494049.7462894,4088359.06590023
0276264-0000378,8/10/2015 5:00:00 AM,36.84455,-146.5259,Pacific Ocean,,,,,,Ocean water,,0,,Manta net,0.333,,,,,,2.210857,pieces/m3,1-10,High,Egger et al. 2020,"Egger, M., R. Nijhof, L. Quiros, G. Leone, S-J. Royer, A. C. McWhirter, G. A. Kantakov, V. I. Radchenko, E. A. Pakhomov, B. P. V. Hunt, L. Lebreton. 2020. A spatially variable scarcity of floating microplastics in the eastern North Pacific Ocean. Environmental Research Letters 15, 114056. https://doi.org/10.1088/1748-9326/abbb4f",https://doi.org/10.1088/1748-9326/abbb4f,"The Ocean Cleanup, Rotterdam, The Netherlands",The Ocean Cleanup Foundation,276264,https://www.ncei.noaa.gov/access/metadata/landing-page/bin/iso?id=gov.noaa.nodc:276264,12840,-16311188.5760261,4417461.15489264
0276264-0000484,8/15/2015 5:00:00 AM,38.33615,-152.5177,Pacific Ocean,,,,,,Ocean water,,0,,Manta net,0.333,,,,,,0.92334,pieces/m3,0.005-1,Medium,Egger et al. 2020,"Egger, M., R. Nijhof, L. Quiros, G. Leone, S-J. Royer, A. C. McWhirter, G. A. Kantakov, V. I. Radchenko, E. A. Pakhomov, B. P. V. Hunt, L. Lebreton. 2020. A spatially variable scarcity of floating microplastics in the eastern North Pacific Ocean. Environmental Research Letters 15, 114056. https://doi.org/10.1088/1748-9326/abbb4f",https://doi.org/10.1088/1748-9326/abbb4f,"The Ocean Cleanup, Rotterdam, The Netherlands",The Ocean Cleanup Foundation,276264,https://www.ncei.noaa.gov/access/metadata/landing-page/bin/iso?id=gov.noaa.nodc:276264,12841,-16978192.7009613,4627021.97510073
0276264-0000578,9/11/2015 5:00:00 AM,32.46055,-133.6301,Pacific Ocean,,,,,,Ocean water,,0,,Manta net,0.333,,,,,,1.222912,pieces/m3,1-10,High,Egger et al. 2020,"Egger, M., R. Nijhof, L. Quiros, G. Leone, S-J. Royer, A. C. McWhirter, G. A. Kantakov, V. I. Radchenko, E. A. Pakhomov, B. P. V. Hunt, L. Lebreton. 2020. A spatially variable scarcity of floating microplastics in the eastern North Pacific Ocean. Environmental Research Letters 15, 114056. https://doi.org/10.1088/1748-9326/abbb4f",https://doi.org/10.1088/1748-9326/abbb4f,"The Ocean Cleanup, Rotterdam, The Netherlands",The Ocean Cleanup Foundation,276264,https://www.ncei.noaa.gov/access/metadata/landing-page/bin/iso?id=gov.noaa.nodc:276264,12842,-14875634.6866542,3823917.96092115
0276264-0000183,7/29/2015 5:00:00 AM,29.000985,-139.163,Pacific Ocean,,,,,,Ocean water,,0,,Manta net,0.333,,,,,,1.382889,pieces/m3,1-10,High,Egger et al. 2020,"Egger, M., R. Nijhof, L. Quiros, G. Leone, S-J. Royer, A. C. McWhirter, G. A. Kantakov, V. I. Radchenko, E. A. Pakhomov, B. P. V. Hunt, L. Lebreton. 2020. A spatially variable scarcity of floating microplastics in the eastern North Pacific Ocean. Environmental Research Letters 15, 114056. https://doi.org/10.1088/1748-9326/abbb4f",https://doi.org/10.1088/1748-9326/abbb4f,"The Ocean Cleanup, Rotterdam, The Netherlands",The Ocean Cleanup Foundation,276264,https://www.ncei.noaa.gov/access/metadata/landing-page/bin/iso?id=gov.noaa.nodc:276264,12843,-15491554.2972643,3375771.40394541
0276264-0000379,8/10/2015 5:00:00 AM,36.87035,-146.45315,Pacific Ocean,,,,,,Ocean water,,0,,Manta net,0.333,,,,,,4.339353,pieces/m3,1-10,High,Egger et al. 2020,"Egger, M., R. Nijhof, L. Quiros, G. Leone, S-J. Royer, A. C. McWhirter, G. A. Kantakov, V. I. Radchenko, E. A. Pakhomov, B. P. V. Hunt, L. Lebreton. 2020. A spatially variable scarcity of floating microplastics in the eastern North Pacific Ocean. Environmental Research Letters 15, 114056. https://doi.org/10.1088/1748-9326/abbb4f",https://doi.org/10.1088/1748-9326/abbb4f,"The Ocean Cleanup, Rotterdam, The Netherlands",The Ocean Cleanup Foundation,276264,https://www.ncei.noaa.gov/access/metadata/landing-page/bin/iso?id=gov.noaa.nodc:276264,12844,-16303090.0830709,4421050.6237543
0276264-0000579,9/11/2015 5:00:00 AM,32.44905,-133.6769,Pacific Ocean,,,,,,Ocean water,,0,,Manta net,0.333,,,,,,1.644937,pieces/m3,1-10,High,Egger et al. 2020,"Egger, M., R. Nijhof, L. Quiros, G. Leone, S-J. Royer, A. C. McWhirter, G. A. Kantakov, V. I. Radchenko, E. A. Pakhomov, B. P. V. Hunt, L. Lebreton. 2020. A spatially variable scarcity of floating microplastics in the eastern North Pacific Ocean. Environmental Research Letters 15, 114056. https://doi.org/10.1088/1748-9326/abbb4f",https://doi.org/10.1088/1748-9326/abbb4f,"The Ocean Cleanup, Rotterdam, The Netherlands",The Ocean Cleanup Foundation,276264,https://www.ncei.noaa.gov/access/metadata/landing-page/bin/iso?id=gov.noaa.nodc:276264,12846,-14880844.4388233,3822400.83445667
0276264-0000184,7/29/2015 5:00:00 AM,29.018382,-139.8145,Pacific Ocean,,,,,,Ocean water,,0,,Manta net,0.333,,,,,,0.82854,pieces/m3,0.005-1,Medium,Egger et al. 2020,"Egger, M., R. Nijhof, L. Quiros, G. Leone, S-J. Royer, A. C. McWhirter, G. A. Kantakov, V. I. Radchenko, E. A. Pakhomov, B. P. V. Hunt, L. Lebreton. 2020. A spatially variable scarcity of floating microplastics in the eastern North Pacific Ocean. Environmental Research Letters 15, 114056. https://doi.org/10.1088/1748-9326/abbb4f",https://doi.org/10.1088/1748-9326/abbb4f,"The Ocean Cleanup, Rotterdam, The Netherlands",The Ocean Cleanup Foundation,276264,https://www.ncei.noaa.gov/access/metadata/landing-page/bin/iso?id=gov.noaa.nodc:276264,12847,-15564078.9455161,3377985.85972708
0276264-0000485,8/15/2015 5:00:00 AM,38.3837,-152.4547,Pacific Ocean,,,,,,Ocean water,,0,,Manta net,0.333,,,,,,1.048821,pieces/m3,1-10,High,Egger et al. 2020,"Egger, M., R. Nijhof, L. Quiros, G. Leone, S-J. Royer, A. C. McWhirter, G. A. Kantakov, V. I. Radchenko, E. A. Pakhomov, B. P. V. Hunt, L. Lebreton. 2020. A spatially variable scarcity of floating microplastics in the eastern North Pacific Ocean. Environmental Research Letters 15, 114056. https://doi.org/10.1088/1748-9326/abbb4f",https://doi.org/10.1088/1748-9326/abbb4f,"The Ocean Cleanup, Rotterdam, The Netherlands",The Ocean Cleanup Foundation,276264,https://www.ncei.noaa.gov/access/metadata/landing-page/bin/iso?id=gov.noaa.nodc:276264,12849,-16971179.5730413,4633772.45972641
0276264-0000286,8/13/2015 5:00:00 AM,31.990702,-137.768,Pacific Ocean,,,,,,Ocean water,,0,,Manta net,0.333,,,,,,4.099853,pieces/m3,1-10,High,Egger et al. 2020,"Egger, M., R. Nijhof, L. Quiros, G. Leone, S-J. Royer, A. C. McWhirter, G. A. Kantakov, V. I. Radchenko, E. A. Pakhomov, B. P. V. Hunt, L. Lebreton. 2020. A spatially variable scarcity of floating microplastics in the eastern North Pacific Ocean. Environmental Research Letters 15, 114056. https://doi.org/10.1088/1748-9326/abbb4f",https://doi.org/10.1088/1748-9326/abbb4f,"The Ocean Cleanup, Rotterdam, The Netherlands",The Ocean Cleanup Foundation,276264,https://www.ncei.noaa.gov/access/metadata/landing-page/bin/iso?id=gov.noaa.nodc:276264,12851,-15336263.6076077,3762090.18203191
0276264-0000380,8/15/2015 5:00:00 AM,40.0162,-151.63895,Pacific Ocean,,,,,,Ocean water,,0,,Manta net,0.333,,,,,,0.377236,pieces/m3,0.005-1,Medium,Egger et al. 2020,"Egger, M., R. Nijhof, L. Quiros, G. Leone, S-J. Royer, A. C. McWhirter, G. A. Kantakov, V. I. Radchenko, E. A. Pakhomov, B. P. V. Hunt, L. Lebreton. 2020. A spatially variable scarcity of floating microplastics in the eastern North Pacific Ocean. Environmental Research Letters 15, 114056. https://doi.org/10.1088/1748-9326/abbb4f",https://doi.org/10.1088/1748-9326/abbb4f,"The Ocean Cleanup, Rotterdam, The Netherlands",The Ocean Cleanup Foundation,276264,https://www.ncei.noaa.gov/access/metadata/landing-page/bin/iso?id=gov.noaa.nodc:276264,12852,-16880370.6984267,4868296.69868894
0276264-0000381,8/15/2015 5:00:00 AM,39.94575,-151.4542,Pacific Ocean,,,,,,Ocean water,,0,,Manta net,0.333,,,,,,0.743711,pieces/m3,0.005-1,Medium,Egger et al. 2020,"Egger, M., R. Nijhof, L. Quiros, G. Leone, S-J. Royer, A. C. McWhirter, G. A. Kantakov, V. I. Radchenko, E. A. Pakhomov, B. P. V. Hunt, L. Lebreton. 2020. A spatially variable scarcity of floating microplastics in the eastern North Pacific Ocean. Environmental Research Letters 15, 114056. https://doi.org/10.1088/1748-9326/abbb4f",https://doi.org/10.1088/1748-9326/abbb4f,"The Ocean Cleanup, Rotterdam, The Netherlands",The Ocean Cleanup Foundation,276264,https://www.ncei.noaa.gov/access/metadata/landing-page/bin/iso?id=gov.noaa.nodc:276264,12853,-16859804.4225026,4858061.94619659
0276264-0000287,8/13/2015 5:00:00 AM,31.989368,-137.771,Pacific Ocean,,,,,,Ocean water,,0,,Manta net,0.333,,,,,,5.898689,pieces/m3,1-10,High,Egger et al. 2020,"Egger, M., R. Nijhof, L. Quiros, G. Leone, S-J. Royer, A. C. McWhirter, G. A. Kantakov, V. I. Radchenko, E. A. Pakhomov, B. P. V. Hunt, L. Lebreton. 2020. A spatially variable scarcity of floating microplastics in the eastern North Pacific Ocean. Environmental Research Letters 15, 114056. https://doi.org/10.1088/1748-9326/abbb4f",https://doi.org/10.1088/1748-9326/abbb4f,"The Ocean Cleanup, Rotterdam, The Netherlands",The Ocean Cleanup Foundation,276264,https://www.ncei.noaa.gov/access/metadata/landing-page/bin/iso?id=gov.noaa.nodc:276264,12856,-15336597.5660801,3761915.09282812
0276264-0000580,9/11/2015 5:00:00 AM,32.4396,-133.72655,Pacific Ocean,,,,,,Ocean water,,0,,Manta net,0.333,,,,,,2.189049,pieces/m3,1-10,High,Egger et al. 2020,"Egger, M., R. Nijhof, L. Quiros, G. Leone, S-J. Royer, A. C. McWhirter, G. A. Kantakov, V. I. Radchenko, E. A. Pakhomov, B. P. V. Hunt, L. Lebreton. 2020. A spatially variable scarcity of floating microplastics in the eastern North Pacific Ocean. Environmental Research Letters 15, 114056. https://doi.org/10.1088/1748-9326/abbb4f",https://doi.org/10.1088/1748-9326/abbb4f,"The Ocean Cleanup, Rotterdam, The Netherlands",The Ocean Cleanup Foundation,276264,https://www.ncei.noaa.gov/access/metadata/landing-page/bin/iso?id=gov.noaa.nodc:276264,12857,-14886371.4515412,3821154.29718851
0276264-0000486,8/15/2015 5:00:00 AM,38.42925,-152.3954,Pacific Ocean,,,,,,Ocean water,,0,,Manta net,0.333,,,,,,1.315256,pieces/m3,1-10,High,Egger et al. 2020,"Egger, M., R. Nijhof, L. Quiros, G. Leone, S-J. Royer, A. C. McWhirter, G. A. Kantakov, V. I. Radchenko, E. A. Pakhomov, B. P. V. Hunt, L. Lebreton. 2020. A spatially variable scarcity of floating microplastics in the eastern North Pacific Ocean. Environmental Research Letters 15, 114056. https://doi.org/10.1088/1748-9326/abbb4f",https://doi.org/10.1088/1748-9326/abbb4f,"The Ocean Cleanup, Rotterdam, The Netherlands",The Ocean Cleanup Foundation,276264,https://www.ncei.noaa.gov/access/metadata/landing-page/bin/iso?id=gov.noaa.nodc:276264,12858,-16964578.3272372,4640243.17517009
0276264-0000288,8/13/2015 5:00:00 AM,31.9954,-137.231,Pacific Ocean,,,,,,Ocean water,,0,,Manta net,0.333,,,,,,6.548017,pieces/m3,1-10,High,Egger et al. 2020,"Egger, M., R. Nijhof, L. Quiros, G. Leone, S-J. Royer, A. C. McWhirter, G. A. Kantakov, V. I. Radchenko, E. A. Pakhomov, B. P. V. Hunt, L. Lebreton. 2020. A spatially variable scarcity of floating microplastics in the eastern North Pacific Ocean. Environmental Research Letters 15, 114056. https://doi.org/10.1088/1748-9326/abbb4f",https://doi.org/10.1088/1748-9326/abbb4f,"The Ocean Cleanup, Rotterdam, The Netherlands",The Ocean Cleanup Foundation,276264,https://www.ncei.noaa.gov/access/metadata/landing-page/bin/iso?id=gov.noaa.nodc:276264,12859,-15276485.0410517,3762706.82080836
0276264-0000185,7/29/2015 5:00:00 AM,29.01001,-139.813,Pacific Ocean,,,,,,Ocean water,,0,,Manta net,0.333,,,,,,0.81936,pieces/m3,0.005-1,Medium,Egger et al. 2020,"Egger, M., R. Nijhof, L. Quiros, G. Leone, S-J. Royer, A. C. McWhirter, G. A. Kantakov, V. I. Radchenko, E. A. Pakhomov, B. P. V. Hunt, L. Lebreton. 2020. A spatially variable scarcity of floating microplastics in the eastern North Pacific Ocean. Environmental Research Letters 15, 114056. https://doi.org/10.1088/1748-9326/abbb4f",https://doi.org/10.1088/1748-9326/abbb4f,"The Ocean Cleanup, Rotterdam, The Netherlands",The Ocean Cleanup Foundation,276264,https://www.ncei.noaa.gov/access/metadata/landing-page/bin/iso?id=gov.noaa.nodc:276264,12860,-15563911.96628,3376920.14532269
0276264-0000581,9/11/2015 5:00:00 AM,32.43755,-133.7748,Pacific Ocean,,,,,,Ocean water,,0,,Manta net,0.333,,,,,,3.702866,pieces/m3,1-10,High,Egger et al. 2020,"Egger, M., R. Nijhof, L. Quiros, G. Leone, S-J. Royer, A. C. McWhirter, G. A. Kantakov, V. I. Radchenko, E. A. Pakhomov, B. P. V. Hunt, L. Lebreton. 2020. A spatially variable scarcity of floating microplastics in the eastern North Pacific Ocean. Environmental Research Letters 15, 114056. https://doi.org/10.1088/1748-9326/abbb4f",https://doi.org/10.1088/1748-9326/abbb4f,"The Ocean Cleanup, Rotterdam, The Netherlands",The Ocean Cleanup Foundation,276264,https://www.ncei.noaa.gov/access/metadata/landing-page/bin/iso?id=gov.noaa.nodc:276264,12861,-14891742.616972,3820883.9015916
0276264-0000487,8/16/2015 5:00:00 AM,38.47405,-152.3359,Pacific Ocean,,,,,,Ocean water,,0,,Manta net,0.333,,,,,,0.863263,pieces/m3,0.005-1,Medium,Egger et al. 2020,"Egger, M., R. Nijhof, L. Quiros, G. Leone, S-J. Royer, A. C. McWhirter, G. A. Kantakov, V. I. Radchenko, E. A. Pakhomov, B. P. V. Hunt, L. Lebreton. 2020. A spatially variable scarcity of floating microplastics in the eastern North Pacific Ocean. Environmental Research Letters 15, 114056. https://doi.org/10.1088/1748-9326/abbb4f",https://doi.org/10.1088/1748-9326/abbb4f,"The Ocean Cleanup, Rotterdam, The Netherlands",The Ocean Cleanup Foundation,276264,https://www.ncei.noaa.gov/access/metadata/landing-page/bin/iso?id=gov.noaa.nodc:276264,12863,-16957954.817535,4646611.33002634
0276264-0000186,7/30/2015 5:00:00 AM,28.999632,-140.4615,Pacific Ocean,,,,,,Ocean water,,0,,Manta net,0.333,,,,,,0.942509,pieces/m3,0.005-1,Medium,Egger et al. 2020,"Egger, M., R. Nijhof, L. Quiros, G. Leone, S-J. Royer, A. C. McWhirter, G. A. Kantakov, V. I. Radchenko, E. A. Pakhomov, B. P. V. Hunt, L. Lebreton. 2020. A spatially variable scarcity of floating microplastics in the eastern North Pacific Ocean. Environmental Research Letters 15, 114056. https://doi.org/10.1088/1748-9326/abbb4f",https://doi.org/10.1088/1748-9326/abbb4f,"The Ocean Cleanup, Rotterdam, The Netherlands",The Ocean Cleanup Foundation,276264,https://www.ncei.noaa.gov/access/metadata/landing-page/bin/iso?id=gov.noaa.nodc:276264,12865,-15636102.6560594,3375599.1968486
0276264-0000582,9/12/2015 5:00:00 AM,32.44115,-133.8228,Pacific Ocean,,,,,,Ocean water,,0,,Manta net,0.333,,,,,,4.42415,pieces/m3,1-10,High,Egger et al. 2020,"Egger, M., R. Nijhof, L. Quiros, G. Leone, S-J. Royer, A. C. McWhirter, G. A. Kantakov, V. I. Radchenko, E. A. Pakhomov, B. P. V. Hunt, L. Lebreton. 2020. A spatially variable scarcity of floating microplastics in the eastern North Pacific Ocean. Environmental Research Letters 15, 114056. https://doi.org/10.1088/1748-9326/abbb4f",https://doi.org/10.1088/1748-9326/abbb4f,"The Ocean Cleanup, Rotterdam, The Netherlands",The Ocean Cleanup Foundation,276264,https://www.ncei.noaa.gov/access/metadata/landing-page/bin/iso?id=gov.noaa.nodc:276264,12866,-14897085.9525301,3821358.74672214
0276264-0000488,8/16/2015 5:00:00 AM,40.486,-151.25485,Pacific Ocean,,,,,,Ocean water,,0,,Manta net,0.333,,,,,,0.182829,pieces/m3,0.005-1,Medium,Egger et al. 2020,"Egger, M., R. Nijhof, L. Quiros, G. Leone, S-J. Royer, A. C. McWhirter, G. A. Kantakov, V. I. Radchenko, E. A. Pakhomov, B. P. V. Hunt, L. Lebreton. 2020. A spatially variable scarcity of floating microplastics in the eastern North Pacific Ocean. Environmental Research Letters 15, 114056. https://doi.org/10.1088/1748-9326/abbb4f",https://doi.org/10.1088/1748-9326/abbb4f,"The Ocean Cleanup, Rotterdam, The Netherlands",The Ocean Cleanup Foundation,276264,https://www.ncei.noaa.gov/access/metadata/landing-page/bin/iso?id=gov.noaa.nodc:276264,12868,-16837612.882013,4936819.86218293
0276264-0000289,8/13/2015 5:00:00 AM,31.994232,-137.239,Pacific Ocean,,,,,,Ocean water,,0,,Manta net,0.333,,,,,,9.860272,pieces/m3,1-10,High,Egger et al. 2020,"Egger, M., R. Nijhof, L. Quiros, G. Leone, S-J. Royer, A. C. McWhirter, G. A. Kantakov, V. I. Radchenko, E. A. Pakhomov, B. P. V. Hunt, L. Lebreton. 2020. A spatially variable scarcity of floating microplastics in the eastern North Pacific Ocean. Environmental Research Letters 15, 114056. https://doi.org/10.1088/1748-9326/abbb4f",https://doi.org/10.1088/1748-9326/abbb4f,"The Ocean Cleanup, Rotterdam, The Netherlands",The Ocean Cleanup Foundation,276264,https://www.ncei.noaa.gov/access/metadata/landing-page/bin/iso?id=gov.noaa.nodc:276264,12869,-15277375.5969781,3762553.51132532
0276264-0000290,8/14/2015 5:00:00 AM,32.015833,-136.70005,Pacific Ocean,,,,,,Ocean water,,0,,Manta net,0.333,,,,,,5.37808,pieces/m3,1-10,High,Egger et al. 2020,"Egger, M., R. Nijhof, L. Quiros, G. Leone, S-J. Royer, A. C. McWhirter, G. A. Kantakov, V. I. Radchenko, E. A. Pakhomov, B. P. V. Hunt, L. Lebreton. 2020. A spatially variable scarcity of floating microplastics in the eastern North Pacific Ocean. Environmental Research Letters 15, 114056. https://doi.org/10.1088/1748-9326/abbb4f",https://doi.org/10.1088/1748-9326/abbb4f,"The Ocean Cleanup, Rotterdam, The Netherlands",The Ocean Cleanup Foundation,276264,https://www.ncei.noaa.gov/access/metadata/landing-page/bin/iso?id=gov.noaa.nodc:276264,12872,-15217379.957415,3765389.13391508
0276264-0000187,7/30/2015 5:00:00 AM,28.999668,-140.458,Pacific Ocean,,,,,,Ocean water,,0,,Manta net,0.333,,,,,,0.749445,pieces/m3,0.005-1,Medium,Egger et al. 2020,"Egger, M., R. Nijhof, L. Quiros, G. Leone, S-J. Royer, A. C. McWhirter, G. A. Kantakov, V. I. Radchenko, E. A. Pakhomov, B. P. V. Hunt, L. Lebreton. 2020. A spatially variable scarcity of floating microplastics in the eastern North Pacific Ocean. Environmental Research Letters 15, 114056. https://doi.org/10.1088/1748-9326/abbb4f",https://doi.org/10.1088/1748-9326/abbb4f,"The Ocean Cleanup, Rotterdam, The Netherlands",The Ocean Cleanup Foundation,276264,https://www.ncei.noaa.gov/access/metadata/landing-page/bin/iso?id=gov.noaa.nodc:276264,12873,-15635713.0378416,3375603.77882642
0276264-0000489,8/24/2015 5:00:00 AM,39.98695,-130.389,Pacific Ocean,,,,,,Ocean water,,0,,Manta net,0.333,,,,,,0.640253,pieces/m3,0.005-1,Medium,Egger et al. 2020,"Egger, M., R. Nijhof, L. Quiros, G. Leone, S-J. Royer, A. C. McWhirter, G. A. Kantakov, V. I. Radchenko, E. A. Pakhomov, B. P. V. Hunt, L. Lebreton. 2020. A spatially variable scarcity of floating microplastics in the eastern North Pacific Ocean. Environmental Research Letters 15, 114056. https://doi.org/10.1088/1748-9326/abbb4f",https://doi.org/10.1088/1748-9326/abbb4f,"The Ocean Cleanup, Rotterdam, The Netherlands",The Ocean Cleanup Foundation,276264,https://www.ncei.noaa.gov/access/metadata/landing-page/bin/iso?id=gov.noaa.nodc:276264,12877,-14514837.0850441,4864046.07024562
0276264-0000583,9/12/2015 5:00:00 AM,32.4368,-133.8719,Pacific Ocean,,,,,,Ocean water,,0,,Manta net,0.333,,,,,,2.958448,pieces/m3,1-10,High,Egger et al. 2020,"Egger, M., R. Nijhof, L. Quiros, G. Leone, S-J. Royer, A. C. McWhirter, G. A. Kantakov, V. I. Radchenko, E. A. Pakhomov, B. P. V. Hunt, L. Lebreton. 2020. A spatially variable scarcity of floating microplastics in the eastern North Pacific Ocean. Environmental Research Letters 15, 114056. https://doi.org/10.1088/1748-9326/abbb4f",https://doi.org/10.1088/1748-9326/abbb4f,"The Ocean Cleanup, Rotterdam, The Netherlands",The Ocean Cleanup Foundation,276264,https://www.ncei.noaa.gov/access/metadata/landing-page/bin/iso?id=gov.noaa.nodc:276264,12878,-14902551.739528,3820784.97790945
0276264-0000291,8/14/2015 5:00:00 AM,32.015833,-136.70005,Pacific Ocean,,,,,,Ocean water,,0,,Manta net,0.333,,,,,,12.438422,pieces/m3,>=10,Very High,Egger et al. 2020,"Egger, M., R. Nijhof, L. Quiros, G. Leone, S-J. Royer, A. C. McWhirter, G. A. Kantakov, V. I. Radchenko, E. A. Pakhomov, B. P. V. Hunt, L. Lebreton. 2020. A spatially variable scarcity of floating microplastics in the eastern North Pacific Ocean. Environmental Research Letters 15, 114056. https://doi.org/10.1088/1748-9326/abbb4f",https://doi.org/10.1088/1748-9326/abbb4f,"The Ocean Cleanup, Rotterdam, The Netherlands",The Ocean Cleanup Foundation,276264,https://www.ncei.noaa.gov/access/metadata/landing-page/bin/iso?id=gov.noaa.nodc:276264,12881,-15217379.957415,3765389.13391508
0276264-0000490,8/24/2015 5:00:00 AM,39.97385,-130.30875,Pacific Ocean,,,,,,Ocean water,,0,,Manta net,0.333,,,,,,0.941444,pieces/m3,0.005-1,Medium,Egger et al. 2020,"Egger, M., R. Nijhof, L. Quiros, G. Leone, S-J. Royer, A. C. McWhirter, G. A. Kantakov, V. I. Radchenko, E. A. Pakhomov, B. P. V. Hunt, L. Lebreton. 2020. A spatially variable scarcity of floating microplastics in the eastern North Pacific Ocean. Environmental Research Letters 15, 114056. https://doi.org/10.1088/1748-9326/abbb4f",https://doi.org/10.1088/1748-9326/abbb4f,"The Ocean Cleanup, Rotterdam, The Netherlands",The Ocean Cleanup Foundation,276264,https://www.ncei.noaa.gov/access/metadata/landing-page/bin/iso?id=gov.noaa.nodc:276264,12883,-14505903.695908,4862142.96009982
0276264-0000188,7/30/2015 5:00:00 AM,29.00001,-141.0635,Pacific Ocean,,,,,,Ocean water,,0,,Manta net,0.333,,,,,,1.33967,pieces/m3,1-10,High,Egger et al. 2020,"Egger, M., R. Nijhof, L. Quiros, G. Leone, S-J. Royer, A. C. McWhirter, G. A. Kantakov, V. I. Radchenko, E. A. Pakhomov, B. P. V. Hunt, L. Lebreton. 2020. A spatially variable scarcity of floating microplastics in the eastern North Pacific Ocean. Environmental Research Letters 15, 114056. https://doi.org/10.1088/1748-9326/abbb4f",https://doi.org/10.1088/1748-9326/abbb4f,"The Ocean Cleanup, Rotterdam, The Netherlands",The Ocean Cleanup Foundation,276264,https://www.ncei.noaa.gov/access/metadata/landing-page/bin/iso?id=gov.noaa.nodc:276264,12886,-15703116.9895169,3375647.3076953
0276264-0000584,9/12/2015 5:00:00 AM,31.83045,-133.93875,Pacific Ocean,,,,,,Ocean water,,0,,Manta net,0.333,,,,,,1.285492,pieces/m3,1-10,High,Egger et al. 2020,"Egger, M., R. Nijhof, L. Quiros, G. Leone, S-J. Royer, A. C. McWhirter, G. A. Kantakov, V. I. Radchenko, E. A. Pakhomov, B. P. V. Hunt, L. Lebreton. 2020. A spatially variable scarcity of floating microplastics in the eastern North Pacific Ocean. Environmental Research Letters 15, 114056. https://doi.org/10.1088/1748-9326/abbb4f",https://doi.org/10.1088/1748-9326/abbb4f,"The Ocean Cleanup, Rotterdam, The Netherlands",The Ocean Cleanup Foundation,276264,https://www.ncei.noaa.gov/access/metadata/landing-page/bin/iso?id=gov.noaa.nodc:276264,12888,-14909993.4474876,3741075.07423842
0276264-0000292,8/14/2015 5:00:00 AM,32.001075,-136.175,Pacific Ocean,,,,,,Ocean water,,0,,Manta net,0.333,,,,,,4.286916,pieces/m3,1-10,High,Egger et al. 2020,"Egger, M., R. Nijhof, L. Quiros, G. Leone, S-J. Royer, A. C. McWhirter, G. A. Kantakov, V. I. Radchenko, E. A. Pakhomov, B. P. V. Hunt, L. Lebreton. 2020. A spatially variable scarcity of floating microplastics in the eastern North Pacific Ocean. Environmental Research Letters 15, 114056. https://doi.org/10.1088/1748-9326/abbb4f",https://doi.org/10.1088/1748-9326/abbb4f,"The Ocean Cleanup, Rotterdam, The Netherlands",The Ocean Cleanup Foundation,276264,https://www.ncei.noaa.gov/access/metadata/landing-page/bin/iso?id=gov.noaa.nodc:276264,12889,-15158931.658774,3763451.73842673
0276264-0000189,7/30/2015 5:00:00 AM,28.999877,-141.0615,Pacific Ocean,,,,,,Ocean water,,0,,Manta net,0.333,,,,,,1.102814,pieces/m3,1-10,High,Egger et al. 2020,"Egger, M., R. Nijhof, L. Quiros, G. Leone, S-J. Royer, A. C. McWhirter, G. A. Kantakov, V. I. Radchenko, E. A. Pakhomov, B. P. V. Hunt, L. Lebreton. 2020. A spatially variable scarcity of floating microplastics in the eastern North Pacific Ocean. Environmental Research Letters 15, 114056. https://doi.org/10.1088/1748-9326/abbb4f",https://doi.org/10.1088/1748-9326/abbb4f,"The Ocean Cleanup, Rotterdam, The Netherlands",The Ocean Cleanup Foundation,276264,https://www.ncei.noaa.gov/access/metadata/landing-page/bin/iso?id=gov.noaa.nodc:276264,12892,-15702894.3505354,3375630.37978473
0276264-0000491,8/24/2015 5:00:00 AM,27.60835,-152.26665,Pacific Ocean,,,,,,Ocean water,,0,,Manta net,0.333,,,,,,0.318286,pieces/m3,0.005-1,Medium,Egger et al. 2020,"Egger, M., R. Nijhof, L. Quiros, G. Leone, S-J. Royer, A. C. McWhirter, G. A. Kantakov, V. I. Radchenko, E. A. Pakhomov, B. P. V. Hunt, L. Lebreton. 2020. A spatially variable scarcity of floating microplastics in the eastern North Pacific Ocean. Environmental Research Letters 15, 114056. https://doi.org/10.1088/1748-9326/abbb4f",https://doi.org/10.1088/1748-9326/abbb4f,"The Ocean Cleanup, Rotterdam, The Netherlands",The Ocean Cleanup Foundation,276264,https://www.ncei.noaa.gov/access/metadata/landing-page/bin/iso?id=gov.noaa.nodc:276264,12893,-16950245.9427976,3199684.8188809
0276264-0000585,9/12/2015 5:00:00 AM,31.8194,-133.9954,Pacific Ocean,,,,,,Ocean water,,0,,Manta net,0.333,,,,,,1.305863,pieces/m3,1-10,High,Egger et al. 2020,"Egger, M., R. Nijhof, L. Quiros, G. Leone, S-J. Royer, A. C. McWhirter, G. A. Kantakov, V. I. Radchenko, E. A. Pakhomov, B. P. V. Hunt, L. Lebreton. 2020. A spatially variable scarcity of floating microplastics in the eastern North Pacific Ocean. Environmental Research Letters 15, 114056. https://doi.org/10.1088/1748-9326/abbb4f",https://doi.org/10.1088/1748-9326/abbb4f,"The Ocean Cleanup, Rotterdam, The Netherlands",The Ocean Cleanup Foundation,276264,https://www.ncei.noaa.gov/access/metadata/landing-page/bin/iso?id=gov.noaa.nodc:276264,12895,-14916299.696641,3739627.34751095
0276264-0000293,8/14/2015 5:00:00 AM,31.999527,-136.178,Pacific Ocean,,,,,,Ocean water,,0,,Manta net,0.333,,,,,,6.724144,pieces/m3,1-10,High,Egger et al. 2020,"Egger, M., R. Nijhof, L. Quiros, G. Leone, S-J. Royer, A. C. McWhirter, G. A. Kantakov, V. I. Radchenko, E. A. Pakhomov, B. P. V. Hunt, L. Lebreton. 2020. A spatially variable scarcity of floating microplastics in the eastern North Pacific Ocean. Environmental Research Letters 15, 114056. https://doi.org/10.1088/1748-9326/abbb4f",https://doi.org/10.1088/1748-9326/abbb4f,"The Ocean Cleanup, Rotterdam, The Netherlands",The Ocean Cleanup Foundation,276264,https://www.ncei.noaa.gov/access/metadata/landing-page/bin/iso?id=gov.noaa.nodc:276264,12899,-15159265.6172464,3763248.53870465
0276264-0000190,7/30/2015 5:00:00 AM,29.000885,-141.609,Pacific Ocean,,,,,,Ocean water,,0,,Manta net,0.333,,,,,,3.546383,pieces/m3,1-10,High,Egger et al. 2020,"Egger, M., R. Nijhof, L. Quiros, G. Leone, S-J. Royer, A. C. McWhirter, G. A. Kantakov, V. I. Radchenko, E. A. Pakhomov, B. P. V. Hunt, L. Lebreton. 2020. A spatially variable scarcity of floating microplastics in the eastern North Pacific Ocean. Environmental Research Letters 15, 114056. https://doi.org/10.1088/1748-9326/abbb4f",https://doi.org/10.1088/1748-9326/abbb4f,"The Ocean Cleanup, Rotterdam, The Netherlands",The Ocean Cleanup Foundation,276264,https://www.ncei.noaa.gov/access/metadata/landing-page/bin/iso?id=gov.noaa.nodc:276264,12901,-15763841.7717447,3375758.67607101
0276264-0000294,8/14/2015 5:00:00 AM,31.99426,-135.652,Pacific Ocean,,,,,,Ocean water,,0,,Manta net,0.333,,,,,,4.532856,pieces/m3,1-10,High,Egger et al. 2020,"Egger, M., R. Nijhof, L. Quiros, G. Leone, S-J. Royer, A. C. McWhirter, G. A. Kantakov, V. I. Radchenko, E. A. Pakhomov, B. P. V. Hunt, L. Lebreton. 2020. A spatially variable scarcity of floating microplastics in the eastern North Pacific Ocean. Environmental Research Letters 15, 114056. https://doi.org/10.1088/1748-9326/abbb4f",https://doi.org/10.1088/1748-9326/abbb4f,"The Ocean Cleanup, Rotterdam, The Netherlands",The Ocean Cleanup Foundation,276264,https://www.ncei.noaa.gov/access/metadata/landing-page/bin/iso?id=gov.noaa.nodc:276264,12903,-15100711.5650891,3762557.18652981
0276264-0000191,7/30/2015 5:00:00 AM,29.000848,-141.6045,Pacific Ocean,,,,,,Ocean water,,0,,Manta net,0.333,,,,,,3.472031,pieces/m3,1-10,High,Egger et al. 2020,"Egger, M., R. Nijhof, L. Quiros, G. Leone, S-J. Royer, A. C. McWhirter, G. A. Kantakov, V. I. Radchenko, E. A. Pakhomov, B. P. V. Hunt, L. Lebreton. 2020. A spatially variable scarcity of floating microplastics in the eastern North Pacific Ocean. Environmental Research Letters 15, 114056. https://doi.org/10.1088/1748-9326/abbb4f",https://doi.org/10.1088/1748-9326/abbb4f,"The Ocean Cleanup, Rotterdam, The Netherlands",The Ocean Cleanup Foundation,276264,https://www.ncei.noaa.gov/access/metadata/landing-page/bin/iso?id=gov.noaa.nodc:276264,12905,-15763340.8340361,3375753.9667606
0276264-0000586,9/12/2015 5:00:00 AM,31.7811,-134.0238,Pacific Ocean,,,,,,Ocean water,,0,,Manta net,0.333,,,,,,1.735337,pieces/m3,1-10,High,Egger et al. 2020,"Egger, M., R. Nijhof, L. Quiros, G. Leone, S-J. Royer, A. C. McWhirter, G. A. Kantakov, V. I. Radchenko, E. A. Pakhomov, B. P. V. Hunt, L. Lebreton. 2020. A spatially variable scarcity of floating microplastics in the eastern North Pacific Ocean. Environmental Research Letters 15, 114056. https://doi.org/10.1088/1748-9326/abbb4f",https://doi.org/10.1088/1748-9326/abbb4f,"The Ocean Cleanup, Rotterdam, The Netherlands",The Ocean Cleanup Foundation,276264,https://www.ncei.noaa.gov/access/metadata/landing-page/bin/iso?id=gov.noaa.nodc:276264,12906,-14919461.1701795,3734610.7751748
0276264-0000492,8/25/2015 5:00:00 AM,27.8504,-151.79795,Pacific Ocean,,,,,,Ocean water,,0,,Manta net,0.333,,,,,,0.288095,pieces/m3,0.005-1,Medium,Egger et al. 2020,"Egger, M., R. Nijhof, L. Quiros, G. Leone, S-J. Royer, A. C. McWhirter, G. A. Kantakov, V. I. Radchenko, E. A. Pakhomov, B. P. V. Hunt, L. Lebreton. 2020. A spatially variable scarcity of floating microplastics in the eastern North Pacific Ocean. Environmental Research Letters 15, 114056. https://doi.org/10.1088/1748-9326/abbb4f",https://doi.org/10.1088/1748-9326/abbb4f,"The Ocean Cleanup, Rotterdam, The Netherlands",The Ocean Cleanup Foundation,276264,https://www.ncei.noaa.gov/access/metadata/landing-page/bin/iso?id=gov.noaa.nodc:276264,12907,-16898070.4974628,3230125.71126006
0276264-0000295,8/14/2015 5:00:00 AM,31.99301,-135.653,Pacific Ocean,,,,,,Ocean water,,0,,Manta net,0.333,,,,,,10.884687,pieces/m3,>=10,Very High,Egger et al. 2020,"Egger, M., R. Nijhof, L. Quiros, G. Leone, S-J. Royer, A. C. McWhirter, G. A. Kantakov, V. I. Radchenko, E. A. Pakhomov, B. P. V. Hunt, L. Lebreton. 2020. A spatially variable scarcity of floating microplastics in the eastern North Pacific Ocean. Environmental Research Letters 15, 114056. https://doi.org/10.1088/1748-9326/abbb4f",https://doi.org/10.1088/1748-9326/abbb4f,"The Ocean Cleanup, Rotterdam, The Netherlands",The Ocean Cleanup Foundation,276264,https://www.ncei.noaa.gov/access/metadata/landing-page/bin/iso?id=gov.noaa.nodc:276264,12910,-15100822.8845799,3762393.11599379
0276264-0000192,7/31/2015 5:00:00 AM,29.006025,-142.306,Pacific Ocean,,,,,,Ocean water,,0,,Manta net,0.333,,,,,,2.512745,pieces/m3,1-10,High,Egger et al. 2020,"Egger, M., R. Nijhof, L. Quiros, G. Leone, S-J. Royer, A. C. McWhirter, G. A. Kantakov, V. I. Radchenko, E. A. Pakhomov, B. P. V. Hunt, L. Lebreton. 2020. A spatially variable scarcity of floating microplastics in the eastern North Pacific Ocean. Environmental Research Letters 15, 114056. https://doi.org/10.1088/1748-9326/abbb4f",https://doi.org/10.1088/1748-9326/abbb4f,"The Ocean Cleanup, Rotterdam, The Netherlands",The Ocean Cleanup Foundation,276264,https://www.ncei.noaa.gov/access/metadata/landing-page/bin/iso?id=gov.noaa.nodc:276264,12912,-15841431.4568276,3376412.90476657
0276264-0000587,9/12/2015 5:00:00 AM,31.72955,-134.0345,Pacific Ocean,,,,,,Ocean water,,0,,Manta net,0.333,,,,,,1.332058,pieces/m3,1-10,High,Egger et al. 2020,"Egger, M., R. Nijhof, L. Quiros, G. Leone, S-J. Royer, A. C. McWhirter, G. A. Kantakov, V. I. Radchenko, E. A. Pakhomov, B. P. V. Hunt, L. Lebreton. 2020. A spatially variable scarcity of floating microplastics in the eastern North Pacific Ocean. Environmental Research Letters 15, 114056. https://doi.org/10.1088/1748-9326/abbb4f",https://doi.org/10.1088/1748-9326/abbb4f,"The Ocean Cleanup, Rotterdam, The Netherlands",The Ocean Cleanup Foundation,276264,https://www.ncei.noaa.gov/access/metadata/landing-page/bin/iso?id=gov.noaa.nodc:276264,12913,-14920652.288731,3727861.9833182
0276264-0000493,8/25/2015 5:00:00 AM,28.2451,-150.4496,Pacific Ocean,,,,,,Ocean water,,0,,Manta net,0.333,,,,,,0.254751,pieces/m3,0.005-1,Medium,Egger et al. 2020,"Egger, M., R. Nijhof, L. Quiros, G. Leone, S-J. Royer, A. C. McWhirter, G. A. Kantakov, V. I. Radchenko, E. A. Pakhomov, B. P. V. Hunt, L. Lebreton. 2020. A spatially variable scarcity of floating microplastics in the eastern North Pacific Ocean. Environmental Research Letters 15, 114056. https://doi.org/10.1088/1748-9326/abbb4f",https://doi.org/10.1088/1748-9326/abbb4f,"The Ocean Cleanup, Rotterdam, The Netherlands",The Ocean Cleanup Foundation,276264,https://www.ncei.noaa.gov/access/metadata/landing-page/bin/iso?id=gov.noaa.nodc:276264,12914,-16747972.8620517,3279910.58345718
0276264-0000296,8/14/2015 5:00:00 AM,32.000485,-135.12,Pacific Ocean,,,,,,Ocean water,,0,,Manta net,0.333,,,,,,4.783011,pieces/m3,1-10,High,Egger et al. 2020,"Egger, M., R. Nijhof, L. Quiros, G. Leone, S-J. Royer, A. C. McWhirter, G. A. Kantakov, V. I. Radchenko, E. A. Pakhomov, B. P. V. Hunt, L. Lebreton. 2020. A spatially variable scarcity of floating microplastics in the eastern North Pacific Ocean. Environmental Research Letters 15, 114056. https://doi.org/10.1088/1748-9326/abbb4f",https://doi.org/10.1088/1748-9326/abbb4f,"The Ocean Cleanup, Rotterdam, The Netherlands",The Ocean Cleanup Foundation,276264,https://www.ncei.noaa.gov/access/metadata/landing-page/bin/iso?id=gov.noaa.nodc:276264,12918,-15041489.5959871,3763374.29109964
0276264-0000494,8/25/2015 5:00:00 AM,28.28735,-150.41955,Pacific Ocean,,,,,,Ocean water,,0,,Manta net,0.333,,,,,,0.472955,pieces/m3,0.005-1,Medium,Egger et al. 2020,"Egger, M., R. Nijhof, L. Quiros, G. Leone, S-J. Royer, A. C. McWhirter, G. A. Kantakov, V. I. Radchenko, E. A. Pakhomov, B. P. V. Hunt, L. Lebreton. 2020. A spatially variable scarcity of floating microplastics in the eastern North Pacific Ocean. Environmental Research Letters 15, 114056. https://doi.org/10.1088/1748-9326/abbb4f",https://doi.org/10.1088/1748-9326/abbb4f,"The Ocean Cleanup, Rotterdam, The Netherlands",The Ocean Cleanup Foundation,276264,https://www.ncei.noaa.gov/access/metadata/landing-page/bin/iso?id=gov.noaa.nodc:276264,12919,-16744627.7113534,3285250.59259142
0276264-0000588,9/12/2015 5:00:00 AM,31.68175,-134.04875,Pacific Ocean,,,,,,Ocean water,,0,,Manta net,0.333,,,,,,1.00189,pieces/m3,1-10,High,Egger et al. 2020,"Egger, M., R. Nijhof, L. Quiros, G. Leone, S-J. Royer, A. C. McWhirter, G. A. Kantakov, V. I. Radchenko, E. A. Pakhomov, B. P. V. Hunt, L. Lebreton. 2020. A spatially variable scarcity of floating microplastics in the eastern North Pacific Ocean. Environmental Research Letters 15, 114056. https://doi.org/10.1088/1748-9326/abbb4f",https://doi.org/10.1088/1748-9326/abbb4f,"The Ocean Cleanup, Rotterdam, The Netherlands",The Ocean Cleanup Foundation,276264,https://www.ncei.noaa.gov/access/metadata/landing-page/bin/iso?id=gov.noaa.nodc:276264,12920,-14922238.5914748,3721607.48570955
0276264-0000193,7/31/2015 5:00:00 AM,29.006242,-142.305,Pacific Ocean,,,,,,Ocean water,,0,,Manta net,0.333,,,,,,2.413153,pieces/m3,1-10,High,Egger et al. 2020,"Egger, M., R. Nijhof, L. Quiros, G. Leone, S-J. Royer, A. C. McWhirter, G. A. Kantakov, V. I. Radchenko, E. A. Pakhomov, B. P. V. Hunt, L. Lebreton. 2020. A spatially variable scarcity of floating microplastics in the eastern North Pacific Ocean. Environmental Research Letters 15, 114056. https://doi.org/10.1088/1748-9326/abbb4f",https://doi.org/10.1088/1748-9326/abbb4f,"The Ocean Cleanup, Rotterdam, The Netherlands",The Ocean Cleanup Foundation,276264,https://www.ncei.noaa.gov/access/metadata/landing-page/bin/iso?id=gov.noaa.nodc:276264,12922,-15841320.1373368,3376440.52564332
0276264-0000297,8/14/2015 5:00:00 AM,31.998633,-135.1255,Pacific Ocean,,,,,,Ocean water,,0,,Manta net,0.333,,,,,,7.197871,pieces/m3,1-10,High,Egger et al. 2020,"Egger, M., R. Nijhof, L. Quiros, G. Leone, S-J. Royer, A. C. McWhirter, G. A. Kantakov, V. I. Radchenko, E. A. Pakhomov, B. P. V. Hunt, L. Lebreton. 2020. A spatially variable scarcity of floating microplastics in the eastern North Pacific Ocean. Environmental Research Letters 15, 114056. https://doi.org/10.1088/1748-9326/abbb4f",https://doi.org/10.1088/1748-9326/abbb4f,"The Ocean Cleanup, Rotterdam, The Netherlands",The Ocean Cleanup Foundation,276264,https://www.ncei.noaa.gov/access/metadata/landing-page/bin/iso?id=gov.noaa.nodc:276264,12923,-15042101.8531865,3763131.18848983
0276264-0000495,8/25/2015 5:00:00 AM,28.3132,-150.38495,Pacific Ocean,,,,,,Ocean water,,0,,Manta net,0.333,,,,,,0.530791,pieces/m3,0.005-1,Medium,Egger et al. 2020,"Egger, M., R. Nijhof, L. Quiros, G. Leone, S-J. Royer, A. C. McWhirter, G. A. Kantakov, V. I. Radchenko, E. A. Pakhomov, B. P. V. Hunt, L. Lebreton. 2020. A spatially variable scarcity of floating microplastics in the eastern North Pacific Ocean. Environmental Research Letters 15, 114056. https://doi.org/10.1088/1748-9326/abbb4f",https://doi.org/10.1088/1748-9326/abbb4f,"The Ocean Cleanup, Rotterdam, The Netherlands",The Ocean Cleanup Foundation,276264,https://www.ncei.noaa.gov/access/metadata/landing-page/bin/iso?id=gov.noaa.nodc:276264,12927,-16740776.0569719,3288518.83827757
0276264-0000589,9/12/2015 5:00:00 AM,31.61485,-134.05885,Pacific Ocean,,,,,,Ocean water,,0,,Manta net,0.333,,,,,,0.600369,pieces/m3,0.005-1,Medium,Egger et al. 2020,"Egger, M., R. Nijhof, L. Quiros, G. Leone, S-J. Royer, A. C. McWhirter, G. A. Kantakov, V. I. Radchenko, E. A. Pakhomov, B. P. V. Hunt, L. Lebreton. 2020. A spatially variable scarcity of floating microplastics in the eastern North Pacific Ocean. Environmental Research Letters 15, 114056. https://doi.org/10.1088/1748-9326/abbb4f",https://doi.org/10.1088/1748-9326/abbb4f,"The Ocean Cleanup, Rotterdam, The Netherlands",The Ocean Cleanup Foundation,276264,https://www.ncei.noaa.gov/access/metadata/landing-page/bin/iso?id=gov.noaa.nodc:276264,12928,-14923362.9183318,3712859.2105421
0276264-0000298,8/15/2015 5:00:00 AM,32.005868,-134.6065,Pacific Ocean,,,,,,Ocean water,,0,,Manta net,0.333,,,,,,3.614841,pieces/m3,1-10,High,Egger et al. 2020,"Egger, M., R. Nijhof, L. Quiros, G. Leone, S-J. Royer, A. C. McWhirter, G. A. Kantakov, V. I. Radchenko, E. A. Pakhomov, B. P. V. Hunt, L. Lebreton. 2020. A spatially variable scarcity of floating microplastics in the eastern North Pacific Ocean. Environmental Research Letters 15, 114056. https://doi.org/10.1088/1748-9326/abbb4f",https://doi.org/10.1088/1748-9326/abbb4f,"The Ocean Cleanup, Rotterdam, The Netherlands",The Ocean Cleanup Foundation,276264,https://www.ncei.noaa.gov/access/metadata/landing-page/bin/iso?id=gov.noaa.nodc:276264,12931,-14984327.0374648,3764080.91797955
0276264-0000194,7/31/2015 5:00:00 AM,29.006415,-142.973,Pacific Ocean,,,,,,Ocean water,,0,,Manta net,0.333,,,,,,1.652923,pieces/m3,1-10,High,Egger et al. 2020,"Egger, M., R. Nijhof, L. Quiros, G. Leone, S-J. Royer, A. C. McWhirter, G. A. Kantakov, V. I. Radchenko, E. A. Pakhomov, B. P. V. Hunt, L. Lebreton. 2020. A spatially variable scarcity of floating microplastics in the eastern North Pacific Ocean. Environmental Research Letters 15, 114056. https://doi.org/10.1088/1748-9326/abbb4f",https://doi.org/10.1088/1748-9326/abbb4f,"The Ocean Cleanup, Rotterdam, The Netherlands",The Ocean Cleanup Foundation,276264,https://www.ncei.noaa.gov/access/metadata/landing-page/bin/iso?id=gov.noaa.nodc:276264,12932,-15915681.5571867,3376462.54601518
0276264-0000590,9/12/2015 5:00:00 AM,31.5601,-134.0748,Pacific Ocean,,,,,,Ocean water,,0,,Manta net,0.333,,,,,,1.090723,pieces/m3,1-10,High,Egger et al. 2020,"Egger, M., R. Nijhof, L. Quiros, G. Leone, S-J. Royer, A. C. McWhirter, G. A. Kantakov, V. I. Radchenko, E. A. Pakhomov, B. P. V. Hunt, L. Lebreton. 2020. A spatially variable scarcity of floating microplastics in the eastern North Pacific Ocean. Environmental Research Letters 15, 114056. https://doi.org/10.1088/1748-9326/abbb4f",https://doi.org/10.1088/1748-9326/abbb4f,"The Ocean Cleanup, Rotterdam, The Netherlands",The Ocean Cleanup Foundation,276264,https://www.ncei.noaa.gov/access/metadata/landing-page/bin/iso?id=gov.noaa.nodc:276264,12936,-14925138.46421,3705704.42549617
0276264-0000389,8/16/2015 5:00:00 AM,40.98115,-147.32935,Pacific Ocean,,,,,,Ocean water,,0,,Manta net,0.333,,,,,,0.466438,pieces/m3,0.005-1,Medium,Egger et al. 2020,"Egger, M., R. Nijhof, L. Quiros, G. Leone, S-J. Royer, A. C. McWhirter, G. A. Kantakov, V. I. Radchenko, E. A. Pakhomov, B. P. V. Hunt, L. Lebreton. 2020. A spatially variable scarcity of floating microplastics in the eastern North Pacific Ocean. Environmental Research Letters 15, 114056. https://doi.org/10.1088/1748-9326/abbb4f",https://doi.org/10.1088/1748-9326/abbb4f,"The Ocean Cleanup, Rotterdam, The Netherlands",The Ocean Cleanup Foundation,276264,https://www.ncei.noaa.gov/access/metadata/landing-page/bin/iso?id=gov.noaa.nodc:276264,12937,-16400628.220904,5009561.69060474
0276264-0000496,8/26/2015 5:00:00 AM,28.37305,-150.0215,Pacific Ocean,,,,,,Ocean water,,0,,Manta net,0.333,,,,,,1.21843,pieces/m3,1-10,High,Egger et al. 2020,"Egger, M., R. Nijhof, L. Quiros, G. Leone, S-J. Royer, A. C. McWhirter, G. A. Kantakov, V. I. Radchenko, E. A. Pakhomov, B. P. V. Hunt, L. Lebreton. 2020. A spatially variable scarcity of floating microplastics in the eastern North Pacific Ocean. Environmental Research Letters 15, 114056. https://doi.org/10.1088/1748-9326/abbb4f",https://doi.org/10.1088/1748-9326/abbb4f,"The Ocean Cleanup, Rotterdam, The Netherlands",The Ocean Cleanup Foundation,276264,https://www.ncei.noaa.gov/access/metadata/landing-page/bin/iso?id=gov.noaa.nodc:276264,12938,-16700316.9880431,3296088.79459544
0276264-0000299,8/15/2015 5:00:00 AM,32.004965,-134.608,Pacific Ocean,,,,,,Ocean water,,0,,Manta net,0.333,,,,,,7.732587,pieces/m3,1-10,High,Egger et al. 2020,"Egger, M., R. Nijhof, L. Quiros, G. Leone, S-J. Royer, A. C. McWhirter, G. A. Kantakov, V. I. Radchenko, E. A. Pakhomov, B. P. V. Hunt, L. Lebreton. 2020. A spatially variable scarcity of floating microplastics in the eastern North Pacific Ocean. Environmental Research Letters 15, 114056. https://doi.org/10.1088/1748-9326/abbb4f",https://doi.org/10.1088/1748-9326/abbb4f,"The Ocean Cleanup, Rotterdam, The Netherlands",The Ocean Cleanup Foundation,276264,https://www.ncei.noaa.gov/access/metadata/landing-page/bin/iso?id=gov.noaa.nodc:276264,12939,-14984494.016701,3763962.37819448
0276264-0000591,9/13/2015 5:00:00 AM,31.50265,-134.0831,Pacific Ocean,,,,,,Ocean water,,0,,Manta net,0.333,,,,,,0.716268,pieces/m3,0.005-1,Medium,Egger et al. 2020,"Egger, M., R. Nijhof, L. Quiros, G. Leone, S-J. Royer, A. C. McWhirter, G. A. Kantakov, V. I. Radchenko, E. A. Pakhomov, B. P. V. Hunt, L. Lebreton. 2020. A spatially variable scarcity of floating microplastics in the eastern North Pacific Ocean. Environmental Research Letters 15, 114056. https://doi.org/10.1088/1748-9326/abbb4f",https://doi.org/10.1088/1748-9326/abbb4f,"The Ocean Cleanup, Rotterdam, The Netherlands",The Ocean Cleanup Foundation,276264,https://www.ncei.noaa.gov/access/metadata/landing-page/bin/iso?id=gov.noaa.nodc:276264,12940,-14926062.4159836,3698201.31548318
0276266-0000001,11/1/2018 5:00:00 AM,25.1401,-151.9014,Pacific Ocean,,,,,,Ocean water,,0.15,,Manta net,0.333,,,,,,3.656354,pieces/m3,1-10,High,Egger et al. 2020,"Egger, M., F. Sulu-Gambari, L. Lebreton. 2020. First evidence of plastic fallout from the North Pacific Garbage Patch. Scientific Reports 10, 7495. https://doi.org/10.1038/s41598-020-64465-8",https://doi.org/10.1038/s41598-020-64465-8,"The Ocean Cleanup, Rotterdam, The Netherlands",The Ocean Cleanup Foundation,276266,https://www.ncei.noaa.gov/access/metadata/landing-page/bin/iso?id=gov.noaa.nodc:276266,12941,-16909586.4987854,2892962.58778053
0276264-0000592,9/13/2015 5:00:00 AM,31.44525,-134.083,Pacific Ocean,,,,,,Ocean water,,0,,Manta net,0.333,,,,,,0.757866,pieces/m3,0.005-1,Medium,Egger et al. 2020,"Egger, M., R. Nijhof, L. Quiros, G. Leone, S-J. Royer, A. C. McWhirter, G. A. Kantakov, V. I. Radchenko, E. A. Pakhomov, B. P. V. Hunt, L. Lebreton. 2020. A spatially variable scarcity of floating microplastics in the eastern North Pacific Ocean. Environmental Research Letters 15, 114056. https://doi.org/10.1088/1748-9326/abbb4f",https://doi.org/10.1088/1748-9326/abbb4f,"The Ocean Cleanup, Rotterdam, The Netherlands",The Ocean Cleanup Foundation,276264,https://www.ncei.noaa.gov/access/metadata/landing-page/bin/iso?id=gov.noaa.nodc:276264,12942,-14926051.2840345,3690709.33893174
0276264-0000497,8/26/2015 5:00:00 AM,28.3786,-149.9736,Pacific Ocean,,,,,,Ocean water,,0,,Manta net,0.333,,,,,,1.175749,pieces/m3,1-10,High,Egger et al. 2020,"Egger, M., R. Nijhof, L. Quiros, G. Leone, S-J. Royer, A. C. McWhirter, G. A. Kantakov, V. I. Radchenko, E. A. Pakhomov, B. P. V. Hunt, L. Lebreton. 2020. A spatially variable scarcity of floating microplastics in the eastern North Pacific Ocean. Environmental Research Letters 15, 114056. https://doi.org/10.1088/1748-9326/abbb4f",https://doi.org/10.1088/1748-9326/abbb4f,"The Ocean Cleanup, Rotterdam, The Netherlands",The Ocean Cleanup Foundation,276264,https://www.ncei.noaa.gov/access/metadata/landing-page/bin/iso?id=gov.noaa.nodc:276264,12944,-16694984.7844341,3296790.98673353
0276264-0000300,8/15/2015 5:00:00 AM,33.001015,-134.1295,Pacific Ocean,,,,,,Ocean water,,0,,Manta net,0.333,,,,,,3.765498,pieces/m3,1-10,High,Egger et al. 2020,"Egger, M., R. Nijhof, L. Quiros, G. Leone, S-J. Royer, A. C. McWhirter, G. A. Kantakov, V. I. Radchenko, E. A. Pakhomov, B. P. V. Hunt, L. Lebreton. 2020. A spatially variable scarcity of floating microplastics in the eastern North Pacific Ocean. Environmental Research Letters 15, 114056. https://doi.org/10.1088/1748-9326/abbb4f",https://doi.org/10.1088/1748-9326/abbb4f,"The Ocean Cleanup, Rotterdam, The Netherlands",The Ocean Cleanup Foundation,276264,https://www.ncei.noaa.gov/access/metadata/landing-page/bin/iso?id=gov.noaa.nodc:276264,12946,-14931227.6403564,3895438.68844258
0276264-0000195,7/31/2015 5:00:00 AM,29.006683,-142.971,Pacific Ocean,,,,,,Ocean water,,0,,Manta net,0.333,,,,,,1.321474,pieces/m3,1-10,High,Egger et al. 2020,"Egger, M., R. Nijhof, L. Quiros, G. Leone, S-J. Royer, A. C. McWhirter, G. A. Kantakov, V. I. Radchenko, E. A. Pakhomov, B. P. V. Hunt, L. Lebreton. 2020. A spatially variable scarcity of floating microplastics in the eastern North Pacific Ocean. Environmental Research Letters 15, 114056. https://doi.org/10.1088/1748-9326/abbb4f",https://doi.org/10.1088/1748-9326/abbb4f,"The Ocean Cleanup, Rotterdam, The Netherlands",The Ocean Cleanup Foundation,276264,https://www.ncei.noaa.gov/access/metadata/landing-page/bin/iso?id=gov.noaa.nodc:276264,12947,-15915458.9182051,3376496.65857155
0276264-0000390,8/16/2015 5:00:00 AM,40.94225,-147.2525,Pacific Ocean,,,,,,Ocean water,,0,,Manta net,0.333,,,,,,0.302308,pieces/m3,0.005-1,Medium,Egger et al. 2020,"Egger, M., R. Nijhof, L. Quiros, G. Leone, S-J. Royer, A. C. McWhirter, G. A. Kantakov, V. I. Radchenko, E. A. Pakhomov, B. P. V. Hunt, L. Lebreton. 2020. A spatially variable scarcity of floating microplastics in the eastern North Pacific Ocean. Environmental Research Letters 15, 114056. https://doi.org/10.1088/1748-9326/abbb4f",https://doi.org/10.1088/1748-9326/abbb4f,"The Ocean Cleanup, Rotterdam, The Netherlands",The Ocean Cleanup Foundation,276264,https://www.ncei.noaa.gov/access/metadata/landing-page/bin/iso?id=gov.noaa.nodc:276264,12948,-16392073.3180365,5003827.28010366
0276264-0000196,7/31/2015 5:00:00 AM,28.989643,-143.5405,Pacific Ocean,,,,,,Ocean water,,0,,Manta net,0.333,,,,,,0.951916,pieces/m3,0.005-1,Medium,Egger et al. 2020,"Egger, M., R. Nijhof, L. Quiros, G. Leone, S-J. Royer, A. C. McWhirter, G. A. Kantakov, V. I. Radchenko, E. A. Pakhomov, B. P. V. Hunt, L. Lebreton. 2020. A spatially variable scarcity of floating microplastics in the eastern North Pacific Ocean. Environmental Research Letters 15, 114056. https://doi.org/10.1088/1748-9326/abbb4f",https://doi.org/10.1088/1748-9326/abbb4f,"The Ocean Cleanup, Rotterdam, The Netherlands",The Ocean Cleanup Foundation,276264,https://www.ncei.noaa.gov/access/metadata/landing-page/bin/iso?id=gov.noaa.nodc:276264,12949,-15978855.3682119,3374327.88692268
0276266-0000002,11/3/2018 5:00:00 AM,28.6633,-147.0067,Pacific Ocean,,,,,,Ocean water,,0.15,,Manta net,0.333,,,,,,1.671019,pieces/m3,1-10,High,Egger et al. 2020,"Egger, M., F. Sulu-Gambari, L. Lebreton. 2020. First evidence of plastic fallout from the North Pacific Garbage Patch. Scientific Reports 10, 7495. https://doi.org/10.1038/s41598-020-64465-8",https://doi.org/10.1038/s41598-020-64465-8,"The Ocean Cleanup, Rotterdam, The Netherlands",The Ocean Cleanup Foundation,276266,https://www.ncei.noaa.gov/access/metadata/landing-page/bin/iso?id=gov.noaa.nodc:276266,12950,-16364710.9871995,3332861.06974791
0276264-0000593,9/13/2015 5:00:00 AM,31.43865,-134.0859,Pacific Ocean,,,,,,Ocean water,,0,,Manta net,0.333,,,,,,1.59384,pieces/m3,1-10,High,Egger et al. 2020,"Egger, M., R. Nijhof, L. Quiros, G. Leone, S-J. Royer, A. C. McWhirter, G. A. Kantakov, V. I. Radchenko, E. A. Pakhomov, B. P. V. Hunt, L. Lebreton. 2020. A spatially variable scarcity of floating microplastics in the eastern North Pacific Ocean. Environmental Research Letters 15, 114056. https://doi.org/10.1088/1748-9326/abbb4f",https://doi.org/10.1088/1748-9326/abbb4f,"The Ocean Cleanup, Rotterdam, The Netherlands",The Ocean Cleanup Foundation,276264,https://www.ncei.noaa.gov/access/metadata/landing-page/bin/iso?id=gov.noaa.nodc:276264,12952,-14926374.1105578,3689848.18650932
0276264-0000391,8/17/2015 5:00:00 AM,40.88055,-146.87765,Pacific Ocean,,,,,,Ocean water,,0,,Manta net,0.333,,,,,,0.402879,pieces/m3,0.005-1,Medium,Egger et al. 2020,"Egger, M., R. Nijhof, L. Quiros, G. Leone, S-J. Royer, A. C. McWhirter, G. A. Kantakov, V. I. Radchenko, E. A. Pakhomov, B. P. V. Hunt, L. Lebreton. 2020. A spatially variable scarcity of floating microplastics in the eastern North Pacific Ocean. Environmental Research Letters 15, 114056. https://doi.org/10.1088/1748-9326/abbb4f",https://doi.org/10.1088/1748-9326/abbb4f,"The Ocean Cleanup, Rotterdam, The Netherlands",The Ocean Cleanup Foundation,276264,https://www.ncei.noaa.gov/access/metadata/landing-page/bin/iso?id=gov.noaa.nodc:276264,12953,-16350345.2069127,4994738.74930895
0276264-0000301,8/15/2015 5:00:00 AM,33.001608,-134.126,Pacific Ocean,,,,,,Ocean water,,0,,Manta net,0.333,,,,,,1.931257,pieces/m3,1-10,High,Egger et al. 2020,"Egger, M., R. Nijhof, L. Quiros, G. Leone, S-J. Royer, A. C. McWhirter, G. A. Kantakov, V. I. Radchenko, E. A. Pakhomov, B. P. V. Hunt, L. Lebreton. 2020. A spatially variable scarcity of floating microplastics in the eastern North Pacific Ocean. Environmental Research Letters 15, 114056. https://doi.org/10.1088/1748-9326/abbb4f",https://doi.org/10.1088/1748-9326/abbb4f,"The Ocean Cleanup, Rotterdam, The Netherlands",The Ocean Cleanup Foundation,276264,https://www.ncei.noaa.gov/access/metadata/landing-page/bin/iso?id=gov.noaa.nodc:276264,12954,-14930838.0221386,3895517.40044449
0276264-0000594,9/13/2015 5:00:00 AM,30.53885,-133.942,Pacific Ocean,,,,,,Ocean water,,0,,Manta net,0.333,,,,,,1.688752,pieces/m3,1-10,High,Egger et al. 2020,"Egger, M., R. Nijhof, L. Quiros, G. Leone, S-J. Royer, A. C. McWhirter, G. A. Kantakov, V. I. Radchenko, E. A. Pakhomov, B. P. V. Hunt, L. Lebreton. 2020. A spatially variable scarcity of floating microplastics in the eastern North Pacific Ocean. Environmental Research Letters 15, 114056. https://doi.org/10.1088/1748-9326/abbb4f",https://doi.org/10.1088/1748-9326/abbb4f,"The Ocean Cleanup, Rotterdam, The Netherlands",The Ocean Cleanup Foundation,276264,https://www.ncei.noaa.gov/access/metadata/landing-page/bin/iso?id=gov.noaa.nodc:276264,12955,-14910355.2358327,3573003.74383932
0276263-0000046,8/2/2015 5:00:00 AM,30.0037,-140.737,Pacific Ocean,,,,,,Ocean water,,0,,Manta net,0.333,,,,,,18.630465,pieces/m3,>=10,Very High,Egger et al. 2021,"Egger, M., L. Quiros, G. Leone, F. Ferrari, C. M. Boerger, M. Tishler. 2021. Relative Abundance of Floating Plastic Debris and Neuston in the Eastern North Pacific Ocean. Frontiers in Marine Science 8, 626026. https://doi.org/10.3389/fmars.2021.626026",https://doi.org/10.3389/fmars.2021.626026,"The Ocean Cleanup, Rotterdam, The Netherlands",The Ocean Cleanup Foundation,276263,https://www.ncei.noaa.gov/access/metadata/landing-page/bin/iso?id=gov.noaa.nodc:276263,12956,-15666771.1757729,3504025.45287201
0276264-0000595,9/13/2015 5:00:00 AM,30.4876,-133.93585,Pacific Ocean,,,,,,Ocean water,,0,,Manta net,0.333,,,,,,1.05689,pieces/m3,1-10,High,Egger et al. 2020,"Egger, M., R. Nijhof, L. Quiros, G. Leone, S-J. Royer, A. C. McWhirter, G. A. Kantakov, V. I. Radchenko, E. A. Pakhomov, B. P. V. Hunt, L. Lebreton. 2020. A spatially variable scarcity of floating microplastics in the eastern North Pacific Ocean. Environmental Research Letters 15, 114056. https://doi.org/10.1088/1748-9326/abbb4f",https://doi.org/10.1088/1748-9326/abbb4f,"The Ocean Cleanup, Rotterdam, The Netherlands",The Ocean Cleanup Foundation,276264,https://www.ncei.noaa.gov/access/metadata/landing-page/bin/iso?id=gov.noaa.nodc:276264,12957,-14909670.6209643,3566381.52115681
0276264-0000498,8/26/2015 5:00:00 AM,28.39075,-149.92875,Pacific Ocean,,,,,,Ocean water,,0,,Manta net,0.333,,,,,,0.954332,pieces/m3,0.005-1,Medium,Egger et al. 2020,"Egger, M., R. Nijhof, L. Quiros, G. Leone, S-J. Royer, A. C. McWhirter, G. A. Kantakov, V. I. Radchenko, E. A. Pakhomov, B. P. V. Hunt, L. Lebreton. 2020. A spatially variable scarcity of floating microplastics in the eastern North Pacific Ocean. Environmental Research Letters 15, 114056. https://doi.org/10.1088/1748-9326/abbb4f",https://doi.org/10.1088/1748-9326/abbb4f,"The Ocean Cleanup, Rotterdam, The Netherlands",The Ocean Cleanup Foundation,276264,https://www.ncei.noaa.gov/access/metadata/landing-page/bin/iso?id=gov.noaa.nodc:276264,12958,-16689992.105272,3298328.34645928
0276264-0000596,9/13/2015 5:00:00 AM,30.44545,-133.93085,Pacific Ocean,,,,,,Ocean water,,0,,Manta net,0.333,,,,,,1.468767,pieces/m3,1-10,High,Egger et al. 2020,"Egger, M., R. Nijhof, L. Quiros, G. Leone, S-J. Royer, A. C. McWhirter, G. A. Kantakov, V. I. Radchenko, E. A. Pakhomov, B. P. V. Hunt, L. Lebreton. 2020. A spatially variable scarcity of floating microplastics in the eastern North Pacific Ocean. Environmental Research Letters 15, 114056. https://doi.org/10.1088/1748-9326/abbb4f",https://doi.org/10.1088/1748-9326/abbb4f,"The Ocean Cleanup, Rotterdam, The Netherlands",The Ocean Cleanup Foundation,276264,https://www.ncei.noaa.gov/access/metadata/landing-page/bin/iso?id=gov.noaa.nodc:276264,12960,-14909114.0235103,3560937.76008162
0276264-0000392,8/16/2015 5:00:00 AM,39.98555,-151.55715,Pacific Ocean,,,,,,Ocean water,,0,,Manta net,0.333,,,,,,0.284195,pieces/m3,0.005-1,Medium,Egger et al. 2020,"Egger, M., R. Nijhof, L. Quiros, G. Leone, S-J. Royer, A. C. McWhirter, G. A. Kantakov, V. I. Radchenko, E. A. Pakhomov, B. P. V. Hunt, L. Lebreton. 2020. A spatially variable scarcity of floating microplastics in the eastern North Pacific Ocean. Environmental Research Letters 15, 114056. https://doi.org/10.1088/1748-9326/abbb4f",https://doi.org/10.1088/1748-9326/abbb4f,"The Ocean Cleanup, Rotterdam, The Netherlands",The Ocean Cleanup Foundation,276264,https://www.ncei.noaa.gov/access/metadata/landing-page/bin/iso?id=gov.noaa.nodc:276264,12961,-16871264.7640798,4863842.66701433
0276263-0000047,8/7/2015 5:00:00 AM,30.96883,-137.431,Pacific Ocean,,,,,,Ocean water,,0,,Manta net,0.333,,,,,,9.363521,pieces/m3,1-10,High,Egger et al. 2021,"Egger, M., L. Quiros, G. Leone, F. Ferrari, C. M. Boerger, M. Tishler. 2021. Relative Abundance of Floating Plastic Debris and Neuston in the Eastern North Pacific Ocean. Frontiers in Marine Science 8, 626026. https://doi.org/10.3389/fmars.2021.626026",https://doi.org/10.3389/fmars.2021.626026,"The Ocean Cleanup, Rotterdam, The Netherlands",The Ocean Cleanup Foundation,276263,https://www.ncei.noaa.gov/access/metadata/landing-page/bin/iso?id=gov.noaa.nodc:276263,12962,-15298748.9392104,3628701.78680465
0276264-0000499,8/26/2015 5:00:00 AM,28.31835,-148.87605,Pacific Ocean,,,,,,Ocean water,,0,,Manta net,0.333,,,,,,0.81151,pieces/m3,0.005-1,Medium,Egger et al. 2020,"Egger, M., R. Nijhof, L. Quiros, G. Leone, S-J. Royer, A. C. McWhirter, G. A. Kantakov, V. I. Radchenko, E. A. Pakhomov, B. P. V. Hunt, L. Lebreton. 2020. A spatially variable scarcity of floating microplastics in the eastern North Pacific Ocean. Environmental Research Letters 15, 114056. https://doi.org/10.1088/1748-9326/abbb4f",https://doi.org/10.1088/1748-9326/abbb4f,"The Ocean Cleanup, Rotterdam, The Netherlands",The Ocean Cleanup Foundation,276264,https://www.ncei.noaa.gov/access/metadata/landing-page/bin/iso?id=gov.noaa.nodc:276264,12963,-16572806.0773139,3289170.05366614
0276264-0000197,7/31/2015 5:00:00 AM,28.990018,-143.5385,Pacific Ocean,,,,,,Ocean water,,0,,Manta net,0.333,,,,,,0.636328,pieces/m3,0.005-1,Medium,Egger et al. 2020,"Egger, M., R. Nijhof, L. Quiros, G. Leone, S-J. Royer, A. C. McWhirter, G. A. Kantakov, V. I. Radchenko, E. A. Pakhomov, B. P. V. Hunt, L. Lebreton. 2020. A spatially variable scarcity of floating microplastics in the eastern North Pacific Ocean. Environmental Research Letters 15, 114056. https://doi.org/10.1088/1748-9326/abbb4f",https://doi.org/10.1088/1748-9326/abbb4f,"The Ocean Cleanup, Rotterdam, The Netherlands",The Ocean Cleanup Foundation,276264,https://www.ncei.noaa.gov/access/metadata/landing-page/bin/iso?id=gov.noaa.nodc:276264,12964,-15978632.7292303,3374375.61132531
0276264-0000198,8/1/2015 5:00:00 AM,30.019743,-142.7235,Pacific Ocean,,,,,,Ocean water,,0,,Manta net,0.333,,,,,,2.99756,pieces/m3,1-10,High,Egger et al. 2020,"Egger, M., R. Nijhof, L. Quiros, G. Leone, S-J. Royer, A. C. McWhirter, G. A. Kantakov, V. I. Radchenko, E. A. Pakhomov, B. P. V. Hunt, L. Lebreton. 2020. A spatially variable scarcity of floating microplastics in the eastern North Pacific Ocean. Environmental Research Letters 15, 114056. https://doi.org/10.1088/1748-9326/abbb4f",https://doi.org/10.1088/1748-9326/abbb4f,"The Ocean Cleanup, Rotterdam, The Netherlands",The Ocean Cleanup Foundation,276264,https://www.ncei.noaa.gov/access/metadata/landing-page/bin/iso?id=gov.noaa.nodc:276264,12965,-15887907.3442338,3506087.87459075
0276264-0000597,9/13/2015 5:00:00 AM,30.40345,-133.91565,Pacific Ocean,,,,,,Ocean water,,0,,Manta net,0.333,,,,,,9.113516,pieces/m3,1-10,High,Egger et al. 2020,"Egger, M., R. Nijhof, L. Quiros, G. Leone, S-J. Royer, A. C. McWhirter, G. A. Kantakov, V. I. Radchenko, E. A. Pakhomov, B. P. V. Hunt, L. Lebreton. 2020. A spatially variable scarcity of floating microplastics in the eastern North Pacific Ocean. Environmental Research Letters 15, 114056. https://doi.org/10.1088/1748-9326/abbb4f",https://doi.org/10.1088/1748-9326/abbb4f,"The Ocean Cleanup, Rotterdam, The Netherlands",The Ocean Cleanup Foundation,276264,https://www.ncei.noaa.gov/access/metadata/landing-page/bin/iso?id=gov.noaa.nodc:276264,12966,-14907421.9672502,3555515.71260927
0276264-0000393,8/17/2015 5:00:00 AM,40.88965,-146.80875,Pacific Ocean,,,,,,Ocean water,,0,,Manta net,0.333,,,,,,1.161321,pieces/m3,1-10,High,Egger et al. 2020,"Egger, M., R. Nijhof, L. Quiros, G. Leone, S-J. Royer, A. C. McWhirter, G. A. Kantakov, V. I. Radchenko, E. A. Pakhomov, B. P. V. Hunt, L. Lebreton. 2020. A spatially variable scarcity of floating microplastics in the eastern North Pacific Ocean. Environmental Research Letters 15, 114056. https://doi.org/10.1088/1748-9326/abbb4f",https://doi.org/10.1088/1748-9326/abbb4f,"The Ocean Cleanup, Rotterdam, The Netherlands",The Ocean Cleanup Foundation,276264,https://www.ncei.noaa.gov/access/metadata/landing-page/bin/iso?id=gov.noaa.nodc:276264,12967,-16342675.293997,4996078.66412024
0276263-0000048,8/7/2015 5:00:00 AM,30.9714,-137.428,Pacific Ocean,,,,,,Ocean water,,0,,Manta net,0.333,,,,,,6.245223,pieces/m3,1-10,High,Egger et al. 2021,"Egger, M., L. Quiros, G. Leone, F. Ferrari, C. M. Boerger, M. Tishler. 2021. Relative Abundance of Floating Plastic Debris and Neuston in the Eastern North Pacific Ocean. Frontiers in Marine Science 8, 626026. https://doi.org/10.3389/fmars.2021.626026",https://doi.org/10.3389/fmars.2021.626026,"The Ocean Cleanup, Rotterdam, The Netherlands",The Ocean Cleanup Foundation,276263,https://www.ncei.noaa.gov/access/metadata/landing-page/bin/iso?id=gov.noaa.nodc:276263,12968,-15298414.980738,3629035.4457019
0276264-0000500,8/26/2015 5:00:00 AM,28.2745,-148.8963,Pacific Ocean,,,,,,Ocean water,,0,,Manta net,0.333,,,,,,3.960667,pieces/m3,1-10,High,Egger et al. 2020,"Egger, M., R. Nijhof, L. Quiros, G. Leone, S-J. Royer, A. C. McWhirter, G. A. Kantakov, V. I. Radchenko, E. A. Pakhomov, B. P. V. Hunt, L. Lebreton. 2020. A spatially variable scarcity of floating microplastics in the eastern North Pacific Ocean. Environmental Research Letters 15, 114056. https://doi.org/10.1088/1748-9326/abbb4f",https://doi.org/10.1088/1748-9326/abbb4f,"The Ocean Cleanup, Rotterdam, The Netherlands",The Ocean Cleanup Foundation,276264,https://www.ncei.noaa.gov/access/metadata/landing-page/bin/iso?id=gov.noaa.nodc:276264,12970,-16575060.2970025,3283626.24739072
0276263-0000049,8/12/2015 5:00:00 AM,31.98692,-139.772,Pacific Ocean,,,,,,Ocean water,,0,,Manta net,0.333,,,,,,12.211145,pieces/m3,>=10,Very High,Egger et al. 2021,"Egger, M., L. Quiros, G. Leone, F. Ferrari, C. M. Boerger, M. Tishler. 2021. Relative Abundance of Floating Plastic Debris and Neuston in the Eastern North Pacific Ocean. Frontiers in Marine Science 8, 626026. https://doi.org/10.3389/fmars.2021.626026",https://doi.org/10.3389/fmars.2021.626026,"The Ocean Cleanup, Rotterdam, The Netherlands",The Ocean Cleanup Foundation,276263,https://www.ncei.noaa.gov/access/metadata/landing-page/bin/iso?id=gov.noaa.nodc:276263,12971,-15559347.8671574,3761593.79632494
0276264-0000394,8/8/2015 5:00:00 AM,33.2249,-153.8023,Pacific Ocean,,,,,,Ocean water,,0,,Manta net,0.333,,,,,,1.833202,pieces/m3,1-10,High,Egger et al. 2020,"Egger, M., R. Nijhof, L. Quiros, G. Leone, S-J. Royer, A. C. McWhirter, G. A. Kantakov, V. I. Radchenko, E. A. Pakhomov, B. P. V. Hunt, L. Lebreton. 2020. A spatially variable scarcity of floating microplastics in the eastern North Pacific Ocean. Environmental Research Letters 15, 114056. https://doi.org/10.1088/1748-9326/abbb4f",https://doi.org/10.1088/1748-9326/abbb4f,"The Ocean Cleanup, Rotterdam, The Netherlands",The Ocean Cleanup Foundation,276264,https://www.ncei.noaa.gov/access/metadata/landing-page/bin/iso?id=gov.noaa.nodc:276264,12972,-17121193.7188343,3925193.86580037
0276264-0000598,9/13/2015 5:00:00 AM,30.3259,-133.8972,Pacific Ocean,,,,,,Ocean water,,0,,Manta net,0.333,,,,,,2.063226,pieces/m3,1-10,High,Egger et al. 2020,"Egger, M., R. Nijhof, L. Quiros, G. Leone, S-J. Royer, A. C. McWhirter, G. A. Kantakov, V. I. Radchenko, E. A. Pakhomov, B. P. V. Hunt, L. Lebreton. 2020. A spatially variable scarcity of floating microplastics in the eastern North Pacific Ocean. Environmental Research Letters 15, 114056. https://doi.org/10.1088/1748-9326/abbb4f",https://doi.org/10.1088/1748-9326/abbb4f,"The Ocean Cleanup, Rotterdam, The Netherlands",The Ocean Cleanup Foundation,276264,https://www.ncei.noaa.gov/access/metadata/landing-page/bin/iso?id=gov.noaa.nodc:276264,12974,-14905368.1226451,3545510.41294952
0276263-0000050,8/12/2015 5:00:00 AM,31.9829,-139.775,Pacific Ocean,,,,,,Ocean water,,0,,Manta net,0.333,,,,,,13.653956,pieces/m3,>=10,Very High,Egger et al. 2021,"Egger, M., L. Quiros, G. Leone, F. Ferrari, C. M. Boerger, M. Tishler. 2021. Relative Abundance of Floating Plastic Debris and Neuston in the Eastern North Pacific Ocean. Frontiers in Marine Science 8, 626026. https://doi.org/10.3389/fmars.2021.626026",https://doi.org/10.3389/fmars.2021.626026,"The Ocean Cleanup, Rotterdam, The Netherlands",The Ocean Cleanup Foundation,276263,https://www.ncei.noaa.gov/access/metadata/landing-page/bin/iso?id=gov.noaa.nodc:276263,12975,-15559681.8256298,3761066.19566627
0276264-0000199,8/1/2015 5:00:00 AM,30.018732,-142.726,Pacific Ocean,,,,,,Ocean water,,0,,Manta net,0.333,,,,,,5.572512,pieces/m3,1-10,High,Egger et al. 2020,"Egger, M., R. Nijhof, L. Quiros, G. Leone, S-J. Royer, A. C. McWhirter, G. A. Kantakov, V. I. Radchenko, E. A. Pakhomov, B. P. V. Hunt, L. Lebreton. 2020. A spatially variable scarcity of floating microplastics in the eastern North Pacific Ocean. Environmental Research Letters 15, 114056. https://doi.org/10.1088/1748-9326/abbb4f",https://doi.org/10.1088/1748-9326/abbb4f,"The Ocean Cleanup, Rotterdam, The Netherlands",The Ocean Cleanup Foundation,276264,https://www.ncei.noaa.gov/access/metadata/landing-page/bin/iso?id=gov.noaa.nodc:276264,12976,-15888185.6429608,3505957.89476347
0276264-0000395,8/8/2015 5:00:00 AM,33.20055,-153.7201,Pacific Ocean,,,,,,Ocean water,,0,,Manta net,0.333,,,,,,1.626228,pieces/m3,1-10,High,Egger et al. 2020,"Egger, M., R. Nijhof, L. Quiros, G. Leone, S-J. Royer, A. C. McWhirter, G. A. Kantakov, V. I. Radchenko, E. A. Pakhomov, B. P. V. Hunt, L. Lebreton. 2020. A spatially variable scarcity of floating microplastics in the eastern North Pacific Ocean. Environmental Research Letters 15, 114056. https://doi.org/10.1088/1748-9326/abbb4f",https://doi.org/10.1088/1748-9326/abbb4f,"The Ocean Cleanup, Rotterdam, The Netherlands",The Ocean Cleanup Foundation,276264,https://www.ncei.noaa.gov/access/metadata/landing-page/bin/iso?id=gov.noaa.nodc:276264,12977,-17112043.2566911,3921953.9765448
0276264-0000501,8/27/2015 5:00:00 AM,28.08715,-149.1777,Pacific Ocean,,,,,,Ocean water,,0,,Manta net,0.333,,,,,,0.517986,pieces/m3,0.005-1,Medium,Egger et al. 2020,"Egger, M., R. Nijhof, L. Quiros, G. Leone, S-J. Royer, A. C. McWhirter, G. A. Kantakov, V. I. Radchenko, E. A. Pakhomov, B. P. V. Hunt, L. Lebreton. 2020. A spatially variable scarcity of floating microplastics in the eastern North Pacific Ocean. Environmental Research Letters 15, 114056. https://doi.org/10.1088/1748-9326/abbb4f",https://doi.org/10.1088/1748-9326/abbb4f,"The Ocean Cleanup, Rotterdam, The Netherlands",The Ocean Cleanup Foundation,276264,https://www.ncei.noaa.gov/access/metadata/landing-page/bin/iso?id=gov.noaa.nodc:276264,12979,-16606385.6017117,3259965.86058184
0276264-0000200,8/1/2015 5:00:00 AM,30.007623,-142.2708,Pacific Ocean,,,,,,Ocean water,,0,,Manta net,0.333,,,,,,5.735766,pieces/m3,1-10,High,Egger et al. 2020,"Egger, M., R. Nijhof, L. Quiros, G. Leone, S-J. Royer, A. C. McWhirter, G. A. Kantakov, V. I. Radchenko, E. A. Pakhomov, B. P. V. Hunt, L. Lebreton. 2020. A spatially variable scarcity of floating microplastics in the eastern North Pacific Ocean. Environmental Research Letters 15, 114056. https://doi.org/10.1088/1748-9326/abbb4f",https://doi.org/10.1088/1748-9326/abbb4f,"The Ocean Cleanup, Rotterdam, The Netherlands",The Ocean Cleanup Foundation,276264,https://www.ncei.noaa.gov/access/metadata/landing-page/bin/iso?id=gov.noaa.nodc:276264,12980,-15837513.0107517,3504529.74671586
0276263-0000051,8/18/2015 5:00:00 AM,33.8259,-138.275,Pacific Ocean,,,,,,Ocean water,,0,,Manta net,0.333,,,,,,19.993098,pieces/m3,>=10,Very High,Egger et al. 2021,"Egger, M., L. Quiros, G. Leone, F. Ferrari, C. M. Boerger, M. Tishler. 2021. Relative Abundance of Floating Plastic Debris and Neuston in the Eastern North Pacific Ocean. Frontiers in Marine Science 8, 626026. https://doi.org/10.3389/fmars.2021.626026",https://doi.org/10.3389/fmars.2021.626026,"The Ocean Cleanup, Rotterdam, The Netherlands",The Ocean Cleanup Foundation,276263,https://www.ncei.noaa.gov/access/metadata/landing-page/bin/iso?id=gov.noaa.nodc:276263,12981,-15392702.5894399,4005448.53804129
0276264-0000396,8/8/2015 5:00:00 AM,33.1849,-153.6428,Pacific Ocean,,,,,,Ocean water,,0,,Manta net,0.333,,,,,,2.210127,pieces/m3,1-10,High,Egger et al. 2020,"Egger, M., R. Nijhof, L. Quiros, G. Leone, S-J. Royer, A. C. McWhirter, G. A. Kantakov, V. I. Radchenko, E. A. Pakhomov, B. P. V. Hunt, L. Lebreton. 2020. A spatially variable scarcity of floating microplastics in the eastern North Pacific Ocean. Environmental Research Letters 15, 114056. https://doi.org/10.1088/1748-9326/abbb4f",https://doi.org/10.1088/1748-9326/abbb4f,"The Ocean Cleanup, Rotterdam, The Netherlands",The Ocean Cleanup Foundation,276264,https://www.ncei.noaa.gov/access/metadata/landing-page/bin/iso?id=gov.noaa.nodc:276264,12982,-17103438.2600528,3919872.14144955
0276264-0000599,9/13/2015 5:00:00 AM,30.27395,-133.87145,Pacific Ocean,,,,,,Ocean water,,0,,Manta net,0.333,,,,,,1.771433,pieces/m3,1-10,High,Egger et al. 2020,"Egger, M., R. Nijhof, L. Quiros, G. Leone, S-J. Royer, A. C. McWhirter, G. A. Kantakov, V. I. Radchenko, E. A. Pakhomov, B. P. V. Hunt, L. Lebreton. 2020. A spatially variable scarcity of floating microplastics in the eastern North Pacific Ocean. Environmental Research Letters 15, 114056. https://doi.org/10.1088/1748-9326/abbb4f",https://doi.org/10.1088/1748-9326/abbb4f,"The Ocean Cleanup, Rotterdam, The Netherlands",The Ocean Cleanup Foundation,276264,https://www.ncei.noaa.gov/access/metadata/landing-page/bin/iso?id=gov.noaa.nodc:276264,12984,-14902501.6457572,3538812.3897173
0276264-0000201,8/1/2015 5:00:00 AM,30.006473,-142.276,Pacific Ocean,,,,,,Ocean water,,0,,Manta net,0.333,,,,,,7.848268,pieces/m3,1-10,High,Egger et al. 2020,"Egger, M., R. Nijhof, L. Quiros, G. Leone, S-J. Royer, A. C. McWhirter, G. A. Kantakov, V. I. Radchenko, E. A. Pakhomov, B. P. V. Hunt, L. Lebreton. 2020. A spatially variable scarcity of floating microplastics in the eastern North Pacific Ocean. Environmental Research Letters 15, 114056. https://doi.org/10.1088/1748-9326/abbb4f",https://doi.org/10.1088/1748-9326/abbb4f,"The Ocean Cleanup, Rotterdam, The Netherlands",The Ocean Cleanup Foundation,276264,https://www.ncei.noaa.gov/access/metadata/landing-page/bin/iso?id=gov.noaa.nodc:276264,12985,-15838091.8721038,3504381.9144383
0276263-0000052,8/18/2015 5:00:00 AM,33.82427,-138.277,Pacific Ocean,,,,,,Ocean water,,0,,Manta net,0.333,,,,,,11.354408,pieces/m3,>=10,Very High,Egger et al. 2021,"Egger, M., L. Quiros, G. Leone, F. Ferrari, C. M. Boerger, M. Tishler. 2021. Relative Abundance of Floating Plastic Debris and Neuston in the Eastern North Pacific Ocean. Frontiers in Marine Science 8, 626026. https://doi.org/10.3389/fmars.2021.626026",https://doi.org/10.3389/fmars.2021.626026,"The Ocean Cleanup, Rotterdam, The Netherlands",The Ocean Cleanup Foundation,276263,https://www.ncei.noaa.gov/access/metadata/landing-page/bin/iso?id=gov.noaa.nodc:276263,12987,-15392925.2284215,4005230.11761167
0276264-0000397,8/9/2015 5:00:00 AM,33.110395,-153.10956,Pacific Ocean,,,,,,Ocean water,,0,,Manta net,0.333,,,,,,1.407189,pieces/m3,1-10,High,Egger et al. 2020,"Egger, M., R. Nijhof, L. Quiros, G. Leone, S-J. Royer, A. C. McWhirter, G. A. Kantakov, V. I. Radchenko, E. A. Pakhomov, B. P. V. Hunt, L. Lebreton. 2020. A spatially variable scarcity of floating microplastics in the eastern North Pacific Ocean. Environmental Research Letters 15, 114056. https://doi.org/10.1088/1748-9326/abbb4f",https://doi.org/10.1088/1748-9326/abbb4f,"The Ocean Cleanup, Rotterdam, The Netherlands",The Ocean Cleanup Foundation,276264,https://www.ncei.noaa.gov/access/metadata/landing-page/bin/iso?id=gov.noaa.nodc:276264,12988,-17044078.2547822,3909966.23731832
0276264-0000398,8/9/2015 5:00:00 AM,33.0882,-153.04565,Pacific Ocean,,,,,,Ocean water,,0,,Manta net,0.333,,,,,,1.02716,pieces/m3,1-10,High,Egger et al. 2020,"Egger, M., R. Nijhof, L. Quiros, G. Leone, S-J. Royer, A. C. McWhirter, G. A. Kantakov, V. I. Radchenko, E. A. Pakhomov, B. P. V. Hunt, L. Lebreton. 2020. A spatially variable scarcity of floating microplastics in the eastern North Pacific Ocean. Environmental Research Letters 15, 114056. https://doi.org/10.1088/1748-9326/abbb4f",https://doi.org/10.1088/1748-9326/abbb4f,"The Ocean Cleanup, Rotterdam, The Netherlands",The Ocean Cleanup Foundation,276264,https://www.ncei.noaa.gov/access/metadata/landing-page/bin/iso?id=gov.noaa.nodc:276264,12989,-17036963.8261256,3907016.89844127
0276264-0000399,8/9/2015 5:00:00 AM,33.0558,-152.95935,Pacific Ocean,,,,,,Ocean water,,0,,Manta net,0.333,,,,,,0.544286,pieces/m3,0.005-1,Medium,Egger et al. 2020,"Egger, M., R. Nijhof, L. Quiros, G. Leone, S-J. Royer, A. C. McWhirter, G. A. Kantakov, V. I. Radchenko, E. A. Pakhomov, B. P. V. Hunt, L. Lebreton. 2020. A spatially variable scarcity of floating microplastics in the eastern North Pacific Ocean. Environmental Research Letters 15, 114056. https://doi.org/10.1088/1748-9326/abbb4f",https://doi.org/10.1088/1748-9326/abbb4f,"The Ocean Cleanup, Rotterdam, The Netherlands",The Ocean Cleanup Foundation,276264,https://www.ncei.noaa.gov/access/metadata/landing-page/bin/iso?id=gov.noaa.nodc:276264,12991,-17027356.9540701,3902712.82441674
0276264-0000400,8/9/2015 5:00:00 AM,32.5142,-151.2808,Pacific Ocean,,,,,,Ocean water,,0,,Manta net,0.333,,,,,,0.987654,pieces/m3,0.005-1,Medium,Egger et al. 2020,"Egger, M., R. Nijhof, L. Quiros, G. Leone, S-J. Royer, A. C. McWhirter, G. A. Kantakov, V. I. Radchenko, E. A. Pakhomov, B. P. V. Hunt, L. Lebreton. 2020. A spatially variable scarcity of floating microplastics in the eastern North Pacific Ocean. Environmental Research Letters 15, 114056. https://doi.org/10.1088/1748-9326/abbb4f",https://doi.org/10.1088/1748-9326/abbb4f,"The Ocean Cleanup, Rotterdam, The Netherlands",The Ocean Cleanup Foundation,276264,https://www.ncei.noaa.gov/access/metadata/landing-page/bin/iso?id=gov.noaa.nodc:276264,12992,-16840501.6227991,3830998.2473005
0276264-0000401,8/9/2015 5:00:00 AM,32.52175,-151.3149,Pacific Ocean,,,,,,Ocean water,,0,,Manta net,0.333,,,,,,1.167266,pieces/m3,1-10,High,Egger et al. 2020,"Egger, M., R. Nijhof, L. Quiros, G. Leone, S-J. Royer, A. C. McWhirter, G. A. Kantakov, V. I. Radchenko, E. A. Pakhomov, B. P. V. Hunt, L. Lebreton. 2020. A spatially variable scarcity of floating microplastics in the eastern North Pacific Ocean. Environmental Research Letters 15, 114056. https://doi.org/10.1088/1748-9326/abbb4f",https://doi.org/10.1088/1748-9326/abbb4f,"The Ocean Cleanup, Rotterdam, The Netherlands",The Ocean Cleanup Foundation,276264,https://www.ncei.noaa.gov/access/metadata/landing-page/bin/iso?id=gov.noaa.nodc:276264,12994,-16844297.6174351,3831994.9733326
0276264-0000600,9/13/2015 5:00:00 AM,30.22875,-133.85125,Pacific Ocean,,,,,,Ocean water,,0,,Manta net,0.333,,,,,,1.945896,pieces/m3,1-10,High,Egger et al. 2020,"Egger, M., R. Nijhof, L. Quiros, G. Leone, S-J. Royer, A. C. McWhirter, G. A. Kantakov, V. I. Radchenko, E. A. Pakhomov, B. P. V. Hunt, L. Lebreton. 2020. A spatially variable scarcity of floating microplastics in the eastern North Pacific Ocean. Environmental Research Letters 15, 114056. https://doi.org/10.1088/1748-9326/abbb4f",https://doi.org/10.1088/1748-9326/abbb4f,"The Ocean Cleanup, Rotterdam, The Netherlands",The Ocean Cleanup Foundation,276264,https://www.ncei.noaa.gov/access/metadata/landing-page/bin/iso?id=gov.noaa.nodc:276264,12995,-14900252.9920432,3532987.5419141
0276264-0000601,9/13/2015 5:00:00 AM,30.18595,-133.83395,Pacific Ocean,,,,,,Ocean water,,0,,Manta net,0.333,,,,,,2.029278,pieces/m3,1-10,High,Egger et al. 2020,"Egger, M., R. Nijhof, L. Quiros, G. Leone, S-J. Royer, A. C. McWhirter, G. A. Kantakov, V. I. Radchenko, E. A. Pakhomov, B. P. V. Hunt, L. Lebreton. 2020. A spatially variable scarcity of floating microplastics in the eastern North Pacific Ocean. Environmental Research Letters 15, 114056. https://doi.org/10.1088/1748-9326/abbb4f",https://doi.org/10.1088/1748-9326/abbb4f,"The Ocean Cleanup, Rotterdam, The Netherlands",The Ocean Cleanup Foundation,276264,https://www.ncei.noaa.gov/access/metadata/landing-page/bin/iso?id=gov.noaa.nodc:276264,12996,-14898327.1648524,3527474.44565035
0276263-0000053,8/10/2015 5:00:00 AM,36.4245,-148.8456,Pacific Ocean,,,,,,Ocean water,,0,,Manta net,0.333,,,,,,17.37797,pieces/m3,>=10,Very High,Egger et al. 2021,"Egger, M., L. Quiros, G. Leone, F. Ferrari, C. M. Boerger, M. Tishler. 2021. Relative Abundance of Floating Plastic Debris and Neuston in the Eastern North Pacific Ocean. Frontiers in Marine Science 8, 626026. https://doi.org/10.3389/fmars.2021.626026",https://doi.org/10.3389/fmars.2021.626026,"The Ocean Cleanup, Rotterdam, The Netherlands",The Ocean Cleanup Foundation,276263,https://www.ncei.noaa.gov/access/metadata/landing-page/bin/iso?id=gov.noaa.nodc:276263,12997,-16569416.3988193,4359190.23083663
0276263-0000054,8/10/2015 5:00:00 AM,36.3978,-148.7933,Pacific Ocean,,,,,,Ocean water,,0,,Manta net,0.333,,,,,,13.021962,pieces/m3,>=10,Very High,Egger et al. 2021,"Egger, M., L. Quiros, G. Leone, F. Ferrari, C. M. Boerger, M. Tishler. 2021. Relative Abundance of Floating Plastic Debris and Neuston in the Eastern North Pacific Ocean. Frontiers in Marine Science 8, 626026. https://doi.org/10.3389/fmars.2021.626026",https://doi.org/10.3389/fmars.2021.626026,"The Ocean Cleanup, Rotterdam, The Netherlands",The Ocean Cleanup Foundation,276263,https://www.ncei.noaa.gov/access/metadata/landing-page/bin/iso?id=gov.noaa.nodc:276263,12999,-16563594.3894508,4355497.00195705
0276266-0000003,11/3/2018 5:00:00 AM,28.71,-147.015,Pacific Ocean,,,,,,Ocean water,,0.15,,Manta net,0.333,,,,,,2.093125,pieces/m3,1-10,High,Egger et al. 2020,"Egger, M., F. Sulu-Gambari, L. Lebreton. 2020. First evidence of plastic fallout from the North Pacific Garbage Patch. Scientific Reports 10, 7495. https://doi.org/10.1038/s41598-020-64465-8",https://doi.org/10.1038/s41598-020-64465-8,"The Ocean Cleanup, Rotterdam, The Netherlands",The Ocean Cleanup Foundation,276266,https://www.ncei.noaa.gov/access/metadata/landing-page/bin/iso?id=gov.noaa.nodc:276266,13001,-16365634.9389731,3338787.05760613
0276266-0000004,11/3/2018 5:00:00 AM,28.74,-147.03,Pacific Ocean,,,,,,Ocean water,,0.15,,Manta net,0.333,,,,,,0.827634,pieces/m3,0.005-1,Medium,Egger et al. 2020,"Egger, M., F. Sulu-Gambari, L. Lebreton. 2020. First evidence of plastic fallout from the North Pacific Garbage Patch. Scientific Reports 10, 7495. https://doi.org/10.1038/s41598-020-64465-8",https://doi.org/10.1038/s41598-020-64465-8,"The Ocean Cleanup, Rotterdam, The Netherlands",The Ocean Cleanup Foundation,276266,https://www.ncei.noaa.gov/access/metadata/landing-page/bin/iso?id=gov.noaa.nodc:276266,13002,-16367304.731335,3342595.29756467
0276266-0000005,11/13/2018 6:00:00 AM,30.5572,-145.043,Pacific Ocean,,,,,,Ocean water,,0.15,,Manta net,0.333,,,,,,4.136879,pieces/m3,1-10,High,Egger et al. 2020,"Egger, M., F. Sulu-Gambari, L. Lebreton. 2020. First evidence of plastic fallout from the North Pacific Garbage Patch. Scientific Reports 10, 7495. https://doi.org/10.1038/s41598-020-64465-8",https://doi.org/10.1038/s41598-020-64465-8,"The Ocean Cleanup, Rotterdam, The Netherlands",The Ocean Cleanup Foundation,276266,https://www.ncei.noaa.gov/access/metadata/landing-page/bin/iso?id=gov.noaa.nodc:276266,13003,-16146112.9031288,3575375.67197061
0276266-0000006,11/13/2018 6:00:00 AM,30.5812,-145.0612,Pacific Ocean,,,,,,Ocean water,,0.15,,Manta net,0.333,,,,,,17.133118,pieces/m3,>=10,Very High,Egger et al. 2020,"Egger, M., F. Sulu-Gambari, L. Lebreton. 2020. First evidence of plastic fallout from the North Pacific Garbage Patch. Scientific Reports 10, 7495. https://doi.org/10.1038/s41598-020-64465-8",https://doi.org/10.1038/s41598-020-64465-8,"The Ocean Cleanup, Rotterdam, The Netherlands",The Ocean Cleanup Foundation,276266,https://www.ncei.noaa.gov/access/metadata/landing-page/bin/iso?id=gov.noaa.nodc:276266,13004,-16148138.9178612,3578478.5983137
0276266-0000007,11/13/2018 6:00:00 AM,30.6117,-145.0833,Pacific Ocean,,,,,,Ocean water,,0.15,,Manta net,0.333,,,,,,17.981816,pieces/m3,>=10,Very High,Egger et al. 2020,"Egger, M., F. Sulu-Gambari, L. Lebreton. 2020. First evidence of plastic fallout from the North Pacific Garbage Patch. Scientific Reports 10, 7495. https://doi.org/10.1038/s41598-020-64465-8",https://doi.org/10.1038/s41598-020-64465-8,"The Ocean Cleanup, Rotterdam, The Netherlands",The Ocean Cleanup Foundation,276266,https://www.ncei.noaa.gov/access/metadata/landing-page/bin/iso?id=gov.noaa.nodc:276266,13005,-16150599.0786077,3582423.00910279
0276266-0000008,11/29/2018 6:00:00 AM,30.1667,-140.7683,Pacific Ocean,,,,,,Ocean water,,0.15,,Manta net,0.333,,,,,,4.401403,pieces/m3,1-10,High,Egger et al. 2020,"Egger, M., F. Sulu-Gambari, L. Lebreton. 2020. First evidence of plastic fallout from the North Pacific Garbage Patch. Scientific Reports 10, 7495. https://doi.org/10.1038/s41598-020-64465-8",https://doi.org/10.1038/s41598-020-64465-8,"The Ocean Cleanup, Rotterdam, The Netherlands",The Ocean Cleanup Foundation,276266,https://www.ncei.noaa.gov/access/metadata/landing-page/bin/iso?id=gov.noaa.nodc:276266,13006,-15670255.4758348,3524995.6215933
0276266-0000009,11/29/2018 6:00:00 AM,30.17,-140.7383,Pacific Ocean,,,,,,Ocean water,,0.15,,Manta net,0.333,,,,,,2.236627,pieces/m3,1-10,High,Egger et al. 2020,"Egger, M., F. Sulu-Gambari, L. Lebreton. 2020. First evidence of plastic fallout from the North Pacific Garbage Patch. Scientific Reports 10, 7495. https://doi.org/10.1038/s41598-020-64465-8",https://doi.org/10.1038/s41598-020-64465-8,"The Ocean Cleanup, Rotterdam, The Netherlands",The Ocean Cleanup Foundation,276266,https://www.ncei.noaa.gov/access/metadata/landing-page/bin/iso?id=gov.noaa.nodc:276266,13007,-15666915.891111,3525420.52847187
0276266-0000010,11/29/2018 6:00:00 AM,30.1733,-140.705,Pacific Ocean,,,,,,Ocean water,,0.15,,Manta net,0.333,,,,,,2.372212,pieces/m3,1-10,High,Egger et al. 2020,"Egger, M., F. Sulu-Gambari, L. Lebreton. 2020. First evidence of plastic fallout from the North Pacific Garbage Patch. Scientific Reports 10, 7495. https://doi.org/10.1038/s41598-020-64465-8",https://doi.org/10.1038/s41598-020-64465-8,"The Ocean Cleanup, Rotterdam, The Netherlands",The Ocean Cleanup Foundation,276266,https://www.ncei.noaa.gov/access/metadata/landing-page/bin/iso?id=gov.noaa.nodc:276266,13008,-15663208.9520676,3525845.44957709
0276266-0000011,12/1/2018 6:00:00 AM,30.7767,-133.435,Pacific Ocean,,,,,,Ocean water,,0.15,,Manta net,0.333,,,,,,23.06106,pieces/m3,>=10,Very High,Egger et al. 2020,"Egger, M., F. Sulu-Gambari, L. Lebreton. 2020. First evidence of plastic fallout from the North Pacific Garbage Patch. Scientific Reports 10, 7495. https://doi.org/10.1038/s41598-020-64465-8",https://doi.org/10.1038/s41598-020-64465-8,"The Ocean Cleanup, Rotterdam, The Netherlands",The Ocean Cleanup Foundation,276266,https://www.ncei.noaa.gov/access/metadata/landing-page/bin/iso?id=gov.noaa.nodc:276266,13009,-14853916.2540005,3603783.21662667
0276266-0000012,12/1/2018 6:00:00 AM,30.78,-133.3967,Pacific Ocean,,,,,,Ocean water,,0.15,,Manta net,0.333,,,,,,7.162585,pieces/m3,1-10,High,Egger et al. 2020,"Egger, M., F. Sulu-Gambari, L. Lebreton. 2020. First evidence of plastic fallout from the North Pacific Garbage Patch. Scientific Reports 10, 7495. https://doi.org/10.1038/s41598-020-64465-8",https://doi.org/10.1038/s41598-020-64465-8,"The Ocean Cleanup, Rotterdam, The Netherlands",The Ocean Cleanup Foundation,276266,https://www.ncei.noaa.gov/access/metadata/landing-page/bin/iso?id=gov.noaa.nodc:276266,13010,-14849652.7175031,3604210.793768
0276266-0000013,12/1/2018 6:00:00 AM,30.78,-133.365,Pacific Ocean,,,,,,Ocean water,,0.15,,Manta net,0.333,,,,,,22.527386,pieces/m3,>=10,Very High,Egger et al. 2020,"Egger, M., F. Sulu-Gambari, L. Lebreton. 2020. First evidence of plastic fallout from the North Pacific Garbage Patch. Scientific Reports 10, 7495. https://doi.org/10.1038/s41598-020-64465-8",https://doi.org/10.1038/s41598-020-64465-8,"The Ocean Cleanup, Rotterdam, The Netherlands",The Ocean Cleanup Foundation,276266,https://www.ncei.noaa.gov/access/metadata/landing-page/bin/iso?id=gov.noaa.nodc:276266,13011,-14846123.8896449,3604210.793768
