Unique ID,Sample Date,Latitude (degree),Longitude (degree),Microplastics Measurement,Unit,Concentration Class,wind_u,wind_v,wind_speed,wave_direction,wave_period,wave_height,current_u,current_v,current_speed,month
0276264-0000402,8/9/2015 5:00:00 AM,32.51375,-151.22505,0.887341,pieces/m3,Medium,-4.072486282226561,-2.6694357402343827,4.869397466849898,129.1468432314453,8.359836688049315,1.1853427192382813,-0.145,0.065,0.15890248582070704,8
0276264-0000602,9/14/2015 5:00:00 AM,30.1402,-133.82095,2.842615,pieces/m3,High,-2.358554186406255,-7.535888335781248,7.896353010065997,28.904709303525454,6.882988319311523,1.750543143955078,-0.011,-0.132,0.13245754036671525,9
0276264-0000502,8/27/2015 5:00:00 AM,26.7181,-150.57685,0.341454,pieces/m3,Medium,-0.6376260871093725,2.9641281968749986,3.031933870398865,254.32133107843748,10.135194830739746,1.433929358095703,0.293,0.024,0.29398129192178196,8
0276264-0000302,8/15/2015 5:00:00 AM,33.00406,-134.7215,5.728249,pieces/m3,High,-2.8978580489062438,-5.608891033476566,6.313259055117612,101.79412399472628,8.2997195510083,1.2820344102990726,-0.07200000000000001,-0.011,0.07283543093852057,8
0276264-0000202,8/1/2015 5:00:00 AM,29.997348,-141.776,5.340388,pieces/m3,High,-3.990895466617196,-6.185104912546871,7.360894606274234,62.049867594162905,7.781673489601074,1.9059198869145502,-0.162,0.048,0.16896153408394468,8
0276264-0000102,7/30/2019 5:00:00 AM,33.87,-146.33,2.59128,pieces/m3,High,-1.703126342773443,-4.268475805664068,4.595707240783334,139.95043879394518,8.34628520812988,1.1043638950347905,-0.066,-0.063,0.0912414379544733,7
0276264-0000403,8/10/2015 5:00:00 AM,32.62765,-150.518,3.504488,pieces/m3,High,-2.041799814453135,-4.543973008789065,4.981629972900878,118.99715851005854,8.540448647705075,1.227535685488892,-0.17300000000000001,0.096,0.19785095400325975,8
0276264-0000203,8/1/2015 5:00:00 AM,29.9952,-141.7755,6.394891,pieces/m3,High,-3.9917579044921823,-6.184883601171878,7.361176286988421,62.05661816417232,7.781798326647948,1.9057887753051759,-0.162,0.048,0.16896153408394468,8
0276264-0000603,9/14/2015 5:00:00 AM,30.09175,-133.8008,2.206101,pieces/m3,High,-2.378659957812504,-7.534585412499997,7.901139192113902,29.048501755712945,6.8843394742431645,1.748687960302734,-0.011,-0.132,0.13245754036671525,9
0276264-0000103,8/2/2019 5:00:00 AM,32.82,-146.59,2.178,pieces/m3,High,4.586692871093749,0.7162013427734389,4.642272703873901,168.09218671874993,8.546228363037109,1.284899703979492,0.098,0.038,0.1051094667477673,8
0276264-0000503,8/28/2015 5:00:00 AM,26.25525,-151.30095,1.566289,pieces/m3,High,-1.5141416349609382,-0.647269002148438,1.646688207240344,272.4464066726562,11.15489514510498,1.509350117248535,0.179,-0.021,0.1802276338412065,8
0276264-0000303,8/15/2015 5:00:00 AM,33.0043,-134.721,4.108552,pieces/m3,High,-2.897402681250001,-5.60916177207031,6.31329059069592,101.77834747753921,8.299663564172363,1.2820421552307126,-0.07200000000000001,-0.011,0.07283543093852057,8
0276264-0000404,8/10/2015 5:00:00 AM,32.64415,-150.45075,5.260345,pieces/m3,High,-2.1023678492187625,-4.560731464062503,5.021973920752519,118.68780581826165,8.527795102685545,1.2294369191741945,-0.154,-0.003,0.15402921800749364,8
0276264-0000204,8/2/2015 5:00:00 AM,30.002582,-141.355,5.907654,pieces/m3,High,-3.5648703705468803,-1.5315795434765556,3.8799531771400164,62.53150924475582,8.32000513447998,1.560208490806274,-0.07100000000000001,-0.073,0.10183319694480775,8
0276264-0000604,9/14/2015 5:00:00 AM,30.047,-133.77195,1.877369,pieces/m3,High,-2.393991211718751,-7.53651292421875,7.907605261942636,29.118874654150414,6.885159651245116,1.7471915643066407,-0.011,-0.132,0.13245754036671525,9
0276264-0000004,10/5/2018 5:00:00 AM,33.9484,-130.8887,0.558433,pieces/m3,Medium,-3.7789816063671884,-5.839910181015625,6.955950898589746,317.30365581320314,9.44730344836914,2.187064337397461,0.024,0.004,0.02433105012119288,10
0276264-0000104,8/3/2019 5:00:00 AM,32.18,-145.73,2.287107,pieces/m3,High,3.0544924316406212,4.081983740234371,5.098285522652455,183.8335169433594,8.726176504516605,1.366454487609863,0.078,-0.038,0.08676404785393545,8
0276264-0000405,8/10/2015 5:00:00 AM,32.66775,-150.37115,4.421236,pieces/m3,High,-2.1887753117187425,-4.582088014062498,5.078018110818894,118.22680691826177,8.50885610112305,1.2320825637054442,-0.154,-0.003,0.15402921800749364,8
0276264-0000205,8/2/2015 5:00:00 AM,30.002517,-141.358,6.136246,pieces/m3,High,-3.5632992001406225,-1.5337105021015665,3.879351633195867,62.54470555550588,8.319978414491699,1.5602945173804934,-0.07100000000000001,-0.073,0.10183319694480775,8
0276264-0000605,9/14/2015 5:00:00 AM,29.4452,-133.2606,1.455276,pieces/m3,High,-2.3214102712500053,-7.458580411562496,7.811489448447638,29.856077658212953,6.930590510961914,1.7230042089355466,-0.016,-0.147,0.14786818454285558,9
0276264-0000304,8/16/2015 5:00:00 AM,32.99864,-135.2855,2.968761,pieces/m3,High,-5.667680237187498,-6.234052928203116,8.425319886072195,46.63135064257822,6.74648804020752,1.4799327992138667,-0.128,-0.033,0.1321854757528224,8
0276264-0000504,8/18/2015 5:00:00 AM,29.6302,-134.14125,1.000613,pieces/m3,High,-5.190964398437499,-7.2438453632812445,8.911756674919753,44.926258256347715,8.069547374267577,2.3426917683715813,-0.153,-0.044,0.15920113064925134,8
0276264-0000005,10/6/2018 5:00:00 AM,33.7467,-131.7753,0.383834,pieces/m3,Medium,-1.9876717207031245,-7.4805772134765665,7.740146918248241,176.82348318834119,9.597567469453123,2.3073661057592783,0.032,-0.069,0.07605918747922567,10
0276264-0000006,10/6/2018 5:00:00 AM,33.6857,-132.0339,1.20877,pieces/m3,High,-2.2298214124218734,-7.343136984726565,7.674227277567053,135.7900434300056,9.61915828131836,2.293663055505372,0.005,-0.07,0.07017834423809101,10
0276264-0000007,10/7/2018 5:00:00 AM,33.3579,-133.4494,9.238534,pieces/m3,High,-5.470590667929687,-8.237560756601567,9.888618178225995,1.828440377531285,10.020976568967283,2.7983916373266604,-0.10200000000000001,-0.023,0.1045609869884557,10
0276264-0000008,10/8/2018 5:00:00 AM,33.1052,-134.4999,21.788339,pieces/m3,Very High,-7.089868771249993,-8.809162518476564,11.30785494558885,19.122828925108458,8.855430720661621,3.140013539599609,-0.186,-0.056,0.19424726510301246,10
0276264-0000009,10/9/2018 5:00:00 AM,33.8045,-135.7884,8.89101,pieces/m3,High,-4.4010153396484375,-8.162789089843752,9.273621824567414,36.85599514824217,8.205682340734864,2.5261042417602546,-0.11,-0.083,0.137800580550301,10
0276264-0000010,10/9/2018 5:00:00 AM,32.7459,-136.0253,15.320029,pieces/m3,Very High,-5.035527823398434,-7.864969334375008,9.338858768119316,41.73917038574211,8.37001019842041,2.612142203205568,0.007,-0.192,0.19212756179163884,10
0276264-0000011,10/10/2018 5:00:00 AM,32.4381,-137.3467,4.384549,pieces/m3,High,-6.040932476992186,-6.655980175585938,8.988600407703748,46.76614995538086,8.560779325080567,2.472586338483887,-0.136,0.051000000000000004,0.14524806367039803,10
0276264-0000012,10/11/2018 5:00:00 AM,32.2061,-138.3311,1.857298,pieces/m3,High,-7.599039021367187,-3.442932464101567,8.342612180883494,60.93319235348629,8.381830673972168,2.302767257814941,-0.133,0.073,0.1517168415173477,10
0276264-0000013,10/11/2018 5:00:00 AM,32.1454,-138.6486,3.550067,pieces/m3,High,-7.707985105117183,-3.2445387642578196,8.363017767138846,62.35660170911128,8.379287079558106,2.319372747658691,-0.121,0.108,0.16218816233005415,10
0276264-0000014,10/12/2018 5:00:00 AM,31.8886,-139.6587,6.887565,pieces/m3,High,-6.351565337226569,-2.578634153203117,6.855051883765988,79.09406243693371,9.096352210061035,1.9469967643408204,-0.032,-0.025,0.040607881008493905,10
0276264-0000015,10/12/2018 5:00:00 AM,31.814,-139.9744,9.797825,pieces/m3,High,-6.558423057226564,-2.3280349816406227,6.959357719883601,82.28494164755863,9.075370507092286,1.9591196713134766,-0.054,-0.089,0.10410091258005379,10
0276264-0000016,10/13/2018 5:00:00 AM,31.5187,-141.1961,27.418707,pieces/m3,Very High,-4.144663280117188,-1.029079657226561,4.270508008009036,146.81447107656248,10.195189950539552,1.7701407927319335,0.008,-0.1,0.10031948963187563,10
0276264-0000038,11/29/2019 6:00:00 AM,26.778283,-144.96205,3.938291,pieces/m3,High,-1.441078466173443,-0.4364819202257764,1.5057302588288461,35.09821607934792,10.462477682960154,1.7670447486001457,-0.11,-0.08600000000000001,0.1396280774056565,11
0276264-0000039,11/29/2019 6:00:00 AM,26.9289,-144.971633,3.922442,pieces/m3,High,-1.229115009856249,-0.1032556395406326,1.2334445405249772,34.6102882928406,10.52249894862998,1.7785123747020513,-0.11,-0.08600000000000001,0.1396280774056565,11
0276264-0000040,11/29/2019 6:00:00 AM,27.0518,-144.97595,5.743354,pieces/m3,High,-1.0240963378906374,0.18281514417970712,1.0402858675491375,34.23492672650854,10.567843420236812,1.7896727429296857,-0.065,-0.08700000000000001,0.10860018416190648,11
0276264-0000041,11/29/2019 6:00:00 AM,27.467767,-144.993,2.881826,pieces/m3,High,0.007675729156249039,1.1335289414765528,1.1335549294070555,33.16807516661155,10.699839297264159,1.8331237575791022,0.018000000000000002,-0.064,0.06648308055437865,11
0276264-0000042,11/29/2019 6:00:00 AM,27.488783,-144.98985,1.415723,pieces/m3,High,0.0716448009070424,1.1706407835992085,1.1728311138961052,33.0954344852546,10.707404783989555,1.8359340913589373,0.018000000000000002,-0.064,0.06648308055437865,11
0276264-0000043,11/29/2019 6:00:00 AM,27.508583,-144.98995,4.383276,pieces/m3,High,0.13225481254375931,1.2065656124984312,1.2137923680369305,33.04519924073077,10.713027362374367,1.8382535831418472,0.067,-0.02,0.06992138442565336,11
0276264-0000044,12/2/2019 6:00:00 AM,31.796167,-143.985,8.294706,pieces/m3,High,-4.449221332500007,-9.294854566953127,10.30484797978032,352.59797278531255,10.305392183208005,4.144056413518066,-0.138,-0.109,0.17585505395068973,12
0276264-0000045,12/2/2019 6:00:00 AM,31.789333,-143.9565,4.954054,pieces/m3,High,-4.433971261335939,-9.282956065015624,10.287534906446897,352.5006111128281,10.31292730342578,4.145759889561035,-0.138,-0.109,0.17585505395068973,12
0276264-0000046,12/2/2019 6:00:00 AM,31.787167,-143.935,15.04933,pieces/m3,Very High,-4.422955845781251,-9.277720148203127,10.27806545815431,352.43421414,10.317384150102539,4.146814362346191,-0.138,-0.109,0.17585505395068973,12
0276264-0000047,12/3/2019 6:00:00 AM,33.481667,-143.121667,3.187498,pieces/m3,High,-3.4974076591581262,-5.629740607990485,6.6276571763780145,1.7586662532016613,8.943141659571396,2.4909410936151812,-0.08600000000000001,-0.032,0.0917605579756357,12
0276264-0000048,12/3/2019 6:00:00 AM,33.489333,-143.100333,3.417758,pieces/m3,High,-3.4806768235331287,-5.6460092112873586,6.632686572108045,1.7117774960766685,8.941779326455185,2.4910846957201613,-0.08600000000000001,-0.032,0.0917605579756357,12
0276264-0000049,12/3/2019 6:00:00 AM,33.497667,-143.0765,1.582826,pieces/m3,High,-3.461578604140632,-5.66385320385937,6.637903249333501,1.6597815482225524,8.940279515151856,2.4912467571335446,-0.08600000000000001,-0.032,0.0917605579756357,12
0276264-0000050,12/3/2019 6:00:00 AM,33.663333,-141.171667,3.692509,pieces/m3,High,-1.9452069881076453,-6.792780510915783,7.06581186390213,358.3453871857641,8.780930701752391,2.547599227092828,-0.065,-0.08,0.10307764064044152,12
0276264-0000051,12/3/2019 6:00:00 AM,33.667,-141.145833,6.293365,pieces/m3,High,-1.9353052970937537,-6.818427373804678,7.087761172952154,358.315383396875,8.777423276802736,2.5489676968940422,-0.065,-0.08,0.10307764064044152,12
0276264-0000052,12/3/2019 6:00:00 AM,33.668833,-141.117333,7.704874,pieces/m3,High,-1.9246139678532979,-6.846730718670138,7.1120925513689235,358.28220269157964,8.773674959420463,2.550473752628362,-0.065,-0.08,0.10307764064044152,12
0276264-0000053,12/3/2019 6:00:00 AM,33.8919,-140.557933,27.723078,pieces/m3,Very High,-1.6947059633874964,-7.480009412273446,7.669587284205095,357.879232352225,8.675959683894236,2.5911566238073735,-0.063,-0.056,0.08429116205154608,12
0276264-0000054,12/3/2019 6:00:00 AM,33.8991,-140.526517,4.256084,pieces/m3,High,-1.6833473153875043,-7.5199514760234205,7.706057901804861,357.86182436322497,8.670694239941115,2.5936121185339345,-0.063,-0.056,0.08429116205154608,12
0276264-0000055,12/3/2019 6:00:00 AM,33.906133,-140.495767,7.252639,pieces/m3,High,-1.6746864971625928,-7.5580091828532785,7.741322733995347,357.8452153486092,8.66540948797433,2.5961231216339438,-0.068,-0.067,0.09546203433826456,12
0276264-0000056,12/4/2019 6:00:00 AM,34.413333,-139.261,42.069684,pieces/m3,Very High,-1.4946244296250037,-0.9838655271406298,1.789383570151346,346.1090026999062,9.90882885715088,2.3682360939487306,0.055,0.013000000000000001,0.05651548460377916,12
0276264-0000057,12/4/2019 6:00:00 AM,34.425,-139.233,15.664693,pieces/m3,Very High,-1.5006186523437506,-1.0208978027343707,1.8149624413165801,345.9971295898438,9.908470542907715,2.367681086730957,0.054,-0.003,0.054083269131959835,12
0276264-0000058,12/4/2019 6:00:00 AM,34.433383,-139.209667,14.472818,pieces/m3,Very High,-1.494749440805623,-1.060703270012964,1.832857691640275,345.91271355294475,9.907954862985491,2.367251187115944,0.054,-0.003,0.054083269131959835,12
0276264-0000074,6/18/2019 5:00:00 AM,26.48,-156.4,1.114427,pieces/m3,High,-7.325263793945309,2.435093261718753,7.719402104059232,117.64655432128907,7.3880512847900395,1.896089454650879,-0.007,0.129,0.12918978287774927,6
0276264-0000075,6/19/2019 5:00:00 AM,26.5,-155.28,0.94372,pieces/m3,Medium,-6.881299438476562,1.0631927490234365,6.962949144116583,109.74438903808594,7.266402854919434,1.637974395751953,-0.026000000000000002,-0.004,0.026305892875931814,6
0276264-0000076,6/20/2019 5:00:00 AM,26.24,-154.97,0.887413,pieces/m3,Medium,-6.375354516601564,-0.7481063720703125,6.419097160526873,104.8656306640625,7.400949214172363,1.581213624572754,0.017,0.084,0.08570297544426332,6
0276264-0000077,6/20/2019 5:00:00 AM,27.1,-154.37,0.465907,pieces/m3,Medium,-6.744785766601563,-0.20784387207031155,6.7479874119998335,104.73164941406253,7.328697456359864,1.5974397964477536,-0.075,0.392,0.3991102604544263,6
0276264-0000078,6/21/2019 5:00:00 AM,26.28,-154.08,0.934387,pieces/m3,Medium,-5.5341261718749974,-0.28352744140624814,5.541384330315141,87.30565769042971,7.696639126586911,1.5784414737701413,-0.179,0.463,0.49639701852448714,6
0276264-0000079,6/22/2019 5:00:00 AM,26.61,-153.31,0.63396,pieces/m3,Medium,-4.9701924072265635,2.8664348144531253,5.7375309245669,76.34798552246093,8.800388734436034,1.8039954298019407,0.017,0.168,0.16885792844874062,6
0276264-0000080,6/23/2019 5:00:00 AM,27.16,-152.72,0.654547,pieces/m3,Medium,-5.517716430664063,4.293920117187499,6.991633899311925,92.33274827880858,7.9961175521850585,1.8656085258483888,0.27,-0.145,0.3064718584144391,6
0276264-0000081,6/24/2019 5:00:00 AM,28.04,-152.1,0.17276,pieces/m3,Medium,-6.136835449218749,1.0133347167968698,6.219935415987346,96.78932708740231,7.740468139648437,1.6308877868652345,-0.202,0.095,0.22322410264126946,6
0276264-0000082,6/26/2019 5:00:00 AM,28.14,-152.5,0.607613,pieces/m3,Medium,-5.552421264648437,4.293262939453125,7.018652902616131,129.92375610351561,7.17477596282959,1.4652658653259278,-0.148,0.038,0.15280052355931245,6
0276264-0000083,6/27/2019 5:00:00 AM,27.91,-153.84,0.486787,pieces/m3,Medium,-2.9339153320312517,6.3313336914062495,6.9780832244581275,141.31537124023438,7.061422088623047,1.641304621887207,0.115,0.262,0.28612759391572146,6
0276264-0000084,6/30/2019 5:00:00 AM,27.95,-151.25,0.897587,pieces/m3,Medium,-6.768167114257813,0.887188720703125,6.826066943171871,117.35104675292968,7.554416847229004,1.611482882499695,-0.001,0.094,0.09400531899844816,6
0276264-0000085,7/2/2019 5:00:00 AM,28.42,-150.3,2.464707,pieces/m3,High,-3.223796508789053,1.1865329589843596,3.435218245299222,153.32179101562494,10.698290962219234,1.6425179920196524,-0.166,-0.018000000000000002,0.16697305171793442,7
0276264-0000086,7/3/2019 5:00:00 AM,29.02,-148.63,1.848387,pieces/m3,High,-4.502101513671878,2.443742626953125,5.122577092264632,162.90722778320313,10.752267491149903,1.5765892181396484,-0.026000000000000002,0.014,0.029529646120466803,7
0276264-0000087,7/4/2019 5:00:00 AM,28.83,-147.62,0.836267,pieces/m3,Medium,-2.5132561767578103,4.791085815429682,5.410264309700847,161.28171853027345,9.619741876220704,1.4669544586181638,0.073,0.153,0.1695228598154243,7
0276264-0000088,7/6/2019 5:00:00 AM,28.95,-146.06,3.223693,pieces/m3,High,-4.924982788085936,1.038405395507814,5.03326347694639,138.08218139648437,11.205663482666017,1.9840705718994143,-0.007,0.114,0.11421471008587292,7
0276264-0000089,7/7/2019 5:00:00 AM,29.37,-145.75,1.31768,pieces/m3,High,-6.175538940429686,1.2159454345703131,6.294108714076664,137.4948193359375,10.678762283325197,2.130953140258789,0.11900000000000001,-0.097,0.15352524222420233,7
0276264-0000090,7/8/2019 5:00:00 AM,30.03,-145.4,1.36212,pieces/m3,High,-2.3669855957031203,2.720780395507814,3.6062815712095624,145.27433825683596,10.634234336853028,1.9078035049438478,-0.097,0.017,0.09847842403288144,7
0276264-0000091,7/9/2019 5:00:00 AM,30.53,-145.04,26.854787,pieces/m3,Very High,4.487692822265623,1.4211669921874992,4.7073455881948645,177.8363610107422,10.329608473205566,1.898154191589355,-0.061,-0.114,0.12929423807734047,7
0276264-0000092,7/12/2019 5:00:00 AM,31.48,-145.04,22.4162,pieces/m3,Very High,-1.316500415039069,1.740083715820317,2.1819864071210624,237.59201333007817,9.405678266906737,1.418712614440918,0.059000000000000004,-0.018000000000000002,0.06168468205316455,7
0276264-0000093,7/13/2019 5:00:00 AM,31.62,-144.34,8.049147,pieces/m3,High,-0.10909230957031815,-1.2062098632812526,1.2111330918955043,220.92148811035156,9.358846520996094,1.251831912231445,0.007,-0.063,0.06338769596696192,7
0276264-0000094,7/14/2019 5:00:00 AM,31.89,-143.34,4.054387,pieces/m3,High,0.9270442871093795,6.487006420898437,6.552912590218161,189.69682463378905,8.882373562622067,1.3822177078247073,0.039,0.093,0.10084641788382967,7
0276264-0000095,7/15/2019 5:00:00 AM,32.08,-142.46,11.416893,pieces/m3,Very High,-0.9745626708984373,4.540926025390623,4.64432789191058,191.24967678222652,10.597075633239747,1.3082214590072636,0.111,0.022,0.1131591799192624,7
0276264-0000096,7/16/2019 5:00:00 AM,31.81,-141.13,51.0782,pieces/m3,Very High,-2.6995145751953156,-1.3522839355468799,3.019279845266103,200.52374682617187,13.145290156555177,1.5219473297119137,0.05,-0.1,0.1118033988749895,7
0276264-0000097,7/18/2019 5:00:00 AM,31.02,-141.19,4.486027,pieces/m3,High,-6.169621240234374,-4.76019208984375,7.792538416983399,73.70421981506347,7.411077149963379,1.4554950958251953,-0.177,-0.061,0.18721645226849054,7
0276264-0000098,7/21/2019 5:00:00 AM,33.51,-140.06,5.481173,pieces/m3,High,-4.323915673828128,-2.875529150390627,5.192775235760045,64.21891394042972,7.475307164001464,1.4412021535873416,-0.049,0.022,0.053712196007983146,7
0276264-0000099,7/25/2019 5:00:00 AM,33.94,-142.0,7.753387,pieces/m3,High,-2.6453314208984398,0.29685546874999913,2.661935667088771,176.86597412109373,10.605521278381348,1.0982121467590333,0.01,0.093,0.09353608929178085,7
0276264-0000100,7/27/2019 5:00:00 AM,33.77,-144.17,10.217707,pieces/m3,Very High,-2.446982104492197,-0.1525849365234313,2.451734810814359,187.1368053466797,10.243086543273927,1.5021128143310554,-0.051000000000000004,0.063,0.08105553651663779,7
0276264-0000101,7/29/2019 5:00:00 AM,33.82,-145.21,5.891707,pieces/m3,High,-3.921027148437501,-1.4475804443359341,4.179706095122927,160.24441069335936,8.537106535339355,1.138874772644043,-0.08700000000000001,-0.029,0.091706052144883,7
0276264-0000606,9/14/2015 5:00:00 AM,29.4135,-133.2597,3.584262,pieces/m3,High,-2.330596216406255,-7.429011939843745,7.786006494106466,30.06158189633795,6.934771334594727,1.7213029084472655,-0.016,-0.147,0.14786818454285558,9
0276264-0000105,8/4/2019 5:00:00 AM,31.66,-145.94,10.103907,pieces/m3,Very High,0.33148408203124924,3.394082788085937,3.410231615157731,147.11687060546876,11.07189185333252,1.6866780654907227,0.183,0.026000000000000002,0.18483776670366908,8
0276264-0000206,8/2/2015 5:00:00 AM,30.001983,-140.813,5.263433,pieces/m3,High,-3.476050489812492,-0.87622216452342,3.5847862264475094,60.22991160775582,8.342596963800295,1.542933712661743,-0.045,-0.13,0.13756816492197604,8
0276264-0000305,8/16/2015 5:00:00 AM,33.000318,-135.284,2.307641,pieces/m3,High,-5.668084235000002,-6.23637683614063,8.427311251959726,46.61466720907806,6.746275458191893,1.4799698969326176,-0.101,-0.006,0.10117806086301516,8
0276264-0000607,9/14/2015 5:00:00 AM,29.38735,-133.2961,2.831999,pieces/m3,High,-2.356986257890622,-7.3916898100781285,7.75838014461125,30.45156915852536,6.9390809120361325,1.7190610469726564,-0.016,-0.147,0.14786818454285558,9
0276264-0000505,8/19/2015 5:00:00 AM,29.63565,-135.8724,1.65324,pieces/m3,High,-4.869296908984374,-6.6389549555078124,8.233211723811463,42.79184398748046,8.750394467985839,2.428467277353516,-0.138,-0.014,0.13870832707519762,8
0276264-0000207,8/2/2015 5:00:00 AM,30.000933,-140.813,6.618049,pieces/m3,High,-3.476259160906242,-0.8739966731171714,3.5844452762463055,60.23558712025581,8.342802433624513,1.5429065398101802,-0.045,-0.13,0.13756816492197604,8
0276264-0000106,8/5/2019 5:00:00 AM,31.91,-145.09,2.800453,pieces/m3,High,-1.3776544189453062,3.467103198242188,3.7307822618454614,146.7795708984375,9.380806251525879,1.6105797103881838,0.053,0.014,0.05481788029466298,8
0276264-0000306,8/16/2015 5:00:00 AM,33.00241,-136.8805,5.964499,pieces/m3,High,-4.749445630390622,-5.192352966874994,7.036885897089147,63.71111353132828,7.088212948083498,1.3638992478710932,-0.10400000000000001,0.003,0.10404326023342407,8
0276264-0000307,8/16/2015 5:00:00 AM,33.003792,-136.879,3.461667,pieces/m3,High,-4.750005817062501,-5.192313138953135,7.037234612763238,63.694524198328004,7.088160307863768,1.3639234931904305,-0.10400000000000001,0.003,0.10404326023342407,8
0276264-0000506,8/19/2015 5:00:00 AM,29.6613,-135.91255,2.097955,pieces/m3,High,-4.881427046093751,-6.62556503863281,8.229607650884029,42.9203787693555,8.74988304715088,2.4270797402246096,-0.138,-0.014,0.13870832707519762,8
0276264-0000107,8/6/2019 5:00:00 AM,32.4,-144.56,5.70248,pieces/m3,High,-3.369271850585938,0.012026489257816337,3.369293314568303,158.71916381835936,9.242926795959473,1.3067943572998049,0.017,0.046,0.04904079934095691,8
0276264-0000208,8/2/2015 5:00:00 AM,29.981317,-139.834,19.315363,pieces/m3,Very High,-2.10181884045313,-0.2645066843203123,2.118397088398175,56.962926385693365,8.47732078656201,1.5021542771383058,-0.002,0.004,0.004472135954999579,8
0276264-0000406,8/10/2015 5:00:00 AM,32.4304,-149.0767,1.740337,pieces/m3,High,-0.9277799313281136,-4.4062197669140595,4.50283779802464,123.65118021380863,8.732636564150393,1.23188358022522,-0.027,0.019,0.03301514803843835,8
0276264-0000608,9/14/2015 5:00:00 AM,29.3311,-133.2188,2.8162,pieces/m3,High,-2.331376112499992,-7.360422127187501,7.72082433865238,30.36796852821282,6.944696798852539,1.7177752593261721,-0.011,-0.126,0.12647924730958832,9
0276264-0000209,8/2/2015 5:00:00 AM,29.981132,-139.8355,21.326015,pieces/m3,Very High,-2.104248837390619,-0.26398862297656234,2.120743540063445,56.96917984194336,8.477154657433108,1.502213199759399,-0.002,0.004,0.004472135954999579,8
0276264-0000108,8/7/2019 5:00:00 AM,32.72,-144.28,4.632787,pieces/m3,High,-3.2446250732421866,1.9178533203125,3.7690520325601167,159.21627863769532,9.311431341552735,1.12829970703125,0.053,0.089,0.10358571330062848,8
0276264-0000308,8/17/2015 5:00:00 AM,32.991073,-138.0,1.698375,pieces/m3,High,-5.39966682421875,-6.129608534179687,8.168751593411141,63.25139440722656,7.239833799560547,1.6573436764526366,-0.029,-0.042,0.05103920062069938,8
0276264-0000507,8/19/2015 5:00:00 AM,29.6857,-135.9594,1.559172,pieces/m3,High,-4.894052535546874,-6.609732256757815,8.224372968604813,43.06838314623043,8.749414394509277,2.4255009169238284,-0.138,-0.014,0.13870832707519762,8
0276264-0000609,9/14/2015 5:00:00 AM,29.3194,-133.18895,1.333847,pieces/m3,High,-2.317382917187503,-7.3558894412499995,7.712287148230782,30.269731287587916,6.945505837915039,1.7178386475097658,-0.011,-0.126,0.12647924730958832,9
0276264-0000407,8/10/2015 5:00:00 AM,32.42315,-148.99965,1.295791,pieces/m3,High,-0.8567346628515633,-4.39172380546875,4.474509164819343,123.82157519791069,8.739916815300292,1.2325804615570068,-0.024,0.005,0.024515301344262524,8
0276264-0000309,8/17/2015 5:00:00 AM,32.992298,-137.9975,1.166769,pieces/m3,High,-5.400761811249999,-6.132869312773434,8.171922304416169,63.24056322816408,7.239614419536133,1.6573462433227542,-0.029,-0.042,0.05103920062069938,8
0276264-0000610,9/14/2015 5:00:00 AM,29.29525,-133.14445,3.160259,pieces/m3,High,-2.3013851191406287,-7.345887320703122,7.697949986526856,30.16880629555668,6.947560389038086,1.717589167358398,-0.011,-0.126,0.12647924730958832,9
0276264-0000508,8/20/2015 5:00:00 AM,29.86825,-137.5749,1.695865,pieces/m3,High,-4.076447517578124,-3.3577551802734282,5.281282440300073,58.09675458374025,9.049296678503419,2.0019712733520505,0.005,0.053,0.05323532661682465,8
0276264-0000210,8/3/2015 5:00:00 AM,29.998385,-139.352,32.99717,pieces/m3,Very High,-0.21233840535156798,-2.1400190042578116,2.150527595026821,133.90839084902342,9.98906046003662,1.6832141046893312,-0.037,-0.036000000000000004,0.05162363799656122,8
0276264-0000109,8/8/2019 5:00:00 AM,32.85,-143.36,3.92704,pieces/m3,High,1.1621063232421818,1.822678344726567,2.161630739708945,148.95180468750004,9.494370803833005,1.0735931243896484,0.093,0.005,0.09313431161500041,8
0276264-0000310,8/17/2015 5:00:00 AM,32.997127,-139.5635,1.393483,pieces/m3,High,-6.12960643806251,-4.351956540242186,7.517419824227865,70.87306205641407,7.295299199290527,1.6366634644750977,-0.24,0.053,0.24578242410717654,8
0276264-0000611,9/14/2015 5:00:00 AM,29.26285,-133.09065,1.764996,pieces/m3,High,-2.2877736207031307,-7.3359559460156225,7.684410047717852,30.0695875099317,6.950402117749023,1.7171469651123044,-0.011,-0.126,0.12647924730958832,9
0276264-0000311,8/17/2015 5:00:00 AM,32.998717,-139.5615,0.855302,pieces/m3,Medium,-6.123354349124994,-4.35233880217969,7.512544278332536,70.87437228678904,7.295539896295409,1.636427625539551,-0.24,0.053,0.24578242410717654,8
0276264-0000408,8/10/2015 5:00:00 AM,32.40965,-148.92375,1.674705,pieces/m3,High,-0.7651413642578182,-4.3730353125,4.439468341104629,124.03979021170613,8.749386840270995,1.2329268050384519,-0.024,0.005,0.024515301344262524,8
0276264-0000110,8/9/2019 5:00:00 AM,32.78,-142.17,4.697453,pieces/m3,High,3.68125222167969,1.6089707763671737,4.017512274881713,174.90591437988286,8.1254014541626,1.0461851104736326,0.126,0.06,0.1395564401953561,8
0276264-0000211,8/3/2015 5:00:00 AM,29.9987,-139.356,31.209877,pieces/m3,Very High,-0.21733284550780574,-2.1401414791015623,2.1511483250365475,133.88842554589846,9.98915919564209,1.6833110090057373,-0.037,-0.036000000000000004,0.05162363799656122,8
0276264-0000111,8/11/2019 5:00:00 AM,34.83,-140.42,6.596453,pieces/m3,High,5.723363476562502,4.842257836914054,7.496956078569834,235.30879011230473,7.015249826049806,1.6152454706192008,0.178,-0.094,0.2012958022413781,8
0276264-0000612,9/15/2015 5:00:00 AM,29.2231,-133.03935,2.787855,pieces/m3,High,-2.8795276123046882,-6.704060107421867,7.296307367014525,13.590830141240293,7.406978639658204,1.7116838035107418,-0.023,-0.107,0.1094440496326776,9
0276264-0000509,8/20/2015 5:00:00 AM,29.87705,-137.6065,3.551559,pieces/m3,High,-4.082555939453125,-3.331684661523429,5.269476794008536,58.11778583374024,9.04919381697998,2.0016650998168943,0.005,0.053,0.05323532661682465,8
0276264-0000112,8/14/2019 5:00:00 AM,35.99,-139.83,7.831613,pieces/m3,High,3.4335435791015616,3.0409436279296935,4.5865629460235,231.7067716552734,8.879766644287105,1.4745220779418955,0.14100000000000001,0.004,0.1410567261778041,8
0276264-0000613,9/15/2015 5:00:00 AM,29.18025,-132.9814,1.692349,pieces/m3,High,-2.842903862304688,-6.732924526171872,7.308513873930433,13.241386948584017,7.394631543701173,1.7106960501098631,-0.043000000000000003,-0.083,0.09347726996441436,9
0276264-0000212,8/3/2015 5:00:00 AM,30.000585,-138.7765,7.799283,pieces/m3,High,0.4777899091406251,-1.8974042260937511,1.9566363981269064,136.94268728207032,9.979312050292968,1.6673645511834718,-0.055,-0.061,0.08213403679352428,8
0276264-0000409,8/11/2015 5:00:00 AM,32.1257,-148.25085,0.662175,pieces/m3,Medium,-6.529164614804689,-2.869747017929684,7.13200101753596,79.87682756728518,7.1264101985668935,1.510888125097046,-0.043000000000000003,0.023,0.04876474136094644,8
0276264-0000312,8/18/2015 5:00:00 AM,33.783275,-138.32,2.645503,pieces/m3,High,-7.9636914375,-5.795632957031255,9.849352399236086,55.35604297509763,7.805353244628906,2.467008230041505,-0.23900000000000002,-0.019,0.2397540406333124,8
0276264-0000614,9/15/2015 5:00:00 AM,28.6582,-132.39195,1.610358,pieces/m3,High,-2.770167347460934,-6.886828260078128,7.423087674057844,9.915409196709016,7.300964495107422,1.679975473981934,-0.106,0.009000000000000001,0.10638138934982941,9
0276264-0000213,8/3/2015 5:00:00 AM,30.000377,-138.7795,9.972925,pieces/m3,High,0.4748865088437358,-1.8991810713593857,1.9576531710421987,136.92560282385148,9.97934361335449,1.6674539979842533,-0.055,-0.061,0.08213403679352428,8
0276264-0000510,8/20/2015 5:00:00 AM,29.8842,-137.6358,5.915841,pieces/m3,High,-4.0875740699218746,-3.3080365743359454,5.258456784479832,58.137649114990225,9.049175913044433,2.0013880435620117,0.005,0.053,0.05323532661682465,8
0276264-0000214,8/3/2015 5:00:00 AM,29.987383,-138.2375,5.571537,pieces/m3,High,0.923881781835929,-1.2737153966797023,1.5735019728450494,140.3221566810546,9.984152534484863,1.6516385835662843,-0.048,-0.02,0.052000000000000005,8
0276264-0000410,8/11/2015 5:00:00 AM,32.1176,-148.19875,0.322387,pieces/m3,Medium,-6.529220006835939,-2.8906079287109367,7.140471139581283,79.84242726806642,7.13180347064209,1.5106762237396236,-0.035,0.032,0.047423622805517505,8
0276264-0000113,8/15/2019 5:00:00 AM,37.29,-141.1,6.183973,pieces/m3,High,2.4165780029296804,5.700476562499995,6.191549263621776,226.61659863281253,8.799370796203615,1.6141889953613275,0.124,-0.02,0.12560254774486065,8
0276264-0000215,8/3/2015 5:00:00 AM,29.987158,-138.2435,6.679233,pieces/m3,High,0.9186015265546784,-1.2811623783828276,1.5764535528749744,140.28206653571084,9.984023957312012,1.6518316470018313,-0.048,-0.02,0.052000000000000005,8
0276264-0000313,8/18/2015 5:00:00 AM,33.782002,-138.3215,3.615134,pieces/m3,High,-7.96376802354687,-5.794424014031256,9.848703000255908,55.36275906875387,7.805367425351564,2.4668573821079107,-0.23900000000000002,-0.019,0.2397540406333124,8
0276264-0000511,8/21/2015 5:00:00 AM,30.02665,-139.0718,5.938225,pieces/m3,High,-2.6983639030859377,-3.654701755507814,4.542907953633781,54.732302331337884,9.244867961867675,1.9602782730615231,-0.111,-0.062,0.1271416532848303,8
0276264-0000615,9/15/2015 5:00:00 AM,28.63415,-132.3716,0.963329,pieces/m3,Medium,-2.757359132617189,-6.878860743671876,7.4109213001527285,9.79986970139649,7.300184620742187,1.677326251398926,-0.106,0.009000000000000001,0.10638138934982941,9
0276264-0000411,8/11/2015 5:00:00 AM,32.109,-148.10945,0.382203,pieces/m3,Medium,-6.530914299023438,-2.9220205677734334,7.154791805474132,79.80126935400392,7.140943750476073,1.5099781681732178,-0.035,0.032,0.047423622805517505,8
0276264-0000114,8/16/2019 5:00:00 AM,37.25,-140.9,10.22576,pieces/m3,Very High,2.5241699218749964,0.7665649414062562,2.6380021993720177,233.93628845214843,10.160940933227536,1.568987083435059,0.035,-0.053,0.06351377803280167,8
0276264-0000314,8/8/2015 5:00:00 AM,34.8996,-153.56815,3.570596,pieces/m3,High,-3.794246426484375,-2.2198417519531235,4.395907568250698,139.19339938511717,8.939373299855959,1.4866589052416996,-0.051000000000000004,-0.08600000000000001,0.09998499887483123,8
0276264-0000216,8/3/2015 5:00:00 AM,29.999692,-137.7505,3.444226,pieces/m3,High,1.260232184992193,-0.7616854540078029,1.4725317962398197,143.7330938778985,9.996502688645997,1.6360096053553463,-0.014,0.014,0.019798989873223333,8
0276264-0000512,8/21/2015 5:00:00 AM,30.02395,-139.11535,4.833991,pieces/m3,High,-2.6948669312109366,-3.644910448085936,4.53295488081453,54.784261680166026,9.24613314553467,1.9603275715966795,-0.111,-0.062,0.1271416532848303,8
0276264-0000616,9/15/2015 5:00:00 AM,28.61695,-132.34115,0.788452,pieces/m3,Medium,-2.7547450015624997,-6.867991042226562,7.399859524324625,9.661045630380855,7.299820956291504,1.6751803473840332,-0.106,0.009000000000000001,0.10638138934982941,9
0276264-0000115,8/18/2019 5:00:00 AM,37.36,-136.42,13.405547,pieces/m3,Very High,-0.6185244873047022,-7.860317993164063,7.884616128579391,1.9650969833374259,7.716968420410156,1.8168696243286135,-0.041,-0.011,0.04244997055358225,8
0276264-0000412,8/11/2015 5:00:00 AM,31.65705,-146.9711,0.377715,pieces/m3,Medium,-6.56294507878906,-4.040457421523435,7.70698023108567,75.59244802197269,7.155152907590334,1.540385637875366,-0.016,-0.075,0.07668767828015137,8
0276264-0000217,8/3/2015 5:00:00 AM,29.998968,-137.752,3.457382,pieces/m3,High,1.2587669206171843,-0.7632777744765699,1.4721029588483185,143.72115722039837,9.996434818470217,1.6360729498182378,-0.014,0.014,0.019798989873223333,8
0276264-0000315,8/8/2015 5:00:00 AM,34.9259,-153.49335,2.58064,pieces/m3,High,-3.7856168918749993,-2.264080845000005,4.411004117516245,139.26640603558593,8.928920996726074,1.48161625920166,-0.043000000000000003,-0.049,0.0651920240520265,8
0276264-0000513,8/21/2015 5:00:00 AM,30.0181,-139.15245,5.194461,pieces/m3,High,-2.686489676523438,-3.6343070172265657,4.519448448376114,54.848470952431626,9.247756286330567,1.9601412447412105,-0.111,-0.062,0.1271416532848303,8
0276264-0000617,9/15/2015 5:00:00 AM,28.58695,-132.28805,1.189007,pieces/m3,High,-2.7480267980468773,-6.849936580742187,7.380601766995273,9.415108933662108,7.2994337921850585,1.671304233323975,-0.106,0.009000000000000001,0.10638138934982941,9
0276264-0000316,8/8/2015 5:00:00 AM,34.93835,-153.4273,2.290006,pieces/m3,High,-3.7758605626562503,-2.3029958517187485,4.422772081133793,139.29738705339844,8.919770072321779,1.477776670148926,-0.043000000000000003,-0.049,0.0651920240520265,8
0276264-0000116,8/19/2019 5:00:00 AM,36.82,-135.8,10.560453,pieces/m3,Very High,-2.5980727539062416,-2.925192016601555,3.912381674706525,38.8747154235841,8.705574722290041,1.6988968582153312,-0.045,0.048,0.06579513659838392,8
0276264-0000514,8/22/2015 5:00:00 AM,28.96625,-140.07585,1.549515,pieces/m3,High,-1.0041491074218742,-3.7872522705078113,3.9181111763709207,53.79266453393556,9.080681333251954,1.8907136528320314,-0.091,-0.05,0.10383159442096611,8
0276264-0000413,8/11/2015 5:00:00 AM,31.63865,-146.8989,0.221785,pieces/m3,Medium,-6.595808474570314,-4.0674249815234385,7.749105458924566,75.34823527978514,7.149777600471191,1.5431046388031007,-0.016,-0.075,0.07668767828015137,8
0276264-0000218,8/4/2015 5:00:00 AM,30.00065,-137.304,3.170803,pieces/m3,High,-2.4343985582031276,-2.814439131054688,3.721204638634287,128.78302348904415,8.747754880285644,1.3618393177124026,-0.019,0.056,0.05913543776789008,8
0276264-0000618,9/15/2015 5:00:00 AM,28.56225,-132.25355,1.471346,pieces/m3,High,-2.7367781308593777,-6.838874290429684,7.366149339909575,9.241787388037071,7.299222944079589,1.6681396376892086,-0.106,0.009000000000000001,0.10638138934982941,9
0276264-0000117,8/23/2019 5:00:00 AM,37.11,-132.06,0.124107,pieces/m3,Medium,-1.2071208496093762,-3.451641308593744,3.6566334884361047,287.9248063476562,10.128466069030763,1.9011957641601562,-0.097,0.026000000000000002,0.10042410069301094,8
0276264-0000619,9/15/2015 5:00:00 AM,28.5389,-132.2181,2.0441,pieces/m3,High,-2.729411206054693,-6.832777915546873,7.3577537044210715,9.065340371708961,7.29922407772461,1.665013702302246,-0.078,-0.014,0.0792464510246358,9
0276264-0000317,8/9/2015 5:00:00 AM,34.99005,-152.9525,2.738058,pieces/m3,High,-1.663903057617191,-4.388565792968752,4.69340847405841,132.18147972506713,8.119421926086426,1.155933275878906,-0.08,0.014,0.08121576201698781,8
0276264-0000620,9/15/2015 5:00:00 AM,28.51325,-132.18175,0.682223,pieces/m3,Medium,-2.7204080810546896,-6.828697800781248,7.350628121586775,8.878015191162087,7.299365028747559,1.6615283621520995,-0.078,-0.014,0.0792464510246358,9
0276264-0000515,8/22/2015 5:00:00 AM,28.9324,-140.11825,2.213893,pieces/m3,High,-0.9832555437499977,-3.768922006835941,3.8950692622760075,53.93787570502926,9.087200811657713,1.889486295739746,-0.091,-0.05,0.10383159442096611,8
0276264-0000414,8/11/2015 5:00:00 AM,31.6107,-146.8262,0.170545,pieces/m3,Medium,-6.630345040273438,-4.089525986835937,7.7901025763519325,75.05828181494142,7.144038152849122,1.5461088136810306,-0.016,-0.075,0.07668767828015137,8
0276264-0000219,8/4/2015 5:00:00 AM,30.000033,-137.3055,3.184928,pieces/m3,High,-2.434882569906243,-2.81366068485156,3.720932622167805,128.77555612178722,8.74744721264551,1.3618941476816404,-0.019,0.056,0.05913543776789008,8
0276264-0000318,8/9/2015 5:00:00 AM,35.00015,-152.8868,1.993602,pieces/m3,High,-1.609781820664065,-4.400398525624998,4.685606118151969,132.51309133105468,8.132170485754395,1.1531232769970698,-0.10200000000000001,0.049,0.11315917991926241,8
0276264-0000621,9/15/2015 5:00:00 AM,28.48845,-132.1473,3.494777,pieces/m3,High,-2.7112835628515626,-6.8215568478125,7.340619618678431,8.706920892845302,7.301975303994141,1.6578110752001955,-0.138,0.03,0.14122322755127786,9
0276264-0000516,8/22/2015 5:00:00 AM,28.90445,-140.1662,1.655169,pieces/m3,High,-0.9762069631250019,-3.751893655273437,3.876813902592542,54.09213903565431,9.093106876511232,1.8884834705151368,-0.091,-0.05,0.10383159442096611,8
0276264-0000415,8/12/2015 5:00:00 AM,31.24935,-146.28115,0.707951,pieces/m3,Medium,-5.768405567421873,-1.66304881089844,6.003351908533629,103.06119155683592,7.607736176625977,1.3806656902951049,-0.021,0.003,0.021213203435596427,8
0276264-0000319,8/9/2015 5:00:00 AM,35.0319,-152.8238,1.309742,pieces/m3,High,-1.5052088534765642,-4.451007797499999,4.698630024378385,132.95731289355467,8.140492142004394,1.1505417254345705,-0.10200000000000001,0.049,0.11315917991926241,8
0276264-0000622,9/15/2015 5:00:00 AM,28.4553,-132.1118,2.274526,pieces/m3,High,-2.691110395742194,-6.804474354921873,7.317304586311899,8.527454859549097,7.309069192246094,1.6525496227856444,-0.138,0.03,0.14122322755127786,9
0276264-0000220,8/4/2015 5:00:00 AM,30.003082,-136.6595,3.357755,pieces/m3,High,-1.7843097280781322,-2.589438911570316,3.1446709020927326,133.12378045926735,8.890344571879393,1.334104091838379,-0.01,-0.011,0.014866068747318505,8
0276264-0000416,8/12/2015 5:00:00 AM,31.2437,-146.2043,1.064675,pieces/m3,High,-5.720839371914055,-1.7199652646875072,5.9737997648878025,103.1512640076172,7.6241729008032255,1.3769787847140496,-0.034,0.043000000000000003,0.05481788029466299,8
0276264-0000517,8/23/2015 5:00:00 AM,28.1809,-141.37395,2.047425,pieces/m3,High,-4.109452498632811,-5.2173812021093715,6.641435571218295,62.73010348345709,7.887246138930666,1.7304924142773435,-0.02,0.018000000000000002,0.02690724809414742,8
0276264-0000623,9/16/2015 5:00:00 AM,28.41905,-132.0774,2.02287,pieces/m3,High,-4.98870869371094,-3.938452214921867,6.3559908967784144,20.64721844945318,9.198425340229495,1.8885122783764647,-0.128,0.057,0.14011780757633913,9
0276264-0000221,8/4/2015 5:00:00 AM,30.003118,-136.662,3.956987,pieces/m3,High,-1.7871181939531333,-2.591214084367193,3.1477264605078408,133.10670678427425,8.889785708379392,1.3342100081616213,-0.01,-0.011,0.014866068747318505,8
0276264-0000417,8/12/2015 5:00:00 AM,30.5344,-144.9059,1.336759,pieces/m3,High,-5.556740016601564,-2.7576705826562486,6.203394768556069,101.1191549094922,7.723113351125488,1.374096377194519,-0.094,0.032,0.09929753269845128,8
0276264-0000418,8/12/2015 5:00:00 AM,30.5126,-144.822,1.377096,pieces/m3,High,-5.5131262353515655,-2.8221918601562477,6.193490759051304,101.0180565794922,7.7326949044067375,1.3725782939132691,-0.094,0.032,0.09929753269845128,8
0276264-0000518,8/23/2015 5:00:00 AM,28.1733,-141.4267,6.958142,pieces/m3,High,-4.098171955273435,-5.19958896085937,6.620478739251438,63.041345415644614,7.8994718912646515,1.7292020452294918,-0.02,0.018000000000000002,0.02690724809414742,8
0276264-0000222,8/4/2015 5:00:00 AM,29.999073,-136.0735,5.222847,pieces/m3,High,-1.0533084627812412,-2.1287986464140567,2.3751299742837024,137.0435204710313,9.01155954985254,1.3116812722514648,-0.026000000000000002,-0.065,0.07000714249274856,8
0276264-0000419,8/12/2015 5:00:00 AM,30.4886,-144.7408,1.674043,pieces/m3,High,-5.472776316601567,-2.879344095156246,6.184003802542989,100.9002913294922,7.741750369406738,1.3713670053976443,-0.011,0.066,0.06691038783328042,8
0276264-0000320,8/9/2015 5:00:00 AM,36.0062,-150.3978,1.686723,pieces/m3,High,1.7579931396484458,-5.5007212287499945,5.77481375591212,144.19193362917974,7.697847531340332,1.1587280984423824,0.038,0.067,0.07702596964660685,8
0276264-0000420,8/13/2015 5:00:00 AM,30.18265,-144.06055,3.894233,pieces/m3,High,-4.434589286914061,-3.4695411069921875,5.630568145109473,111.22668324562505,8.299693329521485,1.2557633046429442,-0.005,-0.064,0.06419501538281613,8
0276264-0000624,9/16/2015 5:00:00 AM,28.0647,-131.50285,3.891236,pieces/m3,High,-5.117470041757813,-4.144500627265626,6.585239940783774,18.12953331773435,9.009101494770507,1.8952418834399416,-0.045,0.138,0.14515164484083534,9
0276264-0000321,8/9/2015 5:00:00 AM,36.0311,-150.3133,1.707602,pieces/m3,High,1.8579099365234417,-5.4855473651562505,5.791637007583022,145.5759289816798,7.679037228078611,1.1607584119287113,0.038,0.067,0.07702596964660685,8
0276264-0000519,8/23/2015 5:00:00 AM,28.15865,-141.4475,3.3992,pieces/m3,High,-4.091619145507815,-5.195093240234379,6.612892030467082,63.08408107470698,7.902939275024411,1.729091243652344,-0.02,0.018000000000000002,0.02690724809414742,8
0276264-0000223,8/4/2015 5:00:00 AM,29.998983,-136.076,4.653116,pieces/m3,High,-1.0569351316093623,-2.131176614460929,2.3788706636669525,137.02752347235943,9.01106612839502,1.311770572524902,-0.026000000000000002,-0.065,0.07000714249274856,8
0276264-0000421,8/13/2015 5:00:00 AM,30.152309,-144.034902,3.881957,pieces/m3,High,-4.35311231528937,-3.4507981496514675,5.55496126891646,112.34123208764453,8.322770796535464,1.2532319342751688,-0.005,-0.064,0.06419501538281613,8
0276264-0000625,9/16/2015 5:00:00 AM,28.0462,-131.4639,0.843368,pieces/m3,Medium,-5.124137513398437,-4.153798274140627,6.596273596392949,17.94738021278532,8.998017219682618,1.8955583979663087,0.004,0.14400000000000002,0.14405554484295285,9
0276264-0000224,8/4/2015 5:00:00 AM,30.017658,-135.4865,19.230017,pieces/m3,Very High,-0.15478701571876075,-1.5896120507734441,1.5971303929858935,140.79188002289058,9.111825121598143,1.2941363948647462,0.006,0.047,0.04738143096192853,8
0276264-0000322,8/9/2015 5:00:00 AM,36.0488,-150.23055,1.271783,pieces/m3,High,1.9435833577734412,-5.463434864374997,5.798847884354454,146.94832427667976,7.665411351691894,1.1619575166455078,0.028,0.089,0.09330058949438637,8
0276264-0000422,8/13/2015 5:00:00 AM,30.15125,-144.0028,3.658557,pieces/m3,High,-4.343948354492191,-3.447846589843751,5.545947476634863,112.37256712499997,8.326391307617186,1.2532607943573,-0.005,-0.064,0.06419501538281613,8
0276264-0000626,9/16/2015 5:00:00 AM,28.0315,-131.4227,0.64902,pieces/m3,Medium,-5.127593076367186,-4.16656740742188,6.607003459768959,17.752836370140038,8.987011784350585,1.8958815673706053,0.004,0.14400000000000002,0.14405554484295285,9
0276264-0000627,9/16/2015 5:00:00 AM,28.00345,-131.3996,1.481866,pieces/m3,High,-5.139839433085935,-4.164880029765628,6.615449724716052,17.647504296392786,8.978442217377928,1.8960257003491212,0.004,0.14400000000000002,0.14405554484295285,9
0276264-0000323,8/10/2015 5:00:00 AM,36.4749,-148.93995,2.791323,pieces/m3,High,-6.2126962750781285,-5.1876982420703115,8.093812949231596,47.920713337402375,6.6491781012304685,1.489986464746704,-0.09,-0.048,0.102,8
0276264-0000520,8/24/2015 5:00:00 AM,27.6269,-142.9212,0.546338,pieces/m3,Medium,-5.366319467617187,-2.9083743730078133,6.103771467060001,86.37946482164062,8.17888810914795,1.5464507892504882,0.008,-0.106,0.1063014581273465,8
0276264-0000225,8/4/2015 5:00:00 AM,30.017632,-135.489,19.124298,pieces/m3,Very High,-0.15802062639062822,-1.5913305830546882,1.5991571351590375,140.77217584898435,9.111451007410645,1.2941998588999022,0.006,0.047,0.04738143096192853,8
0276264-0000521,8/24/2015 5:00:00 AM,27.6211,-142.9629,2.094789,pieces/m3,High,-5.363125339179686,-2.87723076863282,6.086178628640358,86.76276812820305,8.1918388933374,1.5462949473168945,0.008,-0.106,0.1063014581273465,8
0276264-0000423,8/6/2015 5:00:00 AM,36.444417,-148.479083,2.734936,pieces/m3,High,-5.806529537861937,0.4192372813541431,5.821644541891953,124.2518831734273,8.205912966528663,1.5048282119791092,-0.109,-0.01,0.10945775440780794,8
0276264-0000628,9/16/2015 5:00:00 AM,27.9848,-131.3751,2.011274,pieces/m3,High,-5.142136290585938,-4.170287443203123,6.62063916777667,17.529085795287795,8.970839462299805,1.8960464196655273,-0.064,0.163,0.17511424842085238,9
0276264-0000226,8/5/2015 5:00:00 AM,30.004407,-134.899,11.384704,pieces/m3,Very High,-0.483097519624999,-2.6520715198359373,2.695712625595081,156.99373209484372,9.151294835980957,1.1481352454648437,0.042,0.109,0.11681181447096864,8
0276264-0000324,8/10/2015 5:00:00 AM,36.41775,-148.8748,4.773962,pieces/m3,High,-6.255540817578126,-5.11887865253906,8.082988901378382,48.018329138183596,6.668976828759767,1.4881446003814698,-0.09,-0.048,0.102,8
0276264-0000522,8/26/2015 5:00:00 AM,27.4379,-145.51005,2.595526,pieces/m3,High,-3.333855280781257,-0.6958530958203148,3.405701479013654,265.83061229664054,9.844440313991699,1.345417009091797,0.11800000000000001,0.022,0.12003332870498927,8
0276264-0000629,9/16/2015 5:00:00 AM,27.97005,-131.3522,4.643193,pieces/m3,High,-5.142877746992189,-4.17650091882812,6.625130296490748,17.416878128484548,8.964116153334963,1.8960546745971678,-0.064,0.163,0.17511424842085238,9
0276264-0000424,8/6/2015 5:00:00 AM,36.437702,-148.409409,2.116106,pieces/m3,High,-5.786311599645815,0.35489596303547866,5.79718492656346,124.00850454889923,8.204234364058765,1.5046018845750038,-0.109,-0.01,0.10945775440780794,8
0276264-0000325,8/10/2015 5:00:00 AM,36.41115,-148.81945,3.531028,pieces/m3,High,-6.254028096171874,-5.106346920585936,8.073886691122478,47.93523526123046,6.677859011362307,1.4871704923101807,-0.09,-0.048,0.102,8
0276264-0000227,8/5/2015 5:00:00 AM,30.004165,-134.9015,5.345399,pieces/m3,High,-0.48225258820312505,-2.6525339560937495,2.696016310606998,156.95241626015624,9.150725406435548,1.148181083515625,0.042,0.109,0.11681181447096864,8
0276264-0000630,9/16/2015 5:00:00 AM,27.94605,-131.32885,1.4459,pieces/m3,High,-5.146115916562499,-4.17968848617188,6.629653450078343,17.3010784453541,8.956249295917967,1.8959560623046876,-0.064,0.163,0.17511424842085238,9
0276264-0000523,8/26/2015 5:00:00 AM,27.4258,-145.54195,2.373976,pieces/m3,High,-3.3636689614843904,-0.7122703362890666,3.438255068259308,265.20898158914036,9.843968205646974,1.345692364067383,0.11800000000000001,0.022,0.12003332870498927,8
0276264-0000425,8/7/2015 5:00:00 AM,36.698,-145.17075,7.350979,pieces/m3,High,-3.475256416015625,0.7096392607421832,3.546969838812346,133.90011316503907,8.821282993896485,1.3004029786376952,-0.012,-0.068,0.06905070600652828,8
0276264-0000228,8/5/2015 5:00:00 AM,30.002515,-134.28,9.884611,pieces/m3,High,-0.8214333000000008,-2.5288579900390635,2.65892372965704,167.8483002117187,9.30394661956787,1.136135220703125,0.028,-0.031,0.041773197148410844,8
0276264-0000631,9/16/2015 5:00:00 AM,27.9184,-131.28925,1.125328,pieces/m3,High,-5.148804309960939,-4.18910662851562,6.637680330307106,17.10307855779195,8.944602040698244,1.8958999296264647,-0.064,0.163,0.17511424842085238,9
0276264-0000524,8/26/2015 5:00:00 AM,27.4173,-145.571,4.624389,pieces/m3,High,-3.392013506640623,-0.7247840916015614,3.4685829395692873,264.6548243753906,9.843836661535644,1.3460813518310546,0.11800000000000001,0.022,0.12003332870498927,8
0276264-0000426,8/7/2015 5:00:00 AM,36.697833,-145.119667,7.903851,pieces/m3,High,-3.487216776827264,0.589786706021514,3.536739912290023,133.96746623806342,8.83075693928972,1.297378496246095,-0.012,-0.068,0.06905070600652828,8
0276264-0000229,8/5/2015 5:00:00 AM,30.002482,-134.2835,11.344484,pieces/m3,Very High,-0.8195340381562474,-2.5299711696171885,2.6593965779459916,167.78229509871866,9.30299987347412,1.1362014494482424,0.028,-0.031,0.041773197148410844,8
0276264-0000326,8/11/2015 5:00:00 AM,36.51035,-148.4062,1.96634,pieces/m3,High,-5.077201277617202,-2.5032297933984378,5.660753678795372,74.35604574294017,7.551050189724117,1.2210597164642338,-0.123,-0.026000000000000002,0.1257179382586272,8
0276264-0000632,9/17/2015 5:00:00 AM,27.8938,-131.25535,1.977825,pieces/m3,High,-5.0906318731250035,-3.9844382784765653,6.464540297860744,35.04845812083003,8.5205364245874,1.5873831574414061,-0.064,0.17,0.18164801127455266,9
0276264-0000525,8/26/2015 5:00:00 AM,28.249665,-148.92908,1.558805,pieces/m3,High,-3.450006979859378,3.6067424145015616,4.991105990223308,209.21014288378439,9.669492458931934,1.5146673973791016,0.029,0.013000000000000001,0.03178049716414141,8
0276264-0000427,8/7/2015 5:00:00 AM,36.697583,-145.066667,9.861525,pieces/m3,High,-3.499713988995234,0.4654684959668328,3.5305323855626303,134.0364624452978,8.840560369129564,1.294247180507326,-0.012,-0.068,0.06905070600652828,8
0276264-0000327,8/11/2015 5:00:00 AM,36.56795,-148.4156,1.597692,pieces/m3,High,-5.142462436210951,-2.5628215387109385,5.745691790126005,73.22673311868252,7.518686490212399,1.2281008666107185,-0.123,-0.026000000000000002,0.1257179382586272,8
0276264-0000230,8/6/2015 5:00:00 AM,30.999985,-134.25,21.222074,pieces/m3,Very High,-3.0345560009765618,-4.601298588867188,5.511848948127483,17.010664483795164,8.882882188720703,1.2092725106811524,-0.029,-0.037,0.04701063709417263,8
0276264-0000633,9/17/2015 5:00:00 AM,27.8666,-131.2242,3.481081,pieces/m3,High,-5.1216315889062525,-4.0129226439453145,6.506508916367628,34.972706773017556,8.49105137670654,1.590419941386719,-0.076,0.117,0.13951702405083044,9
0276264-0000526,9/4/2015 5:00:00 AM,40.30275,-130.0122,0.239722,pieces/m3,Medium,1.8996962986328154,-6.412650162890623,6.68811843037041,313.21642661406247,9.107821658166504,2.2219128577636718,0.041,-0.166,0.17098830369355678,9
0276264-0000428,8/8/2015 5:00:00 AM,36.630917,-144.388917,5.533933,pieces/m3,High,0.06454431835936827,-0.3778619245572812,0.38333484457143724,159.01088675311712,10.015852799212729,1.0939119962067607,0.038,-0.17300000000000001,0.17712425017484196,8
0276264-0000328,8/11/2015 5:00:00 AM,37.62775,-147.2708,1.996085,pieces/m3,High,-4.7020237443359445,-4.697784261523431,6.64666865881821,48.26244876899423,7.203063196130371,1.3064405641693115,-0.15,-0.059000000000000004,0.16118622769951532,8
0276264-0000634,9/17/2015 5:00:00 AM,27.57085,-130.8578,1.316889,pieces/m3,High,-5.322386267343749,-4.319723573789063,6.854765301070364,33.88568270489256,8.185983995280761,1.6214048442871092,-0.17500000000000002,0.034,0.17827226368675528,9
0276264-0000527,9/4/2015 5:00:00 AM,40.2589,-130.0129,0.271092,pieces/m3,Medium,1.8525522026953087,-6.422475791953125,6.68432083026654,313.38849658218754,9.111339059221192,2.2228306362011723,0.041,-0.166,0.17098830369355678,9
0276264-0000429,8/8/2015 5:00:00 AM,36.626667,-144.324167,9.419626,pieces/m3,High,0.07114295117187201,-0.4822760852213482,0.48749517113287644,159.01247292621088,10.026717786993004,1.0930768086105693,0.038,-0.17300000000000001,0.17712425017484196,8
0276264-0000329,8/11/2015 5:00:00 AM,37.6258,-147.19425,1.18797,pieces/m3,High,-4.638047288867199,-4.749735600585927,6.638634718768741,47.63585499868176,7.210589468249511,1.3054936829193113,-0.155,-0.04,0.16007810593582122,8
0276264-0000231,8/6/2015 5:00:00 AM,31.000025,-134.25,15.248259,pieces/m3,Very High,-3.0345601806640623,-4.601308666992187,5.511859662492263,17.01083534317017,8.882861456298828,1.2092748458862304,-0.016,-0.034,0.03757658845611187,8
0276264-0000528,9/4/2015 5:00:00 AM,39.51115,-130.0977,0.246531,pieces/m3,Medium,1.2170196787109353,-6.748223704374997,6.857088307923289,316.6724037751563,9.122729985451661,2.242888441474609,-0.015,-0.126,0.1268897158953396,9
0276264-0000635,9/17/2015 5:00:00 AM,27.54155,-130.8354,0.788529,pieces/m3,Medium,-5.329203646718747,-4.348204826601563,6.87803000300824,33.89403691864251,8.161716434772949,1.624575707470703,-0.17500000000000002,0.034,0.17827226368675528,9
0276264-0000430,8/7/2015 5:00:00 AM,36.361258,-153.74045,9.583724,pieces/m3,High,-2.6672662745406273,-0.11165539375781153,2.6696022749198143,141.05132744194532,9.30428218486836,1.6083796735297855,0.018000000000000002,0.062,0.0645600495662759,8
0276264-0000232,8/6/2015 5:00:00 AM,30.99691,-134.8375,6.491765,pieces/m3,High,-3.344058270507815,-4.374672288085936,5.506403848674628,28.85942126882087,8.803902466308593,1.2270029783325196,-0.046,0.03,0.05491812087098392,8
0276264-0000330,8/12/2015 5:00:00 AM,37.6226,-147.114,1.00869,pieces/m3,High,-4.776376279101563,-5.611304597656245,7.368887951871857,47.85217097949226,6.98878958956299,1.3694341251632687,-0.17200000000000001,-0.028,0.17426416728633573,8
0276264-0000529,9/4/2015 5:00:00 AM,39.17995,-130.09495,0.160215,pieces/m3,Medium,1.0614030318749887,-6.981536532109374,7.061758190794357,318.10808249906256,9.115652372175294,2.2573289782128905,-0.191,-0.106,0.21844221203787512,9
0276264-0000636,9/17/2015 5:00:00 AM,27.5019,-130.80875,0.718984,pieces/m3,Medium,-5.3373328046875015,-4.386232252929687,6.908411890198353,33.93464705395511,8.130037538513184,1.6289038946533205,-0.17500000000000002,0.034,0.17827226368675528,9
0276264-0000431,8/7/2015 5:00:00 AM,36.387908,-153.6577,5.317466,pieces/m3,High,-2.620351704665622,-0.10315814282030966,2.6223814860874395,141.0317559124141,9.297020710626173,1.6044699635419923,0.018000000000000002,0.062,0.0645600495662759,8
0276264-0000331,8/13/2015 5:00:00 AM,37.493,-143.5639,2.952631,pieces/m3,High,-4.52058311074218,-3.6446859648437506,5.806841434330411,50.869612059374965,7.309314905566408,1.3293502931854246,-0.049,-0.064,0.08060397012554654,8
0276264-0000233,8/6/2015 5:00:00 AM,30.996977,-134.835,2.78158,pieces/m3,High,-3.342754548164068,-4.375477625429685,5.506252120990045,28.811692692653224,8.804235938417968,1.2269311780493166,-0.046,0.03,0.05491812087098392,8
0276264-0000530,9/4/2015 5:00:00 AM,39.14325,-130.1035,0.218331,pieces/m3,Medium,1.041500124023441,-7.005063509765624,7.0820644789630895,318.27370573437497,9.115356300109863,2.2588258161621093,-0.191,-0.106,0.21844221203787512,9
0276264-0000637,9/17/2015 5:00:00 AM,27.46875,-130.78575,1.434491,pieces/m3,High,-5.342011718750003,-4.419642089843748,6.933276671645289,33.85533035278326,8.107859245300295,1.6322518386840823,-0.23,0.025,0.23135470602518549,9
0276264-0000432,8/7/2015 5:00:00 AM,36.413033,-153.550317,6.160555,pieces/m3,High,-2.5797970219227517,-0.09225821999031317,2.581446155448004,140.97016451862063,9.287030920758546,1.6000312140797806,0.018000000000000002,0.062,0.0645600495662759,8
0276264-0000234,8/6/2015 5:00:00 AM,30.999668,-135.406,2.23836,pieces/m3,High,-3.558719448101564,-4.232261343460936,5.529603981267561,38.41843396227579,8.71945378759375,1.2435799007788086,-0.096,0.027,0.09972462083156797,8
0276264-0000531,9/5/2015 5:00:00 AM,39.1098,-130.1168,0.340995,pieces/m3,Medium,-0.18552929507813443,-7.975416017656252,7.977573677128911,326.98487813742196,7.828828651384278,1.9272925819018554,-0.219,-0.073,0.23084626919229168,9
0276264-0000332,8/13/2015 5:00:00 AM,37.49145,-143.47605,2.363342,pieces/m3,High,-4.446462462929677,-3.6512103172656296,5.753465496129236,50.580947230468695,7.323964399902345,1.3282567430780032,-0.048,-0.051000000000000004,0.07003570517957251,8
0276264-0000638,9/17/2015 5:00:00 AM,27.44255,-130.7715,2.168122,pieces/m3,High,-5.347189796093751,-4.445353746679686,6.953675909083501,33.82343404067385,8.091502298620608,1.6349726338134767,-0.23,0.025,0.23135470602518549,9
0276264-0000433,8/7/2015 5:00:00 AM,36.430392,-153.4763,4.196483,pieces/m3,High,-2.556604233053128,-0.07420572690781675,2.5576809211414724,140.92693647248907,9.279974769916018,1.5970901848501957,-0.027,0.054,0.06037383539249432,8
0276264-0000333,8/13/2015 5:00:00 AM,37.4848,-143.3958,2.280913,pieces/m3,High,-4.386102467929693,-3.6813246557812467,5.726259344497231,50.27011665625004,7.329766852539062,1.3290827967596437,-0.048,-0.051000000000000004,0.07003570517957251,8
0276264-0000235,8/6/2015 5:00:00 AM,30.9999,-135.403,1.571052,pieces/m3,High,-3.5585480619140615,-4.2328340708984395,5.529932059321432,38.366703139667365,8.719737613671876,1.2435079589233395,-0.096,0.027,0.09972462083156797,8
0276264-0000639,9/17/2015 5:00:00 AM,27.41565,-130.7418,2.183253,pieces/m3,High,-5.345362854843756,-4.47537896332031,6.97150779353171,33.666132460830184,8.071257756198733,1.6375205160058597,-0.229,-0.031,0.23108872754853274,9
0276264-0000236,8/6/2015 5:00:00 AM,30.999907,-135.9415,1.964699,pieces/m3,High,-3.635688907398437,-4.128064616945315,5.500831874640045,45.67276503068151,8.646952448988282,1.257681324134277,-0.10200000000000001,-0.028,0.10577334257741883,8
0276264-0000532,9/5/2015 5:00:00 AM,38.52335,-130.46275,0.179689,pieces/m3,Medium,-0.6818798818359371,-7.845118234765626,7.874696203073787,329.47516031601555,7.8965332245361335,1.9177503008056642,-0.111,-0.112,0.1576863976378432,9
0276264-0000434,8/8/2015 5:00:00 AM,36.956525,-150.65005,2.220469,pieces/m3,High,-1.1406895978906268,-1.9186811069531222,2.2321536571022027,152.53941495249998,9.15127895755249,1.2537696640551754,0.021,-0.023,0.03114482300479487,8
0276264-0000237,8/6/2015 5:00:00 AM,31.001183,-135.9385,1.386953,pieces/m3,High,-3.636675600570314,-4.129459798960936,5.502531022631127,45.62569304744732,8.646544734028806,1.257691963958008,-0.077,-0.016,0.07864477096412704,8
0276264-0000435,8/8/2015 5:00:00 AM,36.975692,-150.573367,2.466297,pieces/m3,High,-1.1043091814888708,-1.873139166319119,2.174430754178965,152.79749780937084,9.15513236301665,1.248799072819683,0.021,-0.023,0.03114482300479487,8
0276264-0000640,9/17/2015 5:00:00 AM,27.3857,-130.72035,2.893381,pieces/m3,High,-5.345599039999998,-4.507166379726564,6.99213686014414,33.5924120178613,8.05147789447998,1.640582007241211,-0.229,-0.031,0.23108872754853274,9
0276264-0000533,9/5/2015 5:00:00 AM,38.4919,-130.43175,0.375259,pieces/m3,Medium,-0.6745333589843695,-7.8487671527343785,7.877698970525903,329.4663736980469,7.89878559161377,1.9183529292358403,0.014,-0.08700000000000001,0.08811923740024083,9
0276264-0000334,8/13/2015 5:00:00 AM,37.5533,-140.9014,5.809413,pieces/m3,High,-4.189416388242186,-5.1285138042187475,6.622149463288673,37.140315298749975,7.116445125800781,1.4254737434393312,-0.209,0.122,0.24200206610688266,8
0276264-0000238,8/6/2015 5:00:00 AM,30.98824,-136.3195,3.19434,pieces/m3,High,-3.6717998147265645,-4.035553044335936,5.4559877431199455,50.068253535869175,8.588525980781249,1.2687134588256839,-0.07,-0.034,0.07782030583337488,8
0276264-0000436,8/10/2015 5:00:00 AM,36.82255,-142.139083,6.950391,pieces/m3,High,-4.205518346185938,-5.3514973030062505,6.806240367794079,23.519698732225976,7.308434766302051,1.4203427711585939,-0.08,0.039,0.08900000000000001,8
0276264-0000534,9/5/2015 5:00:00 AM,38.45935,-130.4462,0.699219,pieces/m3,Medium,-0.7051828778906282,-7.827762036562499,7.859461902211829,329.5587953024219,7.904939275866699,1.9175187715307618,0.014,-0.08700000000000001,0.08811923740024083,9
0276264-0000641,9/17/2015 5:00:00 AM,27.36025,-130.705,1.37327,pieces/m3,High,-5.3464922460937565,-4.533443715820308,7.009785393437612,33.55607663208018,8.035375588073734,1.6432469812011719,-0.229,-0.031,0.23108872754853274,9
0276264-0000335,8/13/2015 5:00:00 AM,37.6084,-140.82965,5.533149,pieces/m3,High,-4.143491222929684,-5.092746822031243,6.565408571277545,36.90080675874994,7.119483235996094,1.4237703326190188,-0.209,0.122,0.24200206610688266,8
0276264-0000239,8/6/2015 5:00:00 AM,30.998325,-136.3185,1.808096,pieces/m3,High,-3.6853057667968763,-4.039277432617187,5.467836937257438,49.880832802197254,8.582842501269532,1.269219439453125,-0.07,-0.034,0.07782030583337488,8
0276264-0000535,9/5/2015 5:00:00 AM,38.32165,-130.5008,0.176326,pieces/m3,Medium,-0.829990721328125,-7.742796849531251,7.7871552989908865,329.9079127611719,7.931375578688964,1.9138485758081056,-0.017,-0.08700000000000001,0.08864536084872124,9
0276264-0000642,9/18/2015 5:00:00 AM,27.3318,-130.68475,1.32478,pieces/m3,High,-3.8714211324218795,-4.127711790624993,5.659143593427126,238.00615533162318,9.16465544523926,1.7197248066162114,-0.211,-0.052000000000000005,0.2173131381210073,9
0276264-0000536,9/5/2015 5:00:00 AM,38.2776,-130.4749,0.063881,pieces/m3,Medium,-0.8364963069531183,-7.737548586406254,7.782633500206958,329.9422262349219,7.936703926306151,1.9143237473706056,0.014,-0.08700000000000001,0.08811923740024083,9
0276264-0000336,8/14/2015 5:00:00 AM,37.6138,-140.78325,6.874532,pieces/m3,High,-1.0205233779296938,-4.506011595117184,4.620130783888215,107.31252918212915,8.207315544189454,1.0626156372772215,-0.196,0.123,0.2313979256605383,8
0276264-0000240,8/7/2015 5:00:00 AM,30.981832,-137.373,5.022222,pieces/m3,High,-5.3647489593906155,-5.17921923944532,7.456865516255691,63.40808456814447,7.760477236779297,1.541759131700195,-0.135,0.043000000000000003,0.1416827441857335,8
0276264-0000437,7/31/2015 5:00:00 AM,25.57665,-154.25865,0.791407,pieces/m3,Medium,-6.560534285195303,-3.5087043037109407,7.439866665344394,102.66118446148437,6.760915818010257,1.47816492967041,-0.196,0.012,0.19636700333813725,7
0276264-0000643,9/18/2015 5:00:00 AM,27.31045,-130.6653,1.264402,pieces/m3,High,-3.9033816737500033,-4.156963594453123,5.702344677110988,223.4921566960467,9.140550786191405,1.718638162373047,-0.211,-0.052000000000000005,0.2173131381210073,9
0276264-0000537,9/6/2015 5:00:00 AM,38.2432,-130.48625,0.128928,pieces/m3,Medium,-1.2230531250000116,-6.512331958984361,6.626184912193544,291.60915478124946,9.481537793579106,1.752315146301268,0.042,-0.077,0.08770974860299167,9
0276264-0000337,8/14/2015 5:00:00 AM,38.31795,-137.71005,4.527676,pieces/m3,High,1.0099640513671895,-6.419544766953129,6.498506166802439,7.186378016928469,7.244771343850096,1.2090268482879643,-0.046,-0.022,0.05099019513592785,8
0276264-0000538,9/6/2015 5:00:00 AM,37.56655,-131.4851,0.808203,pieces/m3,Medium,-2.1832116514062467,-5.819789613046888,6.2158156548408385,256.2538180950008,9.720796654975583,1.723149228898927,-0.027,-0.039,0.04743416490252569,9
0276264-0000338,8/14/2015 5:00:00 AM,38.337,-137.6313,4.302687,pieces/m3,High,1.0464726767578076,-6.444305316992191,6.528719329379573,6.077294493118622,7.226802561669922,1.2148002389373773,-0.046,-0.022,0.05099019513592785,8
0276264-0000438,7/31/2015 5:00:00 AM,25.64925,-154.19815,0.355209,pieces/m3,Medium,-6.485195190820312,-3.5135538580078127,7.37582655545536,102.98578726679686,6.783606109045411,1.472622681237793,-0.14100000000000001,-0.075,0.15970597985047397,7
0276264-0000644,9/18/2015 5:00:00 AM,27.28275,-130.6385,2.389612,pieces/m3,High,-3.9432497929687442,-4.19546538867188,5.757703427347725,204.65369567731477,9.109215163818359,1.7171309843749998,-0.211,-0.052000000000000005,0.2173131381210073,9
0276264-0000241,8/7/2015 5:00:00 AM,30.983658,-137.371,4.018993,pieces/m3,High,-5.361032237703134,-5.181667077632804,7.455892995283393,63.39607121595709,7.760930769537108,1.5415568576103518,-0.135,0.043000000000000003,0.1416827441857335,8
0276264-0000439,8/1/2015 5:00:00 AM,25.7102,-154.14835,0.645052,pieces/m3,Medium,-6.860798030742185,-1.9714950172656254,7.138441161888149,101.42877904462893,7.134216198288576,1.5876390151586919,-0.139,-0.10400000000000001,0.17360011520733507,8
0276264-0000539,9/6/2015 5:00:00 AM,37.52595,-131.4816,0.900901,pieces/m3,Medium,-2.208808475937494,-5.849253197109389,6.252407364149247,256.8586972300009,9.712497928227533,1.726976971223146,-0.027,-0.039,0.04743416490252569,9
0276264-0000645,9/18/2015 5:00:00 AM,26.9158,-130.22555,0.311213,pieces/m3,Medium,-4.5954840425781205,-4.5473401126562525,6.4650425896325485,16.899957733221385,8.685360437836914,1.6965989523291014,-0.17500000000000002,-0.061,0.1853267384917784,9
0276264-0000440,8/1/2015 5:00:00 AM,27.20655,-152.87545,0.223018,pieces/m3,Medium,-6.610989685976563,-2.91759114234375,7.226169296520197,105.0104364761914,7.37881833628418,1.5623319897192383,-0.03,-0.035,0.046097722286464436,8
0276264-0000242,8/7/2015 5:00:00 AM,30.997658,-137.898,3.315935,pieces/m3,High,-5.681502405515625,-4.753190618132814,7.407583319557441,67.10567735626951,7.7217742815839845,1.549506194571289,-0.11900000000000001,0.016,0.1200708124399931,8
0276264-0000339,8/15/2015 5:00:00 AM,38.3638,-137.5601,6.006095,pieces/m3,High,-3.029571551875001,-5.470284975820315,6.253184908877697,4.742234089216599,7.889919932629393,1.4424314460510252,-0.092,0.023,0.09483142938920619,8
0276264-0000646,9/18/2015 5:00:00 AM,26.88465,-130.1919,0.726409,pieces/m3,Medium,-4.650353863671877,-4.557842021718748,6.511506350477837,18.62331784564359,8.65161700046875,1.6957475882958986,-0.17500000000000002,-0.061,0.1853267384917784,9
0276264-0000340,8/16/2015 5:00:00 AM,38.5759,-134.14955,1.232119,pieces/m3,High,-0.8607462053125082,-6.2092574839062475,6.268633226741346,15.03756061863834,6.991724859094238,1.2083729687890625,-0.056,-0.096,0.11113955191559843,8
0276264-0000540,9/6/2015 5:00:00 AM,37.47505,-131.48945,0.844273,pieces/m3,Medium,-2.2391305026171877,-5.872712052656242,6.285097633383637,256.790204236484,9.709147322443851,1.7301310707836906,-0.018000000000000002,-0.033,0.037589892258425,9
0276264-0000441,8/2/2015 5:00:00 AM,27.26705,-152.8234,0.209325,pieces/m3,Medium,-7.5661844349218805,-2.4871180170703187,7.964477568182983,92.0581039775781,7.27394339309326,1.7384020402105722,-0.093,-0.054,0.10754068997360952,8
0276264-0000243,8/7/2015 5:00:00 AM,30.998065,-137.895,3.839036,pieces/m3,High,-5.681134769140627,-4.755062932226556,7.408502936125053,67.08570099267585,7.722040458398437,1.549423310498047,-0.11900000000000001,0.016,0.1200708124399931,8
0276264-0000647,9/18/2015 5:00:00 AM,26.84925,-130.1594,1.394636,pieces/m3,High,-4.717784939453126,-4.565208071093747,6.5649538815828885,20.60263751685326,8.614431303930667,1.6949897181884768,-0.17500000000000002,-0.061,0.1853267384917784,9
0276264-0000341,8/16/2015 5:00:00 AM,38.6405,-134.05505,1.450724,pieces/m3,High,-0.6530067078124903,-6.228577541406253,6.262714742805908,12.09211569427126,7.004569524719238,1.2048554587890625,-0.056,-0.096,0.11113955191559843,8
0276264-0000541,9/6/2015 5:00:00 AM,37.3324,-131.5925,2.238093,pieces/m3,High,-2.361324328125001,-5.845798318359374,6.304697499605217,253.81692212499996,9.7248729342041,1.7312583650512694,-0.013000000000000001,-0.053,0.05457105459856901,9
0276264-0000244,8/7/2015 5:00:00 AM,31.00675,-138.482,4.667212,pieces/m3,High,-5.720899580078125,-4.558670622070312,7.315064582480799,70.99395520751953,7.695026815185546,1.558953544555664,-0.066,0.073,0.09841239759298621,8
0276264-0000648,9/18/2015 5:00:00 AM,26.8175,-130.12895,0.6541,pieces/m3,Medium,-4.77671092773438,-4.572206097656248,6.612264051486602,22.38281211448676,8.581226447021484,1.6941970906982422,-0.17500000000000002,-0.061,0.1853267384917784,9
0276264-0000342,8/16/2015 5:00:00 AM,38.6421,-133.9901,1.027045,pieces/m3,High,-0.6617259914062478,-6.289264704609365,6.323980693546408,13.545448243616983,6.981237628215335,1.2101724292529286,-0.08,-0.074,0.10897706180660222,8
0276264-0000442,8/2/2015 5:00:00 AM,27.32605,-152.7755,0.087972,pieces/m3,Medium,-7.654162569531252,-2.568631012304691,8.073665209691734,91.7046112566406,7.254859634387207,1.745560329678345,-0.093,-0.054,0.10754068997360952,8
0276264-0000542,9/6/2015 5:00:00 AM,37.29105,-131.58465,3.081825,pieces/m3,High,-2.37484847238282,-5.880964573906238,6.342369398444022,254.41838462632774,9.718687334792484,1.7349797179370108,-0.013000000000000001,-0.053,0.05457105459856901,9
0276264-0000343,8/8/2015 5:00:00 AM,36.468,-150.86725,2.598221,pieces/m3,High,-1.9948481230468675,-2.104721767578125,2.8998746098651917,149.1584071513672,9.061737824035646,1.285121064636231,0.044,-0.006,0.04440720662234903,8
0276264-0000543,9/7/2015 5:00:00 AM,37.25425,-131.62625,5.524371,pieces/m3,High,-2.4228150634765626,-8.149156997070314,8.501693513336564,148.0879763723467,9.114836552734374,1.893808949890137,-0.029,-0.056,0.06306346010171025,9
0276264-0000649,9/18/2015 5:00:00 AM,26.79615,-130.09925,0.719813,pieces/m3,Medium,-4.80729588671876,-4.5828358601562424,6.641722537384192,23.567654267417883,8.557933752478029,1.6931833867675787,-0.17500000000000002,-0.061,0.1853267384917784,9
0276264-0000245,8/7/2015 5:00:00 AM,31.008,-138.48,5.031545,pieces/m3,High,-5.722040087890626,-4.558808793945315,7.316042672591549,70.98708262939446,7.695388983154297,1.5587863165283202,-0.066,0.073,0.09841239759298621,8
0276264-0000443,8/2/2015 5:00:00 AM,28.6498,-151.6073,0.171664,pieces/m3,Medium,-7.934897744765628,-3.7256120225390603,8.766001777456712,87.22435009757814,7.18986988954834,1.8068426062750238,-0.17500000000000002,-0.057,0.1840489065438858,8
0276264-0000344,8/8/2015 5:00:00 AM,36.4614,-150.7943,3.183474,pieces/m3,High,-2.01843907492188,-2.101377589453125,2.913740563713132,149.2126151313672,9.05919406989502,1.2815554515698238,0.044,-0.006,0.04440720662234903,8
0276264-0000544,9/7/2015 5:00:00 AM,36.8589,-132.80485,1.106487,pieces/m3,High,-2.6526434357421884,-7.011197639804696,7.496226353412032,175.7946994248826,9.54703944707763,1.8216534281176768,-0.034,-0.045,0.0564003546088143,9
0276264-0000545,9/7/2015 5:00:00 AM,36.85195,-132.87875,1.176606,pieces/m3,High,-2.654385068359374,-6.951353147460941,7.440905232016084,176.64439413964843,9.581455180419919,1.8163074132690429,-0.034,-0.045,0.0564003546088143,9
0276264-0000345,8/8/2015 5:00:00 AM,36.4484,-150.7282,4.08012,pieces/m3,High,-2.0495915508593776,-2.094124464765621,2.930218899550688,149.2187396463672,9.055561434816894,1.2786111483081046,0.056,0.041,0.06940461079784253,8
0276264-0000444,8/3/2015 5:00:00 AM,28.7092,-151.5602,0.158652,pieces/m3,Medium,-8.161541372382812,-2.878286853476561,8.654206652490586,86.38364188339844,7.308246997907714,1.8415830015838623,-0.189,-0.044,0.19405411616350735,8
0276264-0000246,8/8/2015 5:00:00 AM,31.001332,-139.0185,4.227363,pieces/m3,High,-5.762621584171878,-3.976319976140627,7.001351874818077,72.40609810511707,7.864295877955565,1.6094456636420902,-0.037,-0.10300000000000001,0.10944404963267762,8
0276264-0000650,9/18/2015 5:00:00 AM,26.7912,-130.06355,0.729317,pieces/m3,Medium,-4.786630594140617,-4.604573657656255,6.641831901933747,23.792665020410148,8.549031724370117,1.6915247591455076,-0.17500000000000002,-0.061,0.1853267384917784,9
0276264-0000247,8/8/2015 5:00:00 AM,31.003018,-139.017,3.077937,pieces/m3,High,-5.761890220171876,-3.9762567170156258,7.000713991367179,72.39260225636713,7.864633686439942,1.60940151104834,-0.037,-0.10300000000000001,0.10944404963267762,8
0276264-0000248,8/8/2015 5:00:00 AM,30.993983,-139.5495,5.997055,pieces/m3,High,-5.742212526257811,-3.8289367067109397,6.901721596870633,77.96184949655465,7.914538743646484,1.5899327247812503,-0.08600000000000001,-0.021,0.08852683209061533,8
0276264-0000651,9/18/2015 5:00:00 AM,26.7433,-130.0524,0.633044,pieces/m3,Medium,-4.911608688515626,-4.582464507343748,6.717356687728245,26.562915750186082,8.504207491049806,1.691881378129883,-0.17200000000000001,-0.024,0.1736663467687393,9
0276264-0000546,9/7/2015 5:00:00 AM,36.84485,-132.94685,1.511378,pieces/m3,High,-2.6562288308593747,-6.89518731996093,7.389124425751575,177.43272385089858,9.612957427958989,1.811438360847167,-0.034,-0.045,0.0564003546088143,9
0276264-0000445,8/3/2015 5:00:00 AM,28.7676,-151.50785,0.173261,pieces/m3,Medium,-8.09300812019531,-2.8541034987890623,8.581531752277515,86.63103392714845,7.319756823259278,1.831774969454956,-0.14100000000000001,-0.068,0.15654072952429984,8
0276264-0000346,8/8/2015 5:00:00 AM,36.3994,-150.3816,2.080938,pieces/m3,High,-2.162484732109376,-1.9611726085156205,2.919338660895327,149.3711482513672,9.044679849816895,1.2627600566674801,0.08,0.09,0.12041594578792295,8
0276264-0000347,8/9/2015 5:00:00 AM,36.3904,-150.29685,2.32306,pieces/m3,High,2.385799611835932,-5.697149196875001,6.176532098134839,157.84000370167948,7.3837490970043955,1.2099835344189454,0.045,0.055,0.07106335201775947,8
0276264-0000348,8/12/2015 5:00:00 AM,32.066667,-152.482917,0.424833,pieces/m3,Medium,-6.600581464403239,0.6487334339236266,6.632384996101624,101.57976071020833,7.188429962958703,1.4835270525624966,-0.034,0.042,0.054037024344425186,8
0276264-0000249,8/8/2015 5:00:00 AM,30.993983,-139.5495,6.352912,pieces/m3,High,-5.742212526257811,-3.8289367067109397,6.901721596870633,77.96184949655465,7.914538743646484,1.5899327247812503,-0.08600000000000001,-0.021,0.08852683209061533,8
0276264-0000652,9/19/2015 5:00:00 AM,26.71075,-130.09475,0.622319,pieces/m3,Medium,-2.9447183818359286,-6.24481911523438,6.904283607320829,354.7131506855469,8.643482058837892,1.942187010253906,-0.198,-0.054,0.20523157651784485,9
0276264-0000250,8/8/2015 5:00:00 AM,31.005442,-140.074,3.940242,pieces/m3,High,-5.995322390734385,-3.5103987141406177,6.947430438736409,83.4603690147423,7.947153606387208,1.5760324841440427,-0.079,0.083,0.11458621208504975,8
0276264-0000653,9/19/2015 5:00:00 AM,26.67355,-130.11035,0.471239,pieces/m3,Medium,-2.8934664305859163,-6.32595151460939,6.956278498602283,355.0217629805469,8.64061000989258,1.943985898378906,-0.198,-0.054,0.20523157651784485,9
0276264-0000349,8/13/2015 5:00:00 AM,34.43125,-151.25375,1.159275,pieces/m3,High,-5.997859863281249,-1.4852701416015648,6.17902503094892,99.50071191406249,7.213951301574707,1.3199637279510497,-0.051000000000000004,0.219,0.2248599564173221,8
0276264-0000547,9/7/2015 5:00:00 AM,36.79505,-133.1918,1.578621,pieces/m3,High,-2.704716647851561,-6.6664160054296895,7.194205619984358,178.61742322410163,9.727845761652832,1.7978774674829099,-0.037,-0.024,0.04410215414239989,9
0276264-0000350,8/14/2015 5:00:00 AM,36.292,-150.04125,0.513742,pieces/m3,Medium,-6.842044096679681,-1.6327712451171912,7.034167282613544,101.11047176025387,6.830775484619141,1.2815561217498774,0.036000000000000004,0.234,0.2367530358833863,8
0276264-0000446,8/3/2015 5:00:00 AM,30.0368,-150.34875,0.424666,pieces/m3,Medium,-6.958659114257814,-2.262274266601563,7.317159389118907,90.64622063964845,7.624309214782716,1.6526536888885501,-0.016,0.187,0.1876832437912346,8
0276264-0000351,8/14/2015 5:00:00 AM,36.273667,-149.92,1.148941,pieces/m3,High,-6.802276150273424,-1.6978484894921937,7.0109664325148175,100.47922787712889,6.836961417822268,1.2795527288787831,0.042,0.194,0.1984943324127921,8
0276264-0000447,8/4/2015 5:00:00 AM,30.1002,-150.29195,0.183463,pieces/m3,Medium,-7.481396241640633,-0.9321151226171893,7.539239240549821,106.70329829525386,8.279011241857908,2.033761493972169,0.012,0.22,0.22032702966272658,8
0276264-0000654,9/19/2015 5:00:00 AM,26.64255,-130.07915,0.292958,pieces/m3,Medium,-2.9308641815234404,-6.341056921328123,6.985625793732467,355.2174190342969,8.632285631171875,1.9470043092382814,-0.198,-0.054,0.20523157651784485,9
0276264-0000251,8/8/2015 5:00:00 AM,31.007708,-140.0705,3.591232,pieces/m3,High,-5.99024421376563,-3.510526949453116,6.943113509326289,83.42864706617979,7.9476990159536145,1.575956479780761,-0.079,0.083,0.11458621208504975,8
0276264-0000548,9/7/2015 5:00:00 AM,36.74855,-133.1945,2.413135,pieces/m3,High,-2.7307244740234387,-6.640202588085934,7.179773434019609,177.98176240644537,9.719854581408693,1.8016731612915033,-0.145,-0.006,0.1451240848377691,9
0276264-0000252,8/8/2015 5:00:00 AM,31.000233,-140.6145,5.563262,pieces/m3,High,-6.184023652539061,-3.0657341564687557,6.90223691663085,89.5378429528046,8.01758199867871,1.5574869061171877,-0.078,-0.011,0.07877182237323191,8
0276264-0000352,8/8/2015 5:00:00 AM,33.8761,-148.17765,0.437536,pieces/m3,Medium,-3.6426971628124987,-1.6890536685156246,4.015239085669534,137.94450340871094,8.8285453544458,1.3012569275659178,-0.02,-0.012,0.0233238075793812,8
0276264-0000448,8/4/2015 5:00:00 AM,30.1622,-150.2365,0.152902,pieces/m3,Medium,-7.534885580078126,-0.9983910185546865,7.600742419711376,106.75260300712887,8.2877669163208,2.027691705310059,0.031,0.167,0.1698528775146303,8
0276264-0000655,9/19/2015 5:00:00 AM,26.8144,-130.4419,0.258935,pieces/m3,Medium,-2.3969931664453052,-6.554827970351569,6.979351399728256,354.24409251773443,8.700835991403808,1.9241630780078125,-0.234,-0.066,0.24312959507225773,9
0276264-0000549,9/8/2015 5:00:00 AM,36.6861,-133.2069,3.215274,pieces/m3,High,-2.9810374576953107,-7.45036705535157,8.0246217096914,64.76517822306195,8.497859485925291,1.8594750082153326,-0.167,-0.012,0.1674305826305338,9
0276264-0000253,8/8/2015 5:00:00 AM,31.001293,-140.612,6.471148,pieces/m3,High,-6.183111235546875,-3.0671232099843793,6.902036607869512,89.51167957624212,8.017477507309083,1.5575108279799805,-0.078,-0.011,0.07877182237323191,8
0276264-0000449,8/5/2015 5:00:00 AM,31.6661,-148.79285,0.795527,pieces/m3,Medium,-6.875132965234375,-0.77644537066406,6.918838103560312,124.72187577765624,8.201199361594238,1.7058241255859377,-0.116,0.021,0.11788553770501282,8
0276264-0000656,9/19/2015 5:00:00 AM,26.83415,-130.4905,0.379932,pieces/m3,Medium,-2.326576093554693,-6.594408577929683,6.992794921329583,354.1154781808594,8.70911297803955,1.9213721480468748,-0.234,-0.066,0.24312959507225773,9
0276264-0000254,8/9/2015 5:00:00 AM,30.983093,-141.2415,6.950086,pieces/m3,High,-4.072827159757813,-2.7597731116875,4.9197833998311555,100.34379361416798,8.887351394939941,1.4943422992407227,0.056,-0.057,0.07990619500389191,8
0276264-0000550,9/8/2015 5:00:00 AM,35.59465,-132.87865,1.574961,pieces/m3,High,-3.4004477759765566,-7.873134541640631,8.576088420015196,55.04517471891585,8.349352105483398,1.975800813486329,-0.198,-0.023,0.1993313823761828,9
0276264-0000353,8/8/2015 5:00:00 AM,34.361559,-151.176779,0.292719,pieces/m3,Medium,-3.439104336688725,-2.867910515775375,4.477984967050043,137.6731467739636,8.670919880000197,1.3859120534057623,0.013000000000000001,0.177,0.17747675904185314,8
0276264-0000450,8/5/2015 5:00:00 AM,31.7191,-148.7428,0.758546,pieces/m3,Medium,-6.9113204415624985,-0.7620160069140597,6.9532020422790035,124.20479974546873,8.175641276872557,1.704993506640625,-0.106,0.04,0.11329607230614837,8
0276264-0000657,9/19/2015 5:00:00 AM,26.95735,-130.6939,0.616756,pieces/m3,Medium,-2.0941796826171677,-6.70657193753908,7.025930237091259,352.8683430457031,8.79067199410889,1.89901637861328,-0.244,-0.047,0.24848541204666322,9
0276264-0000551,9/8/2015 5:00:00 AM,35.53215,-132.90485,0.894086,pieces/m3,Medium,-3.468865069726569,-7.874700903281239,8.604878801476955,55.799564352666266,8.346243842978517,1.9779786394189438,-0.198,-0.023,0.1993313823761828,9
0276264-0000255,8/9/2015 5:00:00 AM,30.985335,-141.239,8.261449,pieces/m3,High,-4.067264434414065,-2.7604609603125003,4.91556555167958,100.35273508951174,8.88880298040283,1.4941640097167967,0.056,-0.057,0.07990619500389191,8
0276264-0000451,8/5/2015 5:00:00 AM,31.7684,-148.69475,1.820322,pieces/m3,High,-6.945408926562498,-0.7494823119140623,6.985730376492216,123.70267243046874,8.15097887923584,1.7044123671875,-0.065,0.023,0.0689492567037528,8
0276264-0000658,9/19/2015 5:00:00 AM,26.9979,-130.7584,0.320443,pieces/m3,Medium,-2.000160895195322,-6.749727200351561,7.039848072638661,352.4004614152343,8.818201051716308,1.8915053005859377,-0.232,-0.027,0.2335658365429328,9
0276264-0000256,8/9/2015 5:00:00 AM,30.997417,-141.8015,5.076931,pieces/m3,High,-4.210268642750003,-2.8184509698984375,5.066559771072023,103.0155891114961,8.812278497796386,1.477610745019043,0.112,0.033,0.11676043850551436,8
0276264-0000552,9/8/2015 5:00:00 AM,35.4712,-132.92745,0.514966,pieces/m3,Medium,-3.5283036309765556,-7.876694023476568,8.630830507653005,56.483877627040854,8.345231118171386,1.9798937340649423,-0.053,-0.042,0.06762396025078685,9
0276264-0000354,8/9/2015 5:00:00 AM,34.360313,-150.425565,0.665633,pieces/m3,Medium,-1.6083873364816497,-3.667345484804532,4.004539015800785,140.02906978157355,8.68770258701996,1.0910129459318605,0.048,0.065,0.08080222769206305,8
0276264-0000452,8/5/2015 5:00:00 AM,33.05545,-147.4223,2.842617,pieces/m3,High,-7.027848507578126,-0.3814367850390589,7.038192144752019,115.73490626437503,7.743117483464356,1.6141496647607423,-0.266,0.038,0.2687005768508881,8
0276264-0000659,9/20/2015 5:00:00 AM,27.03455,-130.82,0.364115,pieces/m3,Medium,-4.550441839843744,-8.181737133789062,9.362015993589381,22.106335949340785,7.065754827514647,2.0576784216308597,-0.278,-0.023,0.27894981627525767,9
0276264-0000257,8/9/2015 5:00:00 AM,30.990473,-141.8,4.295994,pieces/m3,High,-4.222002939257812,-2.8167371257812523,5.075363716508998,102.94268396982429,8.809252656359863,1.478411826391601,0.112,0.033,0.11676043850551436,8
0276264-0000553,9/8/2015 5:00:00 AM,35.42255,-132.9495,0.551901,pieces/m3,Medium,-3.5727077771484375,-7.871994057226562,8.644797932740085,57.15060137485352,8.3475485805542,1.980342587634277,-0.053,-0.042,0.06762396025078685,9
0276264-0000453,8/6/2015 5:00:00 AM,33.1201,-147.3596,2.491377,pieces/m3,High,-5.625106777851562,-1.252143870585937,5.762784963442374,120.18469456617187,8.1866419953125,1.5581843337866212,-0.254,0.029,0.2556501515743732,8
0276264-0000660,9/19/2015 5:00:00 AM,26.8595,-130.5453,0.402258,pieces/m3,Medium,-2.266119360351566,-6.626440182226559,7.003214008152753,353.88403271679687,8.728340158337401,1.9161998222656251,-0.244,-0.047,0.24848541204666322,9
0276264-0000258,8/9/2015 5:00:00 AM,30.998698,-142.3675,5.148795,pieces/m3,High,-4.343798080976564,-2.9033514521875015,5.224751804939154,105.31211713310552,8.723953190334473,1.4632691288818358,0.099,0.004,0.09908077512817509,8
0276264-0000355,8/9/2015 5:00:00 AM,34.3742,-150.30375,0.558239,pieces/m3,Medium,-1.4846379345703151,-3.650893265625002,3.941214461780937,140.5207606357422,8.711921456848144,1.087809418334961,0.048,0.065,0.08080222769206305,8
0276264-0000454,8/6/2015 5:00:00 AM,33.18105,-147.2988,2.76533,pieces/m3,High,-5.606859753789063,-1.2311449493359383,5.740435017046613,119.80447262054689,8.186982510546875,1.5550280276147461,-0.254,0.029,0.2556501515743732,8
0276264-0000661,9/19/2015 5:00:00 AM,26.89715,-130.59185,0.183989,pieces/m3,Medium,-2.2214037792968835,-6.636174070351554,6.998102674488335,353.51646084843753,8.74843582821533,1.9104486674316412,-0.244,-0.047,0.24848541204666322,9
0276264-0000356,8/9/2015 5:00:00 AM,34.5663,-147.3776,0.326856,pieces/m3,Medium,0.767168883398432,-3.483547190625002,3.567022445256848,148.8497872191797,9.051489510012207,1.0675068838720703,0.169,-0.062,0.18001388835309348,8
0276264-0000554,9/8/2015 5:00:00 AM,35.37085,-132.9414,0.650244,pieces/m3,Medium,-3.596819822382805,-7.896285195351575,8.676890728885223,57.11894926766573,8.343947211921385,1.985030732355959,-0.053,-0.042,0.06762396025078685,9
0276264-0000259,8/9/2015 5:00:00 AM,30.998768,-142.365,3.394001,pieces/m3,High,-4.342941369101569,-2.9028630893750016,5.223768165903765,105.30302207607424,8.724383608137206,1.4633221923095703,0.099,0.004,0.09908077512817509,8
0276264-0000455,8/6/2015 5:00:00 AM,34.74145,-145.67045,1.799987,pieces/m3,High,-6.049107376249995,-0.779653673164069,6.09914419402266,108.44151471765622,7.945202537573243,1.5235476899462888,0.001,0.024,0.024020824298928628,8
0276264-0000662,9/19/2015 5:00:00 AM,26.91925,-130.6392,0.468736,pieces/m3,Medium,-2.16336633300783,-6.672272377539045,7.014226441373438,353.2796568964844,8.767204819958492,1.9055373369140634,-0.244,-0.047,0.24848541204666322,9
0276264-0000357,8/10/2015 5:00:00 AM,34.5692,-147.24665,0.317912,pieces/m3,Medium,-5.656489428203124,-5.769629391601564,8.079882175366565,50.84222675443352,7.045082390341796,1.4816576874615481,0.04,0.008,0.04079215610874228,8
0276264-0000260,8/9/2015 5:00:00 AM,30.98986,-142.8715,10.74915,pieces/m3,Very High,-4.468818111132812,-3.064117528281249,5.418408579786968,107.3639658757617,8.652541259689942,1.451091663256836,0.08,0.074,0.10897706180660222,8
0276264-0000456,8/7/2015 5:00:00 AM,34.8108,-145.59745,9.622925,pieces/m3,High,-5.414910162578126,-0.5899751201953111,5.446955361598013,116.72960164189456,8.450569432509766,1.4504527224462893,-0.01,0.057,0.05787054518492114,8
0276264-0000555,9/8/2015 5:00:00 AM,35.319,-132.9537,0.678457,pieces/m3,Medium,-3.6358664837890595,-7.9023312400390635,8.698641509755298,57.56128479204096,8.34438552059326,1.9869658188110353,-0.053,-0.042,0.06762396025078685,9
0276264-0000663,9/19/2015 5:00:00 AM,27.05725,-130.87735,0.165177,pieces/m3,Medium,-1.8324672509765496,-6.7080337974609385,6.953822952432696,351.8183597339844,8.862063250976565,1.8791073563232417,-0.266,-0.019,0.26667770810474584,9
0276264-0000358,8/11/2015 5:00:00 AM,33.71115,-143.807,0.775949,pieces/m3,Medium,-5.119229661523431,-3.4059627755859414,6.148747413587453,81.35380823994137,7.621070645251465,1.411382501571655,-0.083,0.128,0.15255490814785344,8
0276264-0000457,8/7/2015 5:00:00 AM,34.8762,-145.52865,1.743582,pieces/m3,High,-5.339800249453128,-0.5340356203515653,5.366438367098235,116.81960974501952,8.447006458417968,1.4460111575732424,-0.01,0.057,0.05787054518492114,8
0276264-0000556,9/8/2015 5:00:00 AM,35.26665,-132.96325,0.418786,pieces/m3,Medium,-3.673153764062492,-7.911392763476572,8.722510764248785,57.93815715532199,8.344331309167478,1.9892851227050798,-0.053,-0.042,0.06762396025078685,9
0276264-0000458,8/7/2015 5:00:00 AM,36.3457,-143.9069,7.09803,pieces/m3,High,-4.517244473203117,-0.5808346223828094,4.554433717735136,128.55033814528477,8.785592411240236,1.2808788823583985,0.042,-0.004,0.042190046219457975,8
0276264-0000359,8/11/2015 5:00:00 AM,33.8227,-141.10995,0.268115,pieces/m3,Medium,-4.188726906445314,-4.565840911601562,6.1961549631068396,65.40355144728514,7.593882236604004,1.4402016689739994,-0.126,-0.062,0.14042791745233568,8
0276264-0000261,8/9/2015 5:00:00 AM,30.989667,-142.871,9.76311,pieces/m3,High,-4.469078203554687,-3.0638482880156293,5.4184708471545635,107.35975947910552,8.652514609653807,1.4511275618554684,0.08,0.074,0.10897706180660222,8
0276264-0000557,9/9/2015 5:00:00 AM,33.77235,-132.7587,0.605422,pieces/m3,Medium,-5.410904095937503,-8.79654067390625,10.327488124569317,38.850468253164095,8.166974095654297,2.655839065031738,-0.14400000000000002,-0.084,0.16670932787339768,9
0276264-0000459,8/7/2015 5:00:00 AM,36.4242,-143.81825,9.143135,pieces/m3,High,-4.609119631640619,-0.6305255533203097,4.652047533308838,128.79744286494295,8.78344669975586,1.275734731616211,0.042,-0.004,0.042190046219457975,8
0276264-0000262,8/10/2015 5:00:00 AM,31.00334,-143.2895,5.982011,pieces/m3,High,2.3125593069531254,-2.9470009509765647,3.74603058626492,129.72907717164065,9.358774302402345,1.2505992760943603,-0.031,-0.036000000000000004,0.04750789408087881,8
0276264-0000360,8/12/2015 5:00:00 AM,34.20235,-137.37605,0.703392,pieces/m3,Medium,1.4996817536328144,-6.605928551679687,6.774019293748438,329.5681753787498,7.368573491481934,1.3351531668698122,-0.153,-0.099,0.1822361105818493,8
0276263-0000010,11/29/2019 6:00:00 AM,26.876733,-144.96945,3.938291,pieces/m3,High,-1.3027727342640558,-0.21668049689922428,1.3206692374998135,34.785766932899996,10.501405339706837,1.7743851168871587,-0.11,-0.08600000000000001,0.1396280774056565,11
0276264-0000558,9/9/2015 5:00:00 AM,33.7154,-132.7717,0.589552,pieces/m3,Medium,-5.39324260617188,-8.74549736570312,10.274764716651562,38.92261938941412,8.175610561938477,2.6486388092358384,-0.14,-0.124,0.18701871564097536,9
0276264-0000460,8/8/2015 5:00:00 AM,36.49925,-143.7316,6.965577,pieces/m3,High,-0.10206814335936158,-1.2466602035156398,1.2508315509765828,157.98105787949223,10.087246568371587,1.092048005651855,0.08700000000000001,-0.027,0.09109335870413386,8
0276264-0000263,8/10/2015 5:00:00 AM,31.003027,-143.2895,5.291144,pieces/m3,High,2.312017349898434,-2.946651784804687,3.745421333725223,129.72790523606247,9.358948940049316,1.2505911761495363,-0.031,-0.036000000000000004,0.04750789408087881,8
0276264-0000361,8/15/2015 5:00:00 AM,34.4929,-133.71795,0.66966,pieces/m3,Medium,-2.4215870295312514,-5.0742222249609386,5.622438521663134,21.00761473927401,8.302413408566895,1.2832791281408693,-0.105,-0.009000000000000001,0.10538500842150177,8
0276264-0000362,8/21/2015 5:00:00 AM,25.3371,-156.16475,0.066203,pieces/m3,Medium,-5.647784741210937,2.266442378710936,6.085575859281681,81.44288849335936,8.389440243078614,1.8235715282714844,-0.185,0.11800000000000001,0.21942880394332917,8
0276263-0000011,11/29/2019 6:00:00 AM,27.023967,-144.9753,3.922436,pieces/m3,High,-1.0808036582031317,0.11224697144375452,1.0866167356448948,34.30821945547271,10.558919388582126,1.7866840942022453,-0.065,-0.08700000000000001,0.10860018416190648,11
0276264-0000559,9/9/2015 5:00:00 AM,33.65155,-132.9671,0.493343,pieces/m3,Medium,-5.444537310078119,-8.572738040703133,10.155531696339255,40.08618170816399,8.182710442431642,2.6115215130200213,-0.14,-0.124,0.18701871564097536,9
0276264-0000461,8/9/2015 5:00:00 AM,38.42595,-141.46505,3.210041,pieces/m3,High,4.393893014453117,-5.767449073203126,7.250500991962659,283.86602705210936,7.5651074621118175,1.6720733174121094,-0.10300000000000001,0.07,0.12453513560437472,8
0276264-0000264,8/10/2015 5:00:00 AM,31.001742,-143.8345,7.0435,pieces/m3,High,2.0517518503125043,-3.065757991960934,3.6889778693471613,129.98043117429685,9.40249989741797,1.2443783561065678,-0.001,-0.11800000000000001,0.11800423721205948,8
0276264-0000462,8/9/2015 5:00:00 AM,39.78885,-139.73575,1.250812,pieces/m3,High,-1.13064265644531,-7.1984702640624985,7.286722648706051,281.7032557296875,7.726363598364259,1.64705449876709,0.012,-0.138,0.13852075656738236,8
0276263-0000012,11/29/2019 6:00:00 AM,27.090983,-144.979433,5.74337,pieces/m3,High,-0.9470229042968724,0.2864388935134569,0.9893935622289528,34.14459654853626,10.579793261924106,1.7934997489744717,-0.065,-0.08700000000000001,0.10860018416190648,11
0276264-0000164,7/27/2015 5:00:00 AM,29.072267,-134.0445,0.79943,pieces/m3,Medium,-5.902686661148437,-3.0999914732734384,6.66720758294413,169.90977485853122,10.839564776058594,1.8436718045888671,-0.217,0.069,0.227705950734714,7
0276264-0000560,9/10/2015 5:00:00 AM,33.64905,-133.01355,0.641622,pieces/m3,Medium,-5.495325541445316,-6.570440444726563,8.5655875714489,39.96275718658208,8.098500360898436,2.407855383803711,-0.096,-0.089,0.1309083648969767,9
0276264-0000265,8/10/2015 5:00:00 AM,31.000442,-143.8325,5.996947,pieces/m3,High,2.050984788281244,-3.063378646367191,3.6865739288368466,129.9753119871094,9.403036314414065,1.244374153640747,-0.001,-0.11800000000000001,0.11800423721205948,8
0276264-0000363,8/21/2015 5:00:00 AM,25.2567,-156.214733,0.063081,pieces/m3,Medium,-5.646165034179685,2.27298197636406,6.086511862969558,81.35626958754997,8.392452576140723,1.8208185567409179,-0.185,0.11800000000000001,0.21942880394332917,8
0276264-0000463,8/10/2015 5:00:00 AM,39.84545,-139.6602,2.834407,pieces/m3,High,-0.5692680986718763,-6.199646714882809,6.225727713088864,331.9814660941406,7.409429474892579,1.3643824157086182,0.058,-0.14300000000000002,0.1543146136955279,8
0276264-0000165,7/27/2015 5:00:00 AM,29.072067,-134.043,0.995046,pieces/m3,Medium,-5.902553568148438,-3.1006428642265598,6.667392653529634,169.90770957389063,10.839431707535155,1.8436605917246094,-0.217,0.069,0.227705950734714,7
0276263-0000013,11/29/2019 6:00:00 AM,27.484317,-144.990517,2.881837,pieces/m3,High,0.058071878979354175,1.1627350789347506,1.1641843526321736,33.11084690858404,10.705798210437774,1.835337046908308,0.018000000000000002,-0.064,0.06648308055437865,11
0276264-0000561,9/10/2015 5:00:00 AM,33.64765,-133.0587,0.489709,pieces/m3,Medium,-5.515575880546869,-6.571979495898438,8.579772245728895,40.1564706863476,8.092269280769044,2.407516198137207,-0.096,-0.089,0.1309083648969767,9
0276264-0000364,8/21/2015 5:00:00 AM,25.1671,-156.26965,0.052272,pieces/m3,Medium,-5.6518045641015675,2.2894859623046955,6.0979210229708265,81.26212585242193,8.39592687866455,1.8176788027148438,-0.096,-0.015,0.09716480844420988,8
0276264-0000464,8/10/2015 5:00:00 AM,39.90505,-139.5802,2.587281,pieces/m3,High,-0.5100291099218703,-6.243853101132821,6.264649331087386,331.77035120664067,7.394609806455076,1.3713472340289314,0.058,-0.14300000000000002,0.1543146136955279,8
0276264-0000266,8/10/2015 5:00:00 AM,32.023423,-143.639,3.387223,pieces/m3,High,2.6157179362343657,-4.035865336492189,4.809385546640795,131.81746122107813,8.783465598323243,1.2833636861485593,-0.045,-0.035,0.0570087712549569,8
0276264-0000166,7/27/2015 5:00:00 AM,29.057002,-134.558,1.348287,pieces/m3,High,-5.944233858085937,-2.8426235269765656,6.588962336797495,169.4661717834844,10.871321305226562,1.8537102505351561,-0.266,0.132,0.296951174437819,7
0276264-0000562,9/9/2015 5:00:00 AM,33.6838,-132.8152,0.816799,pieces/m3,Medium,-5.397638583046875,-8.693458876328119,10.232826076290188,39.17925282941409,8.17987140793457,2.63879696238037,-0.14,-0.124,0.18701871564097536,9
0276263-0000014,11/29/2019 6:00:00 AM,27.50425,-144.989917,1.415722,pieces/m3,High,0.11829059981250223,1.1995959131484242,1.2054140453995064,33.05495816290279,10.712037245595459,1.8377058677160654,0.067,-0.02,0.06992138442565336,11
0276264-0000267,8/10/2015 5:00:00 AM,32.01861,-143.64,3.903438,pieces/m3,High,2.625366877734379,-4.027213440039067,4.807390075117273,131.8341672644531,8.786173654150387,1.2831122553619387,-0.045,-0.035,0.0570087712549569,8
0276264-0000365,8/12/2015 5:00:00 AM,33.525,-151.11665,0.953208,pieces/m3,Medium,-5.606133012695314,-0.4148477343750012,5.6214611978335585,104.63713851074218,7.431537742004394,1.3393849061203003,-0.14300000000000002,0.20800000000000002,0.25241434190631884,8
0276264-0000465,8/19/2015 5:00:00 AM,31.6748,-142.8823,3.861539,pieces/m3,High,-7.602790493984365,-4.360751390507819,8.764620698309477,61.177847677480436,8.353285479333497,2.421407614072266,-0.126,0.009000000000000001,0.12632101962856382,8
0276264-0000563,9/9/2015 5:00:00 AM,33.6709,-132.8623,0.705246,pieces/m3,Medium,-5.410957335234379,-8.653727106953124,10.206147761292799,39.459652846914096,8.181190744213866,2.630064931608886,-0.14,-0.124,0.18701871564097536,9
0276263-0000015,11/29/2019 6:00:00 AM,27.524033,-144.989817,4.383277,pieces/m3,High,0.18220308778669264,1.2310943548075461,1.2445044297382044,33.00926619825935,10.716612077237642,1.8402455255572137,0.067,-0.02,0.06992138442565336,11
0276264-0000466,8/20/2015 5:00:00 AM,31.21335,-142.13765,1.708537,pieces/m3,High,-5.181753216484379,-4.271029322695311,6.715076907368179,60.814918415849625,8.823498317043457,2.032261732097168,0.027,-0.02,0.03360059523282288,8
0276264-0000268,8/11/2015 5:00:00 AM,32.003858,-143.1125,2.191318,pieces/m3,High,-6.265522654492189,-4.249455788867188,7.570643871923425,65.87802293525395,7.171114235656738,1.6051846915618895,-0.057,0.007,0.057428216061444916,8
0276263-0000016,12/2/2019 6:00:00 AM,31.790833,-143.96,8.294709,pieces/m3,High,-4.436077914765629,-9.285274654140625,10.290535101183888,352.51412821703127,10.3117333848584,4.1454982821118165,-0.138,-0.109,0.17585505395068973,12
0276264-0000564,9/9/2015 5:00:00 AM,33.6587,-132.91725,0.462912,pieces/m3,Medium,-5.427730725390624,-8.609655005078132,10.177741406314878,39.78784778066404,8.182303651855468,2.6201546429321296,-0.14,-0.124,0.18701871564097536,9
0276264-0000167,7/27/2015 5:00:00 AM,29.05571,-134.5405,0.784123,pieces/m3,Medium,-5.944808620507812,-2.8477682239453106,6.591701858532182,169.47341094710936,10.870716568710938,1.8535285898583986,-0.266,0.132,0.296951174437819,7
0276264-0000467,8/20/2015 5:00:00 AM,30.5515,-140.5807,4.795062,pieces/m3,High,-4.994649433984371,-4.113570249023439,6.470547361858281,59.60573026499024,8.858378865905761,1.9999692452026367,-0.024,-0.016,0.028844410203711916,8
0276264-0000269,8/11/2015 5:00:00 AM,32.003092,-143.1145,4.934588,pieces/m3,High,-6.266830208898433,-4.2503505122734335,7.572228228490278,65.8766861379414,7.170765664499513,1.60527490349353,-0.057,0.007,0.057428216061444916,8
0276264-0000366,8/12/2015 5:00:00 AM,33.56665,-151.05,1.527513,pieces/m3,High,-5.544393149414059,-0.4025684179687481,5.558988822296318,104.6440027294922,7.448729028625487,1.3338603382492067,-0.14300000000000002,0.20800000000000002,0.25241434190631884,8
0276264-0000168,7/28/2015 5:00:00 AM,29.009277,-135.1045,0.914308,pieces/m3,Medium,-6.848291357976563,-2.727823761492187,7.371574933316344,144.63869235363285,9.448493265203124,2.0957328655234373,-0.191,0.13,0.2310432859877127,7
0276264-0000565,9/10/2015 5:00:00 AM,33.11215,-133.077,2.63242,pieces/m3,High,-5.53774851328125,-6.453664567773437,8.503907628242619,39.3882162461914,8.205038989709472,2.3673727619018554,-0.138,-0.08600000000000001,0.16260381299342277,9
0276264-0000468,8/21/2015 5:00:00 AM,30.5864,-139.65,3.951364,pieces/m3,High,-3.5674852490234383,-3.81139293457031,5.220504487469799,52.16419503540039,9.17737064239502,1.999082348022461,-0.065,0.027,0.0703846574190711,8
0276263-0000017,12/2/2019 6:00:00 AM,31.7875,-143.938667,4.954052,pieces/m3,High,-4.424835984179692,-9.278569390234377,10.279641210484236,352.4454528707032,10.316639117968746,4.146637239611816,-0.138,-0.109,0.17585505395068973,12
0276264-0000469,8/21/2015 5:00:00 AM,30.42635,-137.804,2.182661,pieces/m3,High,-3.4743481318359377,-4.182610093945311,5.437400310733528,50.9038679916504,9.119792800598145,1.9829778087646486,-0.07100000000000001,-0.007,0.07134423592694789,8
0276264-0000367,8/11/2015 5:00:00 AM,31.75,-153.14165,0.285813,pieces/m3,Medium,-7.3407818115234384,-1.8054284912109382,7.559540306213702,92.4860860961914,7.178877684020995,1.4579082881927492,-0.14400000000000002,0.148,0.2064945519862449,8
0276264-0000270,8/11/2015 5:00:00 AM,32.000239,-142.5845,2.068737,pieces/m3,High,-6.135534203499997,-4.19961951109375,7.435158639886418,64.28187629087887,7.20832961828711,1.601900554944702,-0.084,0.066,0.10682696288858914,8
0276264-0000169,7/28/2015 5:00:00 AM,29.009007,-135.1075,1.393601,pieces/m3,High,-6.849708562382808,-2.7286655799609343,7.373203051377596,144.64231942207033,9.448241250859377,2.0957681021582033,-0.191,0.13,0.2310432859877127,7
0276264-0000566,9/10/2015 5:00:00 AM,33.1067,-133.1195,2.741188,pieces/m3,High,-5.547715469531246,-6.451978705273435,8.509123112529172,39.570563546191345,8.19965055933838,2.366834821960449,-0.138,-0.08600000000000001,0.16260381299342277,9
0276263-0000018,12/2/2019 6:00:00 AM,31.796333,-143.933667,15.049329,pieces/m3,Very High,-4.425454815272803,-9.289436799147627,10.289717506684978,352.45205958693407,10.313878018156144,4.146143308395667,-0.138,-0.109,0.17585505395068973,12
0276264-0000470,8/22/2015 5:00:00 AM,30.13065,-133.8532,2.387089,pieces/m3,High,-2.263809145624956,-4.598064110585888,5.125136623825084,31.62271119898767,8.75647239073975,2.0351648602319323,0.006,-0.079,0.07922752047110902,8
0276264-0000170,7/28/2015 5:00:00 AM,28.990773,-135.6835,0.86557,pieces/m3,Medium,-7.115067527429691,-2.5753682189140576,7.566816198565749,146.08261595250787,9.420171952026855,2.0968570549511716,-0.11900000000000001,-0.036000000000000004,0.12432618388738553,7
0276264-0000271,8/11/2015 5:00:00 AM,32.000648,-142.5855,3.964016,pieces/m3,High,-6.135473432023438,-4.199472444023438,7.435025423169557,64.28799846306637,7.2083718241459955,1.601863597911499,-0.084,0.066,0.10682696288858914,8
0276264-0000368,8/12/2015 5:00:00 AM,35.375,-148.85,1.234553,pieces/m3,High,-4.642813110351557,-2.859240722656252,5.452611400764605,87.88759460449216,7.634985542297365,1.2441639661788941,-0.059000000000000004,-0.043000000000000003,0.07300684899377594,8
0276263-0000019,12/3/2019 6:00:00 AM,33.488333,-143.104333,3.187497,pieces/m3,High,-3.4837157285331237,-5.643379632865483,6.632044101019686,1.7200982464516563,8.9420056868253,2.491048175691353,-0.08600000000000001,-0.032,0.0917605579756357,12
0276264-0000471,8/22/2015 5:00:00 AM,30.14545,-133.79635,3.964444,pieces/m3,High,-2.246797841679662,-4.4742860212499656,5.006729066099866,31.49568169674892,8.761944163215334,2.033760480649413,0.006,-0.079,0.07922752047110902,8
0276264-0000171,7/28/2015 5:00:00 AM,28.991327,-135.68,0.934591,pieces/m3,Medium,-7.112887704062505,-2.5773999439062463,7.5654584766193445,146.07007209917973,9.420253932578126,2.096893835168457,-0.11900000000000001,-0.036000000000000004,0.12432618388738553,7
0276264-0000472,8/23/2015 5:00:00 AM,30.14065,-133.74765,4.812514,pieces/m3,High,0.05645618925782013,-0.3520301678124445,0.35652845658596827,38.260632095410166,8.054233445859376,1.6464790251928707,0.097,-0.052000000000000005,0.11005907504608606,8
0276264-0000567,9/10/2015 5:00:00 AM,33.10015,-133.1591,2.999244,pieces/m3,High,-5.556289331718748,-6.4496648880078125,8.512962369549886,39.73847635837889,8.194978844440918,2.3662081216918947,-0.138,-0.08600000000000001,0.16260381299342277,9
0276264-0000369,8/14/2015 5:00:00 AM,36.29165,-145.8333,2.081533,pieces/m3,High,-4.636217542773444,-2.080497469257807,5.0816319055504575,97.69664041322264,7.74054352271484,1.1490455509881594,-0.022,0.122,0.12396773773849389,8
0276264-0000272,8/11/2015 5:00:00 AM,31.998427,-142.044,4.535362,pieces/m3,High,-6.021388112367189,-4.173683942210938,7.326442004767822,62.282867471631455,7.258953969497558,1.5948421339427492,-0.18,0.1,0.20591260281974,8
0276264-0000172,7/28/2015 5:00:00 AM,29.007998,-136.255,0.838474,pieces/m3,Medium,-7.542408215468747,-1.972926141875008,7.796175937603271,149.12509700824214,9.452875185830077,2.083055193137207,-0.157,0.043000000000000003,0.1627820628939196,7
0276263-0000020,12/3/2019 6:00:00 AM,33.444833,-143.083,3.41776,pieces/m3,High,-3.4831187694531236,-5.611536464117191,6.604654256676387,1.7268724744100283,8.943975137557617,2.4923490152666012,-0.08600000000000001,-0.032,0.0917605579756357,12
0276264-0000473,8/13/2015 5:00:00 AM,34.0202,-154.4145,0.528724,pieces/m3,Medium,-5.832052559179688,0.05022127890625202,5.832268789235398,119.32066950625001,7.6438541974609375,1.4187179884002687,-0.021,0.069,0.07212489168102786,8
0276264-0000474,8/13/2015 5:00:00 AM,34.14805,-154.3767,0.646543,pieces/m3,Medium,-5.936888119960936,0.0681992689843743,5.937279822378536,119.08391424625,7.635645783183595,1.4173081051776124,-0.021,0.069,0.07212489168102786,8
0276264-0000273,8/11/2015 5:00:00 AM,31.997675,-142.0465,8.968392,pieces/m3,High,-6.0221316568359375,-4.174177524999999,7.32733428352226,62.289614637345736,7.2585201956909176,1.594932181881714,-0.18,0.1,0.20591260281974,8
0276263-0000021,12/3/2019 6:00:00 AM,33.5053,-143.057217,1.582836,pieces/m3,High,-3.4449207636640695,-5.680471961906245,6.643435916596684,1.6140895727880435,8.93890960986797,2.491466027525634,-0.048,-0.04,0.062481997407253236,12
0276264-0000370,8/14/2015 5:00:00 AM,36.29165,-145.7333,1.602424,pieces/m3,High,-4.585438949648446,-2.129217903476554,5.0556719871287275,97.74025556947262,7.765893161386714,1.1503313127069092,-0.033,0.014,0.035846896657869845,8
0276264-0000173,7/28/2015 5:00:00 AM,29.008225,-136.2595,0.864578,pieces/m3,Medium,-7.545181595898439,-1.9659346664062451,7.797093331983551,149.1574613947266,9.45350419276123,2.0828728171264643,-0.157,0.043000000000000003,0.1627820628939196,7
0276264-0000568,9/10/2015 5:00:00 AM,33.08485,-133.2088,3.772227,pieces/m3,High,-5.56436755640625,-6.442799481679688,8.513040083537637,39.93923231431639,8.190815030715331,2.3648136255249024,-0.138,-0.08600000000000001,0.16260381299342277,9
0276264-0000475,8/13/2015 5:00:00 AM,34.20425,-154.36715,1.051438,pieces/m3,High,-5.981786083789059,0.07743642753906718,5.982287284352236,119.01032073750005,7.6322122430175785,1.4167969826873779,-0.021,0.069,0.07212489168102786,8
0276264-0000371,8/16/2015 5:00:00 AM,34.1333,-137.1,3.616785,pieces/m3,High,-5.083582382812503,-4.230957080078133,6.613910163912489,67.20971067382806,7.355965827941893,1.30289262878418,-0.202,-0.10200000000000001,0.22629184695874488,8
0276264-0000274,8/11/2015 5:00:00 AM,32.012067,-141.5035,7.860124,pieces/m3,High,-5.901336041445313,-4.267344748296874,7.282581841275684,59.76504346437299,7.291416519175295,1.593332654477417,-0.027,-0.035,0.04420407221060069,8
0276264-0000174,7/28/2015 5:00:00 AM,29.007052,-136.8455,0.983232,pieces/m3,Medium,-7.633048750531255,-1.1519722109375141,7.719486589324385,154.19746925124207,9.588813367050776,2.0501874850395514,-0.152,0.137,0.20462893246068603,7
0276263-0000022,12/3/2019 6:00:00 AM,33.666667,-141.15,3.692508,pieces/m3,High,-1.9368753722656273,-6.814289345507807,7.0842095883726035,358.3202393046875,8.777974937304688,2.5487474449829097,-0.065,-0.08,0.10307764064044152,12
0276264-0000569,9/10/2015 5:00:00 AM,33.07095,-133.2357,6.487523,pieces/m3,High,-5.566446059843754,-6.436024976289065,8.509273719452601,40.04005614900395,8.189905649274898,2.3635773157836915,-0.138,-0.08600000000000001,0.16260381299342277,9
0276264-0000476,8/14/2015 5:00:00 AM,34.24515,-154.3473,1.387017,pieces/m3,High,-7.970457435507816,0.9440816674609334,8.026174800368956,108.85520583478511,6.8973748821142555,1.535244475060425,-0.018000000000000002,0.10300000000000001,0.1045609869884557,8
0276264-0000275,8/11/2015 5:00:00 AM,32.009235,-141.5065,9.260515,pieces/m3,High,-5.902974982226561,-4.266865582343753,7.28362928343984,59.762915352488136,7.290722107663575,1.5935686684881594,-0.027,-0.035,0.04420407221060069,8
0276264-0000372,8/8/2015 5:00:00 AM,36.25525,-156.2503,6.58212,pieces/m3,High,-2.4296684671875073,-1.1943574968749961,2.7073564026161754,142.65079255292966,9.62597527003174,1.6082937606323249,-0.08,-0.04,0.08944271909999159,8
0276264-0000570,9/10/2015 5:00:00 AM,33.0595,-133.27305,4.656397,pieces/m3,High,-5.568942120312501,-6.430562958789063,8.506777081030197,40.191795060253966,8.186723829821775,2.3625424107055664,-0.158,-0.079,0.1766493702224834,9
0276263-0000023,12/3/2019 6:00:00 AM,33.669,-141.131667,6.293373,pieces/m3,High,-1.9298781078437477,-6.832489563054694,7.099812894744895,358.299054753125,8.775501667849609,2.5497190851206057,-0.065,-0.08,0.10307764064044152,12
0276264-0000175,7/28/2015 5:00:00 AM,29.007302,-136.8435,0.89138,pieces/m3,Medium,-7.633967550984372,-1.1541343203124934,7.720718010574244,154.177794474711,9.588207347919925,2.050324272156738,-0.152,0.137,0.20462893246068603,7
0276264-0000477,8/14/2015 5:00:00 AM,36.17985,-153.7338,0.563965,pieces/m3,Medium,-7.662199096679686,1.2296971923828157,7.7602480747791285,114.97416447119141,6.759012955625,1.4166106816326902,-0.012,0.112,0.1126410227226298,8
0276264-0000276,8/12/2015 5:00:00 AM,32.00336,-140.348,4.092073,pieces/m3,High,0.26046070339842886,-4.126760662656244,4.134971988401107,108.51720217949216,8.484539368312989,1.1886693875851442,-0.038,-0.075,0.08407734534343957,8
0276264-0000373,8/8/2015 5:00:00 AM,36.25325,-156.18705,6.203604,pieces/m3,High,-2.4206035134765607,-1.2340369109374996,2.7170146239965725,142.70217653183593,9.616017090979003,1.6049013774780272,-0.092,-0.051000000000000004,0.10519030373565808,8
0276264-0000571,9/10/2015 5:00:00 AM,33.04615,-133.3114,2.053062,pieces/m3,High,-5.568966685468748,-6.423479600273436,8.5014398850424,40.345738188691364,8.183819378264161,2.3613472953002925,-0.158,-0.079,0.1766493702224834,9
0276264-0000176,7/29/2015 5:00:00 AM,29.00774,-137.451,0.918348,pieces/m3,Medium,-5.938483171835935,-2.1248252565625023,6.3071756557990755,159.9114685001953,9.57260122208252,1.9628612578417965,-0.136,0.013000000000000001,0.13661991070118587,7
0276263-0000024,12/3/2019 6:00:00 AM,33.671833,-141.098667,7.704875,pieces/m3,High,-1.9174270605998305,-6.865255750923604,7.127991516430846,358.2609569349828,8.771125218308054,2.551466512555231,-0.065,-0.08,0.10307764064044152,12
0276264-0000478,8/14/2015 5:00:00 AM,36.2547,-153.71465,1.0534,pieces/m3,High,-7.580315168320315,1.2865724037890667,7.68872203953678,115.46012038916018,6.770777980014649,1.406132496281128,-0.038,0.165,0.16931922513406444,8
0276264-0000374,8/8/2015 5:00:00 AM,36.83315,-153.35705,3.118782,pieces/m3,High,-1.7579873945703057,-1.945201894335948,2.6218943703353594,147.48298025339847,9.258824573723142,1.40101329331787,-0.025,0.069,0.0733893725276351,8
0276264-0000277,8/12/2015 5:00:00 AM,32.000367,-140.351,8.765483,pieces/m3,High,0.25075274569530615,-4.128084504281253,4.135693244664155,108.48588047511716,8.48413026014502,1.1888304319288943,-0.038,-0.075,0.08407734534343957,8
0276264-0000572,9/11/2015 5:00:00 AM,33.0328,-133.35875,1.79035,pieces/m3,High,-5.779084422851555,-3.9374390917968727,6.992942397021133,51.787152758300756,8.484085260620123,2.0118691092529297,-0.115,-0.063,0.13112589370524802,9
0276264-0000177,7/29/2015 5:00:00 AM,29.008008,-137.4495,0.795394,pieces/m3,Medium,-5.9378384134609385,-2.1256498041875,6.30684644766421,159.92055017644532,9.57279111255127,1.962765546935547,-0.136,0.013000000000000001,0.13661991070118587,7
0276264-0000479,8/14/2015 5:00:00 AM,36.32075,-153.6895,1.100274,pieces/m3,High,-7.514437844726565,1.3296346962890664,7.631166657060672,115.85857603759767,6.780141329223634,1.3965669283905036,-0.038,0.165,0.16931922513406444,8
0276264-0000278,8/12/2015 5:00:00 AM,31.992393,-139.8385,5.058694,pieces/m3,High,0.5725503227656168,-4.1939101640625,4.232811871123705,109.07568752136717,8.477826216446777,1.1813106107697144,-0.003,-0.045,0.045099889135118726,8
0276264-0000375,8/9/2015 5:00:00 AM,36.8386,-153.28865,2.736727,pieces/m3,High,1.5715543057421908,-5.560343611875001,5.778166146626103,141.5702652935547,7.5590552348852516,1.2250093250634766,-0.074,0.046,0.08713208364316785,8
0276264-0000178,7/29/2015 5:00:00 AM,29.000943,-138.032,0.857739,pieces/m3,Medium,-6.311352304867196,-1.8978608292812431,6.590526810769572,156.98161654082028,9.49264280289111,1.9980100472441413,-0.07100000000000001,-0.012,0.07200694410957878,7
0276263-0000025,12/3/2019 6:00:00 AM,33.89755,-140.53365,27.723083,pieces/m3,Very High,-1.685904930937498,-7.510915054492195,7.697799711083477,357.8658083975,8.671885363459472,2.593054969085694,-0.063,-0.056,0.08429116205154608,12
0276264-0000573,9/11/2015 5:00:00 AM,33.02275,-133.41515,0.585087,pieces/m3,Medium,-5.8073290753906335,-3.9476071669921904,7.022013481528324,51.8785231583008,8.470439798156734,2.0107932235595705,-0.115,-0.063,0.13112589370524802,9
0276264-0000480,8/14/2015 5:00:00 AM,36.3728,-153.6528,1.550254,pieces/m3,High,-7.465909677617189,1.35213811019532,7.587363493558257,116.10915907275394,6.785383178251955,1.3884144002264414,-0.038,0.165,0.16931922513406444,8
0276264-0000279,8/12/2015 5:00:00 AM,31.98985,-139.84,9.431598,pieces/m3,High,0.5672078037109358,-4.19504794921875,4.233220049659009,109.04886866699218,8.47746466534424,1.181462206413269,-0.003,-0.045,0.045099889135118726,8
0276263-0000026,12/3/2019 6:00:00 AM,33.906033,-140.5,4.256088,pieces/m3,High,-1.6743503183593753,-7.554114454101563,7.737447523198868,357.84852432031255,8.666242916992188,2.595697985900879,-0.068,-0.067,0.09546203433826456,12
0276263-0000027,12/3/2019 6:00:00 AM,33.9101,-140.475483,7.252628,pieces/m3,High,-1.6773059358875002,-7.57826469680469,7.7616654796119455,357.83320478588126,8.661321198207226,2.5981998778175783,-0.068,-0.067,0.09546203433826456,12
0276264-0000179,7/29/2015 5:00:00 AM,29.001168,-138.0285,0.741419,pieces/m3,Medium,-6.308571103898444,-1.9000960345624949,6.588507745575059,157.00068381582028,9.49318546859033,1.9977939281386723,-0.07100000000000001,-0.012,0.07200694410957878,7
0276264-0000574,9/11/2015 5:00:00 AM,32.47625,-133.46005,0.91359,pieces/m3,Medium,-5.2668989169921865,-3.601815565429686,6.380697420281347,51.35622837939452,8.63947172442627,1.9663370191040037,-0.137,-0.028,0.13983204210766573,9
0276264-0000481,8/14/2015 5:00:00 AM,36.42225,-153.62265,1.17109,pieces/m3,High,-7.4233761394531275,1.377577731835931,7.550114814693366,116.36803788330074,6.791087861804197,1.3807479968475342,-0.038,0.165,0.16931922513406444,8
0276264-0000280,8/12/2015 5:00:00 AM,32.003383,-139.321,17.674272,pieces/m3,Very High,0.9768696339609378,-4.190837976203126,4.3031845445601435,110.26232550839843,8.47307133865088,1.173127635359558,-0.013000000000000001,-0.009000000000000001,0.0158113883008419,8
0276264-0000376,8/9/2015 5:00:00 AM,36.8441,-153.19055,3.530292,pieces/m3,High,1.6175447301953085,-5.575008453515624,5.804926374292208,141.67589526386718,7.535348896735841,1.2261315258349608,-0.081,0.007,0.08130190649671139,8
0276264-0000180,7/29/2015 5:00:00 AM,29.000035,-138.5655,1.146122,pieces/m3,High,-6.69980644999999,-1.5558620405859485,6.87808935365031,154.5430442021485,9.421411075498048,2.0280076198364254,-0.04,-0.049,0.06325345840347388,7
0276264-0000281,8/12/2015 5:00:00 AM,32.002977,-139.315,20.043001,pieces/m3,Very High,0.9798306671484414,-4.192713225703124,4.3056837237853935,110.27167331152344,8.47292592687744,1.1730606797384642,-0.013000000000000001,-0.009000000000000001,0.0158113883008419,8
0276264-0000282,8/13/2015 5:00:00 AM,32.005742,-138.792,6.000392,pieces/m3,High,-4.240284547242193,-5.250141816281249,6.74862964850242,30.788612750251083,7.757145489421873,1.423120440095581,-0.124,0.063,0.13908630414242806,8
0276264-0000181,7/29/2015 5:00:00 AM,29.000142,-138.5675,0.907112,pieces/m3,Medium,-6.701234619726559,-1.5542889327343785,6.879124909103071,154.53794793847658,9.421273208796386,2.028090482104492,-0.04,-0.049,0.06325345840347388,7
0276264-0000575,9/11/2015 5:00:00 AM,32.4745,-133.4965,1.389757,pieces/m3,High,-5.269708625976561,-3.615862775390623,6.390953967378215,51.389195836425785,8.629486337524414,1.9659171080322266,-0.137,-0.028,0.13983204210766573,9
0276264-0000482,8/15/2015 5:00:00 AM,36.48745,-153.60735,0.750804,pieces/m3,Medium,-6.308080784609373,1.4841452791406242,6.480321781729161,121.71896294386718,7.07596947802246,1.2833644156506345,-0.015,0.153,0.15373353570382747,8
0276263-0000028,12/4/2019 6:00:00 AM,34.422667,-139.239667,42.069682,pieces/m3,Very High,-1.5023655699131229,-1.0095303443019028,1.8100424916909275,346.02085769948957,9.908632992855082,2.3678017696637923,0.054,-0.003,0.054083269131959835,12
0276264-0000576,9/11/2015 5:00:00 AM,32.469,-133.5409,2.131878,pieces/m3,High,-5.270837905664063,-3.6285459886718736,6.399068543131248,51.435248642675774,8.61742067878418,1.9652846133544923,-0.138,-0.045,0.14515164484083534,9
0276264-0000377,8/10/2015 5:00:00 AM,36.7966,-146.6179,3.084044,pieces/m3,High,-4.503302850390624,-5.8511184147265665,7.383449279671978,35.07295829943356,6.966842817255859,1.43848737069397,-0.099,0.049,0.11046266337545914,8
0276263-0000029,12/4/2019 6:00:00 AM,34.432067,-139.212717,15.664694,pieces/m3,Very High,-1.4954107407568755,-1.055869614291733,1.8306047978620617,345.92517716871146,9.90798101382359,2.36731344998513,0.054,-0.003,0.054083269131959835,12
0276264-0000283,8/13/2015 5:00:00 AM,32.00334,-138.795,8.972393,pieces/m3,High,-4.24837565449217,-5.249535736718755,6.753245231203225,30.86259597921964,7.756074241796878,1.4232373116424555,-0.124,0.063,0.13908630414242806,8
0276264-0000483,8/15/2015 5:00:00 AM,38.28955,-152.5767,0.764954,pieces/m3,Medium,-6.186335462812497,1.5661274621484285,6.381496821761098,126.29494972582026,6.880099361520996,1.15152673644165,-0.011,0.053,0.05412947441089743,8
0276264-0000182,7/29/2015 5:00:00 AM,29.00025,-139.1675,1.478848,pieces/m3,High,-6.95612693847656,-1.0165315136718847,7.030009836585389,152.87682881347658,9.38072845855713,2.053284924926757,-0.079,0.029,0.08415461959987698,7
0276264-0000284,8/13/2015 5:00:00 AM,32.00225,-138.28,5.330399,pieces/m3,High,-3.7588917919921943,-5.413718847656252,6.590722211212882,24.87094637578971,7.819216772460936,1.4080395800018313,-0.156,-0.004,0.15605127362504928,8
0276264-0000577,9/11/2015 5:00:00 AM,32.46245,-133.58405,1.4442,pieces/m3,High,-5.270600452773433,-3.640155993007807,6.40546366676185,51.4800694283789,8.60596385521973,1.9645940735058594,-0.138,-0.045,0.14515164484083534,9
0276264-0000285,8/13/2015 5:00:00 AM,32.000718,-138.2815,9.018254,pieces/m3,High,-3.762626487976559,-5.414190321718752,6.593240093293723,24.91309437678103,7.8187324729150385,1.408069168599487,-0.156,-0.004,0.15605127362504928,8
0276263-0000030,12/4/2019 6:00:00 AM,34.442383,-139.185417,14.472815,pieces/m3,Very High,-1.4890337203368753,-1.1022728341887327,1.8526270054413914,345.82318760633547,9.907493918807027,2.3667937794076925,0.054,-0.003,0.054083269131959835,12
0276264-0000378,8/10/2015 5:00:00 AM,36.84455,-146.5259,2.210857,pieces/m3,High,-4.489544865625001,-5.864869745742186,7.385980654928757,34.53945516333988,6.977691953500976,1.4350667587799073,-0.099,0.049,0.11046266337545914,8
0276264-0000484,8/15/2015 5:00:00 AM,38.33615,-152.5177,0.92334,pieces/m3,Medium,-6.163547479062497,1.4729651399609258,6.337108475495569,126.4419276536328,6.884395574577637,1.145135515074462,-0.011,0.053,0.05412947441089743,8
0276264-0000578,9/11/2015 5:00:00 AM,32.46055,-133.6301,1.222912,pieces/m3,High,-5.27598257550781,-3.656359017499998,6.419108458494495,51.527226611894534,8.592033019467774,1.9642715145361327,-0.138,-0.045,0.14515164484083534,9
0276264-0000183,7/29/2015 5:00:00 AM,29.000985,-139.163,1.382889,pieces/m3,High,-6.954772601601564,-1.0207053039843645,7.029274589711914,152.89196191222655,9.381016957834472,2.053083902309571,-0.079,0.029,0.08415461959987698,7
0276264-0000379,8/10/2015 5:00:00 AM,36.87035,-146.45315,4.339353,pieces/m3,High,-4.476185595703123,-5.86777476609375,7.380177382203404,34.135701383763525,6.986039591562501,1.4329756805328366,-0.052000000000000005,0.063,0.0816884324736373,8
0276264-0000579,9/11/2015 5:00:00 AM,32.44905,-133.6769,1.644937,pieces/m3,High,-5.270464551445311,-3.6668110489062453,6.4205373495076365,51.57456692033202,8.580917036928714,1.9631963201806641,-0.138,-0.045,0.14515164484083534,9
0276264-0000184,7/29/2015 5:00:00 AM,29.018382,-139.8145,0.82854,pieces/m3,Medium,-7.014744646617188,-0.4216233980781166,7.027404125781541,151.92413179966402,9.374124257372559,2.072144800186524,-0.158,0.005,0.1580790941269591,7
0276264-0000485,8/15/2015 5:00:00 AM,38.3837,-152.4547,1.048821,pieces/m3,High,-6.1392157395312505,1.3627359074609426,6.288642067250421,126.68213836097655,6.8951671896997055,1.137817173131104,-0.016,0.04,0.04308131845707603,8
0276264-0000286,8/13/2015 5:00:00 AM,31.990702,-137.768,4.099853,pieces/m3,High,-3.50257179767969,-5.43147714878125,6.4628904691038995,19.75441593416282,7.846064479414062,1.395402395923706,-0.13,-0.013000000000000001,0.13064838307457158,8
0276264-0000380,8/15/2015 5:00:00 AM,40.0162,-151.63895,0.377236,pieces/m3,Medium,-5.358809278281254,0.9238052113671885,5.437853707993847,160.21234405378894,7.748799994475094,0.9271993403627015,0.032,0.093,0.09835141076771599,8
0276264-0000381,8/15/2015 5:00:00 AM,39.94575,-151.4542,0.743711,pieces/m3,Medium,-5.457175210156253,0.8919717998046811,5.529590849781813,157.52754132285148,7.677124262756346,0.9306041674720765,0.035,0.082,0.08915716460273959,8
0276264-0000287,8/13/2015 5:00:00 AM,31.989368,-137.771,5.898689,pieces/m3,High,-3.5065569915546826,-5.43154576103125,6.465108760817374,19.822397125883626,7.8456499288671875,1.3954441610487058,-0.13,-0.013000000000000001,0.13064838307457158,8
0276264-0000580,9/11/2015 5:00:00 AM,32.4396,-133.72655,2.189049,pieces/m3,High,-5.267529779414062,-3.6803277389843756,6.425860428250196,51.62383243142578,8.56815178597168,1.9622896504248046,-0.138,-0.045,0.14515164484083534,9
0276264-0000486,8/15/2015 5:00:00 AM,38.42925,-152.3954,1.315256,pieces/m3,High,-6.1161732210937485,1.255132892773429,6.243631431222224,126.95763125410159,6.907899190441896,1.1305793264709467,-0.016,0.04,0.04308131845707603,8
0276264-0000288,8/13/2015 5:00:00 AM,31.9954,-137.231,6.548017,pieces/m3,High,-3.3324395623046863,-5.43639656953125,6.376485011165994,13.937998907257782,7.8499679574218755,1.380913387423706,-0.088,0.014,0.08910667763978185,8
0276264-0000185,7/29/2015 5:00:00 AM,29.01001,-139.813,0.81936,pieces/m3,Medium,-7.018098082148437,-0.4224170639062605,7.030799162722169,151.86549051613284,9.372893854104003,2.0726050519726558,-0.158,0.005,0.1580790941269591,7
0276264-0000581,9/11/2015 5:00:00 AM,32.43755,-133.7748,3.702866,pieces/m3,High,-5.279528344726564,-3.699518331484376,6.446693371625499,51.67180002142578,8.553448887651367,1.9619715815966798,-0.14100000000000001,-0.048,0.14894629904767692,9
0276264-0000487,8/16/2015 5:00:00 AM,38.47405,-152.3359,0.863263,pieces/m3,Medium,-6.811812920078116,2.3154272042187607,7.194581182819432,130.30179879492192,6.949852234255372,1.3566379054150386,-0.025,0.049,0.05500909015790027,8
0276264-0000186,7/30/2015 5:00:00 AM,28.999632,-140.4615,0.942509,pieces/m3,Medium,-5.0036305942968795,-3.335872081101562,6.013681207518122,152.55194091386716,8.940631112520506,1.6927689843969729,-0.131,0.05,0.14021768789992226,7
0276264-0000582,9/12/2015 5:00:00 AM,32.44115,-133.8228,4.42415,pieces/m3,High,-4.7383713040625,-3.3338462958593738,5.793677048263756,72.31933192300781,8.654447801569823,1.698841901418457,-0.154,-0.05,0.16191355718407277,9
0276264-0000488,8/16/2015 5:00:00 AM,40.486,-151.25485,0.182829,pieces/m3,Medium,-5.278399475000005,2.952836452734376,6.0482017273134385,151.97312381757808,7.6923841885864235,1.1264429889404304,-0.002,0.115,0.1150173899895142,8
0276264-0000289,8/13/2015 5:00:00 AM,31.994232,-137.239,9.860272,pieces/m3,High,-3.3365936700546888,-5.43637626303125,6.378639681961871,14.062600368976572,7.84975967965625,1.3811326094705811,-0.088,0.014,0.08910667763978185,8
0276264-0000290,8/14/2015 5:00:00 AM,32.015833,-136.70005,5.37808,pieces/m3,High,-4.880993593806252,-4.271174163217967,6.485909897255618,52.4684513120754,7.557093162856346,1.349501067648706,-0.051000000000000004,0.035,0.061854668376768465,8
0276264-0000187,7/30/2015 5:00:00 AM,28.999668,-140.458,0.749445,pieces/m3,Medium,-5.000211252421873,-3.3381476513515635,6.012099659109975,152.5668320638672,8.941211739348633,1.692725043693848,-0.131,0.05,0.14021768789992226,7
0276264-0000489,8/24/2015 5:00:00 AM,39.98695,-130.389,0.640253,pieces/m3,Medium,-4.152744084179684,-5.82449112050781,7.153319526035705,13.59842864046634,7.275525355505374,1.7286160648559565,-0.07,0.034,0.07782030583337488,8
0276264-0000583,9/12/2015 5:00:00 AM,32.4368,-133.8719,2.958448,pieces/m3,High,-4.767844719687505,-3.274025820859362,5.783734809507249,72.42430554175785,8.657594248542482,1.6962563383325189,-0.154,-0.05,0.16191355718407277,9
0276264-0000291,8/14/2015 5:00:00 AM,32.015833,-136.70005,12.438422,pieces/m3,Very High,-4.880993593806252,-4.271174163217967,6.485909897255618,52.4684513120754,7.557093162856346,1.349501067648706,-0.051000000000000004,0.035,0.061854668376768465,8
0276264-0000490,8/24/2015 5:00:00 AM,39.97385,-130.30875,0.941444,pieces/m3,Medium,-4.179107032226561,-5.840289323242186,7.18149810039536,13.362781665466322,7.263844721557618,1.73151684588623,-0.07,0.034,0.07782030583337488,8
0276264-0000188,7/30/2015 5:00:00 AM,29.00001,-141.0635,1.33967,pieces/m3,High,-5.413312179609378,-2.856462461132809,6.120729249506805,150.67497617558593,8.865936674755858,1.6987180960278319,-0.187,-0.017,0.18777113729218342,7
0276264-0000584,9/12/2015 5:00:00 AM,31.83045,-133.93875,1.285492,pieces/m3,High,-4.290803177734374,-3.149005609375001,5.322332969472187,74.04400574902344,8.800685552124023,1.6610341588134765,-0.077,-0.031,0.08300602387778853,9
0276264-0000292,8/14/2015 5:00:00 AM,32.001075,-136.175,4.286916,pieces/m3,High,-4.4785302490234455,-4.498391567382808,6.347657826704174,49.56512771118171,7.724081944580074,1.349036160812378,-0.13,-0.028,0.13298120167903432,8
0276264-0000189,7/30/2015 5:00:00 AM,28.999877,-141.0615,1.102814,pieces/m3,High,-5.4125022145390576,-2.858234003992191,6.120839962290097,150.678562979961,8.866126533561037,1.6987135958115231,-0.131,-0.013000000000000001,0.1316434578701122,7
0276264-0000491,8/24/2015 5:00:00 AM,27.60835,-152.26665,0.318286,pieces/m3,Medium,-2.8719052357812482,-0.14981283003906648,2.875810071501952,115.23489796562501,9.523982130629884,1.5986448440551757,0.043000000000000003,-0.051000000000000004,0.06670832032063168,8
0276264-0000585,9/12/2015 5:00:00 AM,31.8194,-133.9954,1.305863,pieces/m3,High,-4.2903202821874995,-3.1193923989843806,5.304475192004479,74.0857394530078,8.803906136940917,1.6584454179028327,-0.077,-0.031,0.08300602387778853,9
0276264-0000293,8/14/2015 5:00:00 AM,31.999527,-136.178,6.724144,pieces/m3,High,-4.482723145773435,-4.495538228617189,6.348595968134329,49.61737369074411,7.722865207515626,1.3491008411990966,-0.157,-0.056,0.16668833192518306,8
0276264-0000190,7/30/2015 5:00:00 AM,29.000885,-141.609,3.546383,pieces/m3,High,-5.695009481796879,-2.4197436013671814,6.187753396355883,149.02167100621094,8.793268644975585,1.7053274622924808,-0.17400000000000002,-0.034,0.17729072169744248,7
0276264-0000294,8/14/2015 5:00:00 AM,31.99426,-135.652,4.532856,pieces/m3,High,-4.079295118242177,-4.704915734804693,6.227108537140432,45.63200001305651,7.894151815595707,1.3480822763983156,-0.109,-0.047,0.11870130580579136,8
0276264-0000191,7/30/2015 5:00:00 AM,29.000848,-141.6045,3.472031,pieces/m3,High,-5.692794237171874,-2.4229825466015606,6.186982353935809,149.0364201311172,8.793954247770507,1.705248263811035,-0.17400000000000002,-0.034,0.17729072169744248,7
0276264-0000586,9/12/2015 5:00:00 AM,31.7811,-134.0238,1.735337,pieces/m3,High,-4.267259444999999,-3.106329359609379,5.278142216851769,74.07151047550781,8.806547881413575,1.6566607881762696,-0.076,-0.02,0.078587530817554,9
0276264-0000492,8/25/2015 5:00:00 AM,27.8504,-151.79795,0.288095,pieces/m3,Medium,-2.423146761210934,2.310389076601552,3.3480648009927783,167.40392095050768,9.381373662355957,1.3834354522705075,0.043000000000000003,0.008,0.04373785545725808,8
0276264-0000295,8/14/2015 5:00:00 AM,31.99301,-135.653,10.884687,pieces/m3,Very High,-4.081524722773429,-4.703545827304692,6.227534617500419,45.67735406243152,7.893575021855472,1.348147465783081,-0.109,-0.047,0.11870130580579136,8
0276264-0000192,7/31/2015 5:00:00 AM,29.006025,-142.306,2.512745,pieces/m3,High,-3.0349904304687585,-5.020646832226567,5.866690849787775,120.43668522539075,8.673712745080566,1.6217139979980466,-0.136,0.056,0.1470782104868019,7
0276264-0000587,9/12/2015 5:00:00 AM,31.72955,-134.0345,1.332058,pieces/m3,High,-4.243218677343749,-3.1069220960937454,5.259074980921491,74.0558739251953,8.809652579992676,1.6551794237426756,-0.085,-0.035,0.09192388155425119,9
0276264-0000493,8/25/2015 5:00:00 AM,28.2451,-150.4496,0.254751,pieces/m3,Medium,-3.427247378398432,2.7186894141015663,4.3746196089588,154.58283539800783,9.100648562863771,1.398765201801758,-0.114,0.353,0.37095147930693034,8
0276264-0000296,8/14/2015 5:00:00 AM,32.000485,-135.12,4.783011,pieces/m3,High,-3.6499587560546947,-4.911146997460935,6.11895119702469,39.10810896232888,8.07439366118164,1.3446719066131594,-0.081,0.0,0.081,8
0276264-0000494,8/25/2015 5:00:00 AM,28.28735,-150.41955,0.472955,pieces/m3,Medium,-3.504649299492208,2.739498371718741,4.448305075091057,154.43925275066397,9.087445725761716,1.401886226010742,-0.084,0.368,0.37746523018683453,8
0276264-0000588,9/12/2015 5:00:00 AM,31.68175,-134.04875,1.00189,pieces/m3,High,-4.227256826171872,-3.10718108886718,5.246358221988899,74.03739393066405,8.812581786499024,1.6536776773071282,-0.085,-0.035,0.09192388155425119,9
0276264-0000193,7/31/2015 5:00:00 AM,29.006242,-142.305,2.413153,pieces/m3,High,-3.0343186010937555,-5.020385771757815,5.86611989906547,120.42609909914069,8.673738042404786,1.6217488721972655,-0.136,0.056,0.1470782104868019,7
0276264-0000297,8/14/2015 5:00:00 AM,31.998633,-135.1255,7.197871,pieces/m3,High,-3.656938823078113,-4.908478397882817,6.120977188179857,39.25901890530641,8.072252012082524,1.3447803327703856,-0.039,0.014,0.04143669871020132,8
0276264-0000495,8/25/2015 5:00:00 AM,28.3132,-150.38495,0.530791,pieces/m3,Medium,-3.5790091105859303,2.7402675591015635,4.507590543640974,154.23249315550783,9.077075711477052,1.4037928459033202,-0.084,0.368,0.37746523018683453,8
0276264-0000589,9/12/2015 5:00:00 AM,31.61485,-134.05885,0.600369,pieces/m3,Medium,-4.203087986484372,-3.114950209023434,5.231525917629042,74.01550304378907,8.81660093934082,1.6518824190649413,-0.085,-0.035,0.09192388155425119,9
0276264-0000298,8/15/2015 5:00:00 AM,32.005868,-134.6065,3.614841,pieces/m3,High,-3.912689313531257,-5.592527013726556,6.825356845138793,88.66179729660178,8.002629406068849,1.3405627261428223,-0.11900000000000001,0.041,0.12586500705120546,8
0276264-0000194,7/31/2015 5:00:00 AM,29.006415,-142.973,1.652923,pieces/m3,High,-3.9524399982812723,-4.2916349521484145,5.834373359883269,127.86090479132828,8.727175749714357,1.593867084643554,-0.10300000000000001,0.039,0.11013627921806693,7
0276264-0000590,9/12/2015 5:00:00 AM,31.5601,-134.0748,1.090723,pieces/m3,High,-4.1764052684374935,-3.119089926484371,5.212588889959454,73.9902705567578,8.819981233269045,1.6501864510668942,-0.085,-0.035,0.09192388155425119,9
0276264-0000389,8/16/2015 5:00:00 AM,40.98115,-147.32935,0.466438,pieces/m3,Medium,-4.7760381383593735,-1.753014965117179,5.087592924653864,157.68351269343754,8.707082711845704,1.0250947094213865,-0.091,0.005,0.09113725912051558,8
0276264-0000496,8/26/2015 5:00:00 AM,28.37305,-150.0215,1.21843,pieces/m3,High,-1.4122205421874874,3.296106051757815,3.585900439807387,213.5988522324219,9.77307798355713,1.5547190998779299,-0.05,0.229,0.23439496581624786,8
0276264-0000299,8/15/2015 5:00:00 AM,32.004965,-134.608,7.732587,pieces/m3,High,-3.9149072392187545,-5.591569861289059,6.825844431670236,88.68271255878912,8.002443065070802,1.3406105956018068,-0.11900000000000001,0.041,0.12586500705120546,8
0276264-0000591,9/13/2015 5:00:00 AM,31.50265,-134.0831,0.716268,pieces/m3,Medium,-5.213184245507814,-5.877259588632811,7.856174021098769,52.632006280478535,7.316732471076661,1.749734554387207,-0.125,-0.052000000000000005,0.13538463723776048,9
0276266-0000001,11/1/2018 5:00:00 AM,25.1401,-151.9014,3.656354,pieces/m3,High,1.9962109415624714,6.522578132695322,6.821208369514078,185.75183322835926,9.273070249584961,2.640097245585937,0.045,0.17500000000000002,0.18069310999592653,11
0276264-0000592,9/13/2015 5:00:00 AM,31.44525,-134.083,0.757866,pieces/m3,Medium,-5.224264530273437,-5.860442668945314,7.8509698864705895,52.527880685791004,7.31582602154541,1.7491105524291992,-0.122,-0.065,0.13823530663329106,9
0276264-0000497,8/26/2015 5:00:00 AM,28.3786,-149.9736,1.175749,pieces/m3,High,-1.5366828425781143,3.2850091752734363,3.6266623002844662,213.25551230789065,9.76876203960205,1.5536671871630858,-0.04,0.091,0.09940321926376429,8
0276264-0000300,8/15/2015 5:00:00 AM,33.001015,-134.1295,3.765498,pieces/m3,High,-2.7017208217187507,-5.908250425546872,6.496669799942386,71.5568720835551,8.148119216823734,1.3030241851892086,-0.09,0.063,0.10985900054160333,8
0276264-0000195,7/31/2015 5:00:00 AM,29.006683,-142.971,1.321474,pieces/m3,High,-3.9487847172812565,-4.295226501367181,5.834541236591011,127.83757756457818,8.726973477290528,1.5939606931103514,-0.10300000000000001,0.039,0.11013627921806693,7
0276264-0000390,8/16/2015 5:00:00 AM,40.94225,-147.2525,0.302308,pieces/m3,Medium,-4.84249509765625,-1.9010523242187534,5.202283989772409,154.5075269824219,8.619187839050294,1.0362614599609374,-0.091,0.005,0.09113725912051558,8
0276264-0000196,7/31/2015 5:00:00 AM,28.989643,-143.5405,0.951916,pieces/m3,Medium,-4.3933900917421855,-3.456785617453118,5.590281147066679,133.56687725528133,8.813056900350098,1.5676756657763669,-0.08700000000000001,-0.041,0.09617692030835673,7
0276266-0000002,11/3/2018 5:00:00 AM,28.6633,-147.0067,1.671019,pieces/m3,High,-7.618042959882812,-0.3649260477734451,7.626778452201403,94.15143146566402,7.155651996284179,1.7323974845361327,-0.158,0.083,0.1784740877550576,11
0276264-0000593,9/13/2015 5:00:00 AM,31.43865,-134.0859,1.59384,pieces/m3,High,-5.226106583710939,-5.856971530507808,7.849605438076859,52.53261586438482,7.315922564523926,1.7489255928881833,-0.122,-0.065,0.13823530663329106,9
0276264-0000391,8/17/2015 5:00:00 AM,40.88055,-146.87765,0.402879,pieces/m3,Medium,-8.168422753906256,-2.5323437255859473,8.551952702807002,87.33268305894521,6.239386925205076,1.4317688817407235,-0.146,0.113,0.18462123388169627,8
0276264-0000301,8/15/2015 5:00:00 AM,33.001608,-134.126,1.931257,pieces/m3,High,-2.7007998913125015,-5.909294788882812,6.4972367168536485,71.35351054716435,8.147325717828615,1.3031260999221193,-0.09,0.063,0.10985900054160333,8
0276264-0000594,9/13/2015 5:00:00 AM,30.53885,-133.942,1.688752,pieces/m3,High,-5.091210820898439,-5.652083490820308,7.607001735903367,50.54380615922855,7.292679004943847,1.7391819162963864,-0.04,-0.051000000000000004,0.06481512169239521,9
0276263-0000046,8/2/2015 5:00:00 AM,30.0037,-140.737,18.630465,pieces/m3,Very High,-3.4190252707031195,-0.7816936509765534,3.507246607480517,59.90419339350584,8.349389816247559,1.5401949436187743,-0.023,-0.07,0.07368174807915459,8
0276264-0000595,9/13/2015 5:00:00 AM,30.4876,-133.93585,1.05689,pieces/m3,High,-5.073375363398436,-5.643801882695319,7.588915421129257,50.49249492422845,7.2926941107055665,1.7380752965112305,-0.048,-0.08,0.0932952303175248,9
0276264-0000498,8/26/2015 5:00:00 AM,28.39075,-149.92875,0.954332,pieces/m3,Medium,-1.63790781249999,3.2939723486328107,3.6787220383994845,212.80615274414066,9.761758261413574,1.5535467489624024,-0.04,0.091,0.09940321926376429,8
0276264-0000596,9/13/2015 5:00:00 AM,30.44545,-133.93085,1.468767,pieces/m3,High,-5.067185829140624,-5.6367382919531295,7.579524444120109,50.51896252438472,7.295899074499511,1.7365504170336916,-0.048,-0.08,0.0932952303175248,9
0276264-0000392,8/16/2015 5:00:00 AM,39.98555,-151.55715,0.284195,pieces/m3,Medium,-6.0419003959765565,2.783506197460946,6.652252787304851,143.32717903171883,7.291055778852541,1.2031190290747067,0.015,0.129,0.12986916493148018,8
0276263-0000047,8/7/2015 5:00:00 AM,30.96883,-137.431,9.363521,pieces/m3,High,-5.425930262578133,-5.125782429257804,7.464205565661307,63.814242502832116,7.752905615146483,1.5440995626025393,-0.135,0.043000000000000003,0.1416827441857335,8
0276264-0000499,8/26/2015 5:00:00 AM,28.31835,-148.87605,0.81151,pieces/m3,Medium,-3.7403682875000155,3.5078390855859283,5.127893327332397,208.84123983875008,9.65585813192871,1.5179938559863275,0.094,-0.046,0.10465180361560904,8
0276264-0000197,7/31/2015 5:00:00 AM,28.990018,-143.5385,0.636328,pieces/m3,Medium,-4.393636000828126,-3.458208406273439,5.5913542804041,133.55700114017188,8.813045959223144,1.5677179709082032,-0.08700000000000001,-0.041,0.09617692030835673,7
0276264-0000198,8/1/2015 5:00:00 AM,30.019743,-142.7235,2.99756,pieces/m3,High,-4.580660989890625,-5.697783344757813,7.310758520708045,68.26484640880079,7.7636719316777345,1.8737652247373042,-0.099,0.03,0.10344563789740001,8
0276264-0000597,9/13/2015 5:00:00 AM,30.40345,-133.91565,9.113516,pieces/m3,High,-5.058856588828125,-5.635733157265625,7.573210561329515,50.486894370634765,7.298811935632324,1.735299641682129,-0.048,-0.08,0.0932952303175248,9
0276264-0000393,8/17/2015 5:00:00 AM,40.88965,-146.80875,1.161321,pieces/m3,High,-8.204746582031248,-2.582551147460933,8.60159502096008,86.72468587207037,6.226672489501953,1.434561429260253,-0.146,0.113,0.18462123388169627,8
0276263-0000048,8/7/2015 5:00:00 AM,30.9714,-137.428,6.245223,pieces/m3,High,-5.421024887890622,-5.1292148314453145,7.4629991037282135,63.79606350439452,7.753543090966797,1.5438156907470706,-0.135,0.043000000000000003,0.1416827441857335,8
0276264-0000500,8/26/2015 5:00:00 AM,28.2745,-148.8963,3.960667,pieces/m3,High,-3.590229197265633,3.5558923240234335,5.053129318446878,209.17726798007814,9.665018331994629,1.5153049819091795,0.094,-0.046,0.10465180361560904,8
0276263-0000049,8/12/2015 5:00:00 AM,31.98692,-139.772,12.211145,pieces/m3,Very High,0.6146962296484464,-4.194724628906249,4.239524285470798,109.16166682949222,8.476586089875488,1.180515083835144,-0.003,-0.045,0.045099889135118726,8
0276264-0000394,8/8/2015 5:00:00 AM,33.2249,-153.8023,1.833202,pieces/m3,High,-4.162957510859377,-2.1808483485156245,4.699607936460639,133.11771140136716,8.695927538605957,1.5518324018139649,-0.062,0.10200000000000001,0.1193649864910142,8
0276264-0000598,9/13/2015 5:00:00 AM,30.3259,-133.8972,2.063226,pieces/m3,High,-5.043962603085937,-5.629748432070313,7.5588111598139305,50.4806154104785,7.304249123986816,1.732778400300293,-0.048,-0.08,0.0932952303175248,9
0276263-0000050,8/12/2015 5:00:00 AM,31.9829,-139.775,13.653956,pieces/m3,Very High,0.6057631005859344,-4.19653798828125,4.240033021229802,109.11704460449218,8.476013379211427,1.1807653284835817,-0.003,-0.045,0.045099889135118726,8
0276264-0000199,8/1/2015 5:00:00 AM,30.018732,-142.726,5.572512,pieces/m3,High,-4.581723819367188,-5.696773163171875,7.310637292985608,68.2853271819414,7.763676564921386,1.8736077148598633,-0.099,0.03,0.10344563789740001,8
0276264-0000395,8/8/2015 5:00:00 AM,33.20055,-153.7201,1.626228,pieces/m3,High,-4.171653187265626,-2.183653935390625,4.708612834409983,133.01902937011718,8.680513389445801,1.547719417229004,-0.014,0.108,0.10890362712049585,8
0276264-0000501,8/27/2015 5:00:00 AM,28.08715,-149.1777,0.517986,pieces/m3,Medium,-0.10354230984375849,3.0508116326562673,3.0525682020027953,249.19747917453103,9.849769142683103,1.5033431327050784,-0.014,-0.063,0.06453681120105022,8
0276264-0000200,8/1/2015 5:00:00 AM,30.007623,-142.2708,5.735766,pieces/m3,High,-4.310220079004692,-5.96883378933437,7.3624027283323015,65.19560553474673,7.7702330833690425,1.8908259954954099,-0.092,0.055,0.10718675291284832,8
0276263-0000051,8/18/2015 5:00:00 AM,33.8259,-138.275,19.993098,pieces/m3,Very High,-7.961314492187501,-5.8325238867187466,9.869187572067899,55.14667885009768,7.80461396484375,2.4718389859008782,-0.23900000000000002,-0.019,0.2397540406333124,8
0276264-0000396,8/8/2015 5:00:00 AM,33.1849,-153.6428,2.210127,pieces/m3,High,-4.168405731484374,-2.183836274765625,4.705820567898226,132.95828171386717,8.667821573957518,1.5435801229565427,-0.014,0.108,0.10890362712049585,8
0276264-0000599,9/13/2015 5:00:00 AM,30.27395,-133.87145,1.771433,pieces/m3,High,-5.029716178593754,-5.6350821612499935,7.553290395665034,50.39790611532232,7.307333193981934,1.7314796282934568,-0.048,-0.08,0.0932952303175248,9
0276264-0000201,8/1/2015 5:00:00 AM,30.006473,-142.276,7.848268,pieces/m3,High,-4.312972995679694,-5.966237416453118,7.361910415846381,65.2336840395821,7.770185123062011,1.8905808131528319,-0.092,0.055,0.10718675291284832,8
0276263-0000052,8/18/2015 5:00:00 AM,33.82427,-138.277,11.354408,pieces/m3,Very High,-7.961559245468745,-5.8310270967187545,9.86850052549916,55.155390691035116,7.804613429492187,2.4716446924243165,-0.23900000000000002,-0.019,0.2397540406333124,8
0276264-0000397,8/9/2015 5:00:00 AM,33.110395,-153.10956,1.407189,pieces/m3,High,-4.644050014929688,-4.276852888315628,6.3133724085834,115.31641362104925,7.565449129924708,1.2753375840783199,0.012,-0.022,0.025059928172283336,8
0276264-0000398,8/9/2015 5:00:00 AM,33.0882,-153.04565,1.02716,pieces/m3,High,-4.648481781445312,-4.29506815984375,6.328980436858101,115.46138810982424,7.574314197434084,1.2734489464892578,0.012,-0.022,0.025059928172283336,8
0276264-0000399,8/9/2015 5:00:00 AM,33.0558,-152.95935,0.544286,pieces/m3,Medium,-4.6506877055078135,-4.3023938265625015,6.335573278954688,115.81047961794923,7.593714725305175,1.2702663905517577,0.01,-0.108,0.10846197490364998,8
0276264-0000400,8/9/2015 5:00:00 AM,32.5142,-151.2808,0.987654,pieces/m3,Medium,-4.062323666601562,-2.715134695624999,4.886146742333658,128.9546408691797,8.348407062043457,1.1863413059033203,-0.12,0.023,0.12218428704215611,8
0276264-0000401,8/9/2015 5:00:00 AM,32.52175,-151.3149,1.167266,pieces/m3,High,-4.05040328808594,-2.742150318749996,4.891334701976353,128.85127206621095,8.341190336633304,1.1867558000732423,-0.12,0.023,0.12218428704215611,8
0276264-0000600,9/13/2015 5:00:00 AM,30.22875,-133.85125,1.945896,pieces/m3,High,-5.014669384765623,-5.6374298095703175,7.545033061315084,50.33725693969722,7.309948448181152,1.7303173782348633,-0.044,-0.101,0.1101680534456337,9
0276264-0000601,9/13/2015 5:00:00 AM,30.18595,-133.83395,2.029278,pieces/m3,High,-4.998749710781246,-5.63661027832032,7.5338485583864685,50.289344738759695,7.312382022839356,1.729187391818848,-0.044,-0.101,0.1101680534456337,9
0276263-0000053,8/10/2015 5:00:00 AM,36.4245,-148.8456,17.37797,pieces/m3,Very High,-6.245574598828123,-5.123744152539064,8.078363461135265,47.92911702880856,6.671748561181642,1.4877723288970945,-0.09,-0.048,0.102,8
0276263-0000054,8/10/2015 5:00:00 AM,36.3978,-148.7933,13.021962,pieces/m3,Very High,-6.262437955703127,-5.088796956289057,8.069323615481531,47.94408085693358,6.683957188408205,1.486570019404907,-0.09,-0.048,0.102,8
0276266-0000003,11/3/2018 5:00:00 AM,28.71,-147.015,2.093125,pieces/m3,High,-7.612397387695314,-0.2839733154297052,7.617692224818917,94.61670334472649,7.159164950561523,1.7283312591552737,-0.158,0.083,0.1784740877550576,11
0276266-0000004,11/3/2018 5:00:00 AM,28.74,-147.03,0.827634,pieces/m3,Medium,-7.607203637695312,-0.21872097167968824,7.610347301458541,94.98260490722656,7.161629403686523,1.7254679290771486,-0.158,0.083,0.1784740877550576,11
0276266-0000005,11/13/2018 6:00:00 AM,30.5572,-145.043,4.136879,pieces/m3,High,-0.718788761914056,-1.1898491951171775,1.3901073308831,306.2917770714844,9.812294760009769,2.1889430503417975,-0.004,-0.036000000000000004,0.03622154055254967,11
0276266-0000006,11/13/2018 6:00:00 AM,30.5812,-145.0612,17.133118,pieces/m3,Very High,-0.6695239756640567,-1.1281702188671725,1.311880481113965,306.25635396648437,9.815955249462892,2.1929878490917973,-0.004,-0.036000000000000004,0.03622154055254967,11
0276266-0000007,11/13/2018 6:00:00 AM,30.6117,-145.0833,17.981816,pieces/m3,Very High,-0.60942182472656,-1.0491758987109288,1.2133280788347953,306.2090230077344,9.820541513476563,2.198112835869141,-0.004,-0.036000000000000004,0.03622154055254967,11
0276266-0000008,11/29/2018 6:00:00 AM,30.1667,-140.7683,4.401403,pieces/m3,High,-0.9721954573046979,-8.921994540781245,8.97480643763052,315.0030481515625,10.750236313356934,4.1492351392260725,0.021,-0.095,0.09729337079164233,11
0276266-0000009,11/29/2018 6:00:00 AM,30.17,-140.7383,2.236627,pieces/m3,High,-0.9419087529296941,-8.938383078124998,8.98787428428752,314.98828,10.749290635925293,4.153053038513184,0.016,-0.065,0.06694027188471825,11
0276266-0000010,11/29/2018 6:00:00 AM,30.1733,-140.705,2.372212,pieces/m3,High,-0.9068954951171976,-8.956851101562496,9.002646338417673,314.972325859375,10.74825547918701,4.157209739196777,0.016,-0.065,0.06694027188471825,11
0276266-0000011,12/1/2018 6:00:00 AM,30.7767,-133.435,23.06106,pieces/m3,Very High,-2.799360388671872,-0.11415871874999971,2.801687134340981,328.96895607421874,10.464841715881349,2.8098327111816404,0.11900000000000001,0.01,0.11941942890501529,12
0276266-0000012,12/1/2018 6:00:00 AM,30.78,-133.3967,7.162585,pieces/m3,High,-2.783402435546875,-0.13283971093749602,2.78657056379526,328.8793922460938,10.471439199768064,2.814184168701171,0.11900000000000001,0.01,0.11941942890501529,12
0276266-0000013,12/1/2018 6:00:00 AM,30.78,-133.365,22.527386,pieces/m3,Very High,-2.7755913574218756,-0.14714433593749635,2.7794889528460978,328.8086616210938,10.47693654937744,2.8177875671386707,0.11900000000000001,0.01,0.11941942890501529,12
