Latitude (degree),Longitude (degree),wind_u,wind_v,wind_speed,wave_direction,wave_period,wave_height,current_u,current_v,current_speed,month,Predicted_Concentration,Accumulation_Potential
25.25,-156.25,-7.8076935,1.939148,8.044897,111.477554,7.284403,2.0040445,0.032,0.396,0.39729082546668504,6,0.7326949833333338,Low
25.25,-156.0,-7.784256,1.7946167,7.9884477,110.98537,7.2299595,1.9574137,0.058,0.319,0.3242298567374695,6,0.8510705566666679,Low
25.25,-155.75,-7.7764435,1.6276245,7.94495,110.98537,7.2299595,1.9574137,0.07200000000000001,0.179,0.19293781381574737,6,0.8731672833333349,Low
25.25,-155.5,-7.7871857,1.463562,7.9235263,110.14162,7.1674595,1.9190836,0.07,0.069,0.09829038610159185,6,0.9421577733333341,Low
25.25,-155.25,-7.768631,1.3258667,7.8809614,110.14162,7.1674595,1.9190836,0.055,0.044,0.07043436661176133,6,0.9452700233333347,Low
25.25,-155.0,-7.657303,1.1051636,7.7366447,109.29787,7.1345005,1.8853922,0.042,0.053,0.06762396025078685,6,0.8806979466666688,Low
25.25,-154.75,-7.581131,0.9459839,7.6399236,109.29787,7.1345005,1.8853922,0.045,0.021,0.04965883607174054,6,0.8767834600000024,Low
25.25,-154.5,-7.49617,0.80340576,7.5391,109.03224,7.171854,1.8646402,0.055,-0.028,0.06171709649683789,6,0.8686809233333354,Low
25.25,-154.25,-7.4063263,0.65301514,7.4350586,109.03224,7.171854,1.8646402,0.048,-0.015,0.05028916384272063,6,0.8322538066666688,Low
25.25,-154.0,-7.30867,0.5368042,7.3283567,109.62599,7.2841587,1.8570719,0.008,0.07100000000000001,0.07144928271158502,6,0.7580797500000014,Low
25.25,-153.75,-7.2520294,0.48406982,7.2681675,109.62599,7.2841587,1.8570719,-0.049,0.158,0.1654236984231703,6,0.681452250000001,Low
25.25,-153.5,-7.206131,0.45184326,7.220283,111.102554,7.4643345,1.8507242,-0.09,0.176,0.19767650340897877,6,0.596135583333334,Low
25.25,-153.25,-7.159256,0.46551514,7.1743746,111.102554,7.4643345,1.8507242,-0.10300000000000001,0.126,0.1627421273057471,6,0.6146291666666673,Low
25.25,-153.0,-7.0928497,0.4899292,7.1097503,113.14943,7.6921177,1.8424234,-0.11,0.053,0.12210241602851271,6,0.6464798033333342,Low
25.25,-152.75,-7.0440216,0.4850464,7.060702,113.14943,7.6921177,1.8424234,-0.137,-0.004,0.13705838172107535,6,0.6276025266666675,Low
25.25,-152.5,-7.038162,0.47528076,7.0541916,115.415054,7.9101353,1.8392496,-0.182,-0.015,0.1826170857285813,6,0.6513044466666678,Low
25.25,-152.25,-7.0196075,0.40789795,7.031449,115.415054,7.9101353,1.8392496,-0.215,0.021,0.21602314690791816,6,0.5802797966666674,Low
25.25,-152.0,-7.0664825,0.3131714,7.0734186,117.40724,8.081522,1.8463297,-0.221,0.062,0.22953213282675697,6,0.6018132900000005,Low
25.25,-151.75,-7.126053,0.24676514,7.1303244,117.40724,8.081522,1.8463297,-0.213,0.06,0.2212894032709203,6,0.6024793500000006,Low
25.25,-151.5,-7.230545,0.16864014,7.232511,118.78224,8.172342,1.8646402,-0.209,0.03,0.21114213222377004,6,0.591704003333334,Low
25.25,-151.25,-7.400467,0.0914917,7.4010324,118.78224,8.172342,1.8646402,-0.215,0.056,0.22217335573826127,6,0.590840083333334,Low
25.25,-151.0,-7.554764,0.0524292,7.554946,119.51662,8.210428,1.8856363,-0.225,0.187,0.2925645227979633,6,0.6143182433333341,Low
25.25,-150.75,-7.634842,-0.034484863,7.6349196,119.51662,8.210428,1.8856363,-0.23900000000000002,0.353,0.4262980178232125,6,0.7019712866666672,Low
25.25,-150.5,-7.6719513,-0.11260986,7.6727777,119.93849,8.251444,1.9015055,-0.261,0.44,0.5115867472873002,6,0.7406228800000002,Low
25.25,-150.25,-7.6651154,-0.25323486,7.669297,119.93849,8.251444,1.9015055,-0.274,0.391,0.47744842653421743,6,0.7651000766666667,Low
25.25,-150.0,-7.5733185,-0.44659424,7.586475,120.758804,8.312479,1.9017496,-0.259,0.23700000000000002,0.3510697936308392,6,0.8074774000000005,Low
25.25,-149.75,-7.4639435,-0.61260986,7.4890413,120.758804,8.312479,1.9017496,-0.221,0.05,0.22658552469211268,6,0.6902230933333342,Low
25.25,-149.5,-7.476639,-0.77471924,7.5166693,121.290054,8.364237,1.8910074,-0.19,-0.10400000000000001,0.21660101569475615,6,0.7028964366666672,Low
25.25,-149.25,-7.513748,-0.8831177,7.5654683,121.290054,8.364237,1.8910074,-0.19,-0.169,0.2542852728728111,6,0.7376759833333342,Low
25.25,-149.0,-7.719803,-0.9993286,7.7842155,120.43068,8.352274,1.885148,-0.217,-0.123,0.2494353623686906,6,0.7529058133333341,Low
25.25,-148.75,-8.031326,-1.0530396,8.100068,120.43068,8.352274,1.885148,-0.254,0.012,0.25428330656966064,6,0.9191585766666672,Low
25.25,-148.5,-8.400467,-1.0842896,8.470156,117.25099,8.258524,1.9012613,-0.28700000000000003,0.17400000000000002,0.33562628025826585,6,1.035116663333333,Medium
25.25,-148.25,-8.46199,-1.2786255,8.558046,117.25099,8.258524,1.9012613,-0.293,0.308,0.42510351680502484,6,1.02140902,Medium
25.25,-148.0,-8.465897,-1.5217896,8.6015835,112.81349,8.127909,1.9222574,-0.254,0.38,0.45707329827938975,6,0.9699671000000001,Low
25.25,-147.75,-8.251053,-1.6643677,8.417244,112.81349,8.127909,1.9222574,-0.177,0.361,0.4020572098594925,6,0.8974917599999997,Low
25.25,-147.5,-7.9990997,-1.7766724,8.194032,109.946304,8.088602,1.9185953,-0.101,0.244,0.2640776400985134,6,0.8094663099999999,Low
25.25,-147.25,-7.763748,-1.8010864,7.9699244,109.946304,8.088602,1.9185953,-0.064,0.081,0.10323274674249446,6,0.8995633733333347,Low
25.25,-147.0,-7.6270294,-1.7962036,7.835683,108.477554,8.116678,1.8949137,-0.065,-0.044,0.07849203781276162,6,0.8867999966666679,Low
25.25,-146.75,-7.833084,-1.8303833,8.044098,108.477554,8.116678,1.8949137,-0.063,-0.096,0.11482595525402782,6,0.8851212333333348,Low
25.25,-146.5,-8.159256,-1.8811646,8.373305,104.96193,8.073954,1.886857,-0.023,-0.123,0.12513193037750195,6,1.020310393333333,Medium
25.25,-146.25,-8.400467,-1.9866333,8.632181,104.96193,8.073954,1.886857,0.048,-0.189,0.195,6,1.1240884866666652,Medium
25.25,-146.0,-8.223709,-2.1174927,8.491947,98.20412,7.9382114,1.9051676,0.11,-0.273,0.29432804827267145,6,1.296772739999997,Medium
25.25,-145.75,-7.9590607,-2.3118286,8.288015,98.20412,7.9382114,1.9051676,0.127,-0.295,0.3211759642314474,6,1.3478775999999968,Medium
25.25,-145.5,-7.7158966,-2.5012817,8.111195,91.852554,7.8737583,1.9083414,0.099,-0.20600000000000002,0.22855415113272393,6,1.4355230699999977,Medium
25.25,-145.25,-7.7803497,-2.6731567,8.226762,91.852554,7.8737583,1.9083414,0.037,-0.048,0.06060528029800704,6,1.2260910933333329,Medium
25.25,-145.0,-7.9151154,-2.8499146,8.412554,85.50099,7.838846,1.9039469,-0.033,0.076,0.08285529554590944,6,1.1842912633333336,Medium
25.25,-144.75,-8.094803,-3.0198364,8.639749,85.50099,7.838846,1.9039469,-0.078,0.095,0.12291867230002121,6,1.0783732733333335,Medium
25.25,-144.5,-8.261795,-3.2180786,8.866413,78.15724,7.748026,1.9168863,-0.083,0.031,0.08860022573334676,6,1.2510869166666672,Medium
25.25,-144.25,-8.254959,-3.3528442,8.909877,78.15724,7.748026,1.9168863,-0.069,-0.035,0.0773692445355388,6,1.3061417166666671,Medium
25.25,-144.0,-8.203201,-3.418274,8.886907,71.02443,7.633524,1.9434977,-0.07200000000000001,-0.048,0.08653323061113576,6,1.8525291866666662,Medium
25.25,-143.75,-8.117264,-3.4524536,8.820964,71.02443,7.633524,1.9434977,-0.11,-0.021,0.11198660634200859,6,1.7462025633333333,Medium
25.25,-143.5,-8.108475,-3.4299927,8.804102,65.23537,7.5578403,1.9659586,-0.164,-0.001,0.16400304875214974,6,2.1241387499999975,Medium
25.25,-143.25,-8.116287,-3.3938599,8.797296,65.23537,7.5578403,1.9659586,-0.213,0.008,0.21315018179677914,6,2.1421626266666642,Medium
25.25,-143.0,-8.208084,-3.4348755,8.897809,60.64943,7.4990025,1.9876871,-0.26,0.046,0.2640378760708395,6,2.126757956666666,Medium
25.25,-142.75,-8.288162,-3.427063,8.968745,60.64943,7.4990025,1.9876871,-0.31,0.13,0.3361547262794322,6,2.1457421133333323,Medium
25.25,-142.5,-8.3741,-3.5979614,9.114323,56.883804,7.463114,2.0055094,-0.354,0.21,0.4116017492674199,6,2.1798317666666653,Medium
25.25,-142.25,-8.409256,-3.817688,9.235276,56.883804,7.463114,2.0055094,-0.366,0.217,0.4254938307425855,6,2.380197116666666,Medium
25.25,-142.0,-8.504959,-4.0022583,9.399596,53.46974,7.438944,2.02382,-0.337,0.161,0.3734836007109282,6,2.56489713,Medium
25.25,-141.75,-8.545975,-4.228821,9.53502,53.46974,7.438944,2.02382,-0.28,0.101,0.2976592011008563,6,2.5524110566666662,Medium
25.25,-141.5,-8.62117,-4.5061646,9.727799,50.43068,7.397196,2.0531168,-0.222,0.067,0.23189006015782565,6,2.6340334633333318,Medium
25.25,-141.25,-8.616287,-4.687805,9.808971,50.43068,7.397196,2.0531168,-0.17500000000000002,0.024,0.17663804799646085,6,2.4104313533333315,Medium
25.25,-141.0,-8.521561,-4.8860474,9.822955,47.641617,7.3771763,2.0809488,-0.127,-0.053,0.1376154061142865,6,2.205451946666665,Medium
25.25,-140.75,-8.4014435,-4.9924927,9.772882,47.641617,7.3771763,2.0809488,-0.065,-0.11900000000000001,0.1355949851580065,6,2.3096262033333317,Medium
25.25,-140.5,-8.347733,-4.977844,9.719237,45.03224,7.3759556,2.1034098,0.01,-0.127,0.12739309243440164,6,2.276463573333332,Medium
25.25,-140.25,-8.30867,-4.980774,9.687213,45.03224,7.3759556,2.1034098,0.077,-0.10400000000000001,0.12940247292845683,6,2.261737183333332,Medium
25.25,-140.0,-8.298904,-5.0022583,9.689913,42.58693,7.394022,2.1165934,0.114,-0.098,0.1503329637837291,6,2.324716136666665,Medium
25.25,-139.75,-8.204178,-5.0061646,9.610943,42.58693,7.394022,2.1165934,0.11900000000000001,-0.091,0.1498065419132289,6,2.2728548199999987,Medium
25.25,-139.5,-8.215897,-5.074524,9.656694,40.172867,7.432596,2.1190348,0.107,-0.036000000000000004,0.11289375536317321,6,2.280298486666666,Medium
25.25,-139.25,-8.205154,-5.179016,9.702926,40.172867,7.432596,2.1190348,0.081,0.04,0.09033825324855468,6,2.2796887766666654,Medium
25.25,-139.0,-8.172928,-5.274719,9.727251,38.09474,7.4767857,2.1163492,0.037,0.043000000000000003,0.05672741841473134,6,2.3307757166666656,Medium
25.25,-138.75,-8.096756,-5.335266,9.696521,38.09474,7.4767857,2.1163492,-0.045,-0.045,0.06363961030678927,6,2.3682157099999994,Medium
25.25,-138.5,-8.0616,-5.4016724,9.703992,36.02443,7.5268345,2.1075602,-0.164,-0.126,0.20681392603013948,6,2.350342549999999,Medium
25.25,-138.25,-8.033279,-5.442688,9.7034235,36.02443,7.5268345,2.1075602,-0.28500000000000003,-0.123,0.3104094070739481,6,2.400174739999998,Medium
25.25,-138.0,-7.980545,-5.5149536,9.700712,34.15724,7.5619907,2.102189,-0.37,-0.069,0.3763787985527346,6,2.3016065299999986,Medium
25.25,-137.75,-7.9063263,-5.510071,9.636953,34.15724,7.5619907,2.102189,-0.402,-0.036000000000000004,0.4036087214122113,6,2.2725744266666648,Medium
25.25,-137.5,-7.851639,-5.478821,9.574222,32.52443,7.5991,2.0926676,-0.381,-0.014,0.38125713108084947,6,2.2316340899999982,Medium
25.25,-137.25,-7.8028107,-5.430969,9.506802,32.52443,7.5991,2.0926676,-0.335,0.05,0.338710791088799,6,2.305033776666665,Medium
25.25,-137.0,-7.699295,-5.369446,9.386698,30.64943,7.647684,2.0736246,-0.271,0.159,0.3142005728829914,6,2.1966310866666654,Medium
25.25,-136.75,-7.574295,-5.270813,9.227753,30.64943,7.647684,2.0736246,-0.22,0.23500000000000001,0.32190837205639744,6,2.1742491733333322,Medium
25.25,-136.5,-7.4619904,-5.181946,9.084815,28.18068,7.710428,2.042863,-0.2,0.23,0.3047950130825634,6,1.9040596233333327,Medium
25.25,-136.25,-7.336014,-5.105774,8.937899,28.18068,7.710428,2.042863,-0.216,0.167,0.27302930245671436,6,1.8641436566666665,Medium
25.25,-136.0,-7.163162,-5.0266724,8.750905,25.383804,7.775858,2.0072184,-0.251,0.092,0.267329384841996,6,1.8827766866666662,Medium
25.25,-135.75,-7.0196075,-5.01593,8.62754,25.383804,7.775858,2.0072184,-0.277,0.008,0.2771154993860863,6,1.8385165466666669,Medium
25.25,-135.5,-6.8457794,-5.0237427,8.49133,22.782242,7.822733,1.9757242,-0.28500000000000003,-0.096,0.30073410182418625,6,1.9214917933333326,Medium
25.25,-135.25,-6.6621857,-5.0462036,8.357565,22.782242,7.822733,1.9757242,-0.28500000000000003,-0.193,0.344200522951375,6,2.041138229999999,Medium
25.25,-135.0,-6.4883575,-5.102844,8.254562,20.27443,7.8493443,1.9464273,-0.28600000000000003,-0.23600000000000002,0.3707991370000745,6,2.062034679999999,Medium
25.25,-134.75,-6.3184357,-5.1956177,8.180285,20.27443,7.8493443,1.9464273,-0.28,-0.225,0.3592005011132362,6,2.0660857233333325,Medium
25.25,-134.5,-6.1739044,-5.2630005,8.112722,17.665054,7.8774204,1.9120035,-0.251,-0.20600000000000002,0.32471064041697184,6,3.0807412866666652,Medium
25.25,-134.25,-6.0889435,-5.304016,8.075136,17.665054,7.8774204,1.9120035,-0.20400000000000001,-0.194,0.28151731740694036,6,3.5672044366666635,Medium
25.25,-134.0,-5.976639,-5.3255005,8.005072,15.469743,7.890604,1.8792887,-0.169,-0.148,0.22464416306683777,6,1.5944557866666664,Medium
25.25,-133.75,-5.831131,-5.3547974,7.916814,15.469743,7.890604,1.8792887,-0.16,-0.056,0.16951696080333672,6,1.3014440999999999,Medium
25.25,-133.5,-5.659256,-5.380188,7.8085594,13.64943,7.887186,1.8492594,-0.167,0.041,0.1719592975096142,6,1.263634216666667,Medium
25.25,-133.25,-5.5020294,-5.4075317,7.714514,13.64943,7.887186,1.8492594,-0.166,0.093,0.1902761151589973,6,1.28148304,Medium
25.25,-133.0,-5.3545685,-5.4212036,7.619767,11.58693,7.8864536,1.8167887,-0.159,0.099,0.1873018953454556,6,1.0952636400000006,Medium
25.25,-132.75,-5.2295685,-5.475891,7.5719066,11.58693,7.8864536,1.8167887,-0.158,0.083,0.1784740877550576,6,1.106953643333334,Medium
25.25,-132.5,-5.098709,-5.5178833,7.5129137,9.532243,7.8810825,1.7889566,-0.149,0.055,0.158826949854236,6,1.1532852066666675,Medium
25.25,-132.25,-4.942459,-5.554016,7.4347157,9.532243,7.8810825,1.7889566,-0.113,0.026000000000000002,0.11595257651298656,6,1.059516930000001,Medium
25.25,-132.0,-4.8028107,-5.592102,7.3714714,7.1806803,7.8881626,1.7623453,-0.05,0.016,0.05249761899362675,6,1.3953745100000001,Medium
25.25,-131.75,-4.641678,-5.628235,7.2953544,7.1806803,7.8881626,1.7623453,0.008,0.036000000000000004,0.036878177829171556,6,1.8309905900000005,Medium
25.25,-131.5,-4.4951935,-5.6868286,7.248916,4.391618,7.9137974,1.7330484,0.029,0.065,0.07117583859709697,6,1.9432864500000002,Medium
25.25,-131.25,-4.3145294,-5.739563,7.180372,4.391618,7.9137974,1.7330484,0.017,0.073,0.07495331880577404,6,1.899582073333334,Medium
25.25,-131.0,-4.145584,-5.8342896,7.1571503,1.2275553,7.9518833,1.7017984,-0.008,0.038,0.0388329756778952,6,2.396296296666666,Medium
25.25,-130.75,-3.9922638,-5.9075317,7.130014,1.2275553,7.9518833,1.7017984,-0.031,-0.038,0.04904079934095691,6,2.0024899566666687,Medium
25.25,-130.5,-3.846756,-6.0081177,7.1340737,358.0557,7.989481,1.6722574,-0.046,-0.11900000000000001,0.12758134659894446,6,2.624192636666665,Medium
25.25,-130.25,-3.62117,-6.0549927,7.0551972,358.0557,7.989481,1.6722574,-0.048,-0.145,0.15273833834371775,6,2.531945193333331,Medium
25.5,-156.25,-7.706131,1.9450073,7.9477987,113.81349,7.3615513,1.9581461,-0.002,0.34800000000000003,0.34800574707898146,6,0.7515448200000009,Low
25.5,-156.0,-7.788162,1.8551636,8.006067,112.821304,7.2558384,1.9305582,0.043000000000000003,0.28200000000000003,0.2852595309538316,6,0.7789737400000007,Low
25.5,-155.75,-7.844803,1.7067261,8.028315,112.821304,7.2558384,1.9305582,0.07100000000000001,0.164,0.17870926109186397,6,0.9290671033333346,Low
25.5,-155.5,-7.853592,1.5231323,7.999927,111.571304,7.1694126,1.900773,0.083,0.07,0.10857716150277645,6,0.9543659200000005,Low
25.5,-155.25,-7.7715607,1.2809448,7.876419,111.571304,7.1694126,1.900773,0.095,0.041,0.10346980235798268,6,0.9328885333333342,Low
25.5,-155.0,-7.643631,1.0358276,7.7134967,110.59474,7.1503696,1.8639078,0.121,0.035,0.12596031120952345,6,0.9298886566666678,Low
25.5,-154.75,-7.492264,0.85809326,7.5412426,110.59474,7.1503696,1.8639078,0.14300000000000002,0.002,0.1430139853301068,6,0.9004292200000015,Low
25.5,-154.5,-7.364334,0.73309326,7.4007325,110.25099,7.2001743,1.8316813,0.134,-0.022,0.13579396157414364,6,0.8368525700000014,Low
25.5,-154.25,-7.2451935,0.65301514,7.2745624,110.25099,7.2001743,1.8316813,0.082,0.028,0.08664871608973788,6,0.8919546133333344,Low
25.5,-154.0,-7.1865997,0.6119995,7.212611,110.78224,7.3237095,1.8160563,0.004,0.14100000000000001,0.1410567261778041,6,0.7075296466666677,Low
25.5,-153.75,-7.123123,0.5553589,7.1447396,110.78224,7.3237095,1.8160563,-0.076,0.225,0.23748894711122875,6,0.5953348366666674,Low
25.5,-153.5,-7.100662,0.57196045,7.1236606,111.665054,7.488016,1.8145914,-0.139,0.217,0.2577013775671368,6,0.5999693266666674,Low
25.5,-153.25,-7.067459,0.604187,7.093238,111.665054,7.488016,1.8145914,-0.183,0.146,0.234104677441524,6,0.5794741766666675,Low
25.5,-153.0,-7.0938263,0.651062,7.1236405,112.46193,7.647928,1.8228922,-0.211,0.07,0.22230834442278588,6,0.5635537700000008,Low
25.5,-152.75,-7.1270294,0.6754761,7.1589675,112.46193,7.647928,1.8228922,-0.228,0.024,0.2292596780945136,6,0.5858983933333342,Low
25.5,-152.5,-7.154373,0.6852417,7.1871142,113.32912,7.7958775,1.8358316,-0.23500000000000001,0.011,0.2352573059439388,6,0.6662930300000008,Low
25.5,-152.25,-7.223709,0.61395264,7.2497525,113.32912,7.7958775,1.8358316,-0.23600000000000002,0.033,0.2382960343774105,6,0.6724070666666675,Low
25.5,-152.0,-7.279373,0.5211792,7.2980065,114.62599,7.937235,1.8477945,-0.23900000000000002,0.063,0.2471639132235934,6,0.6706867266666674,Low
25.5,-151.75,-7.366287,0.40301514,7.3773036,114.62599,7.937235,1.8477945,-0.252,0.066,0.2604995201531089,6,0.685190543333334,Low
25.5,-151.5,-7.4551544,0.29656982,7.461051,116.15724,8.055887,1.8582926,-0.274,0.045,0.2776706682384728,6,0.749682403333334,Low
25.5,-151.25,-7.5977325,0.19598389,7.60026,116.15724,8.055887,1.8582926,-0.292,0.068,0.29981327522309614,6,0.7559720600000007,Low
25.5,-151.0,-7.7032013,0.07977295,7.703614,117.540054,8.142313,1.8704996,-0.293,0.185,0.34651695485213996,6,0.7403960433333339,Low
25.5,-150.75,-7.788162,-0.013977051,7.7881746,117.540054,8.142313,1.8704996,-0.275,0.34700000000000003,0.44275726984432456,6,0.735880136666667,Low
25.5,-150.5,-7.8408966,-0.17608643,7.8428736,118.165054,8.193338,1.8853922,-0.25,0.43,0.4973932046178355,6,0.722905946666667,Low
25.5,-150.25,-7.833084,-0.32354736,7.8397636,118.165054,8.193338,1.8853922,-0.216,0.365,0.4241238026803023,6,0.6503172200000003,Low
25.5,-150.0,-7.7989044,-0.53448486,7.8171983,117.86818,8.217752,1.8946695,-0.17200000000000001,0.191,0.2570311265197272,6,0.7127552833333343,Low
25.5,-149.75,-7.869217,-0.73272705,7.9032564,117.86818,8.217752,1.8946695,-0.131,0.008,0.1312440474840669,6,0.7904243066666679,Low
25.5,-149.5,-7.940506,-0.8977661,7.9910965,116.43849,8.194315,1.9032145,-0.115,-0.111,0.15983116091676242,6,0.7198968566666675,Low
25.5,-149.25,-8.0616,-0.9729614,8.120101,116.43849,8.194315,1.9032145,-0.145,-0.135,0.1981161275615895,6,0.7346205333333341,Low
25.5,-149.0,-8.28035,-1.0999146,8.353084,114.17287,8.122049,1.9190836,-0.20400000000000001,-0.069,0.21535319825811738,6,0.7390673800000004,Low
25.5,-148.75,-8.4014435,-1.2473755,8.493539,114.17287,8.122049,1.9190836,-0.255,0.054,0.26065494432294967,6,0.9583402266666671,Low
25.5,-148.5,-8.65535,-1.2737427,8.748571,111.68849,8.041483,1.9369059,-0.267,0.177,0.3203404439030451,6,1.0316814933333331,Medium
25.5,-148.25,-8.565506,-1.4915161,8.694395,111.68849,8.041483,1.9369059,-0.221,0.258,0.3397131142596647,6,0.9015029866666668,Low
25.5,-148.0,-8.362381,-1.654602,8.524501,109.43849,7.996317,1.9410563,-0.13,0.28500000000000003,0.31324910215354174,6,0.8872562299999999,Low
25.5,-147.75,-8.138748,-1.7756958,8.330205,109.43849,7.996317,1.9410563,-0.026000000000000002,0.258,0.2593067681338071,6,0.9130829666666671,Low
25.5,-147.5,-7.9590607,-1.7903442,8.15794,108.64943,8.030252,1.9183512,0.052000000000000005,0.179,0.18640010729610645,6,1.0431676166666664,Medium
25.5,-147.25,-7.7471466,-1.7962036,7.952649,108.64943,8.030252,1.9183512,0.08,0.07100000000000001,0.10696261028976435,6,1.1039611933333326,Medium
25.5,-147.0,-7.9053497,-1.810852,8.110101,106.76662,8.031961,1.900773,0.07,-0.031,0.07655716818169282,6,1.0575020600000007,Medium
25.5,-146.75,-8.202225,-1.857727,8.409972,106.76662,8.031961,1.900773,0.065,-0.112,0.12949517365523705,6,1.1190525466666654,Medium
25.5,-146.5,-8.462967,-1.9055786,8.674851,102.15724,7.941141,1.9083414,0.093,-0.182,0.20438444167793204,6,1.254666049999998,Medium
25.5,-146.25,-8.30574,-1.9993286,8.542988,102.15724,7.941141,1.9083414,0.14300000000000002,-0.253,0.29061658589970396,6,1.2553586799999976,Medium
25.5,-146.0,-8.0733185,-2.1253052,8.348377,96.96193,7.8740025,1.9139566,0.17300000000000001,-0.294,0.3411231449198368,6,1.2915992199999977,Medium
25.5,-145.75,-7.8614044,-2.2512817,8.177404,96.96193,7.8740025,1.9139566,0.149,-0.251,0.2918938163099726,6,1.2935833999999975,Medium
25.5,-145.5,-7.74617,-2.4192505,8.115167,91.54787,7.850565,1.9095621,0.067,-0.109,0.12794530081249564,6,1.2128344166666654,Medium
25.5,-145.25,-7.9151154,-2.600891,8.331488,91.54787,7.850565,1.9095621,-0.045,0.065,0.07905694150420949,6,1.256589633333333,Medium
25.5,-145.0,-8.134842,-2.7434692,8.585003,84.415054,7.7597446,1.923234,-0.145,0.158,0.21445046047980407,6,1.0868494566666667,Medium
25.5,-144.75,-8.293045,-2.9055786,8.787319,84.415054,7.7597446,1.923234,-0.194,0.12,0.228114006584427,6,1.1054499299999998,Medium
25.5,-144.5,-8.312576,-3.0374146,8.850131,77.15724,7.650614,1.9456949,-0.182,0.007,0.18213456563760763,6,1.2654507533333332,Medium
25.5,-144.25,-8.257889,-3.1692505,8.845161,77.15724,7.650614,1.9456949,-0.137,-0.062,0.1503761949245957,6,1.2502412366666666,Medium
25.5,-144.0,-8.169022,-3.1897583,8.7696905,70.89943,7.5837193,1.9613199,-0.10400000000000001,-0.04,0.11142710621747297,6,1.7556243833333338,Medium
25.5,-143.75,-8.138748,-3.194641,8.74328,70.89943,7.5837193,1.9613199,-0.10300000000000001,0.019,0.1047377677822093,6,1.7640631966666669,Medium
25.5,-143.5,-8.153397,-3.1624146,8.745213,65.74318,7.532938,1.9774332,-0.128,0.05,0.13741906709041507,6,2.1110615933333308,Medium
25.5,-143.25,-8.254959,-3.241516,8.868584,65.74318,7.532938,1.9774332,-0.17200000000000001,0.063,0.18317477992343817,6,2.2012657233333313,Medium
25.5,-143.0,-8.350662,-3.295227,8.977309,61.46974,7.464823,2.0038004,-0.231,0.109,0.2554251358030372,6,2.1410336833333323,Medium
25.5,-142.75,-8.470779,-3.465149,9.152123,61.46974,7.464823,2.0038004,-0.295,0.191,0.3514342043683284,6,2.39776961,Medium
25.5,-142.5,-8.55574,-3.7317505,9.334166,57.68068,7.399393,2.0352945,-0.338,0.24,0.41454070970171314,6,2.4420008833333333,Medium
25.5,-142.25,-8.567459,-4.024719,9.465713,57.68068,7.399393,2.0352945,-0.336,0.2,0.391019181115198,6,2.4319025966666667,Medium
25.5,-142.0,-8.5733185,-4.232727,9.561264,54.079117,7.3534946,2.070695,-0.299,0.107,0.31756889016400836,6,2.5345692899999994,Medium
25.5,-141.75,-8.601639,-4.444641,9.682098,54.079117,7.3534946,2.070695,-0.248,0.038,0.2508944000969332,6,2.5875001833333333,Medium
25.5,-141.5,-8.590897,-4.5217896,9.708248,50.80568,7.319803,2.105607,-0.193,0.006,0.1930932417253385,6,2.6074653866666657,Medium
25.5,-141.25,-8.544022,-4.649719,9.727291,50.80568,7.319803,2.105607,-0.127,-0.042,0.1337647188162858,6,2.2568057866666646,Medium
25.5,-141.0,-8.446365,-4.6897583,9.661,47.81349,7.329813,2.121232,-0.048,-0.132,0.1404563989286355,6,2.4072606166666652,Medium
25.5,-140.75,-8.369217,-4.6868286,9.592193,47.81349,7.329813,2.121232,0.035,-0.20500000000000002,0.2079663434308542,6,2.463255409999998,Medium
25.5,-140.5,-8.321365,-4.6399536,9.5275545,45.110367,7.3722935,2.1222086,0.106,-0.203,0.2290087334579186,6,2.521783306666665,Medium
25.5,-140.25,-8.319412,-4.6868286,9.548769,45.110367,7.3722935,2.1222086,0.15,-0.147,0.21002142747824565,6,2.3687034766666653,Medium
25.5,-140.0,-8.320389,-4.708313,9.560182,42.790054,7.413553,2.1236734,0.159,-0.101,0.18836666371733615,6,2.321672986666665,Medium
25.5,-139.75,-8.304764,-4.795227,9.58975,42.790054,7.413553,2.1236734,0.138,-0.068,0.15384407690905752,6,2.282772726666666,Medium
25.5,-139.5,-8.360428,-4.92511,9.703271,40.46974,7.461405,2.1222086,0.111,-0.008,0.11128791488746656,6,2.2910239166666653,Medium
25.5,-139.25,-8.318436,-5.056946,9.734941,40.46974,7.461405,2.1222086,0.089,0.066,0.11080162453682707,6,2.314157349999998,Medium
25.5,-139.0,-8.227615,-5.116516,9.688777,38.15724,7.509012,2.119279,0.076,0.088,0.11627553482998906,6,2.2925988133333317,Medium
25.5,-138.75,-8.144608,-5.17218,9.648113,38.15724,7.509012,2.119279,0.039,0.047,0.06107372593840988,6,2.310993164999999,Medium
25.5,-138.5,-8.098709,-5.1917114,9.619925,35.985367,7.5497837,2.1165934,-0.042,0.006,0.042426406871192854,6,2.5001096566666656,Medium
25.5,-138.25,-8.078201,-5.208313,9.611652,35.985367,7.5497837,2.1165934,-0.154,0.005,0.15408114745159449,6,2.1302405733333316,Medium
25.5,-138.0,-8.031326,-5.2249146,9.581333,33.852554,7.5912876,2.1109781,-0.251,0.009000000000000001,0.2511613027518371,6,2.2941381466666653,Medium
25.5,-137.75,-7.9502716,-5.2044067,9.502245,33.852554,7.5912876,2.1109781,-0.306,-0.02,0.3066528982416439,6,2.3291628966666647,Medium
25.5,-137.5,-7.867264,-5.185852,9.42268,31.821304,7.6379185,2.0999918,-0.309,-0.046,0.31240518561637226,6,2.334309776666665,Medium
25.5,-137.25,-7.759842,-5.1643677,9.321258,31.821304,7.6379185,2.0999918,-0.278,-0.01,0.27817979797246245,6,2.1728117699999983,Medium
25.5,-137.0,-7.648514,-5.103821,9.19504,29.74318,7.6830845,2.0855875,-0.227,0.09,0.2441904994056894,6,2.1245389699999992,Medium
25.5,-136.75,-7.525467,-5.0598755,9.068351,29.74318,7.6830845,2.0855875,-0.177,0.186,0.25675864152935535,6,1.8796072466666658,Medium
25.5,-136.5,-7.3926544,-4.998352,8.923837,27.321304,7.729227,2.063859,-0.145,0.223,0.2659962405749374,6,1.8574616566666664,Medium
25.5,-136.25,-7.2588654,-4.9505005,8.786273,27.321304,7.729227,2.063859,-0.14400000000000002,0.197,0.2440184419260151,6,1.8328715699999998,Medium
25.5,-136.0,-7.12117,-4.9231567,8.657282,24.829117,7.7629185,2.0374918,-0.165,0.128,0.20882768015758832,6,1.9208602033333326,Medium
25.5,-135.75,-6.982498,-4.9124146,8.537395,24.829117,7.7629185,2.0374918,-0.177,0.028,0.17920100446147058,6,2.022485806666665,Medium
25.5,-135.5,-6.857498,-4.909485,8.433761,22.422867,7.795145,2.0094156,-0.185,-0.08700000000000001,0.20443580899636932,6,1.9496681433333323,Medium
25.5,-135.25,-6.6807404,-4.930969,8.303418,22.422867,7.795145,2.0094156,-0.197,-0.179,0.2661766330841233,6,2.0419774833333317,Medium
25.5,-135.0,-6.5313263,-4.9768677,8.211421,19.907242,7.8217564,1.9793863,-0.223,-0.217,0.31115590947304855,6,2.0460673433333323,Medium
25.5,-134.75,-6.357498,-5.0462036,8.11677,19.907242,7.8217564,1.9793863,-0.242,-0.226,0.3311193138432127,6,2.0547202766666657,Medium
25.5,-134.5,-6.2119904,-5.10968,8.043486,17.08693,7.8547153,1.9434977,-0.234,-0.23800000000000002,0.33376638536557274,6,3.126478549999998,Medium
25.5,-134.25,-6.0557404,-5.1731567,7.9645176,17.08693,7.8547153,1.9434977,-0.211,-0.229,0.3113872187486185,6,3.548723689999997,Medium
25.5,-134.0,-5.928787,-5.196594,7.883851,14.579118,7.8757114,1.9095621,-0.198,-0.158,0.25331403435261934,6,1.552259783333333,Medium
25.5,-133.75,-5.8213654,-5.232727,7.827498,14.579118,7.8757114,1.9095621,-0.20700000000000002,-0.045,0.21183484132691677,6,1.3398132966666658,Medium
25.5,-133.5,-5.7002716,-5.259094,7.755718,12.485368,7.88035,1.8800211,-0.216,0.044,0.22043593173527767,6,1.2480257866666666,Medium
25.5,-133.25,-5.581131,-5.288391,7.6886997,12.485368,7.88035,1.8800211,-0.209,0.078,0.22308070288574938,6,1.3180962033333332,Medium
25.5,-133.0,-5.46492,-5.333313,7.6360707,10.297868,7.886698,1.8490152,-0.19,0.081,0.20654539452623968,6,1.0844849200000006,Medium
25.5,-132.75,-5.336014,-5.39093,7.585194,10.297868,7.886698,1.8490152,-0.168,0.066,0.1804993074778959,6,1.1086663200000009,Medium
25.5,-132.5,-5.1914825,-5.437805,7.5180593,7.9463053,7.899149,1.8189859,-0.145,0.022,0.14665946952038247,6,1.29461057,Medium
25.5,-132.25,-5.0283966,-5.471985,7.4315133,7.9463053,7.899149,1.8189859,-0.107,-0.033,0.1119732110819369,6,1.2341965000000004,Medium
25.5,-132.0,-4.8838654,-5.5237427,7.373186,5.6025553,7.9032993,1.793107,-0.06,-0.045,0.075,6,1.3066730466666672,Medium
25.5,-131.75,-4.7559357,-5.5930786,7.3417606,5.6025553,7.9032993,1.793107,-0.03,0.001,0.03001666203960727,6,1.8909075633333343,Medium
25.5,-131.5,-4.6045685,-5.659485,7.296014,3.1884928,7.9159946,1.7674723,-0.018000000000000002,0.062,0.0645600495662759,6,2.0054801433333336,Medium
25.5,-131.25,-4.4395294,-5.7473755,7.262351,3.1884928,7.9159946,1.7674723,-0.016,0.082,0.0835463942968217,6,1.961859653333334,Medium
25.5,-131.0,-4.2764435,-5.8460083,7.243189,0.36818027,7.946024,1.7389078,-0.011,0.051000000000000004,0.052172789842982334,6,1.9938881000000008,Medium
25.5,-130.75,-4.110428,-5.9661255,7.245017,0.36818027,7.946024,1.7389078,-0.016,-0.02,0.025612496949731396,6,2.9214789533333305,Medium
25.5,-130.5,-3.9590607,-6.0735474,7.249975,357.5635,7.9657993,1.7125406,-0.036000000000000004,-0.097,0.10346496991735898,6,1.1584055633333332,Medium
25.5,-130.25,-3.7324982,-6.098938,7.1504254,357.5635,7.9657993,1.7125406,-0.063,-0.132,0.14626346091898687,6,1.1803267433333333,Medium
25.75,-156.25,-7.6065216,1.9108276,7.842859,113.81349,7.3615513,1.9581461,-0.006,0.29,0.29006206232459975,6,0.7612044800000013,Low
25.75,-156.0,-7.744217,1.8776245,7.9685864,112.821304,7.2558384,1.9305582,0.041,0.23500000000000001,0.23854978516024702,6,0.7650412600000014,Low
25.75,-155.75,-7.8057404,1.7565308,8.0009365,112.821304,7.2558384,1.9305582,0.068,0.14300000000000002,0.15834456100542263,6,0.9267496833333344,Low
25.75,-155.5,-7.786209,1.5592651,7.9408035,111.571304,7.1694126,1.900773,0.08,0.057,0.09822932352408827,6,0.968144656666667,Low
25.75,-155.25,-7.7032013,1.3239136,7.8161407,111.571304,7.1694126,1.900773,0.099,0.011,0.09960923651951159,6,0.9436793566666677,Low
25.75,-155.0,-7.556717,1.1334839,7.6412535,110.59474,7.1503696,1.8639078,0.128,0.001,0.12800390619039717,6,0.9279900133333346,Low
25.75,-154.75,-7.3721466,0.97528076,7.436378,110.59474,7.1503696,1.8639078,0.135,0.005,0.13509256086106297,6,0.9297078166666679,Low
25.75,-154.5,-7.242264,0.8649292,7.2937293,110.25099,7.2001743,1.8316813,0.082,0.039,0.0908019823572151,6,0.8910122733333345,Low
25.75,-154.25,-7.194412,0.8287964,7.2419934,110.25099,7.2001743,1.8316813,-0.019,0.127,0.1284133949399361,6,0.7631729733333344,Low
25.75,-154.0,-7.154373,0.7965698,7.1985817,110.78224,7.3237095,1.8160563,-0.124,0.23800000000000002,0.26836542251191753,6,0.5837506400000003,Low
25.75,-153.75,-7.143631,0.8161011,7.1900964,110.78224,7.3237095,1.8160563,-0.202,0.3,0.36166835637086087,6,0.5600475200000001,Low
25.75,-153.5,-7.1358185,0.8746948,7.189228,111.665054,7.488016,1.8145914,-0.257,0.273,0.37493732809631,6,0.7195342633333334,Low
25.75,-153.25,-7.228592,0.8649292,7.280154,111.665054,7.488016,1.8145914,-0.302,0.187,0.3552083895405625,6,0.7233283000000003,Low
25.75,-153.0,-7.289139,0.8473511,7.3382254,112.46193,7.647928,1.8228922,-0.332,0.089,0.3437222716089256,6,0.7135413666666669,Low
25.75,-152.75,-7.3897247,0.83758545,7.4370413,112.46193,7.647928,1.8228922,-0.33,0.014,0.3302968361943541,6,0.7340321833333336,Low
25.75,-152.5,-7.509842,0.729187,7.54516,113.32912,7.7958775,1.8358316,-0.296,-0.017,0.29648777377827906,6,0.7295214866666673,Low
25.75,-152.25,-7.5977325,0.64227295,7.624831,113.32912,7.7958775,1.8358316,-0.252,0.009000000000000001,0.2521606630701942,6,0.6941932766666675,Low
25.75,-152.0,-7.688553,0.55633545,7.7086544,114.62599,7.937235,1.8477945,-0.228,0.064,0.23681216184985096,6,0.6010049600000007,Low
25.75,-151.75,-7.80867,0.45672607,7.8220153,114.62599,7.937235,1.8477945,-0.231,0.091,0.2482780699135548,6,0.6489172800000008,Low
25.75,-151.5,-7.8789825,0.32977295,7.885881,116.15724,8.055887,1.8582926,-0.254,0.079,0.2660018796926067,6,0.7230783900000006,Low
25.75,-151.25,-7.971756,0.22821045,7.975022,116.15724,8.055887,1.8582926,-0.274,0.082,0.28600699292150183,6,0.7868170833333341,Low
25.75,-151.0,-8.085037,0.09246826,8.0855665,117.540054,8.142313,1.8704996,-0.27,0.164,0.31590504902581096,6,0.7735632633333341,Low
25.75,-150.75,-8.1670685,-0.09210205,8.167587,117.540054,8.142313,1.8704996,-0.231,0.295,0.3746811978202269,6,0.7131182300000006,Low
25.75,-150.5,-8.220779,-0.30108643,8.226292,118.165054,8.193338,1.8853922,-0.166,0.364,0.40006499471960805,6,0.6739970300000004,Low
25.75,-150.25,-8.282303,-0.51397705,8.298236,118.165054,8.193338,1.8853922,-0.094,0.296,0.31056722299689,6,0.7525231933333338,Low
25.75,-150.0,-8.378006,-0.7854614,8.414745,117.86818,8.217752,1.8946695,-0.03,0.132,0.13536617007214174,6,0.9213121766666678,Low
25.75,-149.75,-8.528397,-1.0325317,8.590673,117.86818,8.217752,1.8946695,0.002,-0.02,0.02009975124224178,6,1.56393851333333,Medium
25.75,-149.5,-8.564529,-1.0950317,8.63425,116.43849,8.194315,1.9032145,-0.012,-0.085,0.08584287972802404,6,0.894032226666668,Low
25.75,-149.25,-8.661209,-1.114563,8.732628,116.43849,8.194315,1.9032145,-0.078,-0.062,0.0996393496566492,6,0.8202549766666675,Low
25.75,-149.0,-8.674881,-1.1985474,8.757287,114.17287,8.122049,1.9190836,-0.166,0.013000000000000001,0.16650825805346714,6,0.7962398266666674,Low
25.75,-148.75,-8.633865,-1.3850708,8.744258,114.17287,8.122049,1.9190836,-0.222,0.08700000000000001,0.2384386713601634,6,0.8719269400000007,Low
25.75,-148.5,-8.5889435,-1.5647583,8.730316,111.68849,8.041483,1.9369059,-0.20800000000000002,0.133,0.24688661365088227,6,0.875241746666667,Low
25.75,-148.25,-8.477615,-1.6672974,8.640014,111.68849,8.041483,1.9369059,-0.12,0.149,0.19131387822110552,6,0.8495713066666667,Low
25.75,-148.0,-8.24617,-1.7190552,8.423448,109.43849,7.996317,1.9410563,0.001,0.155,0.15500322577288514,6,1.0224134700000003,Medium
25.75,-147.75,-8.017654,-1.7463989,8.20565,109.43849,7.996317,1.9410563,0.11,0.15,0.18601075237738274,6,1.0709449433333325,Medium
25.75,-147.5,-7.869217,-1.7522583,8.061947,108.64943,8.030252,1.9183512,0.176,0.124,0.21529514625276622,6,1.053297446666666,Medium
25.75,-147.25,-7.944412,-1.7669067,8.138528,108.64943,8.030252,1.9183512,0.196,0.068,0.20746083967823906,6,1.054671233333333,Medium
25.75,-147.0,-8.285233,-1.7883911,8.47605,106.76662,8.031961,1.900773,0.187,-0.013000000000000001,0.18745132701584163,6,1.0704958433333331,Medium
25.75,-146.75,-8.505936,-1.8381958,8.702293,106.76662,8.031961,1.900773,0.169,-0.105,0.19896230798822173,6,1.0714741233333325,Medium
25.75,-146.5,-8.400467,-1.8919067,8.610874,102.15724,7.941141,1.9083414,0.158,-0.2,0.2548803640926464,6,1.2592337599999974,Medium
25.75,-146.25,-8.1514435,-1.9876099,8.390269,102.15724,7.941141,1.9083414,0.153,-0.272,0.31207851576165896,6,1.2578274799999976,Medium
25.75,-146.0,-7.8946075,-2.0784302,8.16362,96.96193,7.8740025,1.9139566,0.137,-0.277,0.30902750686629826,6,1.2529679233333313,Medium
25.75,-145.75,-7.7246857,-2.177063,8.025607,96.96193,7.8740025,1.9139566,0.097,-0.181,0.20535335400231475,6,1.3514022833333308,Medium
25.75,-145.5,-7.801834,-2.304016,8.134931,91.54787,7.850565,1.9095621,0.03,0.001,0.03001666203960727,6,1.4052836966666657,Medium
25.75,-145.25,-8.0420685,-2.4456177,8.405707,91.54787,7.850565,1.9095621,-0.05,0.178,0.18488915598271305,6,1.2191003333333332,Medium
25.75,-145.0,-8.232498,-2.590149,8.630347,84.415054,7.7597446,1.923234,-0.121,0.23800000000000002,0.2669925092582187,6,1.1367193666666666,Medium
25.75,-144.75,-8.3076935,-2.7092896,8.738307,84.415054,7.7597446,1.923234,-0.16,0.139,0.21194574777522668,6,1.06561127,Medium
25.75,-144.5,-8.303787,-2.817688,8.768822,77.15724,7.650614,1.9456949,-0.16,-0.023,0.16164467204334326,6,1.2300239833333335,Medium
25.75,-144.25,-8.251053,-2.8753052,8.737692,77.15724,7.650614,1.9456949,-0.124,-0.11,0.16575886099994774,6,1.3305913533333324,Medium
25.75,-144.0,-8.157303,-2.8840942,8.6521435,70.89943,7.5837193,1.9613199,-0.074,-0.073,0.1039471019317037,6,1.863396793333332,Medium
25.75,-143.75,-8.159256,-2.935852,8.671371,70.89943,7.5837193,1.9613199,-0.037,0.017,0.04071854614300466,6,1.9107819533333315,Medium
25.75,-143.5,-8.262772,-3.0501099,8.807755,65.74318,7.532938,1.9774332,-0.039,0.08600000000000001,0.09442986815621422,6,2.18870145333333,Medium
25.75,-143.25,-8.408279,-3.1985474,8.996103,65.74318,7.532938,1.9774332,-0.088,0.133,0.15947727110782906,6,2.157642469999997,Medium
25.75,-143.0,-8.537186,-3.413391,9.19428,61.46974,7.464823,2.0038004,-0.17500000000000002,0.198,0.26425177388240934,6,2.358451953333333,Medium
25.75,-142.75,-8.642654,-3.6497192,9.3816805,61.46974,7.464823,2.0038004,-0.258,0.261,0.3669945503682582,6,2.44398179,Medium
25.75,-142.5,-8.647537,-3.8635864,9.471389,57.68068,7.399393,2.0352945,-0.296,0.259,0.393315395071182,6,2.4421594166666667,Medium
25.75,-142.25,-8.577225,-4.055969,9.487869,57.68068,7.399393,2.0352945,-0.278,0.17,0.32585886515483975,6,2.436341363333333,Medium
25.75,-142.0,-8.523514,-4.221985,9.511858,54.079117,7.3534946,2.070695,-0.23,0.056,0.23671924298628536,6,2.5268553166666656,Medium
25.75,-141.75,-8.509842,-4.2649536,9.518784,54.079117,7.3534946,2.070695,-0.17500000000000002,-0.021,0.17625549636819843,6,2.569556609999999,Medium
25.75,-141.5,-8.49617,-4.2678833,9.507877,50.80568,7.319803,2.105607,-0.114,-0.065,0.13122880781291887,6,2.4023555266666663,Medium
25.75,-141.25,-8.485428,-4.262024,9.495648,50.80568,7.319803,2.105607,-0.044,-0.128,0.13535139452550904,6,2.388398753333331,Medium
25.75,-141.0,-8.4366,-4.253235,9.44808,47.81349,7.329813,2.121232,0.023,-0.216,0.21722108553268948,6,2.5369734566666646,Medium
25.75,-140.75,-8.419022,-4.3186646,9.462071,47.81349,7.329813,2.121232,0.065,-0.269,0.27674175687814084,6,2.470867759999998,Medium
25.75,-140.5,-8.397537,-4.4104614,9.485294,45.110367,7.3722935,2.1222086,0.079,-0.24,0.2526677660486197,6,2.4865472766666654,Medium
25.75,-140.25,-8.3858185,-4.5149536,9.52401,45.110367,7.3722935,2.1222086,0.078,-0.16,0.17800000000000002,6,2.366909766666666,Medium
25.75,-140.0,-8.363358,-4.625305,9.557154,42.790054,7.413553,2.1236734,0.07100000000000001,-0.09,0.11463420083029323,6,2.224375736666665,Medium
25.75,-139.75,-8.352615,-4.7356567,9.601699,42.790054,7.413553,2.1236734,0.057,-0.042,0.07080254232723568,6,2.2374429733333323,Medium
25.75,-139.5,-8.4014435,-4.8049927,9.67844,40.46974,7.461405,2.1222086,0.046,0.012,0.04753945729601885,6,2.402626933333332,Medium
25.75,-139.25,-8.331131,-4.85968,9.644907,40.46974,7.461405,2.1222086,0.046,0.067,0.08127115109311545,6,2.3198644833333315,Medium
25.75,-139.0,-8.250076,-4.887024,9.588887,38.15724,7.509012,2.119279,0.06,0.09,0.10816653826391967,6,2.2812350466666644,Medium
25.75,-138.75,-8.194412,-4.916321,9.556077,38.15724,7.509012,2.119279,0.063,0.085,0.10580170130957253,6,2.2672737766666646,Medium
25.75,-138.5,-8.153397,-4.930969,9.528501,35.985367,7.5497837,2.1165934,0.027,0.09,0.09396275858019495,6,2.282273756666665,Medium
25.75,-138.25,-8.117264,-4.92218,9.493041,35.985367,7.5497837,2.1165934,-0.036000000000000004,0.108,0.11384199576606165,6,2.2455672266666635,Medium
25.75,-138.0,-8.032303,-4.9085083,9.41336,33.852554,7.5912876,2.1109781,-0.10400000000000001,0.089,0.13688316185711083,6,2.0848468466666636,Medium
25.75,-137.75,-7.9483185,-4.884094,9.328995,33.852554,7.5912876,2.1109781,-0.154,0.016,0.15482893786369523,6,2.184451603333331,Medium
25.75,-137.5,-7.851639,-4.884094,9.246762,31.821304,7.6379185,2.0999918,-0.17300000000000001,-0.05,0.18008053753806935,6,2.3024974233333317,Medium
25.75,-137.25,-7.7403107,-4.8743286,9.147212,31.821304,7.6379185,2.0999918,-0.17200000000000001,-0.04,0.17658992043715294,6,2.1744745799999987,Medium
25.75,-137.0,-7.6182404,-4.8831177,9.048891,29.74318,7.6830845,2.0855875,-0.156,0.047,0.16292636373527766,6,1.8742372966666654,Medium
25.75,-136.75,-7.4903107,-4.8967896,8.948928,29.74318,7.6830845,2.0855875,-0.132,0.147,0.19756770991232347,6,1.846662003333333,Medium
25.75,-136.5,-7.3369904,-4.8762817,8.8096285,27.321304,7.729227,2.063859,-0.10400000000000001,0.202,0.22720035211240325,6,1.905902166666666,Medium
25.75,-136.25,-7.235428,-4.85968,8.715958,27.321304,7.729227,2.063859,-0.08,0.195,0.21077238908357993,6,1.8992444299999995,Medium
25.75,-136.0,-7.1084747,-4.8460083,8.603151,24.829117,7.7629185,2.0374918,-0.061,0.132,0.14541320435228708,6,2.0927410099999975,Medium
25.75,-135.75,-6.998123,-4.8362427,8.506643,24.829117,7.7629185,2.0374918,-0.048,0.032,0.05768882040742383,6,2.082942769999998,Medium
25.75,-135.5,-6.886795,-4.8255005,8.409126,22.422867,7.795145,2.0094156,-0.049,-0.07200000000000001,0.08709190547921203,6,2.0282157433333317,Medium
25.75,-135.25,-6.7657013,-4.833313,8.314784,22.422867,7.795145,2.0094156,-0.076,-0.14100000000000001,0.16017802595861894,6,2.0682855333333308,Medium
25.75,-135.0,-6.6465607,-4.8450317,8.225029,19.907242,7.8217564,1.9793863,-0.11900000000000001,-0.17400000000000002,0.21080085388821365,6,2.0134017566666644,Medium
25.75,-134.75,-6.4883575,-4.89093,8.125268,19.907242,7.8217564,1.9793863,-0.158,-0.202,0.2564527246881967,6,2.0738174633333317,Medium
25.75,-134.5,-6.3321075,-4.969055,8.049043,17.08693,7.8547153,1.9434977,-0.178,-0.23900000000000002,0.29800167784762555,6,3.1149668166666657,Medium
25.75,-134.25,-6.1553497,-5.0510864,7.962525,17.08693,7.8547153,1.9434977,-0.184,-0.23500000000000001,0.29846440323763906,6,3.51024692333333,Medium
25.75,-134.0,-6.0039825,-5.1311646,7.897889,14.579118,7.8757114,1.9095621,-0.188,-0.152,0.2417602117801852,6,1.5623986333333328,Medium
25.75,-133.75,-5.907303,-5.197571,7.8683524,14.579118,7.8757114,1.9095621,-0.193,-0.036000000000000004,0.19632880583347928,6,1.3366352533333328,Medium
25.75,-133.5,-5.794998,-5.2610474,7.8269167,12.485368,7.88035,1.8800211,-0.188,0.036000000000000004,0.1914157778240864,6,1.239210906666667,Medium
25.75,-133.25,-5.6758575,-5.302063,7.7670608,12.485368,7.88035,1.8800211,-0.165,0.05,0.17240939649566667,6,1.3723756400000002,Medium
25.75,-133.0,-5.544998,-5.346985,7.703068,10.297868,7.886698,1.8490152,-0.145,0.053,0.1543826415112787,6,1.168561983333334,Medium
25.75,-132.75,-5.4121857,-5.3772583,7.629329,10.297868,7.886698,1.8490152,-0.136,0.046,0.1435687988387449,6,1.1216296400000003,Medium
25.75,-132.5,-5.2696075,-5.411438,7.5533056,7.9463053,7.899149,1.8189859,-0.14100000000000001,0.002,0.14101418368376992,6,1.2732151066666668,Medium
25.75,-132.25,-5.145584,-5.480774,7.517707,7.9463053,7.899149,1.8189859,-0.146,-0.06,0.15784802817900512,6,1.2531522233333339,Medium
25.75,-132.0,-5.025467,-5.556946,7.492327,5.6025553,7.9032993,1.793107,-0.145,-0.07200000000000001,0.1618919392681427,6,1.2531059466666672,Medium
25.75,-131.75,-4.9063263,-5.6380005,7.4738936,5.6025553,7.9032993,1.793107,-0.134,-0.02,0.1354843164355196,6,1.2550299266666665,Medium
25.75,-131.5,-4.7451935,-5.7385864,7.4463573,3.1884928,7.9159946,1.7674723,-0.106,0.039,0.11294689017409908,6,1.8613329666666667,Medium
25.75,-131.25,-4.587967,-5.83136,7.419852,3.1884928,7.9159946,1.7674723,-0.06,0.051000000000000004,0.07874642849044013,6,1.911794976666667,Medium
25.75,-131.0,-4.418045,-5.9299927,7.394859,0.36818027,7.946024,1.7389078,-0.014,0.025,0.028653097563788806,6,2.750939609999998,Medium
25.75,-130.75,-4.2295685,-6.05011,7.3819427,0.36818027,7.946024,1.7389078,0.01,-0.015,0.018027756377319945,6,3.638969939999995,Medium
25.75,-130.5,-4.0420685,-6.152649,7.361617,357.5635,7.9657993,1.7125406,-0.001,-0.065,0.06500769185258004,6,1.3604420733333336,Medium
25.75,-130.25,-3.8282013,-6.1799927,7.269624,357.5635,7.9657993,1.7125406,-0.027,-0.10300000000000001,0.10648004507887852,6,1.2199507633333335,Medium
26.0,-156.25,-7.563553,1.9811401,7.8187113,115.75099,7.394022,1.9242105,-0.007,0.228,0.2281074308302998,6,0.7706367433333351,Low
26.0,-156.0,-7.706131,1.9215698,7.9420958,114.383804,7.268778,1.9071207,0.041,0.187,0.19144189719076649,6,0.8051552133333348,Low
26.0,-155.75,-7.7364044,1.8121948,7.9458165,114.383804,7.268778,1.9071207,0.07100000000000001,0.122,0.14115594213493105,6,0.9546978333333338,Low
26.0,-155.5,-7.68367,1.666687,7.862355,112.95412,7.1896763,1.8761148,0.08600000000000001,0.044,0.09660227740586659,6,0.9394433733333339,Low
26.0,-155.25,-7.570389,1.5153198,7.720556,112.95412,7.1896763,1.8761148,0.099,-0.011,0.09960923651951159,6,0.9202615966666682,Low
26.0,-155.0,-7.4307404,1.3746948,7.5568304,111.74318,7.1779575,1.838273,0.108,-0.011,0.10855873986004075,6,0.8978936300000017,Low
26.0,-154.75,-7.3057404,1.2594604,7.4135065,111.74318,7.1779575,1.838273,0.08,0.052000000000000005,0.09541488353501251,6,0.9187197300000011,Low
26.0,-154.5,-7.2364044,1.1705933,7.330473,110.915054,7.2140903,1.81215,-0.01,0.155,0.15532224567009068,6,0.7183859500000013,Low
26.0,-154.25,-7.1875763,1.1539917,7.279626,110.915054,7.2140903,1.81215,-0.137,0.263,0.29654342009223544,6,0.6058170133333335,Low
26.0,-154.0,-7.157303,1.157898,7.2503595,110.42287,7.2824497,1.810441,-0.246,0.338,0.4180430599830597,6,0.6828063500000003,Low
26.0,-153.75,-7.219803,1.1657104,7.3133054,110.42287,7.2824497,1.810441,-0.311,0.358,0.474220412888353,6,0.7078048266666667,Low
26.0,-153.5,-7.4014435,1.1119995,7.484511,110.165054,7.364481,1.8316813,-0.35100000000000003,0.318,0.47362960211540833,6,0.7139757766666669,Low
26.0,-153.25,-7.643631,0.97332764,7.705353,110.165054,7.364481,1.8316813,-0.389,0.227,0.45038872099554184,6,0.7243671966666666,Low
26.0,-153.0,-7.841873,0.77020264,7.879606,109.83693,7.430643,1.8656168,-0.418,0.10200000000000001,0.43026503460076787,6,0.7192884766666668,Low
26.0,-152.75,-8.046951,0.61102295,8.070116,109.83693,7.430643,1.8656168,-0.41200000000000003,-0.018000000000000002,0.41239301642971604,6,0.7602799833333338,Low
26.0,-152.5,-8.200272,0.44500732,8.2123375,109.852554,7.517313,1.8927164,-0.366,-0.076,0.37380743705817304,6,0.756079976666667,Low
26.0,-152.25,-8.313553,0.31219482,8.319412,109.852554,7.517313,1.8927164,-0.303,-0.044,0.30617805277321886,6,0.8110892866666672,Low
26.0,-152.0,-8.387772,0.22332764,8.390744,110.40724,7.617899,1.911027,-0.255,0.041,0.25827504718807043,6,0.7669212300000009,Low
26.0,-151.75,-8.43074,0.15789795,8.4322195,110.40724,7.617899,1.911027,-0.23,0.097,0.2496177077052027,6,0.7287416333333339,Low
26.0,-151.5,-8.46492,0.07684326,8.465269,111.540054,7.7321568,1.9203043,-0.227,0.098,0.2472508847304697,6,0.6775506333333341,Low
26.0,-151.25,-8.543045,0.0211792,8.543072,111.540054,7.7321568,1.9203043,-0.231,0.08700000000000001,0.24684002916869055,6,0.7377300300000009,Low
26.0,-151.0,-8.617264,-0.0881958,8.617715,112.64943,7.834696,1.9298258,-0.215,0.131,0.25176576415390556,6,0.6840251100000008,Low
26.0,-150.75,-8.6983185,-0.28741455,8.703065,112.64943,7.834696,1.9298258,-0.162,0.218,0.2716026509443529,6,0.7205242000000006,Low
26.0,-150.5,-8.7920685,-0.5120239,8.806965,112.727554,7.8827915,1.9452066,-0.077,0.265,0.27596014204953584,6,0.738238136666667,Low
26.0,-150.25,-8.904373,-0.71221924,8.932812,112.727554,7.8827915,1.9452066,0.01,0.20800000000000002,0.2082402458700047,6,0.7916012100000005,Low
26.0,-150.0,-8.9951935,-0.92315674,9.04244,112.01662,7.898905,1.9588785,0.07,0.081,0.10705606008068858,6,1.005887773333334,Medium
26.0,-149.75,-8.974686,-1.0735474,9.038666,112.01662,7.898905,1.9588785,0.08,-0.018000000000000002,0.082,6,1.0383078700000008,Medium
26.0,-149.5,-8.900467,-1.1184692,8.970468,111.446304,7.913553,1.9605875,0.035,-0.025,0.04301162633521314,6,0.8934616400000014,Low
26.0,-149.25,-8.853592,-1.1643677,8.929829,111.446304,7.913553,1.9605875,-0.044,0.037,0.05748912940721924,6,0.8721864733333345,Low
26.0,-149.0,-8.78035,-1.2678833,8.871419,111.43849,7.9328403,1.9542398,-0.127,0.097,0.15980613254815976,6,0.7751669366666674,Low
26.0,-148.75,-8.627029,-1.4192505,8.742992,111.43849,7.9328403,1.9542398,-0.166,0.101,0.19431160541768988,6,0.8305328700000004,Low
26.0,-148.5,-8.4795685,-1.5579224,8.621497,111.99318,7.977762,1.935441,-0.138,0.061,0.15088074761214568,6,0.9429676466666678,Low
26.0,-148.25,-8.363358,-1.5930786,8.513733,111.99318,7.977762,1.935441,-0.053,0.024,0.058180752831155425,6,0.9987586766666677,Low
26.0,-148.0,-8.134842,-1.6360474,8.297729,111.96193,8.027567,1.9142008,0.043000000000000003,0.032,0.053600373133029594,6,1.1464450033333335,Medium
26.0,-147.75,-7.9463654,-1.6848755,8.123025,111.96193,8.027567,1.9142008,0.11800000000000001,0.066,0.13520355024924458,6,1.2023698366666655,Medium
26.0,-147.5,-7.9434357,-1.7288208,8.129391,110.040054,8.025614,1.9010172,0.161,0.08600000000000001,0.18252944967867515,6,1.1177752399999992,Medium
26.0,-147.25,-8.158279,-1.755188,8.344952,110.040054,8.025614,1.9010172,0.186,0.061,0.19574728606036917,6,1.1195540433333322,Medium
26.0,-147.0,-8.4483185,-1.8079224,8.639599,105.71974,7.9484653,1.9059,0.196,0.002,0.19601020381602588,6,1.0691348933333331,Medium
26.0,-146.75,-8.379959,-1.8381958,8.579201,105.71974,7.9484653,1.9059,0.187,-0.077,0.2022325394193526,6,1.048665406666666,Medium
26.0,-146.5,-8.154373,-1.8352661,8.35835,101.55568,7.900858,1.9068766,0.153,-0.162,0.22282953125651905,6,1.1634520666666652,Medium
26.0,-146.25,-7.926834,-1.8362427,8.136737,101.55568,7.900858,1.9068766,0.098,-0.227,0.2472508847304697,6,1.2259318266666641,Medium
26.0,-146.0,-7.770584,-1.8840942,7.9957356,97.49318,7.897684,1.8995523,0.038,-0.226,0.2291724241700995,6,1.1852117266666646,Medium
26.0,-145.75,-7.744217,-2.0100708,8.00083,97.49318,7.897684,1.8995523,-0.01,-0.127,0.12739309243440164,6,1.0770183733333325,Medium
26.0,-145.5,-7.898514,-2.1907349,8.196696,91.15724,7.8251743,1.9105387,-0.039,0.053,0.0658027355054484,6,1.1498183633333339,Medium
26.0,-145.25,-8.148514,-2.3215942,8.472785,91.15724,7.8251743,1.9105387,-0.054,0.228,0.23430749027719963,6,1.2273530700000002,Medium
26.0,-145.0,-8.252029,-2.4280396,8.601824,83.75099,7.696268,1.9383707,-0.073,0.281,0.290327401393668,6,1.1830377133333332,Medium
26.0,-144.75,-8.2764435,-2.4993286,8.645586,83.75099,7.696268,1.9383707,-0.107,0.17,0.2008706051168264,6,1.0814030900000002,Medium
26.0,-144.5,-8.273514,-2.538391,8.654159,77.39162,7.621561,1.9535074,-0.14,-0.021,0.1415662389130968,6,1.2181684866666667,Medium
26.0,-144.25,-8.273514,-2.569641,8.663376,77.39162,7.621561,1.9535074,-0.14200000000000002,-0.145,0.20295073293782412,6,1.3460751733333323,Medium
26.0,-144.0,-8.295975,-2.6419067,8.706484,71.65724,7.583475,1.9627848,-0.097,-0.132,0.1638078142214223,6,1.8575911966666656,Medium
26.0,-143.75,-8.301834,-2.810852,8.764778,71.65724,7.583475,1.9627848,-0.037,-0.022,0.043046486500061765,6,1.8958086233333313,Medium
26.0,-143.5,-8.396561,-3.029602,8.926406,66.20412,7.494364,1.9942789,-0.019,0.109,0.11064357188738982,6,2.224695729999997,Medium
26.0,-143.25,-8.533279,-3.2766724,9.140757,66.20412,7.494364,1.9942789,-0.07200000000000001,0.224,0.23528705871764388,6,2.4063430833333315,Medium
26.0,-143.0,-8.634842,-3.5100708,9.321003,61.602554,7.395487,2.0357828,-0.166,0.306,0.34812641382118653,6,2.4059392499999994,Medium
26.0,-142.75,-8.634842,-3.6819458,9.387077,61.602554,7.395487,2.0357828,-0.233,0.323,0.3982687534818668,6,2.441561806666666,Medium
26.0,-142.5,-8.575272,-3.7922974,9.376396,57.74318,7.336893,2.0697184,-0.228,0.246,0.33541019662496846,6,2.4403806233333327,Medium
26.0,-142.25,-8.504959,-3.8255005,9.325706,57.74318,7.336893,2.0697184,-0.163,0.109,0.19608671551127577,6,2.3928931833333325,Medium
26.0,-142.0,-8.4991,-3.8128052,9.315159,54.52443,7.3256626,2.0936441,-0.081,-0.015,0.0823771813064759,6,2.3614125599999993,Medium
26.0,-141.75,-8.525467,-3.7922974,9.330869,54.52443,7.3256626,2.0936441,-0.008,-0.089,0.08935882720806042,6,2.5039956799999987,Medium
26.0,-141.5,-8.550858,-3.8010864,9.357639,51.540054,7.3429966,2.1048746,0.051000000000000004,-0.133,0.14244297104455525,6,2.5433182633333318,Medium
26.0,-141.25,-8.549881,-3.8538208,9.378294,51.540054,7.3429966,2.1048746,0.089,-0.185,0.2052949098248663,6,2.635287333333332,Medium
26.0,-141.0,-8.52449,-3.9280396,9.38597,48.485367,7.3862095,2.1024332,0.085,-0.23600000000000002,0.25084058682757066,6,2.581130359999999,Medium
26.0,-140.75,-8.472733,-4.038391,9.385936,48.485367,7.3862095,2.1024332,0.036000000000000004,-0.248,0.25059928172283336,6,2.515716959999999,Medium
26.0,-140.5,-8.416092,-4.1516724,9.384401,45.46974,7.441141,2.096818,-0.032,-0.20500000000000002,0.2074825293850063,6,2.5333283033333314,Medium
26.0,-140.25,-8.362381,-4.26886,9.38896,45.46974,7.441141,2.096818,-0.081,-0.139,0.16087883639559308,6,2.2169978033333306,Medium
26.0,-140.0,-8.327225,-4.3655396,9.40216,42.891617,7.479471,2.102189,-0.092,-0.08700000000000001,0.12662148316932637,6,2.138308419999998,Medium
26.0,-139.75,-8.326248,-4.4260864,9.429563,42.891617,7.479471,2.102189,-0.082,-0.045,0.09353608929178085,6,2.116058996666665,Medium
26.0,-139.5,-8.346756,-4.4710083,9.468804,40.602554,7.5080357,2.1121988,-0.063,0.001,0.06300793600809346,6,2.2064255933333308,Medium
26.0,-139.25,-8.293045,-4.5393677,9.4541235,40.602554,7.5080357,2.1121988,-0.036000000000000004,0.043000000000000003,0.05608029957123981,6,2.2732199699999973,Medium
26.0,-139.0,-8.272537,-4.5774536,9.45452,38.454117,7.5353794,2.1204996,-0.009000000000000001,0.064,0.0646297145282261,6,2.3265569899999976,Medium
26.0,-138.75,-8.231522,-4.6087036,9.433881,38.454117,7.5353794,2.1204996,0.01,0.082,0.08260750571225355,6,2.281571059999998,Medium
26.0,-138.5,-8.175858,-4.6272583,9.394476,36.321304,7.5668736,2.1234293,0.007,0.121,0.1212023102090055,6,2.2688165166666647,Medium
26.0,-138.25,-8.122147,-4.6223755,9.345353,36.321304,7.5668736,2.1234293,-0.01,0.158,0.1583161394173064,6,2.337497663333331,Medium
26.0,-138.0,-8.03035,-4.6087036,9.25887,33.977554,7.6103306,2.1180582,-0.037,0.136,0.1409432509913121,6,2.2187487833333304,Medium
26.0,-137.75,-7.944412,-4.605774,9.182965,33.977554,7.6103306,2.1180582,-0.062,0.051000000000000004,0.08028075734570521,6,2.157174649999998,Medium
26.0,-137.5,-7.835037,-4.647766,9.109859,31.625992,7.6552525,2.1082926,-0.08600000000000001,-0.03,0.0910823802938856,6,1.9492000966666638,Medium
26.0,-137.25,-7.7158966,-4.6799927,9.024267,31.625992,7.6552525,2.1082926,-0.105,-0.033,0.11006361796706483,6,1.8395415933333314,Medium
26.0,-137.0,-7.5928497,-4.70343,8.931608,29.415054,7.688944,2.0997477,-0.116,0.04,0.12270289320142375,6,1.8023791333333319,Medium
26.0,-136.75,-7.471756,-4.732727,8.844538,29.415054,7.688944,2.0997477,-0.114,0.127,0.17066048165876013,6,1.9064153499999983,Medium
26.0,-136.5,-7.350662,-4.7493286,8.751477,27.016617,7.721903,2.0855875,-0.09,0.171,0.193238194982255,6,1.9397325533333325,Medium
26.0,-136.25,-7.2715607,-4.793274,8.709252,27.016617,7.721903,2.0855875,-0.048,0.156,0.1632176461048253,6,2.164287503333331,Medium
26.0,-136.0,-7.1670685,-4.8137817,8.633618,24.46193,7.758524,2.0636148,0.0,0.097,0.097,6,2.1132862699999992,Medium
26.0,-135.75,-7.0713654,-4.817688,8.556537,24.46193,7.758524,2.0636148,0.034,0.018000000000000002,0.03847076812334269,6,2.532149806666665,Medium
26.0,-135.5,-6.96492,-4.8206177,8.470447,22.133804,7.774637,2.0399332,0.036000000000000004,-0.053,0.06407027391856539,6,2.085400773333332,Medium
26.0,-135.25,-6.835037,-4.8342896,8.371863,22.133804,7.774637,2.0399332,0.006,-0.095,0.09518928511129811,6,2.124856793333331,Medium
26.0,-135.0,-6.716873,-4.8762817,8.300272,19.52443,7.800028,2.0108805,-0.04,-0.12,0.12649110640673517,6,2.1399009199999983,Medium
26.0,-134.75,-6.567459,-4.960266,8.230174,19.52443,7.800028,2.0108805,-0.08700000000000001,-0.16,0.1821235844145398,6,2.0181037666666644,Medium
26.0,-134.5,-6.4014435,-5.0217896,8.136145,16.508804,7.838602,1.9737711,-0.126,-0.211,0.24575801105966005,6,3.059766893333332,Medium
26.0,-134.25,-6.235428,-5.094055,8.051705,16.508804,7.838602,1.9737711,-0.153,-0.218,0.26633249895572264,6,3.4950568333333307,Medium
26.0,-134.0,-6.08992,-5.1829224,7.996863,13.633805,7.8771763,1.9376383,-0.163,-0.146,0.21882641522448792,6,1.6302273766666662,Medium
26.0,-133.75,-5.966873,-5.275696,7.964706,13.633805,7.8771763,1.9376383,-0.147,-0.051000000000000004,0.15559562975867927,6,1.3703467066666655,Medium
26.0,-133.5,-5.8252716,-5.353821,7.911838,11.55568,7.881571,1.9120035,-0.109,0.0,0.109,6,1.218039413333332,Medium
26.0,-133.25,-5.728592,-5.3880005,7.8643064,11.55568,7.881571,1.9120035,-0.07,0.015,0.07158910531638177,6,1.4909107766666663,Medium
26.0,-133.0,-5.617264,-5.4241333,7.808641,9.64943,7.8796177,1.8883219,-0.051000000000000004,0.039,0.06420280367709809,6,1.180823626666667,Medium
26.0,-132.75,-5.5108185,-5.463196,7.759873,9.64943,7.8796177,1.8883219,-0.067,0.062,0.09128526715741155,6,1.1750497066666672,Medium
26.0,-132.5,-5.4053497,-5.524719,7.7291865,7.6025553,7.883768,1.8629313,-0.11900000000000001,0.037,0.12461942063739505,6,1.2416532899999992,Medium
26.0,-132.25,-5.2920685,-5.614563,7.7155237,7.6025553,7.883768,1.8629313,-0.182,-0.028,0.1841412501315227,6,1.2405851533333334,Medium
26.0,-132.0,-5.1739044,-5.6985474,7.69693,5.5088053,7.88328,1.8385172,-0.224,-0.064,0.2329635164569766,6,1.2057326933333337,Medium
26.0,-131.75,-5.056717,-5.810852,7.7030115,5.5088053,7.88328,1.8385172,-0.223,-0.048,0.2281074308302998,6,1.21139491,Medium
26.0,-131.5,-4.90242,-5.929016,7.693306,3.2431803,7.8969517,1.8131266,-0.17300000000000001,-0.023,0.17452220489095366,6,1.8417919599999992,Medium
26.0,-131.25,-4.7315216,-6.036438,7.669803,3.2431803,7.8969517,1.8131266,-0.1,-0.024,0.10283968105745954,6,1.7552857466666665,Medium
26.0,-131.0,-4.5459747,-6.1272583,7.629494,0.6650553,7.918436,1.7865152,-0.031,-0.03,0.04313930922024598,6,2.278709793333333,Medium
26.0,-130.75,-4.3408966,-6.201477,7.5697885,0.6650553,7.918436,1.7865152,0.007,-0.029,0.029832867780352598,6,2.459002483333332,Medium
26.0,-130.5,-4.134842,-6.263977,7.5056195,357.96976,7.944559,1.7594156,0.009000000000000001,-0.046,0.04687216658103186,6,4.04867702333333,Medium
26.0,-130.25,-3.878006,-6.322571,7.417131,357.96976,7.944559,1.7594156,-0.002,-0.08,0.08002499609497023,6,3.1055081966666607,Medium
26.25,-156.25,-7.522537,2.1393433,7.8208284,115.75099,7.394022,1.9242105,-0.007,0.17,0.1701440566108614,6,0.8264452633333357,Low
26.25,-156.0,-7.617264,2.0289917,7.882862,114.383804,7.268778,1.9071207,0.038,0.138,0.14313629868066313,6,0.8443917200000021,Low
26.25,-155.75,-7.579178,1.9059448,7.8151493,114.383804,7.268778,1.9071207,0.076,0.092,0.11933147112141038,6,0.9731375633333337,Low
26.25,-155.5,-7.5039825,1.8004761,7.71696,112.95412,7.1896763,1.8761148,0.101,0.029,0.10508092119885513,6,0.9380129566666672,Low
26.25,-155.25,-7.398514,1.7028198,7.5919433,112.95412,7.1896763,1.8761148,0.112,-0.018000000000000002,0.11343720729989787,6,0.9186196400000015,Low
26.25,-155.0,-7.2969513,1.6071167,7.471835,111.74318,7.1779575,1.838273,0.1,0.012,0.10071742649611339,6,0.9127660500000015,Low
26.25,-154.75,-7.244217,1.5504761,7.4082828,111.74318,7.1779575,1.838273,0.047,0.133,0.14106027080648897,6,0.8164625333333352,Low
26.25,-154.5,-7.208084,1.494812,7.3614497,110.915054,7.2140903,1.81215,-0.049,0.28800000000000003,0.29213866570517505,6,0.663565886666667,Low
26.25,-154.25,-7.2295685,1.4381714,7.3712277,110.915054,7.2140903,1.81215,-0.163,0.397,0.4291596439554866,6,0.6066346766666668,Low
26.25,-154.0,-7.369217,1.3580933,7.493315,110.42287,7.2824497,1.810441,-0.256,0.429,0.4995768209194658,6,0.7273657733333335,Low
26.25,-153.75,-7.574295,1.2438354,7.6757455,110.42287,7.2824497,1.810441,-0.313,0.406,0.5126451014103227,6,0.7202193200000002,Low
26.25,-153.5,-7.8721466,1.0387573,7.940385,110.165054,7.364481,1.8316813,-0.34600000000000003,0.354,0.4950070706565715,6,0.7151758733333334,Low
26.25,-153.25,-8.140701,0.82196045,8.182093,110.165054,7.364481,1.8316813,-0.372,0.264,0.4561578674099571,6,0.7518767466666664,Low
26.25,-153.0,-8.296951,0.56414795,8.316109,109.83693,7.430643,1.8656168,-0.387,0.11900000000000001,0.4048826990623334,6,0.7952404233333339,Low
26.25,-152.75,-8.522537,0.32977295,8.528915,109.83693,7.430643,1.8656168,-0.38,-0.035,0.3816084380618437,6,0.8020802800000003,Low
26.25,-152.5,-8.728592,0.15985107,8.730056,109.852554,7.517313,1.8927164,-0.35100000000000003,-0.11900000000000001,0.3706237984803459,6,0.8005533500000003,Low
26.25,-152.25,-8.878983,-0.020812988,8.879007,109.852554,7.517313,1.8927164,-0.312,-0.091,0.325,6,0.7905294600000002,Low
26.25,-152.0,-8.939529,-0.16827393,8.9411125,110.40724,7.617899,1.911027,-0.276,0.003,0.2760163038662753,6,0.816400343333334,Low
26.25,-151.75,-8.912186,-0.26983643,8.91627,110.40724,7.617899,1.911027,-0.251,0.08,0.26344069541359777,6,0.7769165066666675,Low
26.25,-151.5,-8.879959,-0.3147583,8.885536,111.540054,7.7321568,1.9203043,-0.23800000000000002,0.094,0.25589060162499133,6,0.7725381233333345,Low
26.25,-151.25,-8.87117,-0.37139893,8.878941,111.540054,7.7321568,1.9203043,-0.233,0.079,0.24602845363900494,6,0.747479760000001,Low
26.25,-151.0,-8.912186,-0.4290161,8.922505,112.64943,7.834696,1.9298258,-0.214,0.09,0.23215512055520118,6,0.6994784733333339,Low
26.25,-150.75,-8.990311,-0.5549927,9.007424,112.64943,7.834696,1.9298258,-0.159,0.134,0.207935086024461,6,0.6728867633333337,Low
26.25,-150.5,-9.011795,-0.6848755,9.037782,112.727554,7.8827915,1.9452066,-0.07100000000000001,0.163,0.17779201331893402,6,0.7570768666666674,Low
26.25,-150.25,-8.96492,-0.82159424,9.002489,112.727554,7.8827915,1.9452066,0.015,0.129,0.12986916493148018,6,0.8543610833333347,Low
26.25,-150.0,-8.810623,-0.9182739,8.858347,112.01662,7.898905,1.9588785,0.063,0.054,0.08297590011563599,6,1.055825453333334,Medium
26.25,-149.75,-8.697342,-0.9788208,8.752248,112.01662,7.898905,1.9588785,0.058,0.013000000000000001,0.059439044406854324,6,1.0292341566666674,Medium
26.25,-149.5,-8.581131,-1.0628052,8.646697,111.446304,7.913553,1.9605875,0.008,0.05,0.05063595560468866,6,0.8949006400000017,Low
26.25,-149.25,-8.489334,-1.1399536,8.565529,111.446304,7.913553,1.9605875,-0.058,0.123,0.135988970140964,6,0.8411779266666676,Low
26.25,-149.0,-8.440506,-1.1897583,8.523947,111.43849,7.9328403,1.9542398,-0.114,0.154,0.19160375779195982,6,0.7559711700000002,Low
26.25,-148.75,-8.424881,-1.1565552,8.503896,111.43849,7.9328403,1.9542398,-0.135,0.101,0.16860011862392033,6,0.8471895100000005,Low
26.25,-148.5,-8.325272,-1.1604614,8.405762,111.99318,7.977762,1.935441,-0.122,0.007,0.12220065466273083,6,0.948562856666668,Low
26.25,-148.25,-8.172928,-1.2356567,8.265809,111.99318,7.977762,1.935441,-0.091,-0.051000000000000004,0.10431682510506156,6,0.9220176000000017,Low
26.25,-148.0,-8.029373,-1.3450317,8.14125,111.96193,8.027567,1.9142008,-0.062,-0.032,0.06977105417004963,6,0.9573681366666682,Low
26.25,-147.75,-7.9658966,-1.4436646,8.095657,111.96193,8.027567,1.9142008,-0.039,0.022,0.04477722635447622,6,1.0246104300000012,Medium
26.25,-147.5,-8.072342,-1.5745239,8.224465,110.040054,8.025614,1.9010172,-0.008,0.049,0.04964876634922564,6,1.018748750000001,Medium
26.25,-147.25,-8.267654,-1.6965942,8.439938,110.040054,8.025614,1.9010172,0.04,0.024,0.0466476151587624,6,1.1261106233333338,Medium
26.25,-147.0,-8.304764,-1.7581177,8.488821,105.71974,7.9484653,1.9059,0.097,-0.023,0.09968951800465282,6,1.106228323333333,Medium
26.25,-146.75,-8.093826,-1.7542114,8.281744,105.71974,7.9484653,1.9059,0.132,-0.066,0.14758048651498612,6,1.1347825166666656,Medium
26.25,-146.5,-7.9151154,-1.7766724,8.112066,101.55568,7.900858,1.9068766,0.11900000000000001,-0.105,0.1587009766825649,6,1.1235188066666657,Medium
26.25,-146.25,-7.833084,-1.810852,8.039676,101.55568,7.900858,1.9068766,0.055,-0.14,0.15041608956491323,6,1.0994723666666657,Medium
26.25,-146.0,-7.8076935,-1.873352,8.029292,97.49318,7.897684,1.8995523,-0.031,-0.145,0.1482767682410161,6,1.0206512133333332,Medium
26.25,-145.75,-7.8770294,-1.9885864,8.124166,97.49318,7.897684,1.8995523,-0.095,-0.084,0.12681088281373962,6,0.9352975166666675,Low
26.25,-145.5,-8.002029,-2.1497192,8.285757,91.15724,7.8251743,1.9105387,-0.112,0.054,0.12433824833895643,6,1.038684846666668,Medium
26.25,-145.25,-8.132889,-2.2971802,8.45109,91.15724,7.8251743,1.9105387,-0.096,0.214,0.23454637068179077,6,1.1665143566666667,Medium
26.25,-145.0,-8.192459,-2.3723755,8.529041,83.75099,7.696268,1.9383707,-0.088,0.294,0.30688760157425715,6,1.1643152566666666,Medium
26.25,-144.75,-8.236404,-2.4006958,8.579144,83.75099,7.696268,1.9383707,-0.121,0.22,0.2510796686312932,6,1.0980087433333332,Medium
26.25,-144.5,-8.290115,-2.4104614,8.633443,77.39162,7.621561,1.9535074,-0.186,0.03,0.18840382161729097,6,1.2608677333333338,Medium
26.25,-144.25,-8.343826,-2.4631958,8.699815,77.39162,7.621561,1.9535074,-0.224,-0.148,0.26847718711279733,6,1.4057362699999993,Medium
26.25,-144.0,-8.4951935,-2.6047974,8.885566,71.65724,7.583475,1.9627848,-0.20600000000000002,-0.19,0.28024275191340814,6,2.028024419999999,Medium
26.25,-143.75,-8.546951,-2.8157349,8.998818,71.65724,7.583475,1.9627848,-0.157,-0.075,0.17399425277864783,6,1.8590725599999989,Medium
26.25,-143.5,-8.549881,-3.0471802,9.076661,66.20412,7.494364,1.9942789,-0.139,0.126,0.18760863519571802,6,2.11691378333333,Medium
26.25,-143.25,-8.548904,-3.2522583,9.146636,66.20412,7.494364,1.9942789,-0.177,0.305,0.35263862522418044,6,2.417103549999999,Medium
26.25,-143.0,-8.55867,-3.404602,9.210979,61.602554,7.395487,2.0357828,-0.224,0.378,0.439385935141306,6,2.3580490699999994,Medium
26.25,-142.75,-8.514725,-3.4397583,9.183271,61.602554,7.395487,2.0357828,-0.216,0.318,0.3844216435113923,6,2.3825919133333326,Medium
26.25,-142.5,-8.497147,-3.4329224,9.1644125,57.74318,7.336893,2.0697184,-0.133,0.163,0.21037585412779672,6,2.310887756666665,Medium
26.25,-142.25,-8.53035,-3.3948364,9.181056,57.74318,7.336893,2.0697184,-0.013000000000000001,-0.001,0.013038404810405298,6,3.9265482033333305,Medium
26.25,-142.0,-8.597733,-3.3938599,9.243338,54.52443,7.3256626,2.0936441,0.095,-0.11,0.14534441853748634,6,2.4937616399999984,Medium
26.25,-141.75,-8.6241,-3.4192505,9.277197,54.52443,7.3256626,2.0936441,0.163,-0.153,0.22355759884199866,6,2.6332095099999977,Medium
26.25,-141.5,-8.62117,-3.4905396,9.300991,51.540054,7.3429966,2.1048746,0.184,-0.162,0.24515301344262524,6,2.627364489999998,Medium
26.25,-141.25,-8.610428,-3.5794067,9.324785,51.540054,7.3429966,2.1048746,0.154,-0.162,0.22351733713517616,6,2.549966889999998,Medium
26.25,-141.0,-8.609451,-3.6829224,9.364111,48.485367,7.3862095,2.1024332,0.068,-0.155,0.16926015479137432,6,2.393865019999998,Medium
26.25,-140.75,-8.565506,-3.7922974,9.367465,48.485367,7.3862095,2.1024332,-0.055,-0.135,0.14577379737113252,6,2.3592655799999975,Medium
26.25,-140.5,-8.517654,-3.887024,9.362659,45.46974,7.441141,2.096818,-0.167,-0.113,0.20163829001457043,6,2.3972763566666653,Medium
26.25,-140.25,-8.476639,-3.9680786,9.359437,45.46974,7.441141,2.096818,-0.228,-0.10400000000000001,0.25059928172283336,6,2.4000437166666666,Medium
26.25,-140.0,-8.446365,-4.0481567,9.366358,42.891617,7.479471,2.102189,-0.23600000000000002,-0.098,0.25553864678361277,6,2.406539403333333,Medium
26.25,-139.75,-8.428787,-4.1243286,9.3837385,42.891617,7.479471,2.102189,-0.213,-0.077,0.22649061790723252,6,2.386794696666665,Medium
26.25,-139.5,-8.423904,-4.194641,9.410482,40.602554,7.5080357,2.1121988,-0.179,-0.036000000000000004,0.18258422713914801,6,2.290362593333331,Medium
26.25,-139.25,-8.380936,-4.2385864,9.3917885,40.602554,7.5080357,2.1121988,-0.149,0.007,0.14916433890176298,6,2.121600143333331,Medium
26.25,-139.0,-8.328201,-4.284485,9.365669,38.454117,7.5353794,2.1204996,-0.126,0.038,0.1316054710108968,6,2.110704409999998,Medium
26.25,-138.75,-8.268631,-4.33136,9.334395,38.454117,7.5353794,2.1204996,-0.11900000000000001,0.07,0.13806158046321215,6,2.0839357233333304,Medium
26.25,-138.5,-8.203201,-4.3762817,9.297545,36.321304,7.5668736,2.1234293,-0.114,0.12,0.16551737068960465,6,2.0792122166666642,Medium
26.25,-138.25,-8.140701,-4.3967896,9.252177,36.321304,7.5668736,2.1234293,-0.107,0.161,0.1933132173442882,6,2.1558266566666644,Medium
26.25,-138.0,-8.043045,-4.4436646,9.188946,33.977554,7.6103306,2.1180582,-0.1,0.145,0.17613914953808538,6,2.1073455733333306,Medium
26.25,-137.75,-7.9522247,-4.4954224,9.134916,33.977554,7.6103306,2.1180582,-0.1,0.07100000000000001,0.12264175471673586,6,1.9201184099999986,Medium
26.25,-137.5,-7.8565216,-4.5637817,9.085871,31.625992,7.6552525,2.1082926,-0.117,-0.002,0.11701709276853532,6,1.934833009999998,Medium
26.25,-137.25,-7.7676544,-4.621399,9.038462,31.625992,7.6552525,2.1082926,-0.14400000000000002,-0.01,0.14434680460612906,6,1.8220047899999983,Medium
26.25,-137.0,-7.6670685,-4.6536255,8.968844,29.415054,7.688944,2.0997477,-0.155,0.049,0.1625607578722491,6,1.8773845666666649,Medium
26.25,-136.75,-7.5645294,-4.685852,8.898276,29.415054,7.688944,2.0997477,-0.15,0.113,0.1878004259846074,6,1.8782448266666654,Medium
26.25,-136.5,-7.476639,-4.727844,8.846052,27.016617,7.721903,2.0855875,-0.116,0.13,0.1742297333981775,6,1.9626525133333317,Medium
26.25,-136.25,-7.367264,-4.777649,8.780804,27.016617,7.721903,2.0855875,-0.058,0.095,0.11130588483993109,6,1.9642796866666647,Medium
26.25,-136.0,-7.232498,-4.805969,8.683684,24.46193,7.758524,2.0636148,0.006,0.042,0.042426406871192854,6,2.4152178999999987,Medium
26.25,-135.75,-7.1153107,-4.8547974,8.61375,24.46193,7.758524,2.0636148,0.048,-0.003,0.048093658625644194,6,2.176966693333332,Medium
26.25,-135.5,-6.9903107,-4.9299927,8.553904,22.133804,7.774637,2.0399332,0.049,-0.033,0.05907622195096772,6,2.108487256666666,Medium
26.25,-135.25,-6.8545685,-4.9797974,8.472514,22.133804,7.774637,2.0399332,0.019,-0.05,0.053488316481265334,6,2.0543671433333315,Medium
26.25,-135.0,-6.7451935,-5.0305786,8.414532,19.52443,7.800028,2.0108805,-0.024,-0.069,0.07305477397131553,6,2.075856946666665,Medium
26.25,-134.75,-6.6240997,-5.087219,8.352156,19.52443,7.800028,2.0108805,-0.07100000000000001,-0.11,0.13092364186807515,6,2.006614693333331,Medium
26.25,-134.5,-6.4834747,-5.1292114,8.267058,16.508804,7.838602,1.9737711,-0.122,-0.164,0.20440156555173447,6,2.9453234033333313,Medium
26.25,-134.25,-6.3428497,-5.181946,8.190501,16.508804,7.838602,1.9737711,-0.165,-0.187,0.24938724907260196,6,3.422209466666665,Medium
26.25,-134.0,-6.2032013,-5.2493286,8.126202,13.633805,7.8771763,1.9376383,-0.176,-0.155,0.23452291998864416,6,1.5646282799999995,Medium
26.25,-133.75,-6.0713654,-5.3079224,8.06446,13.633805,7.8771763,1.9376383,-0.14200000000000002,-0.101,0.17425555945220228,6,1.5929434533333326,Medium
26.25,-133.5,-5.9365997,-5.3928833,8.020374,11.55568,7.881571,1.9120035,-0.077,-0.068,0.1027277956543408,6,1.2859078766666654,Medium
26.25,-133.25,-5.8233185,-5.471985,7.990848,11.55568,7.881571,1.9120035,-0.013000000000000001,-0.039,0.041109609582188934,6,1.9185019533333325,Medium
26.25,-133.0,-5.694412,-5.565735,7.962646,9.64943,7.8796177,1.8883219,0.022,0.027,0.034828149534535995,6,1.7741101166666668,Medium
26.25,-132.75,-5.5840607,-5.647766,7.942229,9.64943,7.8796177,1.8883219,0.018000000000000002,0.098,0.09963934965664921,6,1.231195313333333,Medium
26.25,-132.5,-5.473709,-5.7405396,7.9319153,7.6025553,7.883768,1.8629313,-0.03,0.109,0.11305308487608819,6,1.3272428466666661,Medium
26.25,-132.25,-5.350662,-5.8303833,7.913467,7.6025553,7.883768,1.8629313,-0.1,0.044,0.10925200226998132,6,1.2294896566666664,Medium
26.25,-132.0,-5.242264,-5.935852,7.9193225,5.5088053,7.88328,1.8385172,-0.158,-0.033,0.1614094173212951,6,1.2910825600000004,Medium
26.25,-131.75,-5.0889435,-6.065735,7.9177322,5.5088053,7.88328,1.8385172,-0.171,-0.076,0.187128298234126,6,1.2024506766666674,Medium
26.25,-131.5,-4.904373,-6.1536255,7.868925,3.2431803,7.8969517,1.8131266,-0.138,-0.092,0.16585535867134352,6,1.8581860599999998,Medium
26.25,-131.25,-4.6865997,-6.2356567,7.8004894,3.2431803,7.8969517,1.8131266,-0.092,-0.096,0.1329661611087573,6,1.8234598766666663,Medium
26.25,-131.0,-4.469803,-6.3255005,7.745392,0.6650553,7.918436,1.7865152,-0.055,-0.077,0.0946255779374689,6,1.8636652033333334,Medium
26.25,-130.75,-4.2500763,-6.4104614,7.6913695,0.6650553,7.918436,1.7865152,-0.04,-0.046,0.06095900261651268,6,1.8461413,Medium
26.25,-130.5,-4.0332794,-6.462219,7.617586,357.96976,7.944559,1.7594156,-0.035,-0.041,0.05390732788777423,6,3.7477536533333295,Medium
26.25,-130.25,-3.784256,-6.5012817,7.5224504,357.96976,7.944559,1.7594156,-0.038,-0.07,0.07964923100695952,6,3.072412419999994,Medium
26.5,-156.25,-7.411209,2.3873901,7.7862477,118.06349,7.4125767,1.8980875,-0.007,0.129,0.12918978287774927,6,0.8970611566666691,Low
26.5,-156.0,-7.504959,2.2389526,7.8318143,116.43068,7.2939243,1.8829508,0.019,0.096,0.09786214794290998,6,0.8134966366666686,Low
26.5,-155.75,-7.4532013,2.0592651,7.73245,116.43068,7.2939243,1.8829508,0.049,0.056,0.07441102068914254,6,0.8995951433333356,Low
26.5,-155.5,-7.3858185,1.9039917,7.6272864,114.62599,7.2123814,1.855607,0.075,0.008,0.07542545989253231,6,0.9538453966666678,Low
26.5,-155.25,-7.315506,1.8170776,7.537798,114.62599,7.2123814,1.855607,0.083,-0.013000000000000001,0.0840119039184329,6,0.9392571966666675,Low
26.5,-155.0,-7.319412,1.7623901,7.5285997,112.79787,7.157938,1.832902,0.06,0.055,0.08139410298049853,6,0.9851813966666674,Low
26.5,-154.75,-7.3252716,1.7018433,7.520364,112.79787,7.157938,1.832902,0.007,0.218,0.21811235636707976,6,0.7208601900000012,Low
26.5,-154.5,-7.445389,1.564148,7.6079154,111.258804,7.140848,1.8238688,-0.064,0.396,0.40113838011339675,6,0.6817002266666667,Low
26.5,-154.25,-7.5459747,1.3619995,7.667906,111.258804,7.140848,1.8238688,-0.133,0.497,0.5144880951003629,6,0.6561899633333333,Low
26.5,-154.0,-7.614334,1.1901245,7.7067814,110.51662,7.1899204,1.826066,-0.186,0.499,0.5325382615362018,6,0.6312541866666668,Low
26.5,-153.75,-7.7178497,0.94207764,7.775134,110.51662,7.1899204,1.826066,-0.221,0.447,0.49864817256257943,6,0.6133603499999997,Low
26.5,-153.5,-7.9463654,0.72039795,7.9789534,110.32912,7.259989,1.8429117,-0.23700000000000002,0.379,0.4470011185668331,6,0.6806536099999997,Low
26.5,-153.25,-8.117264,0.5192261,8.133853,110.32912,7.259989,1.8429117,-0.23600000000000002,0.277,0.36390245945857524,6,0.7131442733333334,Low
26.5,-153.0,-8.193436,0.31121826,8.199344,110.70412,7.350321,1.8626871,-0.218,0.11800000000000001,0.2478870710626111,6,0.6120364800000005,Low
26.5,-152.75,-8.34285,0.14422607,8.344096,110.70412,7.350321,1.8626871,-0.199,-0.046,0.20424739900424682,6,0.6135834466666673,Low
26.5,-152.5,-8.500076,0.054382324,8.500251,111.727554,7.465555,1.8748941,-0.191,-0.134,0.23331738040703268,6,0.6990915866666675,Low
26.5,-152.25,-8.643631,-0.09112549,8.644111,111.727554,7.465555,1.8748941,-0.196,-0.106,0.2228272873774664,6,0.6776102600000007,Low
26.5,-152.0,-8.724686,-0.21905518,8.727435,112.508804,7.5473423,1.891984,-0.20600000000000002,-0.013000000000000001,0.2064097865896867,6,0.6726658666666672,Low
26.5,-151.75,-8.733475,-0.32354736,8.739466,112.508804,7.5473423,1.891984,-0.217,0.067,0.22710790386950427,6,0.7131995200000005,Low
26.5,-151.5,-8.758865,-0.38311768,8.767241,113.040054,7.623514,1.9122477,-0.228,0.09,0.24512037858978597,6,0.7124648300000005,Low
26.5,-151.25,-8.767654,-0.46417236,8.779933,113.040054,7.623514,1.9122477,-0.24,0.074,0.25114935795259363,6,0.7914562933333343,Low
26.5,-151.0,-8.769608,-0.52471924,8.785292,113.821304,7.716776,1.9251871,-0.23800000000000002,0.056,0.24449948875202174,6,0.7959043433333344,Low
26.5,-150.75,-8.720779,-0.57940674,8.7400055,113.821304,7.716776,1.9251871,-0.20400000000000001,0.06,0.21264054176003222,6,0.6618515800000004,Low
26.5,-150.5,-8.675858,-0.66534424,8.701332,114.56349,7.807596,1.9298258,-0.135,0.068,0.15115885683611133,6,0.7179650733333341,Low
26.5,-150.25,-8.536209,-0.7053833,8.565304,114.56349,7.807596,1.9298258,-0.062,0.056,0.08354639429682169,6,0.8358063933333351,Low
26.5,-150.0,-8.383865,-0.77471924,8.419583,116.03224,7.932108,1.9139566,-0.014,0.032,0.03492849839314596,6,1.1040017100000004,Medium
26.5,-149.75,-8.241287,-0.8440552,8.284398,116.03224,7.932108,1.9139566,-0.007,0.042,0.04257933771208754,6,0.9229653200000016,Low
26.5,-149.5,-8.1358185,-0.9212036,8.187805,117.87599,8.05784,1.888566,-0.03,0.106,0.11016351483136329,6,0.8808459100000015,Low
26.5,-149.25,-8.065506,-0.973938,8.124096,117.87599,8.05784,1.888566,-0.065,0.178,0.18949670181826384,6,0.8247525000000006,Low
26.5,-149.0,-8.049881,-0.96710205,8.107766,119.165054,8.135721,1.8709879,-0.098,0.188,0.21200943375236866,6,0.7341409966666672,Low
26.5,-148.75,-8.0264435,-0.9378052,8.081044,119.165054,8.135721,1.8709879,-0.124,0.113,0.1677647161950331,6,0.812564513333334,Low
26.5,-148.5,-8.008865,-0.9378052,8.063585,119.290054,8.15159,1.8565836,-0.152,0.01,0.15232859219463693,6,0.9135182433333341,Low
26.5,-148.25,-8.056717,-0.97979736,8.116076,119.290054,8.15159,1.8565836,-0.187,-0.045,0.19233824372703417,6,0.863257126666667,Low
26.5,-148.0,-8.013748,-1.0872192,8.087163,116.33693,8.091043,1.8663492,-0.219,-0.029,0.22091174708466726,6,0.9485173533333341,Low
26.5,-147.75,-8.053787,-1.2561646,8.151162,116.33693,8.091043,1.8663492,-0.226,0.006,0.22607963198837705,6,0.9408887133333341,Low
26.5,-147.5,-8.128006,-1.4260864,8.252164,111.64162,8.008524,1.8795328,-0.191,-0.005,0.19106543381784158,6,0.8755496033333334,Low
26.5,-147.25,-8.110428,-1.5901489,8.264842,111.64162,8.008524,1.8795328,-0.114,-0.06,0.12882546332150333,6,0.901366936666668,Low
26.5,-147.0,-8.043045,-1.6253052,8.20562,107.258804,7.957987,1.8824625,-0.019,-0.107,0.10867382389517725,6,0.9436177000000013,Low
26.5,-146.75,-7.866287,-1.6506958,8.037616,107.258804,7.957987,1.8824625,0.058,-0.107,0.12170866854912184,6,1.0601693900000002,Medium
26.5,-146.5,-7.7139435,-1.7229614,7.9040194,103.196304,7.942362,1.8790445,0.082,-0.075,0.11112605455067683,6,1.0760845666666667,Medium
26.5,-146.25,-7.6377716,-1.7913208,7.845023,103.196304,7.942362,1.8790445,0.042,-0.055,0.06920260110718382,6,1.0249789400000013,Medium
26.5,-146.0,-7.7090607,-1.9036255,7.9406176,97.290054,7.887186,1.888566,-0.039,-0.051000000000000004,0.06420280367709809,6,0.983101350000001,Low
26.5,-145.75,-7.855545,-2.0247192,8.112279,97.290054,7.887186,1.888566,-0.112,-0.031,0.11621101496846158,6,0.9341328633333343,Low
26.5,-145.5,-8.108475,-2.1409302,8.386354,89.70412,7.772684,1.9161539,-0.14300000000000002,0.05,0.15148927354766742,6,1.0521188933333339,Medium
26.5,-145.25,-8.172928,-2.2913208,8.488045,89.70412,7.772684,1.9161539,-0.132,0.185,0.22726416347501865,6,1.17481742,Medium
26.5,-145.0,-8.179764,-2.3743286,8.517392,82.73537,7.6674595,1.9420328,-0.121,0.296,0.3197764844387404,6,1.154958333333333,Medium
26.5,-144.75,-8.206131,-2.411438,8.553105,82.73537,7.6674595,1.9420328,-0.146,0.278,0.31400636936215165,6,1.1241459833333332,Medium
26.5,-144.5,-8.283279,-2.4299927,8.632357,77.01662,7.6203403,1.9520426,-0.20600000000000002,0.10400000000000001,0.23076394865749722,6,1.2701596266666666,Medium
26.5,-144.25,-8.435623,-2.4797974,8.792561,77.01662,7.6203403,1.9520426,-0.262,-0.116,0.2865309756378881,6,1.442568693333333,Medium
26.5,-144.0,-8.582108,-2.6067505,8.969266,71.477554,7.542948,1.9776773,-0.28200000000000003,-0.212,0.3528002267572968,6,2.030655399999999,Medium
26.5,-143.75,-8.585037,-2.779602,9.023805,71.477554,7.542948,1.9776773,-0.28300000000000003,-0.099,0.2998166106138885,6,1.8658195833333324,Medium
26.5,-143.5,-8.513748,-2.9104614,8.997483,66.321304,7.4328403,2.020402,-0.293,0.14200000000000002,0.3255963759012069,6,2.164390736666665,Medium
26.5,-143.25,-8.501053,-3.052063,9.03233,66.321304,7.4328403,2.020402,-0.309,0.337,0.4572198595861733,6,2.191086829999998,Medium
26.5,-143.0,-8.515701,-3.0794067,9.05538,61.87599,7.36619,2.0506754,-0.28800000000000003,0.36,0.4610249450951651,6,2.168876566666665,Medium
26.5,-142.75,-8.517654,-3.0813599,9.057881,61.87599,7.36619,2.0506754,-0.2,0.219,0.29658219771253974,6,2.172023329999998,Medium
26.5,-142.5,-8.564529,-3.0755005,9.099993,58.329117,7.352274,2.0650797,-0.062,0.017,0.06428841264178171,6,2.203674253333331,Medium
26.5,-142.25,-8.629959,-3.0891724,9.166198,58.329117,7.352274,2.0650797,0.068,-0.132,0.1484856895461647,6,2.334834053333332,Medium
26.5,-142.0,-8.673904,-3.1204224,9.218116,55.415054,7.368143,2.074113,0.152,-0.188,0.2417602117801852,6,2.5499293633333315,Medium
26.5,-141.75,-8.692459,-3.1878052,9.258561,55.415054,7.368143,2.074113,0.177,-0.17300000000000001,0.24750353532828576,6,2.4933633133333313,Medium
26.5,-141.5,-8.700272,-3.262024,9.291691,52.610367,7.390848,2.0855875,0.148,-0.124,0.1930802941783547,6,2.6224066133333315,Medium
26.5,-141.25,-8.722733,-3.3518677,9.344575,52.610367,7.390848,2.0855875,0.07,-0.066,0.09620810776644555,6,2.3489090633333323,Medium
26.5,-141.0,-8.700272,-3.451477,9.359883,49.696304,7.4101353,2.0960855,-0.043000000000000003,-0.017,0.04623851208678757,6,2.459572879999998,Medium
26.5,-140.75,-8.673904,-3.5569458,9.374886,49.696304,7.4101353,2.0960855,-0.159,-0.001,0.15900314462299167,6,2.1826236699999972,Medium
26.5,-140.5,-8.65242,-3.6594849,9.394477,46.696304,7.4438267,2.1014566,-0.243,-0.026000000000000002,0.24438698819699875,6,2.3439593133333325,Medium
26.5,-140.25,-8.61824,-3.7503052,9.398875,46.696304,7.4438267,2.1014566,-0.28300000000000003,-0.076,0.29302730248220904,6,2.385540736666665,Medium
26.5,-140.0,-8.591873,-3.8469849,9.413797,43.946304,7.4711704,2.1131754,-0.294,-0.109,0.31355541774939877,6,2.419947706666666,Medium
26.5,-139.75,-8.571365,-3.935852,9.431821,43.946304,7.4711704,2.1131754,-0.292,-0.10300000000000001,0.3096336545015738,6,2.3935841499999997,Medium
26.5,-139.5,-8.531326,-4.0130005,9.428027,41.40724,7.493387,2.1266031,-0.28600000000000003,-0.063,0.2928566202085929,6,2.3625814033333326,Medium
26.5,-139.25,-8.494217,-4.0803833,9.423441,41.40724,7.493387,2.1266031,-0.28,-0.013000000000000001,0.28030162325609176,6,2.2984319499999986,Medium
26.5,-139.0,-8.429764,-4.1487427,9.3953705,39.016617,7.518778,2.1361246,-0.276,0.03,0.2776256472302226,6,2.3620425699999985,Medium
26.5,-138.75,-8.335037,-4.2297974,9.346872,39.016617,7.518778,2.1361246,-0.281,0.069,0.2893475418938271,6,2.311074103333331,Medium
26.5,-138.5,-8.24324,-4.290344,9.292904,36.696304,7.5480747,2.1397867,-0.28200000000000003,0.109,0.3023325983085516,6,2.237917483333331,Medium
26.5,-138.25,-8.108475,-4.380188,9.215933,36.696304,7.5480747,2.1397867,-0.265,0.135,0.29740544715926104,6,2.2330476133333304,Medium
26.5,-138.0,-8.023514,-4.4768677,9.187987,34.102554,7.5915318,2.1344156,-0.234,0.124,0.2648244701684495,6,2.2863757199999966,Medium
26.5,-137.75,-7.9776154,-4.558899,9.188357,34.102554,7.5915318,2.1344156,-0.217,0.073,0.22894977615188883,6,2.2472932233333305,Medium
26.5,-137.5,-7.9209747,-4.6116333,9.165643,31.532242,7.6359653,2.1266031,-0.225,0.022,0.22607299706068393,6,2.2734194333333306,Medium
26.5,-137.25,-7.8408966,-4.6575317,9.119883,31.532242,7.6359653,2.1266031,-0.249,0.013000000000000001,0.24933912649241394,6,1.973774256666665,Medium
26.5,-137.0,-7.751053,-4.6868286,9.057879,29.258804,7.669901,2.1200113,-0.258,0.05,0.26280030441382674,6,1.854685793333332,Medium
26.5,-136.75,-7.6446075,-4.723938,8.986413,29.258804,7.669901,2.1200113,-0.23700000000000002,0.084,0.2514458192136032,6,1.8787551766666657,Medium
26.5,-136.5,-7.534256,-4.7737427,8.919285,26.938492,7.69993,2.1085367,-0.187,0.068,0.19897989848223363,6,1.9580446933333315,Medium
26.5,-136.25,-7.381912,-4.8772583,8.847614,26.938492,7.69993,2.1085367,-0.11,0.017,0.11130588483993108,6,1.8442368233333317,Medium
26.5,-136.0,-7.2383575,-4.947571,8.767684,24.196304,7.741678,2.0868082,-0.034,-0.024,0.041617304093369625,6,2.396038213333332,Medium
26.5,-135.75,-7.081131,-5.043274,8.693505,24.196304,7.741678,2.0868082,0.016,-0.029,0.03312099032335839,6,2.589182556666665,Medium
26.5,-135.5,-6.945389,-5.121399,8.629436,21.55568,7.768778,2.065568,0.029,-0.016,0.03312099032335839,6,2.579381363333331,Medium
26.5,-135.25,-6.8438263,-5.183899,8.585498,21.55568,7.768778,2.065568,0.008,-0.009000000000000001,0.012041594578792296,6,3.7292982599999944,Medium
26.5,-135.0,-6.7608185,-5.2356567,8.551068,19.000992,7.790018,2.043107,-0.029,-0.021,0.03580502757993632,6,2.6181866233333317,Medium
26.5,-134.75,-6.6651154,-5.257141,8.488893,19.000992,7.790018,2.043107,-0.079,-0.053,0.09513148795220223,6,1.9105689499999976,Medium
26.5,-134.5,-6.5469513,-5.2678833,8.403164,16.21193,7.821024,2.0108805,-0.14200000000000002,-0.099,0.17310401497365682,6,2.9910572566666644,Medium
26.5,-134.25,-6.40242,-5.3118286,8.319045,16.21193,7.821024,2.0108805,-0.201,-0.14300000000000002,0.24667792767088023,6,3.2962607766666654,Medium
26.5,-134.0,-6.2559357,-5.3792114,8.250615,13.516618,7.8552036,1.9776773,-0.223,-0.166,0.2780017985553331,6,1.5472836266666665,Medium
26.5,-133.75,-6.1270294,-5.4592896,8.206359,13.516618,7.8552036,1.9776773,-0.194,-0.166,0.255327241006517,6,1.513583183333333,Medium
26.5,-133.5,-5.973709,-5.5686646,8.166715,11.375993,7.866678,1.9530191,-0.131,-0.153,0.20141995928904366,6,1.540309343333333,Medium
26.5,-133.25,-5.820389,-5.652649,8.11353,11.375993,7.866678,1.9530191,-0.061,-0.112,0.127534309109353,6,1.6538555066666656,Medium
26.5,-133.0,-5.6895294,-5.757141,8.094159,9.579118,7.8622837,1.9332438,-0.002,-0.02,0.02009975124224178,6,2.2795179699999992,Medium
26.5,-132.75,-5.55867,-5.873352,8.086722,9.579118,7.8622837,1.9332438,0.042,0.09,0.09931767214348108,6,1.4197743500000004,Medium
26.5,-132.5,-5.4346466,-5.978821,8.079708,7.750993,7.8583775,1.9127359,0.06,0.14,0.15231546211727817,6,1.6173773999999987,Medium
26.5,-132.25,-5.2813263,-6.0960083,8.065589,7.750993,7.8583775,1.9127359,0.047,0.096,0.10688779163215975,6,1.5193318299999994,Medium
26.5,-132.0,-5.148514,-6.197571,8.057114,5.688493,7.8632603,1.888566,0.017,0.002,0.01711724276862369,6,3.115416503333329,Medium
26.5,-131.75,-4.975662,-6.2922974,8.021859,5.688493,7.8632603,1.888566,-0.008,-0.075,0.07542545989253231,6,1.4560965866666655,Medium
26.5,-131.5,-4.797928,-6.3723755,7.976671,3.3603678,7.879862,1.8629313,-0.026000000000000002,-0.109,0.11205802068571441,6,2.0318759266666664,Medium
26.5,-131.25,-4.586014,-6.4456177,7.9105945,3.3603678,7.879862,1.8629313,-0.05,-0.106,0.11720068259186889,6,1.8957293999999998,Medium
26.5,-131.0,-4.360428,-6.4954224,7.8232884,0.9619303,7.8986607,1.8387613,-0.081,-0.075,0.1103902169578446,6,1.7228953566666674,Medium
26.5,-130.75,-4.134842,-6.5481567,7.7443705,0.9619303,7.8986607,1.8387613,-0.10400000000000001,-0.04,0.11142710621747297,6,1.708646563333335,Medium
26.5,-130.5,-3.8887482,-6.5950317,7.6561613,358.54788,7.9191685,1.8143473,-0.116,-0.037,0.12175795661885921,6,3.103396949999994,Medium
26.5,-130.25,-3.6407013,-6.6135864,7.5494523,358.54788,7.9191685,1.8143473,-0.11800000000000001,-0.064,0.13423859355639867,6,2.847499339999993,Medium
26.75,-156.25,-7.2276154,2.6930542,7.7130384,118.06349,7.4125767,1.8980875,0.004,0.12,0.12006664815842907,6,0.8494466233333358,Low
26.75,-156.0,-7.3721466,2.519226,7.7907023,116.43068,7.2939243,1.8829508,-0.006,0.08600000000000001,0.08620904824900923,6,0.8218285566666688,Low
26.75,-155.75,-7.4326935,2.298523,7.7799835,116.43068,7.2939243,1.8829508,-0.011,0.038,0.03956008088970497,6,0.8530703400000024,Low
26.75,-155.5,-7.3877716,2.104187,7.6815867,114.62599,7.2123814,1.855607,-0.006,-0.006,0.00848528137423857,6,2.264099686666661,Medium
26.75,-155.25,-7.4190216,1.9069214,7.6601715,114.62599,7.2123814,1.855607,-0.008,0.0,0.008,6,2.2700991999999944,Medium
26.75,-155.0,-7.4463654,1.8239136,7.6664867,112.79787,7.157938,1.832902,-0.031,0.10200000000000001,0.10660675400742677,6,0.743052970000001,Low
26.75,-154.75,-7.6446075,1.6725464,7.825435,112.79787,7.157938,1.832902,-0.069,0.281,0.2893475418938271,6,0.6554937833333334,Low
26.75,-154.5,-7.824295,1.5192261,7.9704227,111.258804,7.140848,1.8238688,-0.1,0.452,0.46292980029373787,6,0.6247463233333331,Low
26.75,-154.25,-7.8301544,1.2662964,7.9318867,111.258804,7.140848,1.8238688,-0.111,0.536,0.5473728162779004,6,0.627918073333333,Low
26.75,-154.0,-7.6309357,0.88153076,7.6816845,110.51662,7.1899204,1.826066,-0.106,0.522,0.5326537336769546,6,0.5955259633333331,Low
26.75,-153.75,-7.694412,0.61102295,7.718635,110.51662,7.1899204,1.826066,-0.097,0.458,0.4681591609698565,6,0.5919757066666662,Low
26.75,-153.5,-7.7344513,0.32977295,7.741478,110.32912,7.259989,1.8429117,-0.077,0.369,0.3769482723133242,6,0.588911123333333,Low
26.75,-153.25,-7.867264,0.1305542,7.868347,110.32912,7.259989,1.8429117,-0.041,0.245,0.2484069242191127,6,0.6143504099999999,Low
26.75,-153.0,-7.8428497,0.04852295,7.843,110.70412,7.350321,1.8626871,0.005,0.08,0.08015609770940699,6,0.7266624533333341,Low
26.75,-152.75,-7.8301544,0.015319824,7.8301697,110.70412,7.350321,1.8626871,0.035,-0.068,0.07647875521999557,6,0.6704974966666678,Low
26.75,-152.5,-7.9483185,-0.054016113,7.948502,111.727554,7.465555,1.8748941,0.03,-0.128,0.13146862743635837,6,0.700415560000001,Low
26.75,-152.25,-8.062576,-0.07745361,8.062948,111.727554,7.465555,1.8748941,-0.005,-0.083,0.08315046602394963,6,0.6925606400000011,Low
26.75,-152.0,-8.153397,-0.17901611,8.155361,112.508804,7.5473423,1.891984,-0.05,0.009000000000000001,0.050803543183522155,6,0.7252842900000012,Low
26.75,-151.75,-8.268631,-0.24542236,8.272272,112.508804,7.5473423,1.891984,-0.093,0.084,0.12531959144523253,6,0.6987071033333337,Low
26.75,-151.5,-8.353592,-0.28546143,8.358468,113.040054,7.623514,1.9122477,-0.128,0.107,0.16683225107874075,6,0.6836960033333335,Low
26.75,-151.25,-8.416092,-0.33721924,8.422845,113.040054,7.623514,1.9122477,-0.158,0.08600000000000001,0.17988885457415088,6,0.6982668366666668,Low
26.75,-151.0,-8.420975,-0.39971924,8.430456,113.821304,7.716776,1.9251871,-0.176,0.047,0.18216750533506243,6,0.7061098200000006,Low
26.75,-150.75,-8.365311,-0.4446411,8.37712,113.821304,7.716776,1.9251871,-0.17,0.014,0.1705754964817632,6,0.7142474866666672,Low
26.75,-150.5,-8.268631,-0.46221924,8.28154,114.56349,7.807596,1.9298258,-0.135,-0.003,0.13503332921912278,6,0.6843104066666673,Low
26.75,-150.25,-8.14949,-0.4993286,8.164773,114.56349,7.807596,1.9298258,-0.083,-0.011,0.08372574275573792,6,0.6954036766666675,Low
26.75,-150.0,-8.019608,-0.55596924,8.0388565,116.03224,7.932108,1.9139566,-0.035,-0.007,0.0356931365951495,6,0.8924565433333349,Low
26.75,-149.75,-7.87117,-0.5774536,7.8923235,116.03224,7.932108,1.9139566,-0.003,0.035,0.03512833614050059,6,1.0262544000000007,Medium
26.75,-149.5,-7.7696075,-0.6116333,7.793645,117.87599,8.05784,1.888566,0.013000000000000001,0.12,0.12070211265756702,6,0.8760586000000014,Low
26.75,-149.25,-7.721756,-0.57647705,7.7432446,117.87599,8.05784,1.888566,0.01,0.20500000000000002,0.20524375751773793,6,0.8095420533333334,Low
26.75,-149.0,-7.706131,-0.55792236,7.726301,119.165054,8.135721,1.8709879,-0.011,0.223,0.22327113561766107,6,0.7836026800000001,Low
26.75,-148.75,-7.748123,-0.5803833,7.76983,119.165054,8.135721,1.8709879,-0.057,0.162,0.17173526137634051,6,0.8669275000000005,Low
26.75,-148.5,-7.8096466,-0.63116455,7.83511,119.290054,8.15159,1.8565836,-0.126,0.074,0.14612323566086263,6,0.9179344066666677,Low
26.75,-148.25,-7.954178,-0.74346924,7.9888477,119.290054,8.15159,1.8565836,-0.202,0.019,0.20289159667172027,6,0.8414280533333336,Low
26.75,-148.0,-8.065506,-0.9456177,8.120749,116.33693,8.091043,1.8663492,-0.259,0.007,0.2590945773265044,6,1.018723823333334,Medium
26.75,-147.75,-8.084061,-1.1116333,8.160132,116.33693,8.091043,1.8663492,-0.272,-0.009000000000000001,0.27214885632682717,6,1.0370071833333336,Medium
26.75,-147.5,-7.9844513,-1.2532349,8.082207,111.64162,8.008524,1.8795328,-0.23600000000000002,-0.073,0.24703238654071252,6,0.9522344000000009,Low
26.75,-147.25,-7.9014435,-1.364563,8.018406,111.64162,8.008524,1.8795328,-0.166,-0.161,0.23125094594401124,6,0.8543579166666669,Low
26.75,-147.0,-7.7852325,-1.411438,7.9121428,107.258804,7.957987,1.8824625,-0.085,-0.20800000000000002,0.22469757453074568,6,0.9599535233333342,Low
26.75,-146.75,-7.694412,-1.5120239,7.8415685,107.258804,7.957987,1.8824625,-0.018000000000000002,-0.171,0.1719447585708852,6,1.00131371,Medium
26.75,-146.5,-7.614334,-1.6018677,7.781007,103.196304,7.942362,1.8790445,0.016,-0.08,0.08158431221748456,6,0.9499020900000015,Low
26.75,-146.25,-7.708084,-1.7698364,7.9086585,103.196304,7.942362,1.8790445,0.004,-0.001,0.00412310562561766,6,2.6274284733333304,Medium
26.75,-146.0,-7.8125763,-1.9016724,8.04069,97.290054,7.887186,1.888566,-0.045,0.028,0.053,6,0.9686619566666677,Low
26.75,-145.75,-7.9795685,-2.0549927,8.239934,97.290054,7.887186,1.888566,-0.101,0.026000000000000002,0.1042928568982555,6,0.8919114200000011,Low
26.75,-145.5,-8.153397,-2.1594849,8.434527,89.70412,7.772684,1.9161539,-0.135,0.06,0.14773286702694158,6,1.0391879666666672,Medium
26.75,-145.25,-8.160233,-2.2669067,8.469254,89.70412,7.772684,1.9161539,-0.134,0.162,0.2102379604162864,6,1.111224,Medium
26.75,-145.0,-8.111404,-2.3430786,8.443039,82.73537,7.6674595,1.9420328,-0.12,0.28500000000000003,0.30923292192132457,6,1.1321168633333332,Medium
26.75,-144.75,-8.148514,-2.3938599,8.49287,82.73537,7.6674595,1.9420328,-0.11800000000000001,0.308,0.32983025937594024,6,1.0889562433333335,Medium
26.75,-144.5,-8.309647,-2.4690552,8.668705,77.01662,7.6203403,1.9520426,-0.14200000000000002,0.162,0.21542516101885592,6,1.194176096666667,Medium
26.75,-144.25,-8.488358,-2.5354614,8.858938,77.01662,7.6203403,1.9520426,-0.185,-0.064,0.195757503049053,6,1.3202033466666665,Medium
26.75,-144.0,-8.548904,-2.6282349,8.9437895,71.477554,7.542948,1.9776773,-0.23500000000000001,-0.17500000000000002,0.2930017064796723,6,1.9261814499999994,Medium
26.75,-143.75,-8.503006,-2.6868286,8.917408,71.477554,7.542948,1.9776773,-0.289,-0.065,0.2962195131992489,6,1.8380715366666667,Medium
26.75,-143.5,-8.468826,-2.7717896,8.910883,66.321304,7.4328403,2.020402,-0.337,0.171,0.37790210372529026,6,2.154470013333331,Medium
26.75,-143.25,-8.503983,-2.7766724,8.945816,66.321304,7.4328403,2.020402,-0.34600000000000003,0.323,0.47333392018742965,6,2.189859593333332,Medium
26.75,-143.0,-8.532303,-2.793274,8.977894,61.87599,7.36619,2.0506754,-0.29,0.272,0.3975977867141617,6,2.1603954699999988,Medium
26.75,-142.75,-8.606522,-2.7991333,9.050268,61.87599,7.36619,2.0506754,-0.176,0.07200000000000001,0.1901578291840754,6,2.2160970066666645,Medium
26.75,-142.5,-8.656326,-2.819641,9.103975,58.329117,7.352274,2.0650797,-0.054,-0.127,0.13800362314084366,6,2.223692149999997,Medium
26.75,-142.25,-8.699295,-2.8596802,9.157266,58.329117,7.352274,2.0650797,0.033,-0.227,0.22938613733179258,6,2.5173031199999985,Medium
26.75,-142.0,-8.708084,-2.9085083,9.180966,55.415054,7.368143,2.074113,0.066,-0.218,0.227771815640127,6,2.544207216666665,Medium
26.75,-141.75,-8.727615,-2.9778442,9.22165,55.415054,7.368143,2.074113,0.053,-0.146,0.15532224567009065,6,2.3683178433333314,Medium
26.75,-141.5,-8.753983,-3.069641,9.276579,52.610367,7.390848,2.0855875,0.004,-0.053,0.05315072906367325,6,2.427307803333332,Medium
26.75,-141.25,-8.778397,-3.1712036,9.333637,52.610367,7.390848,2.0855875,-0.063,0.034,0.07158910531638177,6,2.311439569999998,Medium
26.75,-141.0,-8.773514,-3.2844849,9.368158,49.696304,7.4101353,2.0960855,-0.133,0.08700000000000001,0.158927656498169,6,2.197557876666664,Medium
26.75,-140.75,-8.816483,-3.4378052,9.463026,49.696304,7.4101353,2.0960855,-0.188,0.082,0.20510485123467947,6,2.2738344199999974,Medium
26.75,-140.5,-8.795975,-3.5706177,9.493075,46.696304,7.4438267,2.1014566,-0.222,0.022,0.22308742680841517,6,2.3372865966666656,Medium
26.75,-140.25,-8.733475,-3.7219849,9.493511,46.696304,7.4438267,2.1014566,-0.254,-0.047,0.2583118270617898,6,2.3607813066666656,Medium
26.75,-140.0,-8.692459,-3.8303833,9.498983,43.946304,7.4711704,2.1131754,-0.3,-0.084,0.3115381196579321,6,2.367396589999999,Medium
26.75,-139.75,-8.685623,-3.9817505,9.55481,43.946304,7.4711704,2.1131754,-0.355,-0.08,0.36390245945857524,6,2.3617039833333324,Medium
26.75,-139.5,-8.656326,-4.1018677,9.579003,41.40724,7.493387,2.1266031,-0.393,-0.054,0.39669257618463194,6,2.3475315033333324,Medium
26.75,-139.25,-8.609451,-4.2092896,9.583359,41.40724,7.493387,2.1266031,-0.403,-0.018000000000000002,0.4034017848250055,6,2.2440642633333314,Medium
26.75,-139.0,-8.533279,-4.3098755,9.55991,39.016617,7.518778,2.1361246,-0.39,0.024,0.39073776372395846,6,2.3035833433333317,Medium
26.75,-138.75,-8.428787,-4.39093,9.503932,39.016617,7.518778,2.1361246,-0.378,0.066,0.38371864692766755,6,2.292367589999998,Medium
26.75,-138.5,-8.266678,-4.477844,9.401545,36.696304,7.5480747,2.1397867,-0.364,0.092,0.37544640096823406,6,2.3331018299999977,Medium
26.75,-138.25,-8.122147,-4.5735474,9.321299,36.696304,7.5480747,2.1397867,-0.339,0.096,0.35233081046085085,6,2.283107489999998,Medium
26.75,-138.0,-8.0889435,-4.6585083,9.33449,34.102554,7.5915318,2.1344156,-0.301,0.082,0.31196954979612995,6,2.2828040266666645,Medium
26.75,-137.75,-8.066483,-4.7424927,9.357316,34.102554,7.5915318,2.1344156,-0.274,0.059000000000000004,0.2802802169258473,6,2.2753105966666642,Medium
26.75,-137.5,-8.002029,-4.7991333,9.330818,31.532242,7.6359653,2.1266031,-0.275,0.04,0.2778938646318051,6,2.297045193333331,Medium
26.75,-137.25,-7.913162,-4.8479614,9.280133,31.532242,7.6359653,2.1266031,-0.3,0.036000000000000004,0.3021522794883401,6,2.253601119999998,Medium
26.75,-137.0,-7.819412,-4.882141,9.218379,29.258804,7.669901,2.1200113,-0.312,0.046,0.3153727952756864,6,2.263682066666665,Medium
26.75,-136.75,-7.6709747,-4.9260864,9.116479,29.258804,7.669901,2.1200113,-0.28700000000000003,0.04,0.289774049907855,6,1.896768069999999,Medium
26.75,-136.5,-7.518631,-4.975891,9.016058,26.938492,7.69993,2.1085367,-0.23,-0.007,0.2301064970834157,6,1.9202400566666662,Medium
26.75,-136.25,-7.337967,-5.074524,8.92169,26.938492,7.69993,2.1085367,-0.152,-0.07200000000000001,0.1681903683330291,6,1.9019488966666651,Medium
26.75,-136.0,-7.1983185,-5.1604614,8.856983,24.196304,7.741678,2.0868082,-0.074,-0.099,0.12360016181219181,6,1.9937769933333311,Medium
26.75,-135.75,-7.0528107,-5.243469,8.788407,24.196304,7.741678,2.0868082,-0.014,-0.07,0.071386273190299,6,2.064416833333332,Medium
26.75,-135.5,-6.947342,-5.290344,8.732314,21.55568,7.768778,2.065568,0.021,-0.019,0.02831960451701259,6,2.7713385366666645,Medium
26.75,-135.25,-6.850662,-5.3479614,8.69093,21.55568,7.768778,2.065568,0.025,0.015,0.029154759474226504,6,2.7351315199999973,Medium
26.75,-135.0,-6.748123,-5.4192505,8.654793,19.000992,7.790018,2.043107,0.002,0.023,0.02308679276123039,6,2.986433076666663,Medium
26.75,-134.75,-6.6465607,-5.462219,8.603058,19.000992,7.790018,2.043107,-0.052000000000000005,0.015,0.05412023651093924,6,2.0396183666666654,Medium
26.75,-134.5,-6.511795,-5.4954224,8.520748,16.21193,7.821024,2.0108805,-0.128,-0.016,0.1289961239727768,6,2.720576929999998,Medium
26.75,-134.25,-6.344803,-5.555969,8.433583,16.21193,7.821024,2.0108805,-0.203,-0.081,0.21856349191939628,6,3.2756580466666634,Medium
26.75,-134.0,-6.1963654,-5.6243286,8.368275,13.516618,7.8552036,1.9776773,-0.243,-0.156,0.28876461001999537,6,1.5400384933333335,Medium
26.75,-133.75,-6.056717,-5.727844,8.336187,13.516618,7.8552036,1.9776773,-0.241,-0.20700000000000002,0.3176948221170751,6,1.6186755200000003,Medium
26.75,-133.5,-5.907303,-5.8255005,8.296547,11.375993,7.866678,1.9530191,-0.213,-0.215,0.3026450065671,6,1.6347642800000008,Medium
26.75,-133.25,-5.7676544,-5.9172974,8.263186,11.375993,7.866678,1.9530191,-0.176,-0.176,0.2489015869776647,6,1.6197166866666668,Medium
26.75,-133.0,-5.629959,-6.0374146,8.255108,9.579118,7.8622837,1.9332438,-0.127,-0.089,0.15508062419270824,6,1.3666035899999995,Medium
26.75,-132.75,-5.4951935,-6.149719,8.247193,9.579118,7.8622837,1.9332438,-0.059000000000000004,0.019,0.06198386886924695,6,1.3715919133333325,Medium
26.75,-132.5,-5.351639,-6.248352,8.226904,7.750993,7.8583775,1.9127359,0.017,0.09,0.09159148432032313,6,1.5837397766666665,Medium
26.75,-132.25,-5.2051544,-6.357727,8.21671,7.750993,7.8583775,1.9127359,0.074,0.079,0.1082450922675019,6,1.5355894733333333,Medium
26.75,-132.0,-5.0459747,-6.4299927,8.173534,5.688493,7.8632603,1.888566,0.094,0.013000000000000001,0.09489467845985886,6,1.445801373333333,Medium
26.75,-131.75,-4.8633575,-6.4866333,8.107322,5.688493,7.8632603,1.888566,0.08,-0.047,0.09278469701410896,6,1.3992313100000002,Medium
26.75,-131.5,-4.685623,-6.5530396,8.055892,3.3603678,7.879862,1.8629313,0.036000000000000004,-0.063,0.07256031973468695,6,1.9393118299999992,Medium
26.75,-131.25,-4.473709,-6.5911255,7.9659905,3.3603678,7.879862,1.8629313,-0.033,-0.045,0.055803225713214825,6,1.8015991166666674,Medium
26.75,-131.0,-4.24617,-6.634094,7.8766217,0.9619303,7.8986607,1.8387613,-0.10400000000000001,-0.02,0.10590561835898982,6,1.6854868733333344,Medium
26.75,-130.75,-4.034256,-6.661438,7.78781,0.9619303,7.8986607,1.8387613,-0.15,-0.012,0.15047923444781341,6,1.7618965900000005,Medium
26.75,-130.5,-3.7871857,-6.694641,7.6916184,358.54788,7.9191685,1.8143473,-0.164,-0.031,0.16690416411821488,6,3.069847983333328,Medium
26.75,-130.25,-3.5508575,-6.699524,7.5823617,358.54788,7.9191685,1.8143473,-0.161,-0.065,0.17362603491412226,6,2.7958214933333267,Medium
27.0,-156.25,-7.039139,2.914734,7.6187367,120.977554,7.4401646,1.872941,0.051000000000000004,0.14100000000000001,0.14993998799519762,6,0.8972460200000006,Low
27.0,-156.0,-7.253006,2.769226,7.7636786,119.04787,7.3066196,1.8639078,0.007,0.124,0.1241974234837422,6,0.7672944233333344,Low
27.0,-155.75,-7.3789825,2.5494995,7.807005,119.04787,7.3066196,1.8639078,-0.043000000000000003,0.067,0.07961155694998058,6,0.7714832866666681,Low
27.0,-155.5,-7.413162,2.2877808,7.7581515,116.758804,7.204813,1.845109,-0.077,0.01,0.07764663547121665,6,0.6681614400000015,Low
27.0,-155.25,-7.4483185,2.081726,7.7337594,116.758804,7.204813,1.845109,-0.095,0.022,0.09751410154434076,6,0.6482431666666678,Low
27.0,-155.0,-7.5889435,1.8200073,7.804133,114.39943,7.1186314,1.8316813,-0.108,0.134,0.17210461934532728,6,0.6591996266666669,Low
27.0,-154.75,-7.7852325,1.6432495,7.956765,114.39943,7.1186314,1.8316813,-0.11800000000000001,0.307,0.3288966402990459,6,0.6094003999999995,Low
27.0,-154.5,-7.9590607,1.439148,8.088127,112.81349,7.097147,1.8219156,-0.113,0.452,0.46591093569479564,6,0.6481864066666657,Low
27.0,-154.25,-7.9170685,1.1647339,8.002286,112.81349,7.097147,1.8219156,-0.085,0.51,0.5170348150753487,6,0.620067426666666,Low
27.0,-154.0,-7.7158966,0.79071045,7.756306,112.540054,7.186014,1.8067789,-0.041,0.488,0.4897193073588175,6,0.6477662033333325,Low
27.0,-153.75,-7.522537,0.4508667,7.5360365,112.540054,7.186014,1.8067789,0.007,0.42,0.4200583292829699,6,0.6277988133333325,Low
27.0,-153.5,-7.5489044,0.17156982,7.550854,113.24318,7.3222446,1.7962809,0.059000000000000004,0.32,0.3253936078044558,6,0.7589012533333328,Low
27.0,-153.25,-7.5244904,0.08758545,7.525,113.24318,7.3222446,1.7962809,0.112,0.184,0.21540659228538014,6,0.78851541,Low
27.0,-153.0,-7.480545,0.066101074,7.480837,114.87599,7.4870396,1.7862711,0.16,0.028,0.16243152403397562,6,0.8103405000000007,Low
27.0,-152.75,-7.4590607,0.046569824,7.459206,114.87599,7.4870396,1.7862711,0.184,-0.08600000000000001,0.2031058837158589,6,0.7144685933333341,Low
27.0,-152.5,-7.560623,0.005554199,7.560625,116.61037,7.640848,1.7813883,0.177,-0.107,0.20682843131445927,6,0.7354334433333343,Low
27.0,-152.25,-7.6758575,-0.014953613,7.6758723,116.61037,7.640848,1.7813883,0.148,-0.042,0.1538440769090575,6,0.7612096433333342,Low
27.0,-152.0,-7.8164825,-0.013000488,7.8164935,117.52443,7.730448,1.794816,0.109,0.054,0.12164292005702593,6,0.8788373333333346,Low
27.0,-151.75,-7.935623,-0.06378174,7.935879,117.52443,7.730448,1.794816,0.076,0.121,0.1428880680812782,6,0.8291928733333345,Low
27.0,-151.5,-8.062576,-0.08917236,8.063069,117.852554,7.7834263,1.8177652,0.045,0.14,0.14705441169852743,6,0.7319519566666672,Low
27.0,-151.25,-8.123123,-0.15460205,8.124595,117.852554,7.7834263,1.8177652,0.015,0.115,0.11597413504743202,6,0.692764833333334,Low
27.0,-151.0,-8.131912,-0.2210083,8.134915,118.27443,7.852762,1.8360758,-0.006,0.061,0.061294371682887816,6,0.7402248600000008,Low
27.0,-150.75,-8.113358,-0.2805786,8.118208,118.27443,7.852762,1.8360758,-0.013000000000000001,0.003,0.013341664064126336,6,2.217368129999998,Medium
27.0,-150.5,-8.023514,-0.30010986,8.029124,119.36818,7.9543247,1.8419352,-0.001,-0.038,0.03801315561749642,6,0.857840776666668,Low
27.0,-150.25,-7.918045,-0.33135986,7.9249754,119.36818,7.9543247,1.8419352,0.024,-0.057,0.06184658438426491,6,0.8080787133333343,Low
27.0,-150.0,-7.7803497,-0.32940674,7.7873197,121.24318,8.080057,1.8326578,0.057,-0.05,0.07582216034906945,6,0.8816140100000011,Low
27.0,-149.75,-7.6582794,-0.26397705,7.6628275,121.24318,8.080057,1.8326578,0.09,0.002,0.09002221947941519,6,0.9480104233333342,Low
27.0,-149.5,-7.5576935,-0.1272583,7.558765,123.23537,8.193583,1.8170328,0.121,0.10200000000000001,0.1582561215245717,6,0.9442739866666676,Low
27.0,-149.25,-7.513748,-0.08917236,7.5142775,123.23537,8.193583,1.8170328,0.14300000000000002,0.20700000000000002,0.25159093783361913,6,0.8807967433333338,Low
27.0,-149.0,-7.6221466,-0.07940674,7.62256,124.11037,8.25828,1.8089762,0.138,0.259,0.2934706118165838,6,0.8938873433333338,Low
27.0,-148.75,-7.726639,-0.12335205,7.7276235,124.11037,8.25828,1.8089762,0.093,0.23800000000000002,0.2555249498581303,6,0.9899744766666668,Low
27.0,-148.5,-7.922928,-0.31671143,7.9292555,121.46193,8.177225,1.8189859,0.017,0.171,0.17184295155751952,6,0.8717817999999999,Low
27.0,-148.25,-8.083084,-0.56085205,8.102518,121.46193,8.177225,1.8189859,-0.064,0.105,0.12296747537458838,6,0.8577044966666678,Low
27.0,-148.0,-8.144608,-0.76104736,8.180087,116.57912,8.051249,1.8482828,-0.11900000000000001,0.049,0.12869343417595164,6,0.9156884733333344,Low
27.0,-147.75,-7.9658966,-0.9241333,8.019322,116.57912,8.051249,1.8482828,-0.137,-0.016,0.13793114224133723,6,0.9094828533333341,Low
27.0,-147.5,-7.851639,-1.0598755,7.922851,113.383804,8.019022,1.8524332,-0.129,-0.112,0.17083617883809038,6,0.8897107666666674,Low
27.0,-147.25,-7.690506,-1.1516724,7.776261,113.383804,8.019022,1.8524332,-0.115,-0.212,0.24118250351134513,6,0.998060326666667,Low
27.0,-147.0,-7.587967,-1.2356567,7.6879187,110.39943,8.027811,1.8438883,-0.105,-0.257,0.2776220452341636,6,0.9799207433333337,Low
27.0,-146.75,-7.55867,-1.3723755,7.682246,110.39943,8.027811,1.8438883,-0.098,-0.20800000000000002,0.22993042425916588,6,0.9831187266666673,Low
27.0,-146.5,-7.6778107,-1.5686646,7.8364205,104.70412,7.9797153,1.8509684,-0.09,-0.093,0.12941792766073795,6,0.9061692733333342,Low
27.0,-146.25,-7.7764435,-1.7356567,7.9677835,104.70412,7.9797153,1.8509684,-0.089,0.017,0.09060905032059435,6,0.8868732300000005,Low
27.0,-146.0,-7.929764,-1.8967896,8.153463,96.11037,7.8586216,1.8819742,-0.097,0.064,0.11621101496846158,6,0.8646639533333339,Low
27.0,-145.75,-8.069412,-2.0315552,8.321216,96.11037,7.8586216,1.8819742,-0.116,0.061,0.13106105447462263,6,0.9136206200000005,Low
27.0,-145.5,-8.083084,-2.1126099,8.354602,88.133804,7.7382603,1.9159098,-0.131,0.07,0.14852945835759318,6,1.0266506100000006,Medium
27.0,-145.25,-8.049881,-2.1653442,8.336024,88.133804,7.7382603,1.9159098,-0.135,0.147,0.19958456854175874,6,1.0978088166666669,Medium
27.0,-145.0,-8.039139,-2.2503052,8.348151,81.821304,7.6711216,1.9334879,-0.121,0.259,0.28587060009731674,6,1.11356928,Medium
27.0,-144.75,-8.166092,-2.3723755,8.503718,81.821304,7.6711216,1.9334879,-0.099,0.295,0.31116876449926656,6,1.0734573700000003,Medium
27.0,-144.5,-8.331131,-2.4524536,8.6846,76.01662,7.5983677,1.9542398,-0.08700000000000001,0.177,0.1972257589667232,6,1.1981161600000008,Medium
27.0,-144.25,-8.431717,-2.5510864,8.809194,76.01662,7.5983677,1.9542398,-0.1,-0.018000000000000002,0.10160708636704431,6,1.24768295,Medium
27.0,-144.0,-8.445389,-2.616516,8.841422,70.64943,7.4865513,1.9957438,-0.148,-0.10400000000000001,0.1808867048735202,6,1.8491141366666648,Medium
27.0,-143.75,-8.421951,-2.6174927,8.819326,70.64943,7.4865513,1.9957438,-0.221,0.012,0.22132555207205515,6,1.8242547966666678,Medium
27.0,-143.5,-8.478592,-2.5940552,8.866547,66.30568,7.3945103,2.034318,-0.278,0.21,0.3484020665839972,6,2.1594792033333317,Medium
27.0,-143.25,-8.516678,-2.5999146,8.904681,66.30568,7.3945103,2.034318,-0.276,0.289,0.39962107051555723,6,2.1922337933333322,Medium
27.0,-143.0,-8.602615,-2.6087036,8.989456,62.71193,7.368387,2.048234,-0.217,0.171,0.276278844647939,6,2.138873679999999,Medium
27.0,-142.75,-8.675858,-2.6243286,9.064083,62.71193,7.368387,2.048234,-0.13,-0.048,0.13857849761056007,6,2.1941460666666632,Medium
27.0,-142.5,-8.716873,-2.6604614,9.113832,59.485367,7.371561,2.053361,-0.064,-0.215,0.2243234272206093,6,2.395579516666665,Medium
27.0,-142.25,-8.727615,-2.7141724,9.139913,59.485367,7.371561,2.053361,-0.034,-0.261,0.2632052431088712,6,2.5528575033333314,Medium
27.0,-142.0,-8.741287,-2.7747192,9.171105,56.415054,7.393778,2.0609293,-0.033,-0.209,0.21158922467838479,6,2.570083386666665,Medium
27.0,-141.75,-8.786209,-2.887024,9.248372,56.415054,7.393778,2.0609293,-0.056,-0.108,0.1216552506059644,6,2.372667139999999,Medium
27.0,-141.5,-8.816483,-2.982727,9.3073635,53.68068,7.399393,2.083146,-0.09,0.001,0.09000555538409837,6,2.398193269999999,Medium
27.0,-141.25,-8.883865,-3.1262817,9.417892,53.68068,7.399393,2.083146,-0.121,0.08600000000000001,0.14844864431849825,6,2.2627466833333307,Medium
27.0,-141.0,-8.880936,-3.2688599,9.463428,51.00099,7.394022,2.1082926,-0.138,0.123,0.18485940603604675,6,2.213502466666663,Medium
27.0,-140.75,-8.90242,-3.4680786,9.554091,51.00099,7.394022,2.1082926,-0.14400000000000002,0.10400000000000001,0.17762882648939618,6,2.1790271533333305,Medium
27.0,-140.5,-8.89949,-3.6760864,9.628839,47.93068,7.409647,2.1222086,-0.162,0.055,0.1710818517552344,6,2.201339886666665,Medium
27.0,-140.25,-8.833084,-3.8274536,9.62667,47.93068,7.409647,2.1222086,-0.22,0.019,0.22081893034792102,6,2.3380655499999987,Medium
27.0,-140.0,-8.715897,-3.9622192,9.574238,44.797867,7.43577,2.133195,-0.316,0.007,0.31607752213657964,6,2.2959360533333317,Medium
27.0,-139.75,-8.681717,-4.10968,9.605294,44.797867,7.43577,2.133195,-0.418,-0.002,0.41800478466161123,6,2.2901695033333316,Medium
27.0,-139.5,-8.644608,-4.2424927,9.629537,41.829117,7.461405,2.143693,-0.47900000000000004,-0.025,0.47965195715226683,6,2.2799196133333313,Medium
27.0,-139.25,-8.597733,-4.3792114,9.648756,41.829117,7.461405,2.143693,-0.47000000000000003,-0.044,0.47205508153180603,6,2.3264419266666647,Medium
27.0,-139.0,-8.52742,-4.5061646,9.644813,39.03224,7.4924107,2.150529,-0.41600000000000004,-0.022,0.41658132459341,6,2.3489693799999984,Medium
27.0,-138.75,-8.442459,-4.663391,9.644809,39.03224,7.4924107,2.150529,-0.353,0.025,0.35388416183830546,6,2.3375730533333314,Medium
27.0,-138.5,-8.285233,-4.7561646,9.553333,36.422867,7.5285435,2.152482,-0.309,0.058,0.3143962467969362,6,2.2823520433333315,Medium
27.0,-138.25,-8.178787,-4.8547974,9.511131,36.422867,7.5285435,2.152482,-0.271,0.052000000000000005,0.2759438348649957,6,2.2700929166666644,Medium
27.0,-138.0,-8.122147,-4.9387817,9.505832,33.766617,7.578348,2.1466227,-0.229,0.034,0.23151025895195226,6,2.294649323333331,Medium
27.0,-137.75,-8.060623,-5.0130005,9.492303,33.766617,7.578348,2.1466227,-0.195,0.035,0.1981161275615895,6,2.2600003866666634,Medium
27.0,-137.5,-7.971756,-5.0510864,9.437285,31.141617,7.626932,2.1397867,-0.188,0.053,0.1953279293905508,6,2.264277429999997,Medium
27.0,-137.25,-7.881912,-5.102844,9.389545,31.141617,7.626932,2.1397867,-0.209,0.062,0.2180022935659164,6,2.3041024799999974,Medium
27.0,-137.0,-7.753006,-5.180969,9.32478,28.508804,7.6694126,2.1322184,-0.224,0.046,0.22867444107289298,6,2.1973243699999983,Medium
27.0,-136.75,-7.6026154,-5.2356567,9.231027,28.508804,7.6694126,2.1322184,-0.203,-0.002,0.20300985197768112,6,2.1564145233333316,Medium
27.0,-136.5,-7.460037,-5.281555,9.140404,25.93068,7.7035923,2.1226969,-0.157,-0.076,0.17442763542512407,6,2.236513543333332,Medium
27.0,-136.25,-7.2969513,-5.3010864,9.0192585,25.93068,7.7035923,2.1226969,-0.10400000000000001,-0.145,0.17844046626256052,6,2.0606702633333307,Medium
27.0,-136.0,-7.1553497,-5.373352,8.948293,23.407242,7.737772,2.1080484,-0.057,-0.164,0.17362315513778687,6,2.1657280033333315,Medium
27.0,-135.75,-7.0283966,-5.4348755,8.884606,23.407242,7.737772,2.1080484,-0.013000000000000001,-0.12,0.12070211265756702,6,2.1407613366666647,Medium
27.0,-135.5,-6.9219513,-5.4837036,8.830878,20.829117,7.772684,2.089738,0.028,-0.048,0.05556977595779922,6,2.0415005266666655,Medium
27.0,-135.25,-6.742264,-5.5510864,8.733423,20.829117,7.772684,2.089738,0.051000000000000004,0.016,0.053450912059571073,6,2.029841396666666,Medium
27.0,-135.0,-6.5908966,-5.6428833,8.676523,18.33693,7.7980747,2.070695,0.039,0.064,0.07494664769020692,6,2.0847010999999998,Medium
27.0,-134.75,-6.487381,-5.7317505,8.656735,18.33693,7.7980747,2.070695,-0.016,0.095,0.09633794683301071,6,2.087316896666666,Medium
27.0,-134.5,-6.351639,-5.846985,8.633108,15.672868,7.830057,2.0450602,-0.097,0.079,0.12509996003196805,6,2.7030899099999988,Medium
27.0,-134.25,-6.1895294,-5.909485,8.557587,15.672868,7.830057,2.0450602,-0.17500000000000002,-0.005,0.17507141400011597,6,3.247441793333331,Medium
27.0,-134.0,-6.0684357,-5.9905396,8.527162,13.250993,7.845194,2.0201578,-0.224,-0.122,0.255068618218706,6,1.7051263933333336,Medium
27.0,-133.75,-5.935623,-6.0862427,8.50141,13.250993,7.845194,2.0201578,-0.246,-0.20500000000000002,0.32022023671217287,6,1.6224949900000007,Medium
27.0,-133.5,-5.7989044,-6.1448364,8.449041,11.196305,7.8534946,1.9981852,-0.255,-0.224,0.3394127281054734,6,1.6071764800000008,Medium
27.0,-133.25,-5.6397247,-6.219055,8.395424,11.196305,7.8534946,1.9981852,-0.262,-0.196,0.3272002444986862,6,1.6725866266666676,Medium
27.0,-133.0,-5.498123,-6.321594,8.378061,9.282243,7.854471,1.9779215,-0.254,-0.139,0.28954619665953135,6,1.218680656666667,Medium
27.0,-132.75,-5.3565216,-6.4016724,8.347079,9.282243,7.854471,1.9779215,-0.212,-0.065,0.22174083972060718,6,1.1421397800000006,Medium
27.0,-132.5,-5.2139435,-6.500305,8.333017,7.407243,7.855692,1.9574137,-0.137,-0.006,0.13713132391981056,6,1.29351452,Medium
27.0,-132.25,-5.0528107,-6.585266,8.300399,7.407243,7.855692,1.9574137,-0.061,0.009000000000000001,0.06166036003787198,6,1.4900097833333337,Medium
27.0,-132.0,-4.884842,-6.6516724,8.252662,5.4619303,7.8639927,1.935441,-0.011,-0.014,0.017804493814764857,6,3.24720219333333,Medium
27.0,-131.75,-4.7022247,-6.7044067,8.189016,5.4619303,7.8639927,1.935441,0.002,-0.03,0.030066592756745815,6,2.0455453766666656,Medium
27.0,-131.5,-4.5313263,-6.7161255,8.101806,3.5713053,7.867899,1.9166422,-0.018000000000000002,-0.01,0.020591260281974003,6,2.910721276666662,Medium
27.0,-131.25,-4.3233185,-6.750305,8.01609,3.5713053,7.867899,1.9166422,-0.061,0.026000000000000002,0.06630987860040162,6,1.9572057200000006,Medium
27.0,-131.0,-4.12117,-6.7561646,7.9138994,1.5322428,7.8740025,1.8980875,-0.108,0.04,0.11516944039110374,6,1.8568267066666684,Medium
27.0,-130.75,-3.9121857,-6.779602,7.8274007,1.5322428,7.8740025,1.8980875,-0.136,0.013000000000000001,0.13661991070118587,6,1.837620033333335,Medium
27.0,-130.5,-3.6602325,-6.784485,7.708861,359.35257,7.8947544,1.8766031,-0.136,-0.037,0.1409432509913121,6,3.0810461466666625,Medium
27.0,-130.25,-3.4375763,-6.775696,7.5978274,359.35257,7.8947544,1.8766031,-0.11900000000000001,-0.081,0.14395138068111749,6,2.397882206666665,Medium
27.25,-156.25,-6.8770294,2.9889526,7.4984913,120.977554,7.4401646,1.872941,0.113,0.177,0.209995238041247,6,0.8773039233333333,Low
27.25,-156.0,-7.1309357,2.892273,7.69516,119.04787,7.3066196,1.8639078,0.058,0.2,0.2082402458700047,6,0.8452963900000005,Low
27.25,-155.75,-7.275467,2.689148,7.7565417,119.04787,7.3066196,1.8639078,-0.018000000000000002,0.14300000000000002,0.14412841496387868,6,0.7649961300000008,Low
27.25,-155.5,-7.320389,2.4293823,7.7129755,116.758804,7.204813,1.845109,-0.078,0.058,0.09720082304178293,6,0.6979010766666672,Low
27.25,-155.25,-7.4239044,2.1871948,7.7393913,116.758804,7.204813,1.845109,-0.10300000000000001,0.04,0.11049434374663711,6,0.6361250466666671,Low
27.25,-155.0,-7.563553,1.9254761,7.804793,114.39943,7.1186314,1.8316813,-0.099,0.135,0.16740967713964447,6,0.6428362233333335,Low
27.25,-154.75,-7.708084,1.6471558,7.8821115,114.39943,7.1186314,1.8316813,-0.081,0.296,0.3068827137523389,6,0.6215148866666663,Low
27.25,-154.5,-7.8438263,1.3864136,7.9654098,112.81349,7.097147,1.8219156,-0.06,0.424,0.42822424032275425,6,0.6517998466666661,Low
27.25,-154.25,-7.8213654,1.1090698,7.899607,112.81349,7.097147,1.8219156,-0.034,0.465,0.4662413538072315,6,0.6688078233333328,Low
27.25,-154.0,-7.654373,0.8180542,7.697963,112.540054,7.186014,1.8067789,0.002,0.43,0.4300046511376359,6,0.6554234599999993,Low
27.25,-153.75,-7.4619904,0.47821045,7.477298,112.540054,7.186014,1.8067789,0.053,0.354,0.3579455265819088,6,0.7567840233333326,Low
27.25,-153.5,-7.33992,0.354187,7.348461,113.24318,7.3222446,1.7962809,0.112,0.252,0.2757680184502909,6,0.7771836666666664,Low
27.25,-153.25,-7.299881,0.2946167,7.305824,113.24318,7.3222446,1.7962809,0.165,0.124,0.20640009689920205,6,0.8076692566666669,Low
27.25,-153.0,-7.2920685,0.2897339,7.297822,114.87599,7.4870396,1.7862711,0.202,-0.009000000000000001,0.20220039564748632,6,0.7970301600000006,Low
27.25,-152.75,-7.3321075,0.2711792,7.3371205,114.87599,7.4870396,1.7862711,0.218,-0.096,0.23820159529272678,6,0.7378284866666674,Low
27.25,-152.5,-7.438553,0.2321167,7.4421735,116.61037,7.640848,1.7813883,0.224,-0.098,0.24449948875202174,6,0.7269229166666676,Low
27.25,-152.25,-7.5889435,0.18328857,7.5911565,116.61037,7.640848,1.7813883,0.226,-0.022,0.22706827167175955,6,0.7653645066666672,Low
27.25,-152.0,-7.7295685,0.1852417,7.7317877,117.52443,7.730448,1.794816,0.229,0.075,0.24096887765850594,6,0.8055126366666672,Low
27.25,-151.75,-7.904373,0.05633545,7.904574,117.52443,7.730448,1.794816,0.222,0.148,0.2668107943843352,6,0.7783624000000006,Low
27.25,-151.5,-8.039139,-0.03253174,8.039205,117.852554,7.7834263,1.8177652,0.199,0.17300000000000001,0.26368541863364386,6,0.8238790133333336,Low
27.25,-151.25,-8.082108,-0.15460205,8.083587,117.852554,7.7834263,1.8177652,0.169,0.146,0.22333159203301267,6,0.8593278333333336,Low
27.25,-151.0,-8.096756,-0.26593018,8.101122,118.27443,7.852762,1.8360758,0.147,0.081,0.16783920876839237,6,0.8712926000000004,Low
27.25,-150.75,-8.079178,-0.32452393,8.085693,118.27443,7.852762,1.8360758,0.14400000000000002,0.007,0.14417003849621463,6,0.8567738466666674,Low
27.25,-150.5,-8.072342,-0.31866455,8.0786295,119.36818,7.9543247,1.8419352,0.152,-0.046,0.15880806024884253,6,0.7911096600000005,Low
27.25,-150.25,-7.973709,-0.3411255,7.981003,119.36818,7.9543247,1.8419352,0.156,-0.069,0.170578427709954,6,0.8872180400000006,Low
27.25,-150.0,-7.8369904,-0.28155518,7.8420463,121.24318,8.080057,1.8326578,0.152,-0.064,0.1649242250247064,6,0.9446197300000002,Low
27.25,-149.75,-7.712967,-0.1506958,7.714439,121.24318,8.080057,1.8326578,0.148,-0.017,0.1489731519435633,6,1.0346549299999999,Medium
27.25,-149.5,-7.6114044,0.012390137,7.6114144,123.23537,8.193583,1.8170328,0.159,0.073,0.17495713760804388,6,1.0705572266666663,Medium
27.25,-149.25,-7.659256,0.21160889,7.6621785,123.23537,8.193583,1.8170328,0.19,0.182,0.26310454196003535,6,1.0088720166666665,Medium
27.25,-149.0,-7.7676544,0.22039795,7.7707806,124.11037,8.25828,1.8089762,0.218,0.264,0.34237406443829826,6,1.0312927399999998,Medium
27.25,-148.75,-8.014725,0.1618042,8.016357,124.11037,8.25828,1.8089762,0.222,0.28700000000000003,0.362840185205553,6,1.1578832933333323,Medium
27.25,-148.5,-8.209061,-0.0725708,8.209381,121.46193,8.177225,1.8189859,0.192,0.252,0.3168090907786581,6,1.1504115666666654,Medium
27.25,-148.25,-8.285233,-0.34991455,8.292618,121.46193,8.177225,1.8189859,0.145,0.18,0.2311384866265244,6,1.262358209999999,Medium
27.25,-148.0,-8.112381,-0.5725708,8.132562,116.57912,8.051249,1.8482828,0.10200000000000001,0.096,0.14007141035914503,6,1.2353229099999992,Medium
27.25,-147.75,-7.9346466,-0.7346802,7.968587,116.57912,8.051249,1.8482828,0.069,0.005,0.06918092222571191,6,1.2201620666666657,Medium
27.25,-147.5,-7.730545,-0.8674927,7.779066,113.383804,8.019022,1.8524332,0.031,-0.091,0.09613532129243653,6,1.0251435833333338,Medium
27.25,-147.25,-7.5840607,-0.9602661,7.6446114,113.383804,8.019022,1.8524332,-0.027,-0.177,0.17904747973652127,6,1.0603275733333324,Medium
27.25,-147.0,-7.565506,-1.1067505,7.64603,110.39943,8.027811,1.8438883,-0.098,-0.219,0.23992707225321613,6,1.097945219999999,Medium
27.25,-146.75,-7.6182404,-1.317688,7.7313576,110.39943,8.027811,1.8438883,-0.159,-0.184,0.24318100254748518,6,1.1250202466666657,Medium
27.25,-146.5,-7.7432404,-1.529602,7.892874,104.70412,7.9797153,1.8509684,-0.189,-0.091,0.20976653689280375,6,0.9794512800000003,Low
27.25,-146.25,-7.824295,-1.7219849,8.011543,104.70412,7.9797153,1.8509684,-0.188,0.006,0.1880957203128237,6,0.9771107333333333,Low
27.25,-146.0,-7.976639,-1.8831177,8.195908,96.11037,7.8586216,1.8819742,-0.17,0.056,0.17898603297464305,6,1.03702064,Medium
27.25,-145.75,-7.99617,-1.9563599,8.232016,96.11037,7.8586216,1.8819742,-0.158,0.062,0.169729196074217,6,1.0127595833333334,Medium
27.25,-145.5,-7.9619904,-2.020813,8.214437,88.133804,7.7382603,1.9159098,-0.162,0.075,0.17851890656174207,6,1.1961202599999992,Medium
27.25,-145.25,-7.9414825,-2.0598755,8.204282,88.133804,7.7382603,1.9159098,-0.177,0.14300000000000002,0.227547797176769,6,1.310717639999999,Medium
27.25,-145.0,-8.035233,-2.168274,8.322642,81.821304,7.6711216,1.9334879,-0.18,0.23700000000000002,0.2976054434986027,6,1.339342536666666,Medium
27.25,-144.75,-8.162186,-2.2903442,8.477438,81.821304,7.6711216,1.9334879,-0.162,0.261,0.30718886698576825,6,1.2456236566666663,Medium
27.25,-144.5,-8.301834,-2.4475708,8.655117,76.01662,7.5983677,1.9542398,-0.132,0.156,0.20435263639111684,6,1.324934546666666,Medium
27.25,-144.25,-8.381912,-2.552063,8.761819,76.01662,7.5983677,1.9542398,-0.123,0.003,0.12303657992645928,6,1.3116488699999995,Medium
27.25,-144.0,-8.359451,-2.5647583,8.74405,70.64943,7.4865513,1.9957438,-0.15,-0.04,0.15524174696260024,6,1.8857482566666635,Medium
27.25,-143.75,-8.396561,-2.5247192,8.7679205,70.64943,7.4865513,1.9957438,-0.193,0.075,0.20706037766796428,6,1.9613535366666648,Medium
27.25,-143.5,-8.46492,-2.498352,8.825907,66.30568,7.3945103,2.034318,-0.20800000000000002,0.222,0.3042170277943035,6,2.3515069933333317,Medium
27.25,-143.25,-8.559647,-2.4973755,8.916526,66.30568,7.3945103,2.034318,-0.17200000000000001,0.23700000000000002,0.2928361316504506,6,2.3987347799999985,Medium
27.25,-143.0,-8.645584,-2.5061646,9.001499,62.71193,7.368387,2.048234,-0.106,0.088,0.13776792079435618,6,2.243793186666664,Medium
27.25,-142.75,-8.694412,-2.5618286,9.063982,62.71193,7.368387,2.048234,-0.052000000000000005,-0.113,0.12439051410778879,6,2.3567404733333315,Medium
27.25,-142.5,-8.742264,-2.6096802,9.123465,59.485367,7.371561,2.053361,-0.035,-0.241,0.24352823244954575,6,2.487011329999999,Medium
27.25,-142.25,-8.762772,-2.6799927,9.163434,59.485367,7.371561,2.053361,-0.043000000000000003,-0.257,0.2605724467398654,6,2.700581376666666,Medium
27.25,-142.0,-8.799881,-2.793274,9.232566,56.415054,7.393778,2.0609293,-0.061,-0.187,0.19669773765857096,6,2.7123729766666664,Medium
27.25,-141.75,-8.844803,-2.9055786,9.30983,56.415054,7.393778,2.0609293,-0.082,-0.078,0.11317243480636087,6,2.4935925966666663,Medium
27.25,-141.5,-8.9366,-3.1126099,9.463147,53.68068,7.399393,2.083146,-0.106,0.03,0.11016351483136329,6,2.5332603666666667,Medium
27.25,-141.25,-9.009842,-3.2717896,9.585503,53.68068,7.399393,2.083146,-0.12,0.099,0.15556670594957006,6,2.414185659999999,Medium
27.25,-141.0,-8.969803,-3.4465942,9.609182,51.00099,7.394022,2.1082926,-0.11900000000000001,0.11800000000000001,0.16758579892103032,6,2.4023590299999977,Medium
27.25,-140.75,-8.887772,-3.6311646,9.600929,51.00099,7.394022,2.1082926,-0.11,0.106,0.15276125163142648,6,2.2906493566666652,Medium
27.25,-140.5,-8.889725,-3.835266,9.68176,47.93068,7.409647,2.1222086,-0.129,0.101,0.16383528313522702,6,2.315569699999999,Medium
27.25,-140.25,-8.896561,-3.9866333,9.74895,47.93068,7.409647,2.1222086,-0.196,0.12,0.2298173187555716,6,2.5344050699999987,Medium
27.25,-140.0,-8.78035,-4.121399,9.699509,44.797867,7.43577,2.133195,-0.301,0.136,0.33029834998074087,6,2.5446933999999986,Medium
27.25,-139.75,-8.669022,-4.2317505,9.646743,44.797867,7.43577,2.133195,-0.399,0.095,0.4101536297535352,6,2.524450753333332,Medium
27.25,-139.5,-8.577225,-4.33136,9.608823,41.829117,7.461405,2.143693,-0.446,-0.007,0.4460549293528769,6,2.490121696666665,Medium
27.25,-139.25,-8.497147,-4.444641,9.589387,41.829117,7.461405,2.143693,-0.422,-0.10400000000000001,0.4346262762420146,6,2.566910776666666,Medium
27.25,-139.0,-8.382889,-4.590149,9.557316,39.03224,7.4924107,2.150529,-0.34900000000000003,-0.116,0.36777302783102517,6,2.6147670499999993,Medium
27.25,-138.75,-8.296951,-4.7473755,9.559131,39.03224,7.4924107,2.150529,-0.267,-0.056,0.2728094573140748,6,2.5948268899999993,Medium
27.25,-138.5,-8.181717,-4.902649,9.538157,36.422867,7.5285435,2.152482,-0.201,-0.002,0.20100995000248123,6,2.5028316799999986,Medium
27.25,-138.25,-8.083084,-5.009094,9.509326,36.422867,7.5285435,2.152482,-0.15,-0.002,0.1500133327407934,6,2.3084300399999975,Medium
27.25,-138.0,-7.9834747,-5.1116333,9.479698,33.766617,7.578348,2.1466227,-0.101,-0.02,0.10296115772464877,6,2.232315763333332,Medium
27.25,-137.75,-7.898514,-5.180969,9.446108,33.766617,7.578348,2.1466227,-0.059000000000000004,0.0,0.059000000000000004,6,2.4070478066666654,Medium
27.25,-137.5,-7.803787,-5.225891,9.391966,31.141617,7.626932,2.1397867,-0.037,0.053,0.06463745044476925,6,2.497277863333333,Medium
27.25,-137.25,-7.6670685,-5.3323364,9.339045,31.141617,7.626932,2.1397867,-0.043000000000000003,0.079,0.08994442728707544,6,2.325746586666666,Medium
27.25,-137.0,-7.538162,-5.409485,9.278276,28.508804,7.6694126,2.1322184,-0.045,0.043000000000000003,0.062241465278381744,6,2.3657786349999994,Medium
27.25,-136.75,-7.428787,-5.505188,9.246295,28.508804,7.6694126,2.1322184,-0.028,-0.036000000000000004,0.04560701700396552,6,2.6264242900000005,Medium
27.25,-136.5,-7.315506,-5.5618286,9.189698,25.93068,7.7035923,2.1226969,-0.002,-0.115,0.1150173899895142,6,2.4833042099999996,Medium
27.25,-136.25,-7.1826935,-5.5618286,9.084329,25.93068,7.7035923,2.1226969,0.004,-0.168,0.16804761230080004,6,2.3134470133333322,Medium
27.25,-136.0,-7.044998,-5.605774,9.00315,23.407242,7.737772,2.1080484,-0.008,-0.179,0.17917868176767013,6,2.4742343399999993,Medium
27.25,-135.75,-6.918045,-5.666321,8.942401,23.407242,7.737772,2.1080484,-0.014,-0.145,0.14567429423202982,6,2.316710823333332,Medium
27.25,-135.5,-6.7696075,-5.753235,8.884104,20.829117,7.772684,2.089738,0.0,-0.077,0.077,6,2.1190728466666666,Medium
27.25,-135.25,-6.585037,-5.82843,8.793936,20.829117,7.772684,2.089738,0.019,0.008,0.0206155281280883,6,3.0086062433333307,Medium
27.25,-135.0,-6.4082794,-5.9573364,8.749623,18.33693,7.7980747,2.070695,0.011,0.1,0.10060318086422516,6,2.216487323333333,Medium
27.25,-134.75,-6.299881,-6.088196,8.760972,18.33693,7.7980747,2.070695,-0.032,0.17200000000000001,0.1749514218290323,6,2.3687626833333315,Medium
27.25,-134.5,-6.1670685,-6.2073364,8.750072,15.672868,7.830057,2.0450602,-0.096,0.169,0.19436306233438494,6,3.0518562833333314,Medium
27.25,-134.25,-6.025467,-6.2962036,8.71484,15.672868,7.830057,2.0450602,-0.155,0.066,0.16846661390317075,6,3.4251194833333316,Medium
27.25,-134.0,-5.9053497,-6.3762817,8.690806,13.250993,7.845194,2.0201578,-0.197,-0.08,0.21262408142070832,6,1.6297244466666656,Medium
27.25,-133.75,-5.7744904,-6.4417114,8.651033,13.250993,7.845194,2.0201578,-0.224,-0.179,0.2867350693584585,6,1.8476865266666656,Medium
27.25,-133.5,-5.6465607,-6.482727,8.597057,11.196305,7.8534946,1.9981852,-0.248,-0.199,0.3179701243827791,6,1.8289894466666659,Medium
27.25,-133.25,-5.4795685,-6.5422974,8.533893,11.196305,7.8534946,1.9981852,-0.27,-0.176,0.3222979987527071,6,1.915321083333333,Medium
27.25,-133.0,-5.353592,-6.607727,8.5042925,9.282243,7.854471,1.9779215,-0.281,-0.147,0.3171277345171816,6,1.5479743133333321,Medium
27.25,-132.75,-5.211014,-6.6868286,8.47752,9.282243,7.854471,1.9779215,-0.267,-0.116,0.29110994486619657,6,1.4787846533333318,Medium
27.25,-132.5,-5.0557404,-6.7630005,8.443854,7.407243,7.855692,1.9574137,-0.228,-0.081,0.24196074061715053,6,1.668797933333333,Medium
27.25,-132.25,-4.8897247,-6.8411255,8.408948,7.407243,7.855692,1.9574137,-0.181,-0.059000000000000004,0.19037331745809336,6,1.5580139466666656,Medium
27.25,-132.0,-4.7158966,-6.8831177,8.343679,5.4619303,7.8639927,1.935441,-0.145,-0.055,0.1550806241927082,6,1.6580231699999992,Medium
27.25,-131.75,-4.5157013,-6.904602,8.250156,5.4619303,7.8639927,1.935441,-0.125,-0.043000000000000003,0.1321892582625381,6,1.5906903999999995,Medium
27.25,-131.5,-4.3477325,-6.9124146,8.166042,3.5713053,7.867899,1.9166422,-0.11,-0.005,0.1101135777277262,6,2.025756976666666,Medium
27.25,-131.25,-4.1690216,-6.911438,8.071475,3.5713053,7.867899,1.9166422,-0.095,0.04,0.10307764064044152,6,2.04390461,Medium
27.25,-131.0,-3.9678497,-6.9172974,7.9745116,1.5322428,7.8740025,1.8980875,-0.079,0.05,0.09349331526906082,6,2.137907243333333,Medium
27.25,-130.75,-3.7569122,-6.9085083,7.8639603,1.5322428,7.8740025,1.8980875,-0.063,0.01,0.06378871373526825,6,2.2495771933333324,Medium
27.25,-130.5,-3.509842,-6.9085083,7.748966,359.35257,7.8947544,1.8766031,-0.047,-0.053,0.07083784299369934,6,3.7691688666666656,Medium
27.25,-130.25,-3.2979279,-6.9016724,7.649144,359.35257,7.8947544,1.8766031,-0.036000000000000004,-0.10200000000000001,0.10816653826391968,6,2.8437560433333307,Medium
27.5,-156.25,-6.7500763,2.9850464,7.3806524,124.52443,7.5095005,1.8355875,0.112,0.211,0.23888281646028875,6,0.8788442299999997,Low
27.5,-156.0,-6.9746857,2.885437,7.547979,122.37599,7.353739,1.8333902,0.073,0.272,0.2816256380374486,6,0.8266542966666658,Low
27.5,-155.75,-7.105545,2.6774292,7.593247,122.37599,7.353739,1.8333902,0.019,0.221,0.22181523843054607,6,0.6712311966666664,Low
27.5,-155.5,-7.194412,2.4274292,7.5928903,119.946304,7.2436314,1.8189859,-0.026000000000000002,0.107,0.1101135777277262,6,0.7241165066666659,Low
27.5,-155.25,-7.297928,2.1871948,7.6186333,119.946304,7.2436314,1.8189859,-0.043000000000000003,0.044,0.061522353661088096,6,0.7467820166666663,Low
27.5,-155.0,-7.4571075,1.9596558,7.7102985,117.52443,7.1694126,1.8031168,-0.029,0.108,0.1118257573191436,6,0.7258367166666659,Low
27.5,-154.75,-7.5928497,1.673523,7.775091,117.52443,7.1694126,1.8031168,-0.004,0.265,0.2650301869599009,6,0.6669493899999994,Low
27.5,-154.5,-7.6914825,1.3561401,7.810123,115.61818,7.150614,1.7894449,0.008,0.403,0.4030793966453756,6,0.6937971266666652,Low
27.5,-154.25,-7.641678,1.0602417,7.7148786,115.61818,7.150614,1.7894449,0.009000000000000001,0.443,0.44309141269042895,6,0.6978767933333317,Low
27.5,-154.0,-7.487381,0.80145264,7.530153,115.196304,7.2370396,1.768693,0.018000000000000002,0.39,0.39041516363993856,6,0.6406053966666656,Low
27.5,-153.75,-7.341873,0.69403076,7.3746037,115.196304,7.2370396,1.768693,0.053,0.291,0.29578708558691336,6,0.7435768466666652,Low
27.5,-153.5,-7.2188263,0.57684326,7.241837,115.96974,7.3705845,1.7552652,0.107,0.181,0.210261741645978,6,0.8322460866666656,Low
27.5,-153.25,-7.2832794,0.5426636,7.3034678,115.96974,7.3705845,1.7552652,0.16,0.068,0.17385051049680586,6,0.9227751666666656,Low
27.5,-153.0,-7.344803,0.5084839,7.362383,116.58693,7.4848423,1.7567301,0.194,-0.042,0.1984943324127921,6,0.8046384999999994,Low
27.5,-152.75,-7.445389,0.48797607,7.461363,116.58693,7.4848423,1.7567301,0.211,-0.111,0.23841560351621283,6,0.805759443333333,Low
27.5,-152.5,-7.5996857,0.42352295,7.611478,116.508804,7.563944,1.7716227,0.228,-0.114,0.254911749434976,6,0.7955209266666664,Low
27.5,-152.25,-7.7500763,0.37078857,7.758941,116.508804,7.563944,1.7716227,0.253,-0.044,0.2567975856584325,6,0.7826386466666663,Low
27.5,-152.0,-7.9551544,0.17840576,7.9571548,115.92287,7.616678,1.7938395,0.281,0.062,0.28775857936819194,6,0.8787125266666661,Low
27.5,-151.75,-8.150467,0.01727295,8.150485,115.92287,7.616678,1.7938395,0.28700000000000003,0.162,0.3295648646321389,6,0.8762619933333328,Low
27.5,-151.5,-8.3116,-0.18389893,8.313634,115.290054,7.6606236,1.8177652,0.259,0.216,0.337249166047894,6,0.9057527066666657,Low
27.5,-151.25,-8.393631,-0.36065674,8.401376,115.290054,7.6606236,1.8177652,0.216,0.19,0.2876734259538062,6,0.9516740799999985,Low
27.5,-151.0,-8.414139,-0.47491455,8.42753,115.11818,7.721903,1.8360758,0.185,0.10200000000000001,0.21125576915199262,6,0.9441242866666653,Low
27.5,-150.75,-8.380936,-0.5745239,8.400605,115.11818,7.721903,1.8360758,0.178,0.007,0.17813758727455584,6,0.9863205233333319,Low
27.5,-150.5,-8.376053,-0.5667114,8.395203,116.40724,7.833231,1.839982,0.18,-0.045,0.18553975315279472,6,0.9095022366666653,Low
27.5,-150.25,-8.282303,-0.5569458,8.301008,116.40724,7.833231,1.839982,0.165,-0.047,0.17156339936011994,6,1.090939329999998,Medium
27.5,-150.0,-8.157303,-0.51104736,8.173295,118.50099,7.9523716,1.8316813,0.123,-0.025,0.12551493934986385,6,1.1970338566666647,Medium
27.5,-149.75,-8.033279,-0.39874268,8.043169,118.50099,7.9523716,1.8316813,0.074,0.008,0.07443117626371358,6,1.2351433999999977,Medium
27.5,-149.5,-7.9639435,-0.22393799,7.9670916,119.89162,8.0268345,1.8304605,0.052000000000000005,0.058,0.07789736837660179,6,1.2354111099999983,Medium
27.5,-149.25,-8.016678,-0.019836426,8.016703,119.89162,8.0268345,1.8304605,0.079,0.131,0.15297712247261028,6,1.198879019999998,Medium
27.5,-149.0,-8.137772,0.15008545,8.139155,119.81349,8.044413,1.8346109,0.145,0.20600000000000002,0.2519146680921935,6,1.2880045366666644,Medium
27.5,-148.75,-8.393631,0.116882324,8.394444,119.81349,8.044413,1.8346109,0.214,0.259,0.3359717250007804,6,1.4241176499999975,Medium
27.5,-148.5,-8.412186,-0.0256958,8.412225,117.54787,7.980448,1.8497477,0.254,0.266,0.3677934202782861,6,1.4264517666666645,Medium
27.5,-148.25,-8.2920685,-0.23468018,8.295389,117.54787,7.980448,1.8497477,0.256,0.217,0.33559648389099667,6,1.4279078699999979,Medium
27.5,-148.0,-8.079178,-0.45635986,8.092057,115.99318,7.972147,1.8512125,0.23,0.139,0.26873965096353014,6,1.4097243366666643,Medium
27.5,-147.75,-7.9121857,-0.60772705,7.9354906,115.99318,7.972147,1.8512125,0.186,0.058,0.19483326204732088,6,1.4427257299999976,Medium
27.5,-147.5,-7.7071075,-0.74053955,7.7426033,114.34474,8.000711,1.8404703,0.11800000000000001,-0.012,0.1186086000254619,6,1.4777565066666647,Medium
27.5,-147.25,-7.7002716,-0.9163208,7.7546005,114.34474,8.000711,1.8404703,0.024,-0.073,0.07684399781375251,6,1.2587862533333314,Medium
27.5,-147.0,-7.74617,-1.1155396,7.826083,110.446304,8.006083,1.8353434,-0.083,-0.111,0.1386001443000692,6,1.2735746399999988,Medium
27.5,-146.75,-7.813553,-1.3713989,7.9329906,110.446304,8.006083,1.8353434,-0.176,-0.11,0.20754758490524527,6,1.2843249399999983,Medium
27.5,-146.5,-7.833084,-1.5618286,7.9872723,102.83693,7.923807,1.8543863,-0.23,-0.067,0.23956001335782232,6,1.3157631166666648,Medium
27.5,-146.25,-7.907303,-1.7522583,8.099127,102.83693,7.923807,1.8543863,-0.241,-0.01,0.2412073796549351,6,1.3123162299999984,Medium
27.5,-146.0,-7.8721466,-1.8147583,8.078616,94.64943,7.819071,1.8836832,-0.225,0.029,0.22686119103980742,6,1.3458918733333312,Medium
27.5,-145.75,-7.87117,-1.8782349,8.092162,94.64943,7.819071,1.8836832,-0.215,0.052000000000000005,0.22119900542271884,6,1.3539345233333313,Medium
27.5,-145.5,-7.8614044,-1.9231567,8.09322,87.95412,7.746561,1.9034586,-0.224,0.089,0.24103319273494264,6,1.4946696733333318,Medium
27.5,-145.25,-7.9063263,-1.9934692,8.153767,87.95412,7.746561,1.9034586,-0.25,0.16,0.2968164415931166,6,1.6338629199999988,Medium
27.5,-145.0,-8.014725,-2.1087036,8.287487,81.86818,7.6796665,1.9203043,-0.264,0.23,0.3501371159988612,6,1.653384199999999,Medium
27.5,-144.75,-8.190506,-2.304016,8.5084,81.86818,7.6796665,1.9203043,-0.251,0.225,0.3370845591242648,6,1.6004721766666656,Medium
27.5,-144.5,-8.331131,-2.4631958,8.687639,75.67287,7.5680943,1.9554605,-0.217,0.121,0.2484552273549502,6,1.6958149799999989,Medium
27.5,-144.25,-8.343826,-2.5305786,8.719132,75.67287,7.5680943,1.9554605,-0.196,0.002,0.19601020381602588,6,1.6862663399999986,Medium
27.5,-144.0,-8.318436,-2.5081177,8.688327,70.45412,7.465555,1.9954996,-0.197,-0.016,0.1976486782146544,6,2.240749693333332,Medium
27.5,-143.75,-8.383865,-2.4710083,8.740428,70.45412,7.465555,1.9954996,-0.194,0.079,0.20946837470128993,6,2.2686895299999983,Medium
27.5,-143.5,-8.480545,-2.4631958,8.831024,66.53224,7.4142857,2.0194254,-0.148,0.17200000000000001,0.22690967365892536,6,2.554192353333332,Medium
27.5,-143.25,-8.575272,-2.4622192,8.921761,66.53224,7.4142857,2.0194254,-0.063,0.15,0.16269296235547498,6,2.638393776666663,Medium
27.5,-143.0,-8.645584,-2.5188599,9.005042,63.14943,7.3915806,2.0333414,0.017,0.017,0.024041630560342617,6,3.2247326866666604,Medium
27.5,-142.75,-8.6826935,-2.583313,9.0588455,63.14943,7.3915806,2.0333414,0.046,-0.132,0.13978555004005244,6,2.4986464499999976,Medium
27.5,-142.5,-8.765701,-2.6712036,9.16367,59.954117,7.3859653,2.0467691,0.024,-0.22,0.22130521909796885,6,2.859840063333333,Medium
27.5,-142.25,-8.821365,-2.808899,9.257775,59.954117,7.3859653,2.0467691,-0.021,-0.223,0.22398660674245682,6,2.9952194433333337,Medium
27.5,-142.0,-8.861404,-2.933899,9.334466,56.90724,7.3935337,2.0641031,-0.064,-0.154,0.16676930173146376,6,2.859758166666667,Medium
27.5,-141.75,-8.895584,-3.1360474,9.43219,56.90724,7.3935337,2.0641031,-0.098,-0.047,0.10868762579061152,6,2.714077016666665,Medium
27.5,-141.5,-8.988358,-3.3460083,9.590951,53.954117,7.388651,2.0885172,-0.123,0.052000000000000005,0.1335402561027947,6,2.7570607999999996,Medium
27.5,-141.25,-9.029373,-3.5256958,9.693302,53.954117,7.388651,2.0885172,-0.135,0.10200000000000001,0.1692010638264429,6,2.7128431766666656,Medium
27.5,-141.0,-8.971756,-3.6897583,9.700862,50.75099,7.400858,2.1046305,-0.126,0.10400000000000001,0.1633768649472746,6,2.640905749999998,Medium
27.5,-140.75,-8.860428,-3.8274536,9.651766,50.75099,7.400858,2.1046305,-0.11,0.1,0.14866068747318506,6,2.5662336066666662,Medium
27.5,-140.5,-8.858475,-3.9749146,9.709404,47.62599,7.420389,2.1170816,-0.11,0.133,0.1725949014310678,6,2.65079786,Medium
27.5,-140.25,-8.87117,-4.1272583,9.784269,47.62599,7.420389,2.1170816,-0.133,0.194,0.23521266972678154,6,2.7756864566666675,Medium
27.5,-140.0,-8.802811,-4.221985,9.762921,44.641617,7.4386997,2.1307535,-0.17400000000000002,0.225,0.2844310109675104,6,2.805713303333333,Medium
27.5,-139.75,-8.692459,-4.324524,9.708777,44.641617,7.4386997,2.1307535,-0.213,0.158,0.26520369529853843,6,2.821278509999999,Medium
27.5,-139.5,-8.507889,-4.373352,9.566106,41.55568,7.4709263,2.1395426,-0.23700000000000002,0.002,0.237008438668331,6,2.7480364633333316,Medium
27.5,-139.25,-8.378006,-4.446594,9.484893,41.55568,7.4709263,2.1395426,-0.24,-0.147,0.28144093518889535,6,2.859735203333333,Medium
27.5,-139.0,-8.2491,-4.585266,9.437813,38.46193,7.511942,2.143937,-0.22,-0.189,0.29003620463659363,6,3.0174896600000003,Medium
27.5,-138.75,-8.137772,-4.7561646,9.425733,38.46193,7.511942,2.143937,-0.184,-0.129,0.22471537553091467,6,2.906837543333333,Medium
27.5,-138.5,-8.021561,-4.9124146,9.406235,35.61818,7.5527134,2.1451578,-0.14200000000000002,-0.064,0.1557562197795003,6,2.597710126666667,Medium
27.5,-138.25,-7.9219513,-5.0510864,9.395253,35.61818,7.5527134,2.1451578,-0.096,-0.061,0.11374093370462544,6,2.5726749233333335,Medium
27.5,-138.0,-7.8115997,-5.1575317,9.3606205,32.84474,7.600321,2.1432047,-0.045,-0.08,0.0917877987534291,6,2.792052690000001,Medium
27.5,-137.75,-7.7364044,-5.2385864,9.343165,32.84474,7.600321,2.1432047,0.002,-0.046,0.04604345773288535,6,2.8959346233333347,Medium
27.5,-137.5,-7.617264,-5.3479614,9.307169,30.21193,7.642557,2.1429605,0.034,0.032,0.04669047011971501,6,2.8718378899999997,Medium
27.5,-137.25,-7.4795685,-5.4553833,9.257708,30.21193,7.642557,2.1429605,0.05,0.07200000000000001,0.08765842800324451,6,2.4331654699999996,Medium
27.5,-137.0,-7.355545,-5.5862427,9.236349,27.477554,7.683817,2.1400309,0.068,0.027,0.07316419889536138,6,2.4916887499999993,Medium
27.5,-136.75,-7.256912,-5.687805,9.220299,27.477554,7.683817,2.1400309,0.084,-0.056,0.1009554357129917,6,2.5798820700000022,Medium
27.5,-136.5,-7.1690216,-5.7874146,9.213525,24.977554,7.7126255,2.1363688,0.08,-0.111,0.13682470537150812,6,2.731737326666668,Medium
27.5,-136.25,-7.065506,-5.8547974,9.176057,24.977554,7.7126255,2.1363688,0.036000000000000004,-0.127,0.13200378782444086,6,2.7865470066666673,Medium
27.5,-136.0,-6.9239044,-5.904602,9.099713,22.571304,7.739725,2.1292887,-0.033,-0.127,0.1312173768980313,6,2.55928319,Medium
27.5,-135.75,-6.7334747,-5.9837036,9.0080185,22.571304,7.739725,2.1292887,-0.08600000000000001,-0.12,0.14763468427168464,6,2.452545016666667,Medium
27.5,-135.5,-6.5840607,-6.069641,8.954909,20.079117,7.772928,2.1156168,-0.096,-0.085,0.12822246293064254,6,2.320244226666667,Medium
27.5,-135.25,-6.4532013,-6.1799927,8.935106,20.079117,7.772928,2.1156168,-0.081,-0.002,0.0810246875958186,6,2.198589326666665,Medium
27.5,-135.0,-6.303787,-6.312805,8.92128,17.563492,7.8012486,2.0997477,-0.068,0.11800000000000001,0.13619104228986575,6,2.452402013333331,Medium
27.5,-134.75,-6.1826935,-6.435852,8.924455,17.563492,7.8012486,2.0997477,-0.073,0.217,0.22894977615188883,6,2.4944870733333318,Medium
27.5,-134.5,-6.0371857,-6.534485,8.896465,15.000993,7.8324986,2.0787516,-0.092,0.224,0.24215697388264498,6,3.4094018533333332,Medium
27.5,-134.25,-5.8946075,-6.6223755,8.865791,15.000993,7.8324986,2.0787516,-0.121,0.116,0.16762159765376297,6,3.7575419066666647,Medium
27.5,-134.0,-5.7344513,-6.6917114,8.812657,12.688493,7.8566685,2.0579996,-0.154,-0.04,0.15911002482559042,6,1.914918569999999,Medium
27.5,-133.75,-5.598709,-6.755188,8.773717,12.688493,7.8566685,2.0579996,-0.187,-0.148,0.2384806071780261,6,2.1617231566666684,Medium
27.5,-133.5,-5.4707794,-6.8030396,8.729878,10.696305,7.866434,2.039689,-0.21,-0.17500000000000002,0.2733587386567329,6,1.9886311333333317,Medium
27.5,-133.25,-5.3408966,-6.8674927,8.699864,10.696305,7.866434,2.039689,-0.217,-0.161,0.27020362691866295,6,1.9709284533333309,Medium
27.5,-133.0,-5.226639,-6.933899,8.683127,8.758805,7.869364,2.0211344,-0.211,-0.15,0.25888414397177745,6,1.840905346666665,Medium
27.5,-132.75,-5.1133575,-7.009094,8.676049,8.758805,7.869364,2.0211344,-0.195,-0.139,0.23947024867402633,6,1.9220471099999978,Medium
27.5,-132.5,-4.958084,-7.085266,8.647751,7.016618,7.8657017,2.003312,-0.176,-0.117,0.2113409567499873,6,1.9040760833333308,Medium
27.5,-132.25,-4.751053,-7.103821,8.546156,7.016618,7.8657017,2.003312,-0.161,-0.089,0.1839619525880284,6,1.981952366666665,Medium
27.5,-132.0,-4.556717,-7.123352,8.456111,5.438493,7.8552036,1.9889078,-0.16,-0.07200000000000001,0.1754536975956905,6,2.1698351666666658,Medium
27.5,-131.75,-4.331131,-7.1087036,8.3242035,5.438493,7.8552036,1.9889078,-0.163,-0.059000000000000004,0.17334935823359718,6,2.160249913333333,Medium
27.5,-131.5,-4.163162,-7.094055,8.22542,3.8291178,7.852762,1.9764566,-0.152,-0.036000000000000004,0.15620499351813308,6,2.6880407999999996,Medium
27.5,-131.25,-3.9844513,-7.092102,8.134726,3.8291178,7.852762,1.9764566,-0.116,-0.007,0.11621101496846158,6,2.5296114366666664,Medium
27.5,-131.0,-3.8145294,-7.0774536,8.039962,2.0556803,7.8564243,1.963273,-0.062,0.001,0.06200806399170998,6,2.7473734399999987,Medium
27.5,-130.75,-3.6016388,-7.0598755,7.925506,2.0556803,7.8564243,1.963273,-0.012,-0.025,0.027730849247724097,6,3.6290482099999934,Medium
27.5,-130.5,-3.3740997,-7.067688,7.831779,0.27443027,7.86619,1.9491129,0.01,-0.066,0.06675327707311456,6,2.54518941,Medium
27.5,-130.25,-3.174881,-7.065735,7.746256,0.27443027,7.86619,1.9491129,0.003,-0.099,0.09904544411531507,6,2.6035347066666668,Medium
27.75,-156.25,-6.610428,2.992859,7.256374,124.52443,7.5095005,1.8355875,0.019,0.229,0.22978685776170926,6,0.6694551266666663,Low
27.75,-156.0,-6.7989044,2.8219604,7.361288,122.37599,7.353739,1.8333902,0.017,0.294,0.2944910864525444,6,0.6888892833333325,Low
27.75,-155.75,-6.9463654,2.5719604,7.4072247,122.37599,7.353739,1.8333902,0.021,0.245,0.24589835298350413,6,0.6637686466666666,Low
27.75,-155.5,-7.0440216,2.2936401,7.4080377,119.946304,7.2436314,1.8189859,0.02,0.124,0.12560254774486065,6,0.7176470533333327,Low
27.75,-155.25,-7.134842,2.0621948,7.4268847,119.946304,7.2436314,1.8189859,0.011,0.041,0.04244997055358225,6,0.8139735566666665,Low
27.75,-155.0,-7.3096466,1.8395386,7.537562,117.52443,7.1694126,1.8031168,0.004,0.089,0.08908984229416954,6,0.759118169999999,Low
27.75,-154.75,-7.547928,1.5924683,7.714089,117.52443,7.1694126,1.8031168,0.001,0.246,0.24600203251192865,6,0.6516964666666663,Low
27.75,-154.5,-7.6240997,1.298523,7.73389,115.61818,7.150614,1.7894449,-0.001,0.397,0.3970012594438461,6,0.6900422133333319,Low
27.75,-154.25,-7.5157013,1.001648,7.5821548,115.61818,7.150614,1.7894449,0.003,0.436,0.43601032097875847,6,0.6896302366666649,Low
27.75,-154.0,-7.326248,0.86102295,7.376671,115.196304,7.2370396,1.768693,0.027,0.359,0.3600138886209808,6,0.6330685033333324,Low
27.75,-153.75,-7.2051544,0.79364014,7.2487316,115.196304,7.2370396,1.768693,0.07200000000000001,0.234,0.244826469157238,6,0.7634633866666657,Low
27.75,-153.5,-7.251053,0.7536011,7.290108,115.96974,7.3705845,1.7552652,0.125,0.117,0.17121331723905123,6,0.9104622566666656,Low
27.75,-153.25,-7.444412,0.71551514,7.4787188,115.96974,7.3705845,1.7552652,0.165,0.018000000000000002,0.16597891432347667,6,0.877337006666666,Low
27.75,-153.0,-7.6426544,0.62664795,7.668302,116.58693,7.4848423,1.7567301,0.181,-0.064,0.19198176996788002,6,0.8004762233333323,Low
27.75,-152.75,-7.8653107,0.5553589,7.884893,116.58693,7.4848423,1.7567301,0.179,-0.12,0.21550174013218545,6,0.8017894433333326,Low
27.75,-152.5,-8.045975,0.4352417,8.057738,116.508804,7.563944,1.7716227,0.176,-0.132,0.22,6,0.8497152799999993,Low
27.75,-152.25,-8.224686,0.26531982,8.228964,116.508804,7.563944,1.7716227,0.185,-0.076,0.2000024999843752,6,0.789786829999999,Low
27.75,-152.0,-8.391678,0.0602417,8.391894,115.92287,7.616678,1.7938395,0.203,0.038,0.20652602741543258,6,0.9055257833333324,Low
27.75,-151.75,-8.5616,-0.1428833,8.562792,115.92287,7.616678,1.7938395,0.20800000000000002,0.17500000000000002,0.2718253115513712,6,0.918157509999999,Low
27.75,-151.5,-8.734451,-0.33135986,8.740735,115.290054,7.6606236,1.8177652,0.189,0.261,0.3222452482194268,6,0.8966794133333322,Low
27.75,-151.25,-8.860428,-0.458313,8.872273,115.290054,7.6606236,1.8177652,0.151,0.242,0.28524550829066525,6,0.9357008533333321,Low
27.75,-151.0,-8.809647,-0.598938,8.829983,115.11818,7.721903,1.8360758,0.116,0.134,0.1772343081911626,6,0.9715532999999984,Low
27.75,-150.75,-8.733475,-0.7190552,8.763026,115.11818,7.721903,1.8360758,0.094,0.02,0.0961041102138717,6,1.0147340099999986,Medium
27.75,-150.5,-8.631912,-0.786438,8.667664,116.40724,7.833231,1.839982,0.074,-0.025,0.07810889834071402,6,0.9766275333333326,Low
27.75,-150.25,-8.4951935,-0.7815552,8.53107,116.40724,7.833231,1.839982,0.041,0.0,0.041,6,1.0897288466666661,Medium
27.75,-150.0,-8.361404,-0.7786255,8.397579,118.50099,7.9523716,1.8316813,-0.011,0.043000000000000003,0.044384682042344296,6,1.2132578899999984,Medium
27.75,-149.75,-8.318436,-0.69073486,8.347064,118.50099,7.9523716,1.8316813,-0.067,0.063,0.09196738552334735,6,1.1368116066666645,Medium
27.75,-149.5,-8.275467,-0.54034424,8.293089,119.89162,8.0268345,1.8304605,-0.099,0.063,0.11734564329364768,6,1.068368259999999,Medium
27.75,-149.25,-8.344803,-0.39874268,8.354324,119.89162,8.0268345,1.8304605,-0.08,0.07,0.1063014581273465,6,1.1063493166666654,Medium
27.75,-149.0,-8.456131,-0.27471924,8.460592,119.81349,8.044413,1.8346109,-0.012,0.108,0.108664621657649,6,1.1941824599999982,Medium
27.75,-148.75,-8.528397,-0.17510986,8.530194,119.81349,8.044413,1.8346109,0.074,0.17200000000000001,0.18724315741836872,6,1.3283125366666648,Medium
27.75,-148.5,-8.410233,-0.18682861,8.412308,117.54787,7.980448,1.8497477,0.14200000000000002,0.219,0.26100766272276377,6,1.4030790599999978,Medium
27.75,-148.25,-8.1983185,-0.3040161,8.203953,117.54787,7.980448,1.8497477,0.169,0.218,0.27583509566405795,6,1.395962413333331,Medium
27.75,-148.0,-8.063553,-0.42608643,8.074802,115.99318,7.972147,1.8512125,0.159,0.17300000000000001,0.23496808293893878,6,1.4227236033333313,Medium
27.75,-147.75,-7.961014,-0.5901489,7.982857,115.99318,7.972147,1.8512125,0.121,0.12,0.17041420128616042,6,1.4209552733333317,Medium
27.75,-147.5,-7.8750763,-0.7991333,7.915519,114.34474,8.000711,1.8404703,0.065,0.076,0.10000499987500625,6,1.4150688066666655,Medium
27.75,-147.25,-7.8809357,-1.0432739,7.94969,114.34474,8.000711,1.8404703,-0.011,0.038,0.03956008088970497,6,1.4440640733333325,Medium
27.75,-147.0,-7.9551544,-1.3303833,8.065631,110.446304,8.006083,1.8353434,-0.093,-0.001,0.09300537618869137,6,1.265926016666665,Medium
27.75,-146.75,-7.969803,-1.592102,8.127272,110.446304,8.006083,1.8353434,-0.166,-0.027,0.16818144963104584,6,1.2750761633333312,Medium
27.75,-146.5,-7.909256,-1.7005005,8.089996,102.83693,7.923807,1.8543863,-0.216,-0.028,0.2178072542409917,6,1.300817269999998,Medium
27.75,-146.25,-7.862381,-1.7463989,8.054002,102.83693,7.923807,1.8543863,-0.23900000000000002,-0.009000000000000001,0.2391693960355296,6,1.319571916666665,Medium
27.75,-146.0,-7.810623,-1.7737427,8.009494,94.64943,7.819071,1.8836832,-0.248,0.018000000000000002,0.24865236777477104,6,1.392282619999998,Medium
27.75,-145.75,-7.7783966,-1.8030396,7.9846354,94.64943,7.819071,1.8836832,-0.261,0.054,0.26652767210929523,6,1.443166499999998,Medium
27.75,-145.5,-7.80867,-1.8508911,8.025031,87.95412,7.746561,1.9034586,-0.278,0.107,0.2978808486626826,6,1.5506035866666659,Medium
27.75,-145.25,-7.909256,-1.967102,8.150204,87.95412,7.746561,1.9034586,-0.293,0.17400000000000002,0.34077118422777475,6,1.6512080866666659,Medium
27.75,-145.0,-8.056717,-2.154602,8.339844,81.86818,7.6796665,1.9203043,-0.28500000000000003,0.214,0.3564000561167184,6,1.631775226666666,Medium
27.75,-144.75,-8.220779,-2.366516,8.5546255,81.86818,7.6796665,1.9203043,-0.251,0.182,0.3100403199585499,6,1.5899602433333326,Medium
27.75,-144.5,-8.310623,-2.5022583,8.679156,75.67287,7.5680943,1.9554605,-0.20800000000000002,0.081,0.22321514285549718,6,1.672220319999999,Medium
27.75,-144.25,-8.320389,-2.5354614,8.698128,75.67287,7.5680943,1.9554605,-0.182,-0.014,0.18253766734567417,6,1.741463829999999,Medium
27.75,-144.0,-8.30574,-2.4817505,8.668588,70.45412,7.465555,1.9954996,-0.168,-0.027,0.1701558109498468,6,2.3439607199999997,Medium
27.75,-143.75,-8.395584,-2.4622192,8.749191,70.45412,7.465555,1.9954996,-0.132,0.027,0.13473306943731372,6,2.1805675433333316,Medium
27.75,-143.5,-8.486404,-2.4749146,8.839924,66.53224,7.4142857,2.0194254,-0.052000000000000005,0.067,0.08481155581640984,6,2.5867935799999975,Medium
27.75,-143.25,-8.581131,-2.5237427,8.944556,66.53224,7.4142857,2.0194254,0.049,0.038,0.06200806399170999,6,2.4767049083333315,Medium
27.75,-143.0,-8.650467,-2.600891,9.033007,63.14943,7.3915806,2.0333414,0.117,-0.04,0.12364869590901476,6,2.5070547499999973,Medium
27.75,-142.75,-8.685623,-2.6985474,9.095175,63.14943,7.3915806,2.0333414,0.11800000000000001,-0.114,0.16407315441594947,6,2.516568533333331,Medium
27.75,-142.5,-8.77449,-2.8235474,9.217598,59.954117,7.3859653,2.0467691,0.057,-0.152,0.1623360711610331,6,2.6351212399999984,Medium
27.75,-142.25,-8.836014,-3.0130005,9.335594,59.954117,7.3859653,2.0467691,-0.03,-0.146,0.14905032707109367,6,2.8114126333333327,Medium
27.75,-142.0,-8.8545685,-3.2044067,9.41656,56.90724,7.3935337,2.0641031,-0.105,-0.094,0.14092906016858267,6,2.722416946666666,Medium
27.75,-141.75,-8.911209,-3.3928833,9.535266,56.90724,7.3935337,2.0641031,-0.153,-0.008,0.15320900756809308,6,2.6967597299999984,Medium
27.75,-141.5,-8.944412,-3.560852,9.627158,53.954117,7.388651,2.0885172,-0.167,0.065,0.17920379460268135,6,2.969275116666667,Medium
27.75,-141.25,-8.9326935,-3.7073364,9.671472,53.954117,7.388651,2.0885172,-0.155,0.091,0.1797386992275175,6,2.772086516666667,Medium
27.75,-141.0,-8.894608,-3.8284302,9.683538,50.75099,7.400858,2.1046305,-0.13,0.08,0.15264337522473748,6,2.618068073333333,Medium
27.75,-140.75,-8.859451,-3.9485474,9.699531,50.75099,7.400858,2.1046305,-0.10300000000000001,0.079,0.1298075498574717,6,2.5438633,Medium
27.75,-140.5,-8.840897,-4.102844,9.746527,47.62599,7.420389,2.1170816,-0.073,0.12,0.14045995870709915,6,2.6414944033333327,Medium
27.75,-140.25,-8.803787,-4.2141724,9.760426,47.62599,7.420389,2.1170816,-0.036000000000000004,0.187,0.19043371550227128,6,2.8139355866666667,Medium
27.75,-140.0,-8.7139435,-4.281555,9.708992,44.641617,7.4386997,2.1307535,0.005,0.223,0.2230560467685196,6,2.7589217233333327,Medium
27.75,-139.75,-8.574295,-4.340149,9.610173,44.641617,7.4386997,2.1307535,0.035,0.167,0.1706282508847817,6,2.629641056666666,Medium
27.75,-139.5,-8.409256,-4.402649,9.492044,41.55568,7.4709263,2.1395426,0.028,0.025,0.03753664875824692,6,2.929132599999997,Medium
27.75,-139.25,-8.30867,-4.496399,9.447307,41.55568,7.4709263,2.1395426,-0.019,-0.11900000000000001,0.12050726119201283,6,2.7240329899999995,Medium
27.75,-139.0,-8.208084,-4.6731567,9.445159,38.46193,7.511942,2.143937,-0.076,-0.177,0.19262658175859323,6,2.869166636666667,Medium
27.75,-138.75,-8.107498,-4.857727,9.451405,38.46193,7.511942,2.143937,-0.116,-0.14100000000000001,0.18258422713914804,6,2.7566366899999992,Medium
27.75,-138.5,-8.023514,-5.027649,9.468581,35.61818,7.5527134,2.1451578,-0.123,-0.098,0.15726728839781018,6,2.6205164066666664,Medium
27.75,-138.25,-7.916092,-5.170227,9.454933,35.61818,7.5527134,2.1451578,-0.106,-0.108,0.15132745950421556,6,2.6526533666666663,Medium
27.75,-138.0,-7.7920685,-5.2649536,9.404045,32.84474,7.600321,2.1432047,-0.078,-0.131,0.15246311029229334,6,2.7888432200000004,Medium
27.75,-137.75,-7.699295,-5.382141,9.393966,32.84474,7.600321,2.1432047,-0.05,-0.09,0.10295630140987,6,2.6914993866666674,Medium
27.75,-137.5,-7.5869904,-5.513977,9.379039,30.21193,7.642557,2.1429605,-0.025,-0.003,0.025179356624028346,6,3.527797693333328,Medium
27.75,-137.25,-7.4502716,-5.64093,9.344872,30.21193,7.642557,2.1429605,0.005,0.039,0.039319206502675,6,2.9401636033333323,Medium
27.75,-137.0,-7.3164825,-5.774719,9.320852,27.477554,7.683817,2.1400309,0.036000000000000004,-0.001,0.036013886210738214,6,3.0586924366666652,Medium
27.75,-136.75,-7.239334,-5.9143677,9.348139,27.477554,7.683817,2.1400309,0.048,-0.058,0.07528612089887485,6,2.699943866666668,Medium
27.75,-136.5,-7.148514,-6.041321,9.359424,24.977554,7.7126255,2.1363688,0.016,-0.062,0.06403124237432849,6,2.773683950000002,Medium
27.75,-136.25,-7.0420685,-6.1643677,9.358961,24.977554,7.7126255,2.1363688,-0.063,-0.034,0.07158910531638177,6,2.6894679866666675,Medium
27.75,-136.0,-6.8809357,-6.2766724,9.31364,22.571304,7.739725,2.1292887,-0.157,-0.035,0.1608539710420604,6,2.6460627166666666,Medium
27.75,-135.75,-6.659256,-6.338196,9.19339,22.571304,7.739725,2.1292887,-0.217,-0.074,0.2292705825002414,6,2.8475030199999996,Medium
27.75,-135.5,-6.4678497,-6.404602,9.102307,20.079117,7.772928,2.1156168,-0.219,-0.093,0.2379285607067802,6,2.498713946666667,Medium
27.75,-135.25,-6.351639,-6.520813,9.102984,20.079117,7.772928,2.1156168,-0.179,-0.035,0.18238969269122637,6,2.4771801999999994,Medium
27.75,-135.0,-6.244217,-6.61261,9.094881,17.563492,7.8012486,2.0997477,-0.12,0.085,0.14705441169852743,6,2.428328186666665,Medium
27.75,-134.75,-6.098709,-6.7005005,9.060406,17.563492,7.8012486,2.0997477,-0.067,0.2,0.21092415698539607,6,2.546972073333332,Medium
27.75,-134.5,-5.9522247,-6.7981567,9.035702,15.000993,7.8324986,2.0787516,-0.035,0.23,0.23264780248263683,6,3.59368899,Medium
27.75,-134.25,-5.7901154,-6.8655396,8.981151,15.000993,7.8324986,2.0787516,-0.034,0.147,0.15088074761214565,6,4.174014046666667,Medium
27.75,-134.0,-5.612381,-6.937805,8.923674,12.688493,7.8566685,2.0579996,-0.068,0.008,0.06846897107449476,6,1.8979540199999994,Medium
27.75,-133.75,-5.4502716,-7.022766,8.889584,12.688493,7.8566685,2.0579996,-0.114,-0.106,0.15566630977832038,6,1.8424742499999986,Medium
27.75,-133.5,-5.3115997,-7.098938,8.866116,10.696305,7.866434,2.039689,-0.14400000000000002,-0.158,0.2137755832643195,6,1.8875353833333315,Medium
27.75,-133.25,-5.216873,-7.1829224,8.877507,10.696305,7.866434,2.039689,-0.145,-0.17,0.2234390297150433,6,1.9426507633333316,Medium
27.75,-133.0,-5.1563263,-7.2717896,8.914405,8.758805,7.869364,2.0211344,-0.124,-0.17200000000000001,0.21203773249117716,6,1.843189763333332,Medium
27.75,-132.75,-5.041092,-7.3342896,8.899686,8.758805,7.869364,2.0211344,-0.101,-0.162,0.19090573590125573,6,1.872327903333332,Medium
27.75,-132.5,-4.864334,-7.357727,8.820312,7.016618,7.8657017,2.003312,-0.084,-0.133,0.15730543537970965,6,1.9834447933333328,Medium
27.75,-132.25,-4.638748,-7.3391724,8.682248,7.016618,7.8657017,2.003312,-0.079,-0.09,0.11975391434103522,6,1.8423242800000006,Medium
27.75,-132.0,-4.373123,-7.335266,8.539926,5.438493,7.8552036,1.9889078,-0.092,-0.058,0.10875660899458019,6,1.99301066,Medium
27.75,-131.75,-4.1114044,-7.288391,8.368052,5.438493,7.8552036,1.9889078,-0.11800000000000001,-0.045,0.12628935030318272,6,2.081348643333332,Medium
27.75,-131.5,-3.9483185,-7.26593,8.2694,3.8291178,7.852762,1.9764566,-0.14400000000000002,-0.046,0.15116877984557528,6,2.7116529366666655,Medium
27.75,-131.25,-3.7901154,-7.2385864,8.170808,3.8291178,7.852762,1.9764566,-0.145,-0.053,0.1543826415112787,6,2.673870383333332,Medium
27.75,-131.0,-3.619217,-7.2161255,8.072868,2.0556803,7.8564243,1.963273,-0.115,-0.062,0.13064838307457158,6,2.5850145333333314,Medium
27.75,-130.75,-3.4512482,-7.2161255,7.998974,2.0556803,7.8564243,1.963273,-0.07200000000000001,-0.07200000000000001,0.10182337649086286,6,2.684963836666666,Medium
27.75,-130.5,-3.2412872,-7.228821,7.922234,0.27443027,7.86619,1.9491129,-0.048,-0.075,0.08904493247793498,6,2.6306396733333335,Medium
27.75,-130.25,-3.0440216,-7.230774,7.845391,0.27443027,7.86619,1.9491129,-0.056,-0.073,0.09200543462209175,6,2.6191648933333327,Medium
28.0,-156.25,-6.460037,2.994812,7.120462,128.59474,7.589823,1.791398,-0.075,0.219,0.23148650068632512,6,0.6173852299999997,Low
28.0,-156.0,-6.6651154,2.784851,7.223514,125.89943,7.430887,1.7918863,-0.039,0.25,0.25302371430362014,6,0.6691254299999996,Low
28.0,-155.75,-6.826248,2.494812,7.2678576,125.89943,7.430887,1.7918863,0.012,0.203,0.20335437049643168,6,0.6647390366666663,Low
28.0,-155.5,-6.9219513,2.2057495,7.264898,123.133804,7.3129673,1.7821207,0.034,0.115,0.1199208072020865,6,0.7068078966666659,Low
28.0,-155.25,-7.036209,1.932312,7.296716,123.133804,7.3129673,1.7821207,0.007,0.064,0.0643816744112795,6,0.7569384466666663,Low
28.0,-155.0,-7.24617,1.7086792,7.444902,120.34474,7.214823,1.7740641,-0.051000000000000004,0.11900000000000001,0.12946814279968646,6,0.7084246999999997,Low
28.0,-154.75,-7.544998,1.4586792,7.6847086,120.34474,7.214823,1.7740641,-0.099,0.261,0.2791451235468748,6,0.5643227366666662,Low
28.0,-154.5,-7.579178,1.2272339,7.6778927,118.14162,7.177225,1.7645426,-0.105,0.381,0.3952037449215278,6,0.5757918533333329,Low
28.0,-154.25,-7.4619904,1.0436401,7.5346193,118.14162,7.177225,1.7645426,-0.055,0.385,0.38890872965260115,6,0.6525982299999992,Low
28.0,-154.0,-7.3164825,0.94403076,7.3771343,117.165054,7.228983,1.7506266,0.031,0.28600000000000003,0.28767516403054333,6,0.6379424199999991,Low
28.0,-153.75,-7.2032013,0.90008545,7.259219,117.165054,7.228983,1.7506266,0.113,0.165,0.19998499943745782,6,0.826943893333332,Low
28.0,-153.5,-7.4190216,0.8522339,7.4678097,115.82912,7.2612095,1.7630777,0.16,0.075,0.17670597047072292,6,0.9023770299999988,Low
28.0,-153.25,-7.846756,0.8151245,7.88898,115.82912,7.2612095,1.7630777,0.161,0.013000000000000001,0.1615239920259526,6,0.8664036333333324,Low
28.0,-153.0,-8.204178,0.7106323,8.234897,113.96974,7.254862,1.8009195,0.127,-0.04,0.13315029102484155,6,0.8235296466666652,Low
28.0,-152.75,-8.419998,0.5465698,8.437719,113.96974,7.254862,1.8009195,0.077,-0.08700000000000001,0.1161808934377766,6,0.8070977266666657,Low
28.0,-152.5,-8.639725,0.39715576,8.648849,112.665054,7.2807407,1.8321695,0.028,-0.11,0.1135077089893017,6,0.6926208533333328,Low
28.0,-152.25,-8.8076935,0.22528076,8.810574,112.665054,7.2807407,1.8321695,-0.005,-0.074,0.07416872656315462,6,0.7307828933333327,Low
28.0,-152.0,-8.847733,0.07879639,8.8480835,112.36037,7.3442173,1.848527,-0.016,0.029,0.03312099032335839,6,1.0583655099999998,Medium
28.0,-151.75,-8.898514,-0.09112549,8.89898,112.36037,7.3442173,1.848527,-0.011,0.17400000000000002,0.17434735443934904,6,0.7424457699999983,Low
28.0,-151.5,-8.90242,-0.21905518,8.905115,112.86037,7.4369907,1.8529215,-0.002,0.277,0.2770072201225088,6,0.733510139999998,Low
28.0,-151.25,-8.962967,-0.28546143,8.967512,112.86037,7.4369907,1.8529215,0.001,0.27,0.27000185184550124,6,0.7668205166666645,Low
28.0,-151.0,-8.769608,-0.37921143,8.777802,114.20412,7.569315,1.8460855,-0.01,0.169,0.16929559947027567,6,0.8026312999999979,Low
28.0,-150.75,-8.609451,-0.4758911,8.622594,114.20412,7.569315,1.8460855,-0.035,0.057,0.06688796603276258,6,0.8587466199999989,Low
28.0,-150.5,-8.4483185,-0.56866455,8.467436,116.633804,7.7436314,1.8287516,-0.074,0.017,0.07592759709091286,6,0.7894395066666657,Low
28.0,-150.25,-8.267654,-0.6253052,8.291267,116.633804,7.7436314,1.8287516,-0.116,0.05,0.12631706139710502,6,0.8765288099999983,Low
28.0,-150.0,-8.076248,-0.62335205,8.100268,118.65724,7.8771763,1.8177652,-0.15,0.094,0.1770197729068705,6,0.9053634866666649,Low
28.0,-149.75,-8.078201,-0.54815674,8.096778,118.65724,7.8771763,1.8177652,-0.167,0.098,0.19363109254456012,6,0.9561426199999981,Low
28.0,-149.5,-8.150467,-0.54229736,8.1684885,119.821304,7.94993,1.8187418,-0.169,0.063,0.18036074961032958,6,1.068671223333331,Medium
28.0,-149.25,-8.247147,-0.50323486,8.2624855,119.821304,7.94993,1.8187418,-0.156,0.029,0.15867261893597143,6,1.0260135099999976,Medium
28.0,-149.0,-8.355545,-0.46905518,8.368701,120.53224,7.987772,1.822648,-0.127,0.037,0.13228000604777732,6,1.1572402599999982,Medium
28.0,-148.75,-8.388748,-0.37823486,8.39727,120.53224,7.987772,1.822648,-0.088,0.098,0.13171180660821566,6,1.2284168799999984,Medium
28.0,-148.5,-8.271561,-0.30010986,8.277003,119.71974,7.966776,1.8297281,-0.056,0.17200000000000001,0.18088670487352024,6,1.2634114933333316,Medium
28.0,-148.25,-8.218826,-0.3508911,8.226313,119.71974,7.966776,1.8297281,-0.038,0.202,0.20554318281081474,6,1.1985426933333314,Medium
28.0,-148.0,-8.159256,-0.48468018,8.173639,117.56349,7.938944,1.8387613,-0.034,0.186,0.18908199279677587,6,1.1846665799999976,Medium
28.0,-147.75,-8.108475,-0.70440674,8.139014,117.56349,7.938944,1.8387613,-0.04,0.152,0.157175061635108,6,1.193618766666665,Medium
28.0,-147.5,-7.985428,-0.99346924,8.046989,114.040054,7.9369907,1.8429117,-0.06,0.126,0.1395564401953561,6,1.2050245466666656,Medium
28.0,-147.25,-7.9639435,-1.3196411,8.072536,114.040054,7.9369907,1.8429117,-0.091,0.101,0.1359485196682921,6,1.1557483299999982,Medium
28.0,-147.0,-7.913162,-1.5462036,8.062808,108.70412,7.9123325,1.8490152,-0.126,0.065,0.14177799547179387,6,1.1828600533333316,Medium
28.0,-146.75,-7.87117,-1.7102661,8.054832,108.70412,7.9123325,1.8490152,-0.16,0.027,0.1622621335986927,6,1.1899176899999981,Medium
28.0,-146.5,-7.8125763,-1.7766724,8.012048,102.11037,7.8737583,1.8602457,-0.191,0.007,0.191128229207514,6,1.2290159199999982,Medium
28.0,-146.25,-7.766678,-1.7669067,7.965127,102.11037,7.8737583,1.8602457,-0.221,0.014,0.22144299492194375,6,1.2464397599999983,Medium
28.0,-146.0,-7.7178497,-1.755188,7.9149156,96.133804,7.837137,1.8690348,-0.254,0.038,0.2568267898798722,6,1.3582867766666653,Medium
28.0,-145.75,-7.7432404,-1.7913208,7.947742,96.133804,7.837137,1.8690348,-0.281,0.069,0.2893475418938271,6,1.4192115133333316,Medium
28.0,-145.5,-7.8145294,-1.8635864,8.0336685,89.58693,7.776346,1.8819742,-0.289,0.109,0.3088721418321827,6,1.535969559999999,Medium
28.0,-145.25,-7.9395294,-2.0237427,8.193391,89.58693,7.776346,1.8819742,-0.267,0.149,0.30576134484267303,6,1.632889159999999,Medium
28.0,-145.0,-8.082108,-2.2424927,8.387445,82.12599,7.676981,1.9083414,-0.212,0.16,0.2656012048165445,6,1.5633075433333325,Medium
28.0,-144.75,-8.227615,-2.4846802,8.594608,82.12599,7.676981,1.9083414,-0.148,0.11800000000000001,0.18928285712129347,6,1.4296019533333324,Medium
28.0,-144.5,-8.24324,-2.5491333,8.628388,75.46974,7.569071,1.9437418,-0.097,0.036000000000000004,0.10346496991735898,6,1.5801584933333332,Medium
28.0,-144.25,-8.261795,-2.5315552,8.640951,75.46974,7.569071,1.9437418,-0.07200000000000001,-0.035,0.08005623023850175,6,1.6548605199999993,Medium
28.0,-144.0,-8.329178,-2.482727,8.691325,70.71974,7.499735,1.9725504,-0.055,-0.056,0.07849203781276162,6,2.237309343333332,Medium
28.0,-143.75,-8.43367,-2.4749146,8.789311,70.71974,7.499735,1.9725504,-0.019,-0.043000000000000003,0.047010637094172636,6,2.3454046066666647,Medium
28.0,-143.5,-8.516678,-2.5100708,8.878865,66.95412,7.448221,1.9967203,0.044,-0.037,0.05748912940721924,6,2.4357543966666646,Medium
28.0,-143.25,-8.623123,-2.592102,9.004291,66.95412,7.448221,1.9967203,0.108,-0.051000000000000004,0.1194361754243663,6,2.4676199566666646,Medium
28.0,-143.0,-8.699295,-2.685852,9.104479,63.49318,7.407694,2.0199137,0.136,-0.064,0.1503063538244475,6,2.456848786666665,Medium
28.0,-142.75,-8.7608185,-2.8206177,9.203686,63.49318,7.407694,2.0199137,0.107,-0.061,0.12316655390161729,6,2.619783936666665,Medium
28.0,-142.5,-8.7451935,-3.020813,9.252228,60.196304,7.392313,2.0418863,0.027,-0.049,0.05594640292279746,6,2.567910713333332,Medium
28.0,-142.25,-8.803787,-3.2288208,9.377204,60.196304,7.392313,2.0418863,-0.075,-0.037,0.08363013810822029,6,2.7113019833333323,Medium
28.0,-142.0,-8.887772,-3.3674927,9.50434,57.040054,7.3910923,2.0616617,-0.159,-0.018000000000000002,0.16001562423713506,6,2.6988665966666647,Medium
28.0,-141.75,-8.971756,-3.491516,9.627206,57.040054,7.3910923,2.0616617,-0.198,0.016,0.19864541273334252,6,2.911906153333333,Medium
28.0,-141.5,-8.978592,-3.6106567,9.677394,53.508804,7.4174595,2.0714273,-0.184,0.047,0.18990787240133042,6,3.0313994966666673,Medium
28.0,-141.25,-8.916092,-3.7297974,9.664785,53.508804,7.4174595,2.0714273,-0.145,0.056,0.15543809056984711,6,2.6932375333333325,Medium
28.0,-141.0,-8.812576,-3.8772583,9.627805,49.80568,7.4626255,2.0750895,-0.112,0.049,0.12224974437601087,6,2.568278566666667,Medium
28.0,-140.75,-8.74617,-4.0169067,9.624501,49.80568,7.4626255,2.0750895,-0.08700000000000001,0.048,0.09936297097007517,6,2.5401793533333343,Medium
28.0,-140.5,-8.709061,-4.145813,9.645492,46.797867,7.477274,2.091691,-0.056,0.073,0.09200543462209175,6,2.6309777266666665,Medium
28.0,-140.25,-8.633865,-4.241516,9.619464,46.797867,7.477274,2.091691,0.002,0.116,0.11601724009818541,6,2.5469688133333324,Medium
28.0,-140.0,-8.519608,-4.2649536,9.527514,43.954117,7.482645,2.1136637,0.079,0.149,0.1686475615003075,6,2.624303543333333,Medium
28.0,-139.75,-8.3701935,-4.324524,9.42134,43.954117,7.482645,2.1136637,0.139,0.134,0.19307252523339513,6,2.738877389999998,Medium
28.0,-139.5,-8.322342,-4.480774,9.451916,40.977554,7.501444,2.129777,0.14100000000000001,0.061,0.15362942426501508,6,2.639631926666665,Medium
28.0,-139.25,-8.27449,-4.6692505,9.501005,40.977554,7.501444,2.129777,0.077,-0.034,0.08417244204607587,6,2.5860243799999996,Medium
28.0,-139.0,-8.205154,-4.871399,9.542279,37.87599,7.5307407,2.1395426,-0.012,-0.093,0.0937709976485267,6,2.683183096666666,Medium
28.0,-138.75,-8.110428,-5.074524,9.567122,37.87599,7.5307407,2.1395426,-0.083,-0.096,0.12690547663517127,6,2.6157113700000005,Medium
28.0,-138.5,-8.044998,-5.23761,9.599716,34.61818,7.579813,2.1390543,-0.115,-0.094,0.14852945835759315,6,2.6440627333333335,Medium
28.0,-138.25,-7.895584,-5.375305,9.551657,34.61818,7.579813,2.1390543,-0.126,-0.121,0.17469115604403104,6,2.7534186166666657,Medium
28.0,-138.0,-7.7627716,-5.510071,9.519533,31.516617,7.637186,2.1353922,-0.133,-0.14400000000000002,0.1960229578391266,6,2.780522496666667,Medium
28.0,-137.75,-7.6778107,-5.6516724,9.533634,31.516617,7.637186,2.1353922,-0.14300000000000002,-0.107,0.17860011198204775,6,2.696381203333334,Medium
28.0,-137.5,-7.5977325,-5.7942505,9.555044,28.946304,7.675272,2.1392984,-0.139,-0.035,0.14333875958721007,6,2.48319915,Medium
28.0,-137.25,-7.4619904,-5.929016,9.530715,28.946304,7.675272,2.1392984,-0.113,-0.007,0.11321660655575225,6,2.501905536666665,Medium
28.0,-137.0,-7.304764,-6.058899,9.490512,26.422867,7.70994,2.1424723,-0.077,-0.035,0.08458132181516201,6,2.5523500266666677,Medium
28.0,-136.75,-7.2207794,-6.1985474,9.516388,26.422867,7.70994,2.1424723,-0.069,-0.045,0.0823771813064759,6,2.6877176000000014,Medium
28.0,-136.5,-7.1739044,-6.3323364,9.568876,24.227554,7.725809,2.14882,-0.107,0.011,0.10756393447619884,6,2.5513051900000003,Medium
28.0,-136.25,-7.038162,-6.45343,9.548952,24.227554,7.725809,2.14882,-0.185,0.07200000000000001,0.1985170017907786,6,2.9072302999999997,Medium
28.0,-136.0,-6.844803,-6.5686646,9.486763,22.110367,7.737772,2.1510172,-0.26,0.051000000000000004,0.2649547131115052,6,2.872151579999999,Medium
28.0,-135.75,-6.6045685,-6.6135864,9.346649,22.110367,7.737772,2.1510172,-0.291,-0.047,0.2947710976334009,6,2.89226695,Medium
28.0,-135.5,-6.398514,-6.652649,9.230315,19.579117,7.772928,2.1395426,-0.27,-0.128,0.29880428377116686,6,2.9025215366666672,Medium
28.0,-135.25,-6.268631,-6.7297974,9.19706,19.579117,7.772928,2.1395426,-0.20800000000000002,-0.109,0.23482972554597942,6,2.8947934200000005,Medium
28.0,-135.0,-6.176834,-6.8235474,9.204025,17.18068,7.8012486,2.1278238,-0.128,0.003,0.12803515142334934,6,2.404127196666667,Medium
28.0,-134.75,-6.0332794,-6.9124146,9.175071,17.18068,7.8012486,2.1278238,-0.047,0.131,0.13917614738165446,6,2.7680921400000007,Medium
28.0,-134.5,-5.884842,-6.9837036,9.13255,14.782243,7.8288364,2.1139078,0.017,0.193,0.19374725804511403,6,3.5434020133333313,Medium
28.0,-134.25,-5.704178,-7.058899,9.075555,14.782243,7.8288364,2.1139078,0.044,0.16,0.16593974810153234,6,4.027372416666667,Medium
28.0,-134.0,-5.492264,-7.1487427,9.014959,12.571305,7.8476353,2.100236,0.027,0.059000000000000004,0.06488451279003334,6,1.9884424466666666,Medium
28.0,-133.75,-5.310623,-7.262024,8.99665,12.571305,7.8476353,2.100236,-0.016,-0.051000000000000004,0.053450912059571073,6,2.0102769833333345,Medium
28.0,-133.5,-5.1651154,-7.3616333,8.992889,10.68068,7.8476353,2.0894938,-0.054,-0.132,0.14261837188805657,6,2.1117965266666676,Medium
28.0,-133.25,-5.0889435,-7.4544067,9.0258255,10.68068,7.8476353,2.0894938,-0.07100000000000001,-0.176,0.1897814532561072,6,2.2546325066666695,Medium
28.0,-133.0,-5.0215607,-7.527649,9.048843,8.93068,7.8425083,2.0765543,-0.069,-0.19,0.20214103987068038,6,2.074862133333334,Medium
28.0,-132.75,-4.8946075,-7.5706177,9.015067,8.93068,7.8425083,2.0765543,-0.064,-0.179,0.1900973434848578,6,2.1908014533333335,Medium
28.0,-132.5,-4.7022247,-7.5803833,8.920377,7.2900553,7.8344517,2.0631266,-0.058,-0.14300000000000002,0.1543146136955279,6,2.250998360000002,Medium
28.0,-132.25,-4.442459,-7.5266724,8.739923,7.2900553,7.8344517,2.0631266,-0.053,-0.091,0.10530906893520614,6,1.9819801300000024,Medium
28.0,-132.0,-4.1934357,-7.494446,8.587876,5.7744303,7.8254185,2.0526285,-0.053,-0.04,0.06640030120413612,6,1.967682756666669,Medium
28.0,-131.75,-3.949295,-7.460266,8.44112,5.7744303,7.8254185,2.0526285,-0.077,-0.007,0.07731752712031083,6,1.990473793333335,Medium
28.0,-131.5,-3.744217,-7.429016,8.3192215,4.2275553,7.8276157,2.0438395,-0.126,-0.007,0.12619429464123963,6,2.532276763333333,Medium
28.0,-131.25,-3.5782013,-7.39386,8.214176,4.2275553,7.8276157,2.0438395,-0.178,-0.039,0.18222239159883727,6,2.630035783333332,Medium
28.0,-131.0,-3.3946075,-7.366516,8.111036,2.6259928,7.836405,2.0350504,-0.209,-0.083,0.2248777445635739,6,2.710680489999998,Medium
28.0,-130.75,-3.2276154,-7.375305,8.05063,2.6259928,7.836405,2.0350504,-0.20500000000000002,-0.107,0.23124445939308472,6,2.672643616666665,Medium
28.0,-130.5,-3.056717,-7.395813,8.002598,1.1103678,7.838602,2.0269938,-0.182,-0.096,0.2057668583615933,6,2.525646123333333,Medium
28.0,-130.25,-2.879959,-7.4368286,7.9749975,1.1103678,7.838602,2.0269938,-0.164,-0.065,0.17641145087550297,6,2.513513696666668,Medium
28.25,-156.25,-6.388748,3.0514526,7.0800753,128.59474,7.589823,1.791398,-0.082,0.171,0.18964440408301006,6,0.607019923333333,Low
28.25,-156.0,-6.6846466,2.8737183,7.2761774,125.89943,7.430887,1.7918863,-0.026000000000000002,0.17200000000000001,0.1739540169125163,6,0.715484926666666,Low
28.25,-155.75,-6.867264,2.604187,7.3444605,125.89943,7.430887,1.7918863,0.022,0.146,0.147648230602334,6,0.7249059066666663,Low
28.25,-155.5,-6.9844513,2.3014526,7.353859,123.133804,7.3129673,1.7821207,0.02,0.123,0.12461540835707276,6,0.7171226899999994,Low
28.25,-155.25,-7.112381,1.9743042,7.381317,123.133804,7.3129673,1.7821207,-0.043000000000000003,0.136,0.14263590010933433,6,0.7174097999999997,Low
28.25,-155.0,-7.362381,1.6412964,7.54311,120.34474,7.214823,1.7740641,-0.14200000000000002,0.20700000000000002,0.2510239032442927,6,0.5650675566666665,Low
28.25,-154.75,-7.5782013,1.3952026,7.7055645,120.34474,7.214823,1.7740641,-0.217,0.3,0.37025531731495764,6,0.5857854899999996,Low
28.25,-154.5,-7.572342,1.2164917,7.6694336,118.14162,7.177225,1.7645426,-0.216,0.334,0.3977587208346286,6,0.587977553333333,Low
28.25,-154.25,-7.4522247,1.1032104,7.5334406,118.14162,7.177225,1.7645426,-0.13,0.269,0.29876579456155955,6,0.5820700166666665,Low
28.25,-154.0,-7.348709,1.032898,7.4209437,117.165054,7.228983,1.7506266,-0.007,0.161,0.16115210206509875,6,0.6903346633333328,Low
28.25,-153.75,-7.445389,0.9586792,7.5068555,117.165054,7.228983,1.7506266,0.08700000000000001,0.088,0.1237457069962429,6,0.9174780366666653,Low
28.25,-153.5,-7.9434357,0.9801636,8.00368,115.82912,7.2612095,1.7630777,0.113,0.07,0.13292479076530458,6,0.9229172699999987,Low
28.25,-153.25,-8.451248,0.9713745,8.506889,115.82912,7.2612095,1.7630777,0.077,0.065,0.10076705810928491,6,0.9296518866666654,Low
28.25,-153.0,-8.758865,0.8395386,8.799008,113.96974,7.254862,1.8009195,0.01,0.037,0.038327535793473595,6,0.871873049999999,Low
28.25,-152.75,-8.8545685,0.62371826,8.876509,113.96974,7.254862,1.8009195,-0.064,-0.006,0.06428063471995278,6,0.7210188899999991,Low
28.25,-152.5,-8.84285,0.4772339,8.855719,112.665054,7.2807407,1.8321695,-0.134,-0.037,0.13901438774457844,6,0.5793595199999996,Low
28.25,-152.25,-8.791092,0.40985107,8.80064,112.665054,7.2807407,1.8321695,-0.192,-0.027,0.19388914358467832,6,0.579886453333333,Low
28.25,-152.0,-8.74617,0.34344482,8.752911,112.36037,7.3442173,1.848527,-0.227,0.047,0.2318145810772049,6,0.596149756666666,Low
28.25,-151.75,-8.691483,0.26434326,8.695501,112.36037,7.3442173,1.848527,-0.228,0.159,0.2779658252375641,6,0.6015895433333327,Low
28.25,-151.5,-8.629959,0.16278076,8.6314945,112.86037,7.4369907,1.8529215,-0.199,0.25,0.31953247096343745,6,0.5979937833333324,Low
28.25,-151.25,-8.578201,0.0602417,8.578413,112.86037,7.4369907,1.8529215,-0.159,0.253,0.2988143236192,6,0.6641687366666652,Low
28.25,-151.0,-8.43367,0.015319824,8.433684,114.20412,7.569315,1.8460855,-0.137,0.178,0.2246174525721454,6,0.6653179833333319,Low
28.25,-150.75,-8.257889,-0.06768799,8.258166,114.20412,7.569315,1.8460855,-0.152,0.098,0.1808535318980528,6,0.6403520366666651,Low
28.25,-150.5,-8.062576,-0.1585083,8.064134,116.633804,7.7436314,1.8287516,-0.195,0.07100000000000001,0.20752349264601347,6,0.6061822999999991,Low
28.25,-150.25,-7.8614044,-0.22198486,7.8645377,116.633804,7.7436314,1.8287516,-0.23600000000000002,0.08600000000000001,0.2511812094882896,6,0.8886914699999985,Low
28.25,-150.0,-7.68367,-0.23468018,7.687253,118.65724,7.8771763,1.8177652,-0.242,0.094,0.2596150997149434,6,1.0646171533333315,Medium
28.25,-149.75,-7.5889435,-0.30108643,7.594914,118.65724,7.8771763,1.8177652,-0.215,0.074,0.22737853900489377,6,0.9742295666666647,Low
28.25,-149.5,-7.712967,-0.38116455,7.7223797,119.821304,7.94993,1.8187418,-0.18,0.039,0.18417654573804992,6,1.086899679999998,Medium
28.25,-149.25,-7.922928,-0.43878174,7.9350686,119.821304,7.94993,1.8187418,-0.16,0.013000000000000001,0.16052725625263767,6,1.057772276666664,Medium
28.25,-149.0,-8.107498,-0.43878174,8.119363,120.53224,7.987772,1.822648,-0.165,0.029,0.1675291019494822,6,1.1316548799999981,Medium
28.25,-148.75,-8.173904,-0.38116455,8.182787,120.53224,7.987772,1.822648,-0.179,0.08700000000000001,0.1990226117806718,6,1.215811029999998,Medium
28.25,-148.5,-8.220779,-0.32452393,8.227182,119.71974,7.966776,1.8297281,-0.187,0.156,0.2435261792908516,6,1.2981581199999985,Medium
28.25,-148.25,-8.238358,-0.40264893,8.248192,119.71974,7.966776,1.8297281,-0.17400000000000002,0.182,0.25179356624028343,6,1.3031064799999983,Medium
28.25,-148.0,-8.233475,-0.57159424,8.253292,117.56349,7.938944,1.8387613,-0.14300000000000002,0.166,0.2191004335915381,6,1.200172073333331,Medium
28.25,-147.75,-8.192459,-0.8098755,8.232392,117.56349,7.938944,1.8387613,-0.108,0.14,0.17681628884240275,6,1.170150216666665,Medium
28.25,-147.5,-8.068436,-1.0979614,8.142799,114.040054,7.9369907,1.8429117,-0.093,0.132,0.16147135968957468,6,1.156417816666665,Medium
28.25,-147.25,-7.8965607,-1.3811646,8.0164385,114.040054,7.9369907,1.8429117,-0.1,0.125,0.16007810593582122,6,1.1465249066666647,Medium
28.25,-147.0,-7.7588654,-1.5471802,7.9116216,108.70412,7.9123325,1.8490152,-0.123,0.094,0.15480633061990715,6,1.165169756666665,Medium
28.25,-146.75,-7.6719513,-1.6331177,7.8438454,108.70412,7.9123325,1.8490152,-0.151,0.055,0.16070469812671936,6,1.1935117499999983,Medium
28.25,-146.5,-7.638748,-1.6633911,7.817758,102.11037,7.8737583,1.8602457,-0.184,0.039,0.18808774548066653,6,1.2679561433333322,Medium
28.25,-146.25,-7.6621857,-1.6604614,7.8400397,102.11037,7.8737583,1.8602457,-0.228,0.054,0.23430749027719963,6,1.2697064899999988,Medium
28.25,-146.0,-7.6709747,-1.7131958,7.859955,96.133804,7.837137,1.8690348,-0.271,0.074,0.2809216972752372,6,1.4180758866666654,Medium
28.25,-145.75,-7.730545,-1.8118286,7.940028,96.133804,7.837137,1.8690348,-0.295,0.079,0.3053948264132842,6,1.4385009166666654,Medium
28.25,-145.5,-7.833084,-1.9622192,8.075117,89.58693,7.776346,1.8819742,-0.278,0.076,0.28820131852578335,6,1.5325776199999992,Medium
28.25,-145.25,-7.966873,-2.1536255,8.252828,89.58693,7.776346,1.8819742,-0.214,0.073,0.22610838109190026,6,1.6126232266666656,Medium
28.25,-145.0,-8.12117,-2.3782349,8.462234,82.12599,7.676981,1.9083414,-0.125,0.066,0.14135416513141733,6,1.464241723333333,Medium
28.25,-144.75,-8.205154,-2.5149536,8.581932,82.12599,7.676981,1.9083414,-0.046,0.041,0.061619802012015584,6,1.5246865133333336,Medium
28.25,-144.5,-8.211014,-2.522766,8.589825,75.46974,7.569071,1.9437418,0.003,-0.006,0.00670820393249937,6,3.290717859999995,Medium
28.25,-144.25,-8.251053,-2.4934692,8.619586,75.46974,7.569071,1.9437418,0.023,-0.052000000000000005,0.056859475903318,6,1.6435076133333322,Medium
28.25,-144.0,-8.34285,-2.4797974,8.703593,70.71974,7.499735,1.9725504,0.032,-0.078,0.08430895563343196,6,2.0979309366666654,Medium
28.25,-143.75,-8.420975,-2.505188,8.785715,70.71974,7.499735,1.9725504,0.046,-0.08600000000000001,0.09752948272189288,6,2.0860673066666653,Medium
28.25,-143.5,-8.52742,-2.5803833,8.90928,66.95412,7.448221,1.9967203,0.061,-0.088,0.10707474025184464,6,2.3602058199999982,Medium
28.25,-143.25,-8.64949,-2.6907349,9.0583515,66.95412,7.448221,1.9967203,0.064,-0.08,0.10244998779892558,6,2.3597003566666648,Medium
28.25,-143.0,-8.7920685,-2.8303833,9.236424,63.49318,7.407694,2.0199137,0.047,-0.049,0.06789698078707182,6,2.502654713333332,Medium
28.25,-142.75,-8.922928,-2.9944458,9.411979,63.49318,7.407694,2.0199137,0.007,0.002,0.007280109889280519,6,4.1906339299999935,Medium
28.25,-142.5,-8.9795685,-3.1741333,9.524063,60.196304,7.392313,2.0418863,-0.053,0.046,0.070178344238091,6,2.7300574833333324,Medium
28.25,-142.25,-9.009842,-3.317688,9.601266,60.196304,7.392313,2.0418863,-0.124,0.059000000000000004,0.13732079230764727,6,2.637243116666665,Medium
28.25,-142.0,-9.035233,-3.4319458,9.665075,57.040054,7.3910923,2.0616617,-0.18,0.041,0.18461040057374883,6,2.80681449,Medium
28.25,-141.75,-9.03035,-3.5374146,9.69848,57.040054,7.3910923,2.0616617,-0.195,0.016,0.19565530915362353,6,2.8815937099999998,Medium
28.25,-141.5,-8.991287,-3.6555786,9.706003,53.508804,7.4174595,2.0714273,-0.169,0.004,0.1690473306503241,6,2.957729763333333,Medium
28.25,-141.25,-8.918045,-3.8167114,9.700454,53.508804,7.4174595,2.0714273,-0.132,0.012,0.13254433220624712,6,2.619114516666667,Medium
28.25,-141.0,-8.77742,-3.9465942,9.623861,49.80568,7.4626255,2.0750895,-0.109,0.025,0.11183022847155415,6,2.5740829633333333,Medium
28.25,-140.75,-8.668045,-4.0393677,9.563027,49.80568,7.4626255,2.0750895,-0.101,0.033,0.10625441167311596,6,2.471553003333334,Medium
28.25,-140.5,-8.550858,-4.1223755,9.492689,46.797867,7.477274,2.091691,-0.091,0.035,0.09749871794028883,6,2.5039147300000004,Medium
28.25,-140.25,-8.424881,-4.215149,9.420515,46.797867,7.477274,2.091691,-0.053,0.043000000000000003,0.06824954212300623,6,2.5672561533333336,Medium
28.25,-140.0,-8.3116,-4.3499146,9.381068,43.954117,7.482645,2.1136637,0.002,0.069,0.06902897942168927,6,2.4875241766666654,Medium
28.25,-139.75,-8.251053,-4.5012817,9.399011,43.954117,7.482645,2.1136637,0.042,0.097,0.10570241246064349,6,2.5269266766666667,Medium
28.25,-139.5,-8.2295685,-4.6868286,9.470594,40.977554,7.501444,2.129777,0.04,0.094,0.10215674231297707,6,2.534274859999999,Medium
28.25,-139.25,-8.189529,-4.8723755,9.5293455,40.977554,7.501444,2.129777,-0.006,0.048,0.0483735464897913,6,2.665242463333331,Medium
28.25,-139.0,-8.113358,-5.0481567,9.555651,37.87599,7.5307407,2.1395426,-0.069,-0.01,0.06972087205421344,6,2.579654956666666,Medium
28.25,-138.75,-8.003006,-5.2112427,9.550139,37.87599,7.5307407,2.1395426,-0.115,-0.05,0.12539936203984453,6,2.56309244,Medium
28.25,-138.5,-7.835037,-5.382141,9.505538,34.61818,7.579813,2.1390543,-0.135,-0.078,0.1559134375222354,6,2.6060093233333337,Medium
28.25,-138.25,-7.6739044,-5.5374146,9.46318,34.61818,7.579813,2.1390543,-0.146,-0.109,0.18220043907740727,6,2.56711274,Medium
28.25,-138.0,-7.5752716,-5.6848755,9.471143,31.516617,7.637186,2.1353922,-0.169,-0.121,0.20785090810482404,6,2.7798076099999993,Medium
28.25,-137.75,-7.539139,-5.8206177,9.5246105,31.516617,7.637186,2.1353922,-0.201,-0.09,0.22022942582679547,6,2.818398899999999,Medium
28.25,-137.5,-7.504959,-5.940735,9.571664,28.946304,7.675272,2.1392984,-0.22,-0.047,0.22496444163467258,6,2.806749399999999,Medium
28.25,-137.25,-7.3438263,-6.0549927,9.5181265,28.946304,7.675272,2.1392984,-0.213,-0.046,0.21791053209975877,6,2.791176573333332,Medium
28.25,-137.0,-7.15242,-6.14386,9.428899,26.422867,7.70994,2.1424723,-0.19,-0.068,0.2018018830437417,6,2.8227815799999987,Medium
28.25,-136.75,-7.0508575,-6.2630005,9.430788,26.422867,7.70994,2.1424723,-0.178,-0.037,0.1818048404196104,6,2.7850032299999996,Medium
28.25,-136.5,-7.016678,-6.413391,9.506069,24.227554,7.725809,2.14882,-0.19,0.063,0.20017242567346782,6,2.8878302099999993,Medium
28.25,-136.25,-6.878006,-6.534485,9.487173,24.227554,7.725809,2.14882,-0.218,0.138,0.2580077518215296,6,2.8984886466666664,Medium
28.25,-136.0,-6.728592,-6.6292114,9.445655,22.110367,7.737772,2.1510172,-0.23900000000000002,0.093,0.25645662401271685,6,2.8577080199999987,Medium
28.25,-135.75,-6.5283966,-6.70636,9.359232,22.110367,7.737772,2.1510172,-0.23700000000000002,-0.049,0.24201239637671457,6,2.866375413333333,Medium
28.25,-135.5,-6.3496857,-6.7922974,9.298054,19.579117,7.772928,2.1395426,-0.218,-0.168,0.2752235455043772,6,2.8601492533333333,Medium
28.25,-135.25,-6.21492,-6.89093,9.279555,19.579117,7.772928,2.1395426,-0.187,-0.17300000000000001,0.25475085868353814,6,2.749310746666666,Medium
28.25,-135.0,-6.0938263,-6.980774,9.266387,17.18068,7.8012486,2.1278238,-0.147,-0.074,0.1645752107700306,6,2.4988145600000014,Medium
28.25,-134.75,-5.9483185,-7.0422974,9.2182665,17.18068,7.8012486,2.1278238,-0.093,0.052000000000000005,0.10655045753069295,6,2.415752750000002,Medium
28.25,-134.5,-5.803787,-7.1174927,9.1838255,14.782243,7.8288364,2.1139078,-0.028,0.132,0.13493702234746402,6,3.595189623333331,Medium
28.25,-134.25,-5.6240997,-7.2141724,9.147391,14.782243,7.8288364,2.1139078,0.031,0.135,0.13851353724455961,6,3.90733704,Medium
28.25,-134.0,-5.40242,-7.317688,9.095861,12.571305,7.8476353,2.100236,0.062,0.077,0.09885848471426213,6,1.9903399266666675,Medium
28.25,-133.75,-5.1758575,-7.4055786,9.0350485,12.571305,7.8476353,2.100236,0.057,-0.01,0.05787054518492114,6,1.8966498066666673,Medium
28.25,-133.5,-5.013748,-7.5081177,9.028261,10.68068,7.8476353,2.0894938,0.03,-0.094,0.09867117106835208,6,2.0535297233333343,Medium
28.25,-133.25,-4.9258575,-7.6204224,9.073858,10.68068,7.8476353,2.0894938,0.0,-0.154,0.154,6,2.3051585566666675,Medium
28.25,-133.0,-4.8282013,-7.694641,9.083999,8.93068,7.8425083,2.0765543,-0.028,-0.178,0.18018878988438763,6,2.1902035200000003,Medium
28.25,-132.75,-4.6778107,-7.721985,9.028342,8.93068,7.8425083,2.0765543,-0.052000000000000005,-0.169,0.17681911661356076,6,2.140982093333334,Medium
28.25,-132.5,-4.456131,-7.723938,8.917192,7.2900553,7.8344517,2.0631266,-0.07,-0.14,0.15652475842498528,6,2.172246170000002,Medium
28.25,-132.25,-4.2071075,-7.7180786,8.79025,7.2900553,7.8344517,2.0631266,-0.074,-0.098,0.12280065146407002,6,1.972512460000001,Medium
28.25,-132.0,-4.0157013,-7.7005005,8.684674,5.7744303,7.8254185,2.0526285,-0.068,-0.041,0.07940403012442127,6,1.8682156900000029,Medium
28.25,-131.75,-3.8057404,-7.670227,8.562479,5.7744303,7.8254185,2.0526285,-0.073,0.023,0.07653757247260981,6,2.001895040000002,Medium
28.25,-131.5,-3.583084,-7.6331177,8.432258,4.2275553,7.8276157,2.0438395,-0.112,0.058,0.1261269202034205,6,2.6473455199999987,Medium
28.25,-131.25,-3.4414825,-7.6087036,8.350819,4.2275553,7.8276157,2.0438395,-0.178,0.03,0.1805103875127412,6,2.73605794,Medium
28.25,-131.0,-3.2823029,-7.6087036,8.286489,2.6259928,7.836405,2.0350504,-0.246,-0.046,0.2502638607550039,6,2.6278475333333327,Medium
28.25,-130.75,-3.1250763,-7.6204224,8.236319,2.6259928,7.836405,2.0350504,-0.279,-0.116,0.3021539342785396,6,2.668471796666665,Medium
28.25,-130.5,-2.9571075,-7.6536255,8.205028,1.1103678,7.838602,2.0269938,-0.264,-0.134,0.2960608045655487,6,2.5396398799999993,Medium
28.25,-130.25,-2.7735138,-7.7044067,8.188422,1.1103678,7.838602,2.0269938,-0.22,-0.10400000000000001,0.2433433787880821,6,2.509535916666667,Medium
28.5,-156.25,-6.381912,2.9264526,7.0208926,132.68849,7.685526,1.7433023,-0.046,0.095,0.10555093557141026,6,0.7625994399999991,Low
28.5,-156.0,-6.6602325,2.8825073,7.257241,129.40724,7.4958286,1.7540445,0.001,0.106,0.10600471687618433,6,0.7697319033333321,Low
28.5,-155.75,-6.8252716,2.7780151,7.368969,129.40724,7.4958286,1.7540445,0.012,0.126,0.1265701386583739,6,0.7709623333333326,Low
28.5,-155.5,-6.9551544,2.604187,7.426706,126.64162,7.350809,1.7528238,-0.023,0.168,0.1695670958647343,6,0.7402331733333328,Low
28.5,-155.25,-7.117264,2.3043823,7.4810176,126.64162,7.350809,1.7528238,-0.096,0.232,0.25107767722360347,6,0.5984686666666665,Low
28.5,-155.0,-7.3740997,1.9303589,7.622574,123.67287,7.2338657,1.7491617,-0.18,0.306,0.35501549261968834,6,0.6281070966666661,Low
28.5,-154.75,-7.5020294,1.6559448,7.6826167,123.67287,7.2338657,1.7491617,-0.23500000000000001,0.337,0.4108454697328425,6,0.7041447566666661,Low
28.5,-154.5,-7.4971466,1.4694214,7.639791,121.15724,7.1833286,1.7447672,-0.226,0.275,0.35595083930228344,6,0.6136494866666662,Low
28.5,-154.25,-7.458084,1.338562,7.5772533,121.15724,7.1833286,1.7447672,-0.157,0.145,0.21371476317746513,6,0.5832425199999995,Low
28.5,-154.0,-7.4815216,1.2457886,7.584534,118.821304,7.162821,1.7540445,-0.075,0.046,0.08798295289429652,6,0.7107460033333328,Low
28.5,-153.75,-7.7989044,1.142273,7.8821125,118.821304,7.162821,1.7540445,-0.028,0.042,0.05047771785649585,6,0.7498113266666658,Low
28.5,-153.5,-8.293045,1.088562,8.364183,115.96193,7.1017857,1.7950602,-0.032,0.095,0.10024470060806208,6,0.8092931399999986,Low
28.5,-153.25,-8.642654,0.99090576,8.699274,115.96193,7.1017857,1.7950602,-0.067,0.128,0.1444749113168096,6,0.7709142399999982,Low
28.5,-153.0,-8.716873,0.8161011,8.754993,114.90724,7.1279087,1.8197184,-0.106,0.11,0.15276125163142648,6,0.6930972799999986,Low
28.5,-152.75,-8.632889,0.6227417,8.655321,114.90724,7.1279087,1.8197184,-0.14300000000000002,0.065,0.15707959765672946,6,0.673050943333332,Low
28.5,-152.5,-8.473709,0.48309326,8.487469,115.71193,7.242899,1.8160563,-0.182,0.031,0.18462123388169627,6,0.6091586233333326,Low
28.5,-152.25,-8.34285,0.4088745,8.352862,115.71193,7.242899,1.8160563,-0.225,0.029,0.22686119103980742,6,0.6255676599999991,Low
28.5,-152.0,-8.282303,0.385437,8.291266,117.040054,7.38035,1.8023844,-0.262,0.074,0.2722498852157701,6,0.7616275766666655,Low
28.5,-151.75,-8.240311,0.38153076,8.249139,117.040054,7.38035,1.8023844,-0.273,0.145,0.30911810040824206,6,0.7172601766666654,Low
28.5,-151.5,-8.202225,0.35028076,8.209701,118.27443,7.5163364,1.7899332,-0.254,0.202,0.32453043000618603,6,0.6983618466666657,Low
28.5,-151.25,-8.1866,0.3287964,8.1932,118.27443,7.5163364,1.7899332,-0.218,0.20400000000000001,0.298563226134767,6,0.6644703499999989,Low
28.5,-151.0,-8.189529,0.29559326,8.194862,119.46193,7.658182,1.7811441,-0.198,0.166,0.2583795657554986,6,0.6539408933333325,Low
28.5,-150.75,-8.072342,0.1930542,8.07465,119.46193,7.658182,1.7811441,-0.213,0.134,0.2516445906432324,6,0.6570460833333325,Low
28.5,-150.5,-7.895584,0.066101074,7.8958607,121.11037,7.8066196,1.7738199,-0.253,0.122,0.2808789774974268,6,0.7334744533333323,Low
28.5,-150.25,-7.685623,-0.0335083,7.685696,121.11037,7.8066196,1.7738199,-0.28800000000000003,0.107,0.307234438173848,6,0.9722246966666649,Low
28.5,-150.0,-7.5264435,-0.10772705,7.527214,123.48537,7.947489,1.7640543,-0.29,0.069,0.2980956222422597,6,1.1908175866666653,Medium
28.5,-149.75,-7.429764,-0.22979736,7.4333167,123.48537,7.947489,1.7640543,-0.256,0.019,0.25670410982296327,6,1.193305966666665,Medium
28.5,-149.5,-7.5371857,-0.40167236,7.5478806,125.52443,8.052225,1.7596598,-0.21,-0.009000000000000001,0.2101927686672403,6,1.1685213966666645,Medium
28.5,-149.25,-7.742264,-0.5393677,7.761029,125.52443,8.052225,1.7596598,-0.181,-0.001,0.18100276240985938,6,1.2622548499999982,Medium
28.5,-149.0,-7.947342,-0.56573486,7.9674525,125.46974,8.063211,1.7706461,-0.178,0.042,0.1828879438344693,6,1.2555557833333315,Medium
28.5,-148.75,-8.095779,-0.5003052,8.111223,125.46974,8.063211,1.7706461,-0.188,0.10400000000000001,0.21484878403193258,6,1.2735704999999982,Medium
28.5,-148.5,-8.169998,-0.5305786,8.187209,122.946304,7.990946,1.7962809,-0.184,0.146,0.23488720697390056,6,1.3458500599999983,Medium
28.5,-148.25,-8.166092,-0.59210205,8.18753,122.946304,7.990946,1.7962809,-0.151,0.139,0.2052364490045567,6,1.2373141833333312,Medium
28.5,-148.0,-8.122147,-0.6917114,8.151547,120.25099,7.944071,1.8131266,-0.089,0.105,0.13764446955835166,6,1.2472021899999983,Medium
28.5,-147.75,-8.050858,-0.8479614,8.09539,120.25099,7.944071,1.8131266,-0.025,0.093,0.09630160954002795,6,1.2400408966666652,Medium
28.5,-147.5,-7.907303,-1.013977,7.9720507,116.852554,7.9345493,1.824357,0.006,0.123,0.12314625451064275,6,1.162062829999999,Medium
28.5,-147.25,-7.7451935,-1.1751099,7.833831,116.852554,7.9345493,1.824357,-0.006,0.15,0.15011995203836165,6,1.186603623333332,Medium
28.5,-147.0,-7.647537,-1.326477,7.7617245,112.321304,7.932352,1.8292398,-0.053,0.139,0.1487615541731129,6,1.2134979366666654,Medium
28.5,-146.75,-7.587967,-1.4280396,7.7211747,112.321304,7.932352,1.8292398,-0.113,0.105,0.15425303886795877,6,1.1970051333333311,Medium
28.5,-146.5,-7.554764,-1.489563,7.7002115,107.55568,7.937723,1.8280191,-0.178,0.094,0.2012958022413781,6,1.2480501499999983,Medium
28.5,-146.25,-7.586014,-1.5735474,7.7474933,107.55568,7.937723,1.8280191,-0.243,0.11,0.26673769887288146,6,1.3412782399999987,Medium
28.5,-146.0,-7.7022247,-1.7434692,7.8970847,100.540054,7.894022,1.8365641,-0.293,0.112,0.31367658503624396,6,1.4287973633333326,Medium
28.5,-145.75,-7.8057404,-1.9280396,8.040331,100.540054,7.894022,1.8365641,-0.306,0.07100000000000001,0.3141289544120376,6,1.4382206766666656,Medium
28.5,-145.5,-7.9346466,-2.145813,8.21968,91.03224,7.7853794,1.8643961,-0.271,0.01,0.2711844390815963,6,1.5371281199999995,Medium
28.5,-145.25,-8.0616,-2.3411255,8.394656,91.03224,7.7853794,1.8643961,-0.19,-0.032,0.19267589366602142,6,1.672244246666666,Medium
28.5,-145.0,-8.1201935,-2.451477,8.482175,82.37599,7.6706333,1.8983316,-0.099,-0.037,0.1056882207249228,6,1.4871292366666662,Medium
28.5,-144.75,-8.130936,-2.4231567,8.484327,82.37599,7.6706333,1.8983316,-0.024,-0.031,0.03920459156782532,6,1.8031936633333323,Medium
28.5,-144.5,-8.1866,-2.4104614,8.534093,76.29787,7.600565,1.9229898,0.018000000000000002,-0.04,0.04386342439892262,6,1.7539659899999993,Medium
28.5,-144.25,-8.2764435,-2.4192505,8.622778,76.29787,7.600565,1.9229898,0.033,-0.064,0.07200694410957877,6,1.603341756666666,Medium
28.5,-144.0,-8.37117,-2.4573364,8.724391,71.64943,7.5463657,1.9454508,0.033,-0.084,0.09024965373894794,6,2.079994353333332,Medium
28.5,-143.75,-8.426834,-2.5081177,8.792167,71.64943,7.5463657,1.9454508,0.026000000000000002,-0.089,0.09272000862812729,6,2.0688702966666654,Medium
28.5,-143.5,-8.531326,-2.607727,8.920974,67.49318,7.4889927,1.971818,0.002,-0.076,0.07602631123499284,6,2.3666229733333313,Medium
28.5,-143.25,-8.647537,-2.7366333,9.07023,67.49318,7.4889927,1.971818,-0.038,-0.051000000000000004,0.06360031446463138,6,2.521243163333332,Medium
28.5,-143.0,-8.80867,-2.8987427,9.273369,63.78224,7.4467564,1.9974527,-0.079,-0.012,0.07990619500389191,6,2.581752546666667,Medium
28.5,-142.75,-8.972733,-3.0647583,9.481702,63.78224,7.4467564,1.9974527,-0.11,0.043000000000000003,0.1181058846967415,6,2.6737691199999998,Medium
28.5,-142.5,-9.05574,-3.1663208,9.593332,60.352554,7.428934,2.0201578,-0.133,0.093,0.16228986413205232,6,2.655794519999999,Medium
28.5,-142.25,-9.043045,-3.2747192,9.617716,60.352554,7.428934,2.0201578,-0.154,0.105,0.18638937737972086,6,2.6871508833333326,Medium
28.5,-142.0,-9.015701,-3.3938599,9.633336,56.891617,7.4369907,2.036027,-0.171,0.066,0.18329484444468153,6,2.804117883333333,Medium
28.5,-141.75,-8.965897,-3.5149536,9.630275,56.891617,7.4369907,2.036027,-0.171,0.006,0.1711052307791904,6,2.844551573333333,Medium
28.5,-141.5,-8.911209,-3.6448364,9.627797,53.09474,7.4745884,2.0440836,-0.161,-0.025,0.16292943257741985,6,2.8762814266666665,Medium
28.5,-141.25,-8.821365,-3.804016,9.606613,53.09474,7.4745884,2.0440836,-0.149,-0.011,0.14940548852033514,6,2.6321075866666668,Medium
28.5,-141.0,-8.677811,-3.975891,9.545266,49.30568,7.510721,2.05507,-0.147,0.022,0.14863714206079176,6,2.610128416666667,Medium
28.5,-140.75,-8.551834,-4.118469,9.491873,49.30568,7.510721,2.05507,-0.147,0.033,0.15065855435387662,6,2.5343435300000006,Medium
28.5,-140.5,-8.397537,-4.23468,9.404847,46.06349,7.523905,2.0746012,-0.14,0.017,0.1410283659410404,6,2.50428892,Medium
28.5,-140.25,-8.2451935,-4.335266,9.315457,46.06349,7.523905,2.0746012,-0.126,0.006,0.12614277624977183,6,2.442391196666667,Medium
28.5,-140.0,-8.1826935,-4.505188,9.340941,43.079117,7.522196,2.1017008,-0.111,0.031,0.11524755962709146,6,2.523848793333333,Medium
28.5,-139.75,-8.166092,-4.6516724,9.398038,43.079117,7.522196,2.1017008,-0.108,0.083,0.13620939761998802,6,2.5127255199999996,Medium
28.5,-139.5,-8.098709,-4.804016,9.416351,40.040054,7.5334263,2.1222086,-0.11900000000000001,0.116,0.1661836333698358,6,2.6610398933333332,Medium
28.5,-139.25,-8.004959,-4.960266,9.417197,40.040054,7.5334263,2.1222086,-0.14400000000000002,0.093,0.17142053552593983,6,2.678787999999999,Medium
28.5,-139.0,-7.911209,-5.1272583,9.427407,36.891617,7.5654087,2.1322184,-0.17200000000000001,0.031,0.17477127910500628,6,2.747343736666666,Medium
28.5,-138.75,-7.8184357,-5.284485,9.436828,36.891617,7.5654087,2.1322184,-0.189,-0.034,0.19203385118254543,6,2.837363343333332,Medium
28.5,-138.5,-7.710037,-5.42218,9.425747,33.547867,7.620096,2.1312418,-0.19,-0.079,0.20576928828180363,6,2.810654193333333,Medium
28.5,-138.25,-7.569412,-5.5686646,9.397129,33.547867,7.620096,2.1312418,-0.186,-0.10300000000000001,0.2126146749403719,6,2.757627826666666,Medium
28.5,-138.0,-7.4532013,-5.725891,9.3987255,30.571304,7.6740513,2.1305094,-0.193,-0.097,0.21600462958001618,6,2.7777887799999994,Medium
28.5,-137.75,-7.386795,-5.884094,9.443903,30.571304,7.6740513,2.1305094,-0.215,-0.061,0.22348601745970595,6,2.810639229999999,Medium
28.5,-137.5,-7.386795,-6.022766,9.530921,28.235367,7.706522,2.138566,-0.24,-0.034,0.24239636960977776,6,2.7789569666666654,Medium
28.5,-137.25,-7.2969513,-6.1087036,9.516395,28.235367,7.706522,2.138566,-0.263,-0.052000000000000005,0.26809140232390893,6,2.806868643333332,Medium
28.5,-137.0,-7.123123,-6.1848755,9.433535,25.922867,7.7382603,2.1463785,-0.273,-0.082,0.28504911857432574,6,2.866754689999999,Medium
28.5,-136.75,-6.991287,-6.2854614,9.401337,25.922867,7.7382603,2.1463785,-0.269,-0.048,0.2732489707208428,6,2.88597594,Medium
28.5,-136.5,-6.9151154,-6.415344,9.432681,23.641617,7.758524,2.1529703,-0.244,0.055,0.25012197024651794,6,2.910883473333333,Medium
28.5,-136.25,-6.820389,-6.5169067,9.433333,23.641617,7.758524,2.1529703,-0.20400000000000001,0.127,0.2403018934590404,6,2.9067738666666667,Medium
28.5,-136.0,-6.6983185,-6.6380005,9.430298,21.165054,7.7887974,2.150773,-0.164,0.08,0.18247191564731272,6,2.733945056666666,Medium
28.5,-135.75,-6.485428,-6.7180786,9.337738,21.165054,7.7887974,2.150773,-0.14400000000000002,-0.056,0.15450566332662374,6,2.6301878733333335,Medium
28.5,-135.5,-6.279373,-6.805969,9.260223,18.610367,7.8259068,2.1429605,-0.152,-0.166,0.22507776433935006,6,2.7699178766666663,Medium
28.5,-135.25,-6.1221466,-6.9055786,9.228635,18.610367,7.8259068,2.1429605,-0.178,-0.17300000000000001,0.2482196607845559,6,2.712186413333333,Medium
28.5,-135.0,-5.9815216,-6.9866333,9.1973715,16.71193,7.8290806,2.1463785,-0.197,-0.094,0.21827734651126765,6,2.631145096666667,Medium
28.5,-134.75,-5.8653107,-7.083313,9.196477,16.71193,7.8290806,2.1463785,-0.182,-0.001,0.18200274723201296,6,2.559412930000001,Medium
28.5,-134.5,-5.7334747,-7.20636,9.208928,14.68068,7.8444614,2.1446695,-0.124,0.052000000000000005,0.13446189051177287,6,3.45450783,Medium
28.5,-134.25,-5.58992,-7.324524,9.213895,14.68068,7.8444614,2.1446695,-0.038,0.058,0.06933974329343887,6,4.037407693333333,Medium
28.5,-134.0,-5.407303,-7.4172974,9.179065,12.750993,7.843973,2.1429605,0.04,0.034,0.05249761899362675,6,2.1285301033333344,Medium
28.5,-133.75,-5.166092,-7.5169067,9.120986,12.750993,7.843973,2.1429605,0.079,-0.007,0.07930952023559341,6,1.8607365166666674,Medium
28.5,-133.5,-4.9365997,-7.6106567,9.0715,10.977555,7.8359165,2.1400309,0.074,-0.061,0.09590099061010787,6,1.9891773266666686,Medium
28.5,-133.25,-4.791092,-7.7092896,9.076767,10.977555,7.8359165,2.1400309,0.045,-0.114,0.12256018929489298,6,2.2170692866666677,Medium
28.5,-133.0,-4.6446075,-7.7825317,9.063122,9.383805,7.8310337,2.1346598,0.009000000000000001,-0.139,0.13929106216839618,6,1.9584706933333325,Medium
28.5,-132.75,-4.4776154,-7.821594,9.0125675,9.383805,7.8310337,2.1346598,-0.025,-0.132,0.13434656675925888,6,2.0450204600000004,Medium
28.5,-132.5,-4.272537,-7.844055,8.932177,7.938493,7.813944,2.13173,-0.062,-0.112,0.12801562404644207,6,2.1191214266666676,Medium
28.5,-132.25,-4.036209,-7.8967896,8.868499,7.938493,7.813944,2.13173,-0.091,-0.091,0.12869343417595164,6,1.832662266666667,Medium
28.5,-132.0,-3.8584747,-7.9075317,8.798687,6.3838053,7.803934,2.1256266,-0.099,-0.049,0.11046266337545914,6,1.7668717833333338,Medium
28.5,-131.75,-3.6758575,-7.9055786,8.718377,6.3838053,7.803934,2.1256266,-0.094,0.028,0.09808159868191382,6,1.8416865566666687,Medium
28.5,-131.5,-3.478592,-7.89093,8.623652,4.8213053,7.804178,2.1204996,-0.10300000000000001,0.1,0.14355835050598764,6,2.5676682266666666,Medium
28.5,-131.25,-3.3340607,-7.8967896,8.57177,4.8213053,7.804178,2.1204996,-0.139,0.101,0.17181967291320283,6,2.6951045400000013,Medium
28.5,-131.0,-3.1426544,-7.899719,8.501873,3.2978678,7.809061,2.1165934,-0.192,0.013000000000000001,0.19243960091415696,6,2.717649613333333,Medium
28.5,-130.75,-2.9971466,-7.9172974,8.465607,3.2978678,7.809061,2.1165934,-0.228,-0.10400000000000001,0.25059928172283336,6,2.6927616,Medium
28.5,-130.5,-2.831131,-7.9544067,8.443215,1.8056803,7.8119907,2.1112223,-0.225,-0.17300000000000001,0.2838203657245195,6,2.6222815766666665,Medium
28.5,-130.25,-2.6387482,-8.004211,8.427953,1.8056803,7.8119907,2.1112223,-0.186,-0.168,0.25063918289046505,6,2.6510774433333335,Medium
28.75,-156.25,-6.398514,2.8815308,7.0174212,132.68849,7.685526,1.7433023,-0.065,0.032,0.07244998274671982,6,0.8017041299999994,Low
28.75,-156.0,-6.560623,2.8659058,7.159273,129.40724,7.4958286,1.7540445,-0.043000000000000003,0.082,0.09259049627256569,6,0.8051631933333323,Low
28.75,-155.75,-6.632889,2.820984,7.2078543,129.40724,7.4958286,1.7540445,-0.058,0.15,0.16082288394379698,6,0.7549958433333324,Low
28.75,-155.5,-6.7627716,2.6725464,7.2716975,126.64162,7.350809,1.7528238,-0.093,0.223,0.24161539686038222,6,0.6336940533333331,Low
28.75,-155.25,-6.9678497,2.4762573,7.3947806,126.64162,7.350809,1.7528238,-0.126,0.297,0.3226220699208286,6,0.6274120966666664,Low
28.75,-155.0,-7.185623,2.2194214,7.520572,123.67287,7.2338657,1.7491617,-0.14200000000000002,0.355,0.3823467013065498,6,0.6215541599999995,Low
28.75,-154.75,-7.315506,2.0368042,7.5937605,123.67287,7.2338657,1.7491617,-0.136,0.34600000000000003,0.3717687453242943,6,0.6240779499999993,Low
28.75,-154.5,-7.4502716,1.9381714,7.69825,121.15724,7.1833286,1.7447672,-0.111,0.23900000000000002,0.2635185002993149,6,0.6124767133333329,Low
28.75,-154.25,-7.501053,1.8092651,7.716167,121.15724,7.1833286,1.7447672,-0.088,0.095,0.12949517365523705,6,0.6882360933333326,Low
28.75,-154.0,-7.672928,1.6159058,7.8412356,118.821304,7.162821,1.7540445,-0.089,0.02,0.09121951545584968,6,0.7077473033333326,Low
28.75,-153.75,-7.945389,1.3981323,8.067464,118.821304,7.162821,1.7540445,-0.116,0.052000000000000005,0.12712198865656563,6,0.6680686066666658,Low
28.75,-153.5,-8.194412,1.1911011,8.280526,115.96193,7.1017857,1.7950602,-0.147,0.123,0.19167159413955942,6,0.6573200533333324,Low
28.75,-153.25,-8.24617,0.9537964,8.301147,115.96193,7.1017857,1.7950602,-0.158,0.149,0.21717504460687925,6,0.6922848699999988,Low
28.75,-153.0,-8.251053,0.7809448,8.287928,114.90724,7.1279087,1.8197184,-0.147,0.11900000000000001,0.18912958520548814,6,0.6639595033333323,Low
28.75,-152.75,-8.127029,0.67059326,8.154649,114.90724,7.1279087,1.8197184,-0.13,0.075,0.15008331019803636,6,0.6531300933333323,Low
28.75,-152.5,-8.034256,0.55145264,8.053159,115.71193,7.242899,1.8160563,-0.125,0.052000000000000005,0.13538463723776048,6,0.6060263499999992,Low
28.75,-152.25,-7.99617,0.4899292,8.011165,115.71193,7.242899,1.8160563,-0.136,0.058,0.14785127662620975,6,0.5894915433333325,Low
28.75,-152.0,-7.987381,0.47528076,8.001509,117.040054,7.38035,1.8023844,-0.155,0.096,0.1823211452355431,6,0.6251471933333322,Low
28.75,-151.75,-7.9844513,0.4869995,7.999289,117.040054,7.38035,1.8023844,-0.165,0.145,0.21965882636488795,6,0.6147597466666657,Low
28.75,-151.5,-8.072342,0.5368042,8.090171,118.27443,7.5163364,1.7899332,-0.16,0.176,0.23785709995709609,6,0.6252172933333325,Low
28.75,-151.25,-8.150467,0.55633545,8.169433,118.27443,7.5163364,1.7899332,-0.153,0.177,0.23396153530014285,6,0.6630459999999988,Low
28.75,-151.0,-8.133865,0.4821167,8.148141,119.46193,7.658182,1.7811441,-0.158,0.171,0.23281967270830015,6,0.6569518933333323,Low
28.75,-150.75,-8.053787,0.40301514,8.063865,119.46193,7.658182,1.7811441,-0.183,0.171,0.2504595775769016,6,0.7073245366666655,Low
28.75,-150.5,-7.8965607,0.3024292,7.90235,121.11037,7.8066196,1.7738199,-0.221,0.169,0.27821214926742505,6,0.6726863633333325,Low
28.75,-150.25,-7.7178497,0.22137451,7.721024,121.11037,7.8066196,1.7738199,-0.254,0.134,0.2871793864468688,6,0.965283639999998,Low
28.75,-150.0,-7.544998,0.13348389,7.546179,123.48537,7.947489,1.7640543,-0.266,0.06,0.27268296609799453,6,1.2080821566666653,Medium
28.75,-149.75,-7.4834747,0.039733887,7.4835806,123.48537,7.947489,1.7640543,-0.26,-0.012,0.26027677575995906,6,1.2148708766666652,Medium
28.75,-149.5,-7.5332794,-0.16827393,7.5351586,125.52443,8.052225,1.7596598,-0.241,-0.044,0.24498367292536047,6,1.288592733333332,Medium
28.75,-149.25,-7.688553,-0.348938,7.696467,125.52443,8.052225,1.7596598,-0.218,-0.024,0.2193171219946131,6,1.2757509466666646,Medium
28.75,-149.0,-7.817459,-0.5100708,7.834082,125.46974,8.063211,1.7706461,-0.196,0.033,0.19875864761061343,6,1.2641783299999974,Medium
28.75,-148.75,-7.954178,-0.5354614,7.972181,125.46974,8.063211,1.7706461,-0.17,0.09,0.19235384061671346,6,1.2881844999999978,Medium
28.75,-148.5,-7.9951935,-0.58135986,8.016302,122.946304,7.990946,1.7962809,-0.131,0.107,0.1691449082887215,6,1.2418106133333313,Medium
28.75,-148.25,-7.975662,-0.6253052,8.000137,122.946304,7.990946,1.7962809,-0.074,0.069,0.10117806086301516,6,1.2799579066666653,Medium
28.75,-148.0,-7.9219513,-0.7180786,7.9544296,120.25099,7.944071,1.8131266,-0.005,0.022,0.02256102834535695,6,1.9959556099999982,Medium
28.75,-147.75,-7.8282013,-0.8460083,7.873783,120.25099,7.944071,1.8131266,0.057,0.033,0.06586349520030045,6,1.4003128366666653,Medium
28.75,-147.5,-7.7139435,-0.973938,7.7751837,116.852554,7.9345493,1.824357,0.08700000000000001,0.112,0.14182030884185806,6,1.4030584633333314,Medium
28.75,-147.25,-7.629959,-1.0540161,7.702417,116.852554,7.9345493,1.824357,0.075,0.191,0.2051974658712919,6,1.2978185766666654,Medium
28.75,-147.0,-7.5938263,-1.1184692,7.675752,112.321304,7.932352,1.8292398,0.026000000000000002,0.213,0.2145809870421888,6,1.1561098266666643,Medium
28.75,-146.75,-7.5469513,-1.2141724,7.6439967,112.321304,7.932352,1.8292398,-0.047,0.192,0.1976689151080665,6,1.218093669999998,Medium
28.75,-146.5,-7.5313263,-1.3508911,7.651521,107.55568,7.937723,1.8280191,-0.127,0.181,0.22111083193728887,6,1.1849976166666645,Medium
28.75,-146.25,-7.585037,-1.529602,7.7377305,107.55568,7.937723,1.8280191,-0.2,0.183,0.2710885464197999,6,1.2859969899999983,Medium
28.75,-146.0,-7.7364044,-1.7493286,7.931715,100.540054,7.894022,1.8365641,-0.25,0.151,0.2920633492925807,6,1.4182874066666655,Medium
28.75,-145.75,-7.879959,-1.9885864,8.127007,100.540054,7.894022,1.8365641,-0.261,0.056,0.2669400681801067,6,1.4489719966666654,Medium
28.75,-145.5,-8.003983,-2.1897583,8.298119,91.03224,7.7853794,1.8643961,-0.231,-0.057,0.23792856070678023,6,1.5876725166666652,Medium
28.75,-145.25,-8.079178,-2.2913208,8.397814,91.03224,7.7853794,1.8643961,-0.17200000000000001,-0.126,0.21321350801485353,6,1.6979055733333317,Medium
28.75,-145.0,-8.090897,-2.3186646,8.416579,82.37599,7.6706333,1.8983316,-0.108,-0.125,0.16519382555047268,6,1.552788503333332,Medium
28.75,-144.75,-8.138748,-2.293274,8.455668,82.37599,7.6706333,1.8983316,-0.053,-0.092,0.10617438485811914,6,1.5091609366666654,Medium
28.75,-144.5,-8.237381,-2.3030396,8.55327,76.29787,7.600565,1.9229898,-0.018000000000000002,-0.07100000000000001,0.07324616030891996,6,1.6214155133333323,Medium
28.75,-144.25,-8.326248,-2.3235474,8.644379,76.29787,7.600565,1.9229898,-0.006,-0.073,0.07324616030891994,6,1.6143467166666656,Medium
28.75,-144.0,-8.384842,-2.3753052,8.714795,71.64943,7.5463657,1.9454508,-0.008,-0.078,0.07840918313565064,6,2.089364733333333,Medium
28.75,-143.75,-8.437576,-2.449524,8.785947,71.64943,7.5463657,1.9454508,-0.028,-0.062,0.06802940540677979,6,2.1759791333333327,Medium
28.75,-143.5,-8.520584,-2.5618286,8.897377,67.49318,7.4889927,1.971818,-0.067,-0.029,0.07300684899377592,6,2.543901353333332,Medium
28.75,-143.25,-8.6514435,-2.7024536,9.063704,67.49318,7.4889927,1.971818,-0.115,0.001,0.11500434774390053,6,2.452649846666665,Medium
28.75,-143.0,-8.8076935,-2.864563,9.261813,63.78224,7.4467564,1.9974527,-0.152,0.026000000000000002,0.15420765220960989,6,2.574724096666667,Medium
28.75,-142.75,-8.923904,-3.012024,9.418511,63.78224,7.4467564,1.9974527,-0.171,0.059000000000000004,0.18089223311131963,6,2.8075440399999994,Medium
28.75,-142.5,-8.944412,-3.0842896,9.461255,60.352554,7.428934,2.0201578,-0.17300000000000001,0.097,0.1983380951809309,6,2.7969479499999994,Medium
28.75,-142.25,-8.93074,-3.1956177,9.485257,60.352554,7.428934,2.0201578,-0.167,0.109,0.19942417105255822,6,2.8019679466666663,Medium
28.75,-142.0,-8.890701,-3.319641,9.490236,56.891617,7.4369907,2.036027,-0.165,0.07,0.1792344832893492,6,2.719410899999999,Medium
28.75,-141.75,-8.841873,-3.4544067,9.492716,56.891617,7.4369907,2.036027,-0.17,0.008,0.17018813119603848,6,2.795869313333332,Medium
28.75,-141.5,-8.782303,-3.6331177,9.504125,53.09474,7.4745884,2.0440836,-0.178,-0.024,0.17961069010501574,6,2.9876658700000007,Medium
28.75,-141.25,-8.6866,-3.8313599,9.494016,53.09474,7.4745884,2.0440836,-0.191,-0.007,0.191128229207514,6,2.81593725,Medium
28.75,-141.0,-8.55867,-4.043274,9.465669,49.30568,7.510721,2.05507,-0.192,0.021,0.19314502323383845,6,2.77910639,Medium
28.75,-140.75,-8.465897,-4.215149,9.457213,49.30568,7.510721,2.05507,-0.179,0.022,0.18034688796871434,6,2.6210804366666682,Medium
28.75,-140.5,-8.337967,-4.333313,9.3967705,46.06349,7.523905,2.0746012,-0.157,0.0,0.157,6,2.495116976666668,Medium
28.75,-140.25,-8.2295685,-4.435852,9.348935,46.06349,7.523905,2.0746012,-0.147,-0.005,0.14708500943332056,6,2.499619513333333,Medium
28.75,-140.0,-8.159256,-4.592102,9.362738,43.079117,7.522196,2.1017008,-0.154,0.032,0.1572895419282541,6,2.5738025999999996,Medium
28.75,-139.75,-8.098709,-4.73761,9.382646,43.079117,7.522196,2.1017008,-0.166,0.092,0.1897893569197177,6,2.7469517299999993,Medium
28.75,-139.5,-7.982498,-4.8880005,9.360172,40.040054,7.5334263,2.1222086,-0.178,0.129,0.21982947936980607,6,2.8457711499999987,Medium
28.75,-139.25,-7.888748,-5.038391,9.360435,40.040054,7.5334263,2.1222086,-0.192,0.113,0.22278464938141498,6,2.8610063433333313,Medium
28.75,-139.0,-7.8321075,-5.17511,9.387421,36.891617,7.5654087,2.1322184,-0.209,0.048,0.21444113411377025,6,2.829958876666665,Medium
28.75,-138.75,-7.7696075,-5.308899,9.410165,36.891617,7.5654087,2.1322184,-0.228,-0.029,0.2298368986912241,6,2.735415916666665,Medium
28.75,-138.5,-7.697342,-5.444641,9.428318,33.547867,7.620096,2.1312418,-0.23600000000000002,-0.09,0.25257870060636545,6,2.8129325699999996,Medium
28.75,-138.25,-7.5615997,-5.571594,9.392574,33.547867,7.620096,2.1312418,-0.224,-0.117,0.2527152547829276,6,2.772031529999999,Medium
28.75,-138.0,-7.4365997,-5.713196,9.377826,30.571304,7.6740513,2.1305094,-0.211,-0.099,0.23307080469247965,6,2.782996603333333,Medium
28.75,-137.75,-7.3594513,-5.8391724,9.394544,30.571304,7.6740513,2.1305094,-0.209,-0.044,0.21358136622842358,6,2.7972527233333317,Medium
28.75,-137.5,-7.3750763,-5.967102,9.486731,28.235367,7.706522,2.138566,-0.23,-0.001,0.2300021739027699,6,2.7379136066666643,Medium
28.75,-137.25,-7.2832794,-6.0393677,9.461507,28.235367,7.706522,2.138566,-0.272,-0.015,0.27241328895632094,6,2.744713583333331,Medium
28.75,-137.0,-7.172928,-6.135071,9.438749,25.922867,7.7382603,2.1463785,-0.318,-0.06,0.3236108774438832,6,2.818065033333332,Medium
28.75,-136.75,-7.0469513,-6.23761,9.41102,25.922867,7.7382603,2.1463785,-0.334,-0.064,0.3400764619905353,6,2.872408483333333,Medium
28.75,-136.5,-6.9014435,-6.340149,9.371628,23.641617,7.758524,2.1529703,-0.3,-0.004,0.3000266654815868,6,2.848173639999999,Medium
28.75,-136.25,-6.725662,-6.4348755,9.308177,23.641617,7.758524,2.1529703,-0.226,0.052000000000000005,0.23190515302597312,6,2.863228236666666,Medium
28.75,-136.0,-6.522537,-6.541321,9.237552,21.165054,7.7887974,2.150773,-0.157,0.032,0.16022796260328595,6,2.5649431966666665,Medium
28.75,-135.75,-6.306717,-6.57843,9.1132,21.165054,7.7887974,2.150773,-0.129,-0.053,0.13946325680981353,6,2.2195485133333324,Medium
28.75,-135.5,-6.1250763,-6.6672974,9.053696,18.610367,7.8259068,2.1429605,-0.153,-0.122,0.19568597292601225,6,2.2732654466666666,Medium
28.75,-135.25,-6.0108185,-6.83136,9.099309,18.610367,7.8259068,2.1429605,-0.198,-0.124,0.2336236289419373,6,2.3625989066666673,Medium
28.75,-135.0,-5.869217,-6.9680786,9.110534,16.71193,7.8290806,2.1463785,-0.228,-0.078,0.24097302753627842,6,2.339556913333335,Medium
28.75,-134.75,-5.7647247,-7.0960083,9.142505,16.71193,7.8290806,2.1463785,-0.218,-0.039,0.22146105752479373,6,2.7614217933333336,Medium
28.75,-134.5,-5.6114044,-7.244446,9.1635065,14.68068,7.8444614,2.1446695,-0.16,-0.034,0.1635726138447387,6,3.517829763333334,Medium
28.75,-134.25,-5.466873,-7.355774,9.16483,14.68068,7.8444614,2.1446695,-0.077,-0.044,0.08868483523128405,6,3.6965579666666675,Medium
28.75,-134.0,-5.331131,-7.429016,9.143918,12.750993,7.843973,2.1429605,0.0,-0.04,0.04,6,2.5804311166666682,Medium
28.75,-133.75,-5.1397247,-7.545227,9.12947,12.750993,7.843973,2.1429605,0.044,-0.029,0.05269724850502159,6,2.0036646433333347,Medium
28.75,-133.5,-4.8946075,-7.6428833,9.075839,10.977555,7.8359165,2.1400309,0.048,-0.041,0.06312685640834652,6,1.9912147866666685,Medium
28.75,-133.25,-4.7071075,-7.7581177,9.074429,10.977555,7.8359165,2.1400309,0.028,-0.079,0.08381527307120105,6,2.103510003333334,Medium
28.75,-133.0,-4.547928,-7.8518677,9.07389,9.383805,7.8310337,2.1346598,0.003,-0.10300000000000001,0.10304368005850724,6,1.8464631699999998,Medium
28.75,-132.75,-4.364334,-7.9387817,9.059341,9.383805,7.8310337,2.1346598,-0.023,-0.09,0.09289241088485108,6,1.8446124533333332,Medium
28.75,-132.5,-4.1670685,-7.971985,8.995388,7.938493,7.813944,2.13173,-0.059000000000000004,-0.066,0.08852683209061533,6,1.826734900000002,Medium
28.75,-132.25,-3.962967,-8.037415,8.961313,7.938493,7.813944,2.13173,-0.101,-0.058,0.11646887996370534,6,1.728754106666667,Medium
28.75,-132.0,-3.7783966,-8.092102,8.930756,6.3838053,7.803934,2.1256266,-0.126,-0.044,0.13346160496562298,6,1.7853846800000008,Medium
28.75,-131.75,-3.5918732,-8.11261,8.872203,6.3838053,7.803934,2.1256266,-0.122,0.015,0.1229186723000212,6,1.8516300800000014,Medium
28.75,-131.5,-3.3975372,-8.14093,8.821451,4.8213053,7.804178,2.1204996,-0.101,0.096,0.13934489585198306,6,2.5053915433333347,Medium
28.75,-131.25,-3.2315216,-8.139954,8.757943,4.8213053,7.804178,2.1204996,-0.08700000000000001,0.122,0.14984325143295577,6,2.629216130000002,Medium
28.75,-131.0,-3.0440216,-8.138977,8.689592,3.2978678,7.809061,2.1165934,-0.094,0.046,0.10465180361560904,6,2.4188033133333358,Medium
28.75,-130.75,-2.8965607,-8.156555,8.655602,3.2978678,7.809061,2.1165934,-0.112,-0.08700000000000001,0.14182030884185806,6,2.496761846666668,Medium
28.75,-130.5,-2.7168732,-8.187805,8.626793,1.8056803,7.8119907,2.1112223,-0.126,-0.188,0.2263183598385248,6,2.6283378933333337,Medium
28.75,-130.25,-2.489334,-8.215149,8.584023,1.8056803,7.8119907,2.1112223,-0.122,-0.20800000000000002,0.24113896408502714,6,2.6895602733333335,Medium
29.0,-156.25,-6.27742,2.6862183,6.8280134,136.33693,7.746317,1.7096109,-0.123,0.004,0.12306502346320826,6,0.7888484599999992,Low
29.0,-156.0,-6.333084,2.6744995,6.8746567,133.42287,7.5561314,1.7232828,-0.124,0.08600000000000001,0.15090394295710102,6,0.7682523933333328,Low
29.0,-155.75,-6.395584,2.649109,6.922519,133.42287,7.5561314,1.7232828,-0.137,0.17500000000000002,0.22224760966093654,6,0.6662464533333328,Low
29.0,-155.5,-6.4590607,2.657898,6.984546,131.28224,7.4247837,1.720109,-0.14200000000000002,0.24,0.2788619730260833,6,0.6584312899999993,Low
29.0,-155.25,-6.626053,2.5377808,7.0954146,131.28224,7.4247837,1.720109,-0.123,0.289,0.31408597549078815,6,0.6660924899999989,Low
29.0,-155.0,-6.8272247,2.539734,7.284315,128.57912,7.29661,1.7198648,-0.073,0.321,0.3291959902550455,6,0.6929457699999992,Low
29.0,-154.75,-7.131912,2.5475464,7.5732536,128.57912,7.29661,1.7198648,-0.01,0.302,0.3021655175561897,6,0.7457686166666655,Low
29.0,-154.5,-7.326248,2.445984,7.7237782,125.51662,7.1879673,1.7291422,0.038,0.213,0.2163631207022121,6,0.7267349899999987,Low
29.0,-154.25,-7.554764,2.2330933,7.8778906,125.51662,7.1879673,1.7291422,0.041,0.111,0.11833004690272036,6,0.7962968033333321,Low
29.0,-154.0,-7.730545,1.9801636,7.9801235,122.86818,7.140848,1.7442789,-0.005,0.073,0.07317103251970686,6,0.8338367033333319,Low
29.0,-153.75,-7.826248,1.6344604,7.9950995,122.86818,7.140848,1.7442789,-0.07100000000000001,0.109,0.13008458786497346,6,0.7732341599999989,Low
29.0,-153.5,-7.773514,1.3561401,7.8909206,121.64162,7.1657505,1.754777,-0.114,0.148,0.18681541692269404,6,0.6365998999999992,Low
29.0,-153.25,-7.8028107,1.1305542,7.884289,121.64162,7.1657505,1.754777,-0.11900000000000001,0.136,0.18071247881648905,6,0.6686160433333321,Low
29.0,-153.0,-7.766678,0.94207764,7.823605,122.28224,7.2790318,1.7454996,-0.1,0.088,0.1332066064427737,6,0.6857499466666656,Low
29.0,-152.75,-7.6846466,0.807312,7.7269363,122.28224,7.2790318,1.7454996,-0.081,0.05,0.09518928511129811,6,0.7158352499999987,Low
29.0,-152.5,-7.697342,0.6598511,7.7255726,123.008804,7.402811,1.735734,-0.073,0.043000000000000003,0.08472307831990053,6,0.7658257666666658,Low
29.0,-152.25,-7.7764435,0.6178589,7.80095,123.008804,7.402811,1.735734,-0.074,0.06,0.09526804291051642,6,0.762629459999999,Low
29.0,-152.0,-7.819412,0.60321045,7.842644,122.93068,7.499979,1.7352457,-0.076,0.097,0.12322743201089602,6,0.752860199999999,Low
29.0,-151.75,-7.962967,0.64227295,7.988827,122.93068,7.499979,1.7352457,-0.073,0.139,0.15700318468107582,6,0.7101914099999983,Low
29.0,-151.5,-8.077225,0.69989014,8.107491,121.95412,7.5612583,1.7459879,-0.067,0.167,0.1799388785115657,6,0.7492243133333317,Low
29.0,-151.25,-8.228592,0.69207764,8.257645,121.95412,7.5612583,1.7459879,-0.069,0.185,0.19744872752185566,6,0.709785699999998,Low
29.0,-151.0,-8.194412,0.5914917,8.215732,121.14943,7.618143,1.7603922,-0.081,0.196,0.21207781590727495,6,0.7004761666666648,Low
29.0,-150.75,-8.080154,0.5270386,8.097324,121.14943,7.618143,1.7603922,-0.10300000000000001,0.21,0.2338995510897787,6,0.7123429833333318,Low
29.0,-150.5,-7.8946075,0.50653076,7.910841,122.58693,7.742899,1.7559977,-0.126,0.21,0.2448999795835026,6,0.6781480999999985,Low
29.0,-150.25,-7.7158966,0.45281982,7.7291727,122.58693,7.742899,1.7559977,-0.14200000000000002,0.162,0.21542516101885592,6,0.8416961333333307,Low
29.0,-150.0,-7.601639,0.4459839,7.6147103,125.50099,7.8935337,1.7457438,-0.156,0.078,0.17441330224498358,6,1.0247478099999974,Medium
29.0,-149.75,-7.543045,0.3834839,7.552787,125.50099,7.8935337,1.7457438,-0.171,-0.002,0.171011695506477,6,1.1603752866666641,Medium
29.0,-149.5,-7.551834,0.19696045,7.554402,128.76662,8.030497,1.7342691,-0.186,-0.043000000000000003,0.19090573590125573,6,1.2378987599999982,Medium
29.0,-149.25,-7.5489044,-0.034484863,7.548983,128.76662,8.030497,1.7342691,-0.195,-0.033,0.19777259668619412,6,1.302425706666665,Medium
29.0,-149.0,-7.6397247,-0.22198486,7.642949,130.64162,8.10911,1.7310953,-0.187,0.01,0.1872671887971836,6,1.3036253599999985,Medium
29.0,-148.75,-7.685623,-0.42510986,7.697371,130.64162,8.10911,1.7310953,-0.16,0.049,0.16733499335165972,6,1.3123106633333312,Medium
29.0,-148.5,-7.678787,-0.47296143,7.693339,131.15724,8.135965,1.7359781,-0.11800000000000001,0.051000000000000004,0.1285496013218244,6,1.3192483399999984,Medium
29.0,-148.25,-7.6719513,-0.5286255,7.690142,131.15724,8.135965,1.7359781,-0.07100000000000001,0.005,0.07117583859709699,6,1.3648446999999986,Medium
29.0,-148.0,-7.685623,-0.62628174,7.7110977,129.73537,8.123026,1.7469645,-0.03,-0.039,0.04920365840057018,6,1.3171778733333321,Medium
29.0,-147.75,-7.6338654,-0.7493286,7.6705537,129.73537,8.123026,1.7469645,0.003,-0.013000000000000001,0.013341664064126336,6,2.91674326333333,Medium
29.0,-147.5,-7.632889,-0.87042236,7.682358,124.93849,8.06492,1.7706461,0.027,0.095,0.09876234100101111,6,1.3137904299999985,Medium
29.0,-147.25,-7.565506,-0.9729614,7.6278133,124.93849,8.06492,1.7706461,0.04,0.21,0.21377558326431947,6,1.3085280033333322,Medium
29.0,-147.0,-7.5303497,-1.0266724,7.6000147,119.571304,8.028055,1.7874918,0.034,0.264,0.2661803899613944,6,1.262888586666665,Medium
29.0,-146.75,-7.5508575,-1.1008911,7.6306887,119.571304,8.028055,1.7874918,0.008,0.265,0.26512072721686625,6,1.272276466666665,Medium
29.0,-146.5,-7.574295,-1.2366333,7.674582,113.71193,8.008768,1.7953043,-0.03,0.259,0.260731662825979,6,1.329935823333332,Medium
29.0,-146.25,-7.614334,-1.4631958,7.753646,113.71193,8.008768,1.7953043,-0.068,0.244,0.253298243183801,6,1.327026866666665,Medium
29.0,-146.0,-7.7188263,-1.7005005,7.903922,103.76662,7.916727,1.8182535,-0.096,0.182,0.2057668583615933,6,1.3126654733333327,Medium
29.0,-145.75,-7.8750763,-1.920227,8.105806,103.76662,7.916727,1.8182535,-0.11,0.055,0.12298373876248843,6,1.3225195866666652,Medium
29.0,-145.5,-8.001053,-2.043274,8.2578335,92.665054,7.7851353,1.8529215,-0.114,-0.08600000000000001,0.14280056022299073,6,1.417200386666665,Medium
29.0,-145.25,-8.068436,-2.116516,8.34142,92.665054,7.7851353,1.8529215,-0.107,-0.171,0.20171762441591465,6,1.647896863333332,Medium
29.0,-145.0,-8.071365,-2.1360474,8.34923,84.602554,7.706522,1.8766031,-0.091,-0.176,0.19813379318026494,6,1.5983984933333324,Medium
29.0,-144.75,-8.156326,-2.1340942,8.430897,84.602554,7.706522,1.8766031,-0.068,-0.135,0.15115885683611133,6,1.4732726999999988,Medium
29.0,-144.5,-8.247147,-2.1428833,8.520996,78.727554,7.6725864,1.8897867,-0.048,-0.096,0.10733126291998991,6,1.6624534366666652,Medium
29.0,-144.25,-8.324295,-2.179016,8.604766,78.727554,7.6725864,1.8897867,-0.039,-0.079,0.08810221336606702,6,1.6976663199999988,Medium
29.0,-144.0,-8.384842,-2.2346802,8.677521,73.31349,7.623514,1.9107828,-0.048,-0.062,0.07840918313565064,6,2.0039203666666663,Medium
29.0,-143.75,-8.457108,-2.3274536,8.771528,73.31349,7.623514,1.9107828,-0.074,-0.026000000000000002,0.0784346862045103,6,2.0028002466666655,Medium
29.0,-143.5,-8.541092,-2.442688,8.883523,68.477554,7.571512,1.9364176,-0.109,0.018000000000000002,0.11047624178980746,6,2.4794468033333326,Medium
29.0,-143.25,-8.659256,-2.5872192,9.0375,68.477554,7.571512,1.9364176,-0.14200000000000002,0.045,0.1489597261007149,6,2.4952479299999992,Medium
29.0,-143.0,-8.752029,-2.748352,9.17341,64.290054,7.5341587,1.9608316,-0.166,0.053,0.17425555945220228,6,2.6643761833333333,Medium
29.0,-142.75,-8.8389435,-2.8909302,9.299699,64.290054,7.5341587,1.9608316,-0.178,0.066,0.18984203960134857,6,2.845147793333333,Medium
29.0,-142.5,-8.832108,-2.9641724,9.316246,60.68849,7.499735,1.9876871,-0.177,0.09,0.19856736892047494,6,2.8813698666666667,Medium
29.0,-142.25,-8.798904,-3.085266,9.32414,60.68849,7.499735,1.9876871,-0.17200000000000001,0.101,0.19946177578674068,6,2.860924043333333,Medium
29.0,-142.0,-8.751053,-3.2219849,9.325348,56.766617,7.5024204,2.0055094,-0.17,0.07200000000000001,0.18461852561430558,6,2.8093066466666667,Medium
29.0,-141.75,-8.697342,-3.4104614,9.342109,56.766617,7.5024204,2.0055094,-0.179,0.023,0.18047160441465576,6,2.86514185,Medium
29.0,-141.5,-8.640701,-3.605774,9.36287,52.704117,7.534403,2.018937,-0.197,-0.002,0.1970101520226813,6,3.013637833333334,Medium
29.0,-141.25,-8.533279,-3.833313,9.354739,52.704117,7.534403,2.018937,-0.209,0.003,0.20902152999152981,6,2.839816520000001,Medium
29.0,-141.0,-8.408279,-4.05011,9.332875,49.02443,7.5480747,2.0416422,-0.20400000000000001,0.008,0.20415680248279755,6,2.773006253333334,Medium
29.0,-140.75,-8.324295,-4.20636,9.326701,49.02443,7.5480747,2.0416422,-0.177,-0.01,0.17728226081590903,6,2.612023823333334,Medium
29.0,-140.5,-8.269608,-4.3342896,9.336619,45.43849,7.5615025,2.06215,-0.146,-0.027,0.1484755872189095,6,2.5272760433333343,Medium
29.0,-140.25,-8.1866,-4.4573364,9.321387,45.43849,7.5615025,2.06215,-0.128,-0.011,0.12847178678604887,6,2.4219093966666656,Medium
29.0,-140.0,-8.095779,-4.596985,9.309882,42.391617,7.567606,2.0887613,-0.132,0.041,0.1382208377922808,6,2.495012263333334,Medium
29.0,-139.75,-8.014725,-4.7385864,9.310747,42.391617,7.567606,2.0887613,-0.138,0.099,0.16983815825661794,6,2.630780400000001,Medium
29.0,-139.5,-7.9063263,-4.8860474,9.29427,39.235367,7.590555,2.1075602,-0.134,0.13,0.18669761648183944,6,2.6813591600000004,Medium
29.0,-139.25,-7.8301544,-5.013977,9.297918,39.235367,7.590555,2.1075602,-0.132,0.12,0.17839282496782208,6,2.6846292000000007,Medium
29.0,-139.0,-7.7783966,-5.1399536,9.323228,36.11818,7.6242466,2.1197672,-0.149,0.07100000000000001,0.16505150711217392,6,2.543648266666666,Medium
29.0,-138.75,-7.7295685,-5.2512817,9.344634,36.11818,7.6242466,2.1197672,-0.18,-0.005,0.18006943105369105,6,2.6320274099999996,Medium
29.0,-138.5,-7.6563263,-5.3606567,9.346441,32.99318,7.6689243,2.12465,-0.212,-0.082,0.22730596120647606,6,2.8149448333333322,Medium
29.0,-138.25,-7.523514,-5.471985,9.303003,32.99318,7.6689243,2.12465,-0.222,-0.13,0.25726251184344756,6,2.728979923333333,Medium
29.0,-138.0,-7.3858185,-5.560852,9.245182,29.852554,7.7265415,2.1231852,-0.217,-0.115,0.24558908770545976,6,2.7837435299999993,Medium
29.0,-137.75,-7.303787,-5.6760864,9.250041,29.852554,7.7265415,2.1231852,-0.211,-0.041,0.21494650497274898,6,2.697317906666666,Medium
29.0,-137.5,-7.270584,-5.8294067,9.318979,27.219742,7.7753696,2.1266031,-0.22,0.032,0.22231509170544406,6,2.7695327633333315,Medium
29.0,-137.25,-7.1397247,-5.9172974,9.273084,27.219742,7.7753696,2.1266031,-0.259,0.042,0.2623833073958784,6,2.7124332133333318,Medium
29.0,-137.0,-7.036209,-6.0110474,9.254238,24.96193,7.805643,2.1361246,-0.309,-0.013000000000000001,0.3092733418838423,6,2.594618446666664,Medium
29.0,-136.75,-6.8965607,-6.1067505,9.211675,24.96193,7.805643,2.1361246,-0.332,-0.067,0.33869307639808643,6,2.695843963333332,Medium
29.0,-136.5,-6.732498,-6.2044067,9.155392,22.633804,7.8290806,2.1441813,-0.312,-0.066,0.3189043743820395,6,2.7260835399999994,Medium
29.0,-136.25,-6.478592,-6.277649,9.021143,22.633804,7.8290806,2.1441813,-0.253,-0.032,0.25501568579207046,6,2.42277827,Medium
29.0,-136.0,-6.27742,-6.375305,8.947096,20.071304,7.8686314,2.143937,-0.197,-0.018000000000000002,0.19782062582046392,6,2.361756149999999,Medium
29.0,-135.75,-6.1026154,-6.4456177,8.876255,20.071304,7.8686314,2.143937,-0.18,-0.044,0.1852997571504075,6,2.2106666466666667,Medium
29.0,-135.5,-6.0371857,-6.587219,8.935271,18.008804,7.8793736,2.1510172,-0.196,-0.079,0.211322029140362,6,2.3123561700000006,Medium
29.0,-135.25,-5.949295,-6.7542114,9.00075,18.008804,7.8793736,2.1510172,-0.218,-0.089,0.23546761985462034,6,2.343170763333333,Medium
29.0,-135.0,-5.7969513,-6.920227,9.027413,16.329117,7.866434,2.1651773,-0.213,-0.082,0.22823890991677998,6,2.5119781133333343,Medium
29.0,-134.75,-5.6895294,-7.10968,9.105948,16.329117,7.866434,2.1651773,-0.181,-0.084,0.1995419755339713,6,2.535689623333335,Medium
29.0,-134.5,-5.5459747,-7.277649,9.149973,14.665055,7.860819,2.1771402,-0.134,-0.10400000000000001,0.16962311163281968,6,3.6628837000000005,Medium
29.0,-134.25,-5.413162,-7.4368286,9.198301,14.665055,7.860819,2.1771402,-0.09,-0.117,0.14761097520171054,6,3.9488059099999995,Medium
29.0,-134.0,-5.2783966,-7.529602,9.195455,13.032243,7.855448,2.1866617,-0.061,-0.09,0.10872442227944924,6,2.007085653333334,Medium
29.0,-133.75,-5.1250763,-7.6135864,9.177859,13.032243,7.855448,2.1866617,-0.05,-0.043000000000000003,0.06594694837519019,6,2.0931319833333353,Medium
29.0,-133.5,-4.853592,-7.680969,9.0859585,11.571305,7.833231,2.1966715,-0.054,-0.027,0.06037383539249432,6,2.0546892700000026,Medium
29.0,-133.25,-4.6602325,-7.7942505,9.081196,11.571305,7.833231,2.1966715,-0.066,-0.057,0.0872066511224918,6,2.059420436666668,Medium
29.0,-133.0,-4.485428,-7.9192505,9.101295,10.016618,7.8220005,2.1983805,-0.078,-0.082,0.11317243480636087,6,1.6901531766666662,Medium
29.0,-132.75,-4.306717,-8.01886,9.102194,10.016618,7.8220005,2.1983805,-0.092,-0.063,0.11150336317797772,6,1.596614983333333,Medium
29.0,-132.5,-4.116287,-8.101868,9.087578,8.594743,7.805643,2.2008219,-0.11,-0.028,0.1135077089893017,6,1.7728037733333342,Medium
29.0,-132.25,-3.9190216,-8.176086,9.066814,8.594743,7.805643,2.2008219,-0.133,-0.022,0.13480726983364066,6,1.7790663966666675,Medium
29.0,-132.0,-3.7256622,-8.226868,9.031163,7.047868,7.800028,2.2000895,-0.147,-0.034,0.15088074761214565,6,1.9653345500000003,Medium
29.0,-131.75,-3.5196075,-8.251282,8.970579,7.047868,7.800028,2.2000895,-0.133,-0.011,0.13345411196362592,6,1.8445932733333341,Medium
29.0,-131.5,-3.324295,-8.26886,8.912069,5.4775553,7.803934,2.1998453,-0.092,0.052000000000000005,0.10567875850898326,6,1.879664786666668,Medium
29.0,-131.25,-3.1446075,-8.280579,8.85757,5.4775553,7.803934,2.1998453,-0.042,0.088,0.09750897394599124,6,2.0886273033333342,Medium
29.0,-131.0,-2.9610138,-8.314758,8.826257,3.8916178,7.8151646,2.1986246,-0.011,0.041,0.04244997055358225,6,2.9601615400000005,Medium
29.0,-130.75,-2.793045,-8.329407,8.785221,3.8916178,7.8151646,2.1986246,-0.015,-0.068,0.06963476143421474,6,2.4943533700000025,Medium
29.0,-130.5,-2.5840607,-8.335266,8.726627,2.2509928,7.833231,2.1910563,-0.048,-0.164,0.17088007490635063,6,2.8307970033333345,Medium
29.0,-130.25,-2.364334,-8.351868,8.6800785,2.2509928,7.833231,2.1910563,-0.084,-0.197,0.21416115427406532,6,2.703953593333333,Medium
29.25,-156.25,-6.1338654,2.463562,6.6101017,136.33693,7.746317,1.7096109,-0.11900000000000001,0.008,0.11926860441876563,6,0.8100232499999994,Low
29.25,-156.0,-6.2051544,2.4577026,6.674147,133.42287,7.5561314,1.7232828,-0.125,0.08600000000000001,0.15172672803431833,6,0.8259253099999996,Low
29.25,-155.75,-6.2344513,2.4743042,6.7075005,133.42287,7.5561314,1.7232828,-0.122,0.17200000000000001,0.21087437018281763,6,0.7381251966666663,Low
29.25,-155.5,-6.297928,2.4821167,6.7694016,131.28224,7.4247837,1.720109,-0.106,0.218,0.242404620418011,6,0.769928516666666,Low
29.25,-155.25,-6.3858185,2.651062,6.9142466,131.28224,7.4247837,1.720109,-0.069,0.233,0.24300205760445734,6,0.8648737533333324,Low
29.25,-155.0,-6.6133575,2.7575073,7.165218,128.57912,7.29661,1.7198648,-0.008,0.23600000000000002,0.2361355542903271,6,0.8483382333333319,Low
29.25,-154.75,-6.954178,2.8034058,7.4979777,128.57912,7.29661,1.7198648,0.067,0.216,0.22615260334561704,6,0.9556581866666659,Low
29.25,-154.5,-7.2022247,2.6998901,7.691648,125.51662,7.1879673,1.7291422,0.127,0.168,0.21060151946270475,6,1.0137677333333328,Medium
29.25,-154.25,-7.429764,2.4869995,7.834957,125.51662,7.1879673,1.7291422,0.14100000000000001,0.128,0.1904337155022713,6,1.0269719099999992,Medium
29.25,-154.0,-7.482498,2.189148,7.796162,122.86818,7.140848,1.7442789,0.11,0.134,0.17336666346215468,6,1.0802207566666657,Medium
29.25,-153.75,-7.498123,1.8639526,7.72633,122.86818,7.140848,1.7442789,0.062,0.167,0.17813758727455586,6,1.011215666666666,Medium
29.25,-153.5,-7.400467,1.5758667,7.5663905,121.64162,7.1657505,1.754777,0.027,0.171,0.1731184565550421,6,0.8302273266666657,Low
29.25,-153.25,-7.3701935,1.3639526,7.49534,121.64162,7.1657505,1.754777,0.01,0.134,0.1343726162579266,6,0.8261329899999988,Low
29.25,-153.0,-7.333084,1.1764526,7.426854,122.28224,7.2790318,1.7454996,-0.003,0.081,0.08105553651663777,6,0.812617313333332,Low
29.25,-152.75,-7.409256,1.0036011,7.4769173,122.28224,7.2790318,1.7454996,-0.023,0.052000000000000005,0.056859475903318,6,0.830537009999999,Low
29.25,-152.5,-7.513748,0.86395264,7.5632553,123.008804,7.402811,1.735734,-0.05,0.052000000000000005,0.07213875518748575,6,0.8141924566666657,Low
29.25,-152.25,-7.678787,0.81903076,7.722343,123.008804,7.402811,1.735734,-0.07200000000000001,0.065,0.097,6,0.7681804666666656,Low
29.25,-152.0,-7.891678,0.744812,7.9267473,122.93068,7.499979,1.7352457,-0.083,0.091,0.1231665539016173,6,0.7342968733333323,Low
29.25,-151.75,-8.034256,0.78289795,8.07231,122.93068,7.499979,1.7352457,-0.08,0.124,0.14756693396557374,6,0.7055774666666653,Low
29.25,-151.5,-8.0889435,0.6129761,8.112136,121.95412,7.5612583,1.7459879,-0.068,0.154,0.16834488409215173,6,0.7018356699999984,Low
29.25,-151.25,-8.195389,0.52215576,8.212006,121.95412,7.5612583,1.7459879,-0.057,0.184,0.19262658175859323,6,0.7575739566666648,Low
29.25,-151.0,-8.169022,0.4743042,8.18278,121.14943,7.618143,1.7603922,-0.048,0.20700000000000002,0.2124923528035774,6,0.7584736566666649,Low
29.25,-150.75,-8.015701,0.54071045,8.033917,121.14943,7.618143,1.7603922,-0.04,0.223,0.22655904307707517,6,0.8091071966666651,Low
29.25,-150.5,-7.8301544,0.5211792,7.8474803,122.58693,7.742899,1.7559977,-0.029,0.217,0.21892921230388604,6,0.7546790399999985,Low
29.25,-150.25,-7.668045,0.68621826,7.698689,122.58693,7.742899,1.7559977,-0.014,0.168,0.16858232410309215,6,0.9299404299999985,Low
29.25,-150.0,-7.572342,0.7711792,7.61151,125.50099,7.8935337,1.7457438,-0.006,0.094,0.09419129471453293,6,1.020118329999998,Medium
29.25,-149.75,-7.5108185,0.72039795,7.545288,125.50099,7.8935337,1.7457438,-0.015,0.025,0.029154759474226504,6,1.5146998733333323,Medium
29.25,-149.5,-7.4639435,0.5504761,7.4842153,128.76662,8.030497,1.7342691,-0.046,-0.005,0.046270941205037094,6,1.2154986333333326,Medium
29.25,-149.25,-7.461014,0.32000732,7.467873,128.76662,8.030497,1.7342691,-0.092,0.001,0.09200543462209175,6,1.1313125366666648,Medium
29.25,-149.0,-7.4278107,0.047546387,7.427963,130.64162,8.10911,1.7310953,-0.133,0.022,0.13480726983364066,6,1.1579017999999974,Medium
29.25,-148.75,-7.422928,-0.17999268,7.42511,130.64162,8.10911,1.7310953,-0.152,0.036000000000000004,0.15620499351813308,6,1.2379630533333308,Medium
29.25,-148.5,-7.4170685,-0.22979736,7.4206276,131.15724,8.135965,1.7359781,-0.146,0.022,0.147648230602334,6,1.2464711966666646,Medium
29.25,-148.25,-7.4746857,-0.34503174,7.4826446,131.15724,8.135965,1.7359781,-0.132,-0.022,0.13382077566656084,6,1.2608445533333315,Medium
29.25,-148.0,-7.4883575,-0.44171143,7.501374,129.73537,8.123026,1.7469645,-0.127,-0.056,0.13879841497654072,6,1.1888821833333312,Medium
29.25,-147.75,-7.6114044,-0.6253052,7.637047,129.73537,8.123026,1.7469645,-0.126,-0.029,0.1292942380773405,6,1.269419706666665,Medium
29.25,-147.5,-7.626053,-0.7854614,7.666396,124.93849,8.06492,1.7706461,-0.111,0.07,0.13122880781291887,6,1.291265483333332,Medium
29.25,-147.25,-7.518631,-0.9133911,7.573909,124.93849,8.06492,1.7706461,-0.075,0.18,0.19499999999999998,6,1.252573176666666,Medium
29.25,-147.0,-7.445389,-1.0286255,7.5161085,119.571304,8.028055,1.7874918,-0.025,0.242,0.24328789530101985,6,1.2430882266666656,Medium
29.25,-146.75,-7.46492,-1.1028442,7.545946,119.571304,8.028055,1.7874918,0.022,0.262,0.2629220416777567,6,1.2356071133333324,Medium
29.25,-146.5,-7.513748,-1.2278442,7.6134105,113.71193,8.008768,1.7953043,0.058,0.267,0.27322701184180165,6,1.4111428233333323,Medium
29.25,-146.25,-7.572342,-1.3987427,7.700444,113.71193,8.008768,1.7953043,0.083,0.258,0.2710221393170676,6,1.4028873333333318,Medium
29.25,-146.0,-7.7032013,-1.5969849,7.8669987,103.76662,7.916727,1.8182535,0.091,0.199,0.21881956036881164,6,1.460997766666666,Medium
29.25,-145.75,-7.8897247,-1.7444458,8.080276,103.76662,7.916727,1.8182535,0.076,0.078,0.10890362712049585,6,1.4778234099999987,Medium
29.25,-145.5,-8.015701,-1.8674927,8.23037,92.665054,7.7851353,1.8529215,0.036000000000000004,-0.059000000000000004,0.0691158447825099,6,1.4385305266666664,Medium
29.25,-145.25,-8.084061,-1.9026489,8.304945,92.665054,7.7851353,1.8529215,-0.014,-0.151,0.15164761785138597,6,1.6103912666666655,Medium
29.25,-145.0,-8.097733,-1.9241333,8.323194,84.602554,7.706522,1.8766031,-0.053,-0.171,0.17902513789968158,6,1.6828012599999993,Medium
29.25,-144.75,-8.160233,-1.9280396,8.384911,84.602554,7.706522,1.8766031,-0.068,-0.145,0.1601530517973354,6,1.5353613366666663,Medium
29.25,-144.5,-8.234451,-1.9641724,8.465468,78.727554,7.6725864,1.8897867,-0.068,-0.106,0.12593649193144932,6,1.6899749599999987,Medium
29.25,-144.25,-8.3116,-2.0012817,8.549141,78.727554,7.6725864,1.8897867,-0.074,-0.07200000000000001,0.10324727599312244,6,1.8162628299999994,Medium
29.25,-144.0,-8.390701,-2.0813599,8.644995,73.31349,7.623514,1.9107828,-0.093,-0.036000000000000004,0.09972462083156797,6,2.0949872783333325,Medium
29.25,-143.75,-8.466873,-2.185852,8.744477,73.31349,7.623514,1.9107828,-0.123,0.01,0.12340583454602136,6,2.0707064749999997,Medium
29.25,-143.5,-8.591873,-2.3167114,8.898732,68.477554,7.571512,1.9364176,-0.148,0.05,0.15621779668142804,6,2.6040106499999993,Medium
29.25,-143.25,-8.676834,-2.4417114,9.013845,68.477554,7.571512,1.9364176,-0.162,0.067,0.17530829986055993,6,2.7173254833333327,Medium
29.25,-143.0,-8.770584,-2.6028442,9.148658,64.290054,7.5341587,1.9608316,-0.171,0.066,0.18329484444468153,6,2.8538584833333336,Medium
29.25,-142.75,-8.710037,-2.7122192,9.122548,64.290054,7.5341587,1.9608316,-0.177,0.07100000000000001,0.19070920271449934,6,2.771474056666666,Medium
29.25,-142.5,-8.675858,-2.8137817,9.120739,60.68849,7.499735,1.9876871,-0.18,0.089,0.20080089641234172,6,2.770628683333333,Medium
29.25,-142.25,-8.634842,-2.9612427,9.128497,60.68849,7.499735,1.9876871,-0.178,0.097,0.20271408436514715,6,2.782073279999999,Medium
29.25,-142.0,-8.605545,-3.170227,9.170918,56.766617,7.5024204,2.0055094,-0.17200000000000001,0.07200000000000001,0.18646179233290666,6,2.85020208,Medium
29.25,-141.75,-8.551834,-3.3587036,9.187751,56.766617,7.5024204,2.0055094,-0.17200000000000001,0.035,0.17552492700468503,6,2.8979912066666667,Medium
29.25,-141.5,-8.504959,-3.5872192,9.230518,52.704117,7.534403,2.018937,-0.178,0.014,0.17854971296532515,6,3.009947583333334,Medium
29.25,-141.25,-8.4014435,-3.7903442,9.216885,52.704117,7.534403,2.018937,-0.181,0.006,0.1810994202089007,6,2.835152456666667,Medium
29.25,-141.0,-8.30867,-3.9817505,9.213487,49.02443,7.5480747,2.0416422,-0.17200000000000001,-0.013000000000000001,0.1724905794529081,6,2.7462050933333337,Medium
29.25,-140.75,-8.244217,-4.1047974,9.209585,49.02443,7.5480747,2.0416422,-0.151,-0.044,0.15728000508646992,6,2.5992164333333343,Medium
29.25,-140.5,-8.189529,-4.232727,9.218697,45.43849,7.5615025,2.06215,-0.13,-0.053,0.14038874598770373,6,2.528186870000001,Medium
29.25,-140.25,-8.090897,-4.3606567,9.191188,45.43849,7.5615025,2.06215,-0.11800000000000001,-0.019,0.11951987282456421,6,2.4423537299999993,Medium
29.25,-140.0,-7.9883575,-4.489563,9.163516,42.391617,7.567606,2.0887613,-0.109,0.037,0.11510864433221338,6,2.5316017433333333,Medium
29.25,-139.75,-7.9063263,-4.6380005,9.166299,42.391617,7.567606,2.0887613,-0.096,0.084,0.1275617497528158,6,2.5660587200000005,Medium
29.25,-139.5,-7.8252716,-4.7561646,9.15729,39.235367,7.590555,2.1075602,-0.073,0.109,0.13118688958886096,6,2.669879273333333,Medium
29.25,-139.25,-7.748123,-4.884094,9.159028,39.235367,7.590555,2.1075602,-0.049,0.113,0.1231665539016173,6,2.615886473333333,Medium
29.25,-139.0,-7.692459,-4.98761,9.167889,36.11818,7.6242466,2.1197672,-0.046,0.091,0.10196568050084302,6,2.573728253333334,Medium
29.25,-138.75,-7.6377716,-5.0911255,9.179058,36.11818,7.6242466,2.1197672,-0.074,0.036000000000000004,0.08229216244576393,6,2.50228183,Medium
29.25,-138.5,-7.5733185,-5.1829224,9.177028,32.99318,7.6689243,2.12465,-0.117,-0.043000000000000003,0.12465151423067432,6,2.4607043966666664,Medium
29.25,-138.25,-7.469803,-5.2630005,9.137676,32.99318,7.6689243,2.12465,-0.164,-0.105,0.19473315074737532,6,2.466884893333332,Medium
29.25,-138.0,-7.3321075,-5.3518677,9.077571,29.852554,7.7265415,2.1231852,-0.196,-0.106,0.2228272873774664,6,2.5681147033333316,Medium
29.25,-137.75,-7.1514435,-5.4299927,8.979307,29.852554,7.7265415,2.1231852,-0.214,-0.036000000000000004,0.21700691233230335,6,2.4947271033333323,Medium
29.25,-137.5,-7.05867,-5.5647583,8.988401,27.219742,7.7753696,2.1266031,-0.219,0.051000000000000004,0.2248599564173221,6,2.439979916666665,Medium
29.25,-137.25,-6.9151154,-5.680969,8.949427,27.219742,7.7753696,2.1266031,-0.227,0.077,0.23970398411373978,6,2.4329454999999984,Medium
29.25,-137.0,-6.799881,-5.8567505,8.974402,24.96193,7.805643,2.1361246,-0.241,0.022,0.24200206610688263,6,2.4771922499999985,Medium
29.25,-136.75,-6.661209,-5.95343,8.933927,24.96193,7.805643,2.1361246,-0.248,-0.061,0.25539185578244267,6,2.4738898933333333,Medium
29.25,-136.5,-6.5303497,-6.074524,8.9188175,22.633804,7.8290806,2.1441813,-0.243,-0.099,0.2623928352680385,6,2.5507039799999998,Medium
29.25,-136.25,-6.315506,-6.156555,8.819796,22.633804,7.8290806,2.1441813,-0.222,-0.079,0.2356374333589636,6,2.4958239866666663,Medium
29.25,-136.0,-6.1621857,-6.284485,8.80155,20.071304,7.8686314,2.143937,-0.203,-0.042,0.20729930052945186,6,2.277285413333333,Medium
29.25,-135.75,-6.0928497,-6.45636,8.877354,20.071304,7.8686314,2.143937,-0.203,-0.033,0.2056647757881743,6,2.327792156666666,Medium
29.25,-135.5,-6.0264435,-6.5979614,8.9359455,18.008804,7.8793736,2.1510172,-0.215,-0.058,0.22268587741480148,6,2.360054546666667,Medium
29.25,-135.25,-5.9326935,-6.727844,8.969991,18.008804,7.8793736,2.1510172,-0.216,-0.092,0.234776489453267,6,2.4111953199999996,Medium
29.25,-135.0,-5.7657013,-6.9104614,8.999877,16.329117,7.866434,2.1651773,-0.19,-0.116,0.22261176967986218,6,2.574415033333334,Medium
29.25,-134.75,-5.636795,-7.1155396,9.077684,16.329117,7.866434,2.1651773,-0.153,-0.129,0.200124960961895,6,2.497500846666667,Medium
29.25,-134.5,-5.522537,-7.3030396,9.156026,14.665055,7.860819,2.1771402,-0.131,-0.136,0.18883061192507958,6,3.6748432333333336,Medium
29.25,-134.25,-5.3897247,-7.462219,9.205099,14.665055,7.860819,2.1771402,-0.137,-0.126,0.1861316738225926,6,3.966181549999999,Medium
29.25,-134.0,-5.2539825,-7.58136,9.223955,13.032243,7.855448,2.1866617,-0.158,-0.08700000000000001,0.1803690660839602,6,2.0287284200000006,Medium
29.25,-133.75,-5.103592,-7.6604614,9.204853,13.032243,7.855448,2.1866617,-0.171,-0.038,0.17517134468856488,6,2.001753203333334,Medium
29.25,-133.5,-4.8565216,-7.7317505,9.130486,11.571305,7.833231,2.1966715,-0.176,-0.021,0.17724841325100768,6,1.9776757666666673,Medium
29.25,-133.25,-4.6621857,-7.8147583,9.099803,11.571305,7.833231,2.1966715,-0.179,-0.046,0.18481612483763424,6,1.9617138166666677,Medium
29.25,-133.0,-4.487381,-7.9397583,9.120107,10.016618,7.8220005,2.1983805,-0.187,-0.069,0.19932385707686875,6,1.592463186666666,Medium
29.25,-132.75,-4.2852325,-8.062805,9.13083,10.016618,7.8220005,2.1983805,-0.193,-0.053,0.20014494747557332,6,1.6233456199999994,Medium
29.25,-132.5,-4.091873,-8.152649,9.121902,8.594743,7.805643,2.2008219,-0.19,-0.021,0.19115700353374449,6,1.8423120866666658,Medium
29.25,-132.25,-3.8770294,-8.201477,9.0716915,8.594743,7.805643,2.2008219,-0.177,-0.02,0.17812635964393364,6,1.862785736666666,Medium
29.25,-132.0,-3.674881,-8.238586,9.021034,7.047868,7.800028,2.2000895,-0.154,-0.047,0.1610124218810462,6,1.8899377633333336,Medium
29.25,-131.75,-3.4698029,-8.2630005,8.961959,7.047868,7.800028,2.2000895,-0.11800000000000001,-0.051000000000000004,0.1285496013218244,6,1.8059942200000012,Medium
29.25,-131.5,-3.2881622,-8.316711,8.943137,5.4775553,7.803934,2.1998453,-0.067,-0.013000000000000001,0.06824954212300623,6,1.9213061500000015,Medium
29.25,-131.25,-3.098709,-8.352844,8.909097,5.4775553,7.803934,2.1998453,-0.007,0.027,0.027892651361962704,6,2.927686939999997,Medium
29.25,-131.0,-2.9102325,-8.392883,8.883127,3.8916178,7.8151646,2.1986246,0.031,0.018000000000000002,0.035846896657869845,6,2.9755844599999994,Medium
29.25,-130.75,-2.708084,-8.415344,8.840347,3.8916178,7.8151646,2.1986246,0.027,-0.04,0.04825971404805461,6,2.7022869833333334,Medium
29.25,-130.5,-2.4990997,-8.421204,8.7842,2.2509928,7.833231,2.1910563,-0.019,-0.106,0.10768936809174803,6,2.6597031033333347,Medium
29.25,-130.25,-2.2813263,-8.424133,8.72757,2.2509928,7.833231,2.1910563,-0.077,-0.145,0.16417673403987545,6,2.587006760000001,Medium
29.5,-156.25,-6.0596466,2.1637573,6.434374,141.27443,7.765848,1.6927652,-0.024,0.014,0.02778488797889961,6,1.7214647166666661,Medium
29.5,-156.0,-6.2871857,2.2057495,6.6628847,138.74318,7.6105747,1.6998453,-0.023,0.079,0.08228000972289685,6,0.9332522133333331,Low
29.5,-155.75,-6.322342,2.2184448,6.7002616,138.74318,7.6105747,1.6998453,-0.013000000000000001,0.157,0.15753729717117784,6,0.8662954299999993,Low
29.5,-155.5,-6.3750763,2.3024292,6.7781105,136.71193,7.482401,1.6964273,0.0,0.193,0.193,6,0.8530412933333328,Low
29.5,-155.25,-6.461014,2.4752808,6.9189386,136.71193,7.482401,1.6964273,0.019,0.188,0.1889576672167605,6,0.9260914499999996,Low
29.5,-155.0,-6.626053,2.713562,7.160167,133.79787,7.3307896,1.7013102,0.05,0.165,0.17240939649566667,6,0.9677435166666661,Low
29.5,-154.75,-6.846756,2.7926636,7.394392,133.79787,7.3307896,1.7013102,0.098,0.136,0.1676305461424021,6,1.1264235199999986,Medium
29.5,-154.5,-7.086014,2.6940308,7.580857,130.74318,7.207987,1.713273,0.14400000000000002,0.113,0.18304371062672437,6,1.0620164633333327,Medium
29.5,-154.25,-7.178787,2.5494995,7.6180663,130.74318,7.207987,1.713273,0.167,0.11900000000000001,0.2050609665440988,6,1.0519599999999998,Medium
29.5,-154.0,-7.225662,2.2623901,7.571565,129.21193,7.196512,1.7122965,0.167,0.157,0.22921169254643184,6,1.0281444033333331,Medium
29.5,-153.75,-7.132889,2.0006714,7.408157,129.21193,7.196512,1.7122965,0.156,0.195,0.2497218452598811,6,1.0409023166666662,Medium
29.5,-153.5,-7.022537,1.7321167,7.232998,129.58693,7.2995396,1.6961832,0.14300000000000002,0.193,0.24020407989873946,6,1.0668772199999996,Medium
29.5,-153.25,-6.9971466,1.5211792,7.1605897,129.58693,7.2995396,1.6961832,0.123,0.153,0.19631097778779463,6,1.0680403399999994,Medium
29.5,-153.0,-7.1065216,1.3395386,7.2316675,129.95412,7.4123325,1.6873941,0.09,0.115,0.14603081866510234,6,1.1060540599999988,Medium
29.5,-152.75,-7.195389,1.1676636,7.289517,129.95412,7.4123325,1.6873941,0.045,0.096,0.10602358228243376,6,0.8616345499999989,Low
29.5,-152.5,-7.501053,1.0621948,7.5758862,128.70412,7.4699497,1.6954508,-0.005,0.091,0.09113725912051558,6,0.8005367866666655,Low
29.5,-152.25,-7.7744904,0.9928589,7.837631,128.70412,7.4699497,1.6954508,-0.049,0.096,0.10778218776773832,6,0.7877195499999992,Low
29.5,-152.0,-7.982498,0.90789795,8.033962,126.27443,7.489481,1.714982,-0.08,0.10300000000000001,0.13041855696180665,6,0.7294635399999994,Low
29.5,-151.75,-8.051834,0.6715698,8.079792,126.27443,7.489481,1.714982,-0.094,0.117,0.15008331019803636,6,0.7509714733333323,Low
29.5,-151.5,-8.098709,0.48602295,8.11328,123.93068,7.508768,1.7359781,-0.089,0.135,0.1616972479666862,6,0.7255516266666652,Low
29.5,-151.25,-8.075272,0.32196045,8.081688,123.93068,7.508768,1.7359781,-0.07100000000000001,0.159,0.17413213373757297,6,0.809674676666665,Low
29.5,-151.0,-7.9688263,0.31903076,7.9752097,123.790054,7.586405,1.7406168,-0.042,0.179,0.18386136081297777,6,0.7699716799999985,Low
29.5,-150.75,-7.8145294,0.3883667,7.824174,123.790054,7.586405,1.7406168,-0.005,0.191,0.19106543381784158,6,0.7574419433333318,Low
29.5,-150.5,-7.6397247,0.55633545,7.6599545,126.86037,7.7492466,1.7262125,0.035,0.182,0.18533483212823215,6,0.749821313333332,Low
29.5,-150.25,-7.482498,0.7321167,7.5182295,126.86037,7.7492466,1.7262125,0.074,0.139,0.15747063218263907,6,1.0697245899999985,Medium
29.5,-150.0,-7.456131,0.9293823,7.5138297,130.54787,7.890604,1.7162027,0.1,0.083,0.12995768542106312,6,1.2220554233333323,Medium
29.5,-149.75,-7.480545,0.96551514,7.5425973,130.54787,7.890604,1.7162027,0.10200000000000001,0.048,0.11272976536833562,6,1.2091358333333315,Medium
29.5,-149.5,-7.431717,0.80340576,7.475017,133.77443,8.004862,1.7113199,0.07,0.052000000000000005,0.08720091742636657,6,1.2934138633333325,Medium
29.5,-149.25,-7.336014,0.6364136,7.363567,133.77443,8.004862,1.7113199,0.004,0.079,0.0791012010022604,6,1.1824736166666654,Medium
29.5,-149.0,-7.2920685,0.37176514,7.301539,137.45412,8.138163,1.6998453,-0.073,0.09,0.11588356225108029,6,1.2093236699999983,Medium
29.5,-148.75,-7.2295685,0.18621826,7.231966,137.45412,8.138163,1.6998453,-0.13,0.07100000000000001,0.14812494725737457,6,1.2913162133333314,Medium
29.5,-148.5,-7.2627716,0.09246826,7.26336,139.87599,8.228739,1.6947184,-0.155,0.029,0.1576895684565089,6,1.4457769233333304,Medium
29.5,-148.25,-7.3301544,-0.030578613,7.3302183,139.87599,8.228739,1.6947184,-0.163,-0.018000000000000002,0.1639908534034749,6,1.4948180599999978,Medium
29.5,-148.0,-7.504959,-0.2630005,7.509566,137.47755,8.210184,1.7098551,-0.176,-0.041,0.18071247881648903,6,1.6023400999999975,Medium
29.5,-147.75,-7.6338654,-0.45343018,7.64732,137.47755,8.210184,1.7098551,-0.192,-0.02,0.19303885619221844,6,1.5668734066666652,Medium
29.5,-147.5,-7.614334,-0.6633911,7.643178,131.89162,8.140604,1.7335367,-0.19,0.044,0.19502820308868152,6,1.4640972699999988,Medium
29.5,-147.25,-7.4395294,-0.8069458,7.4831653,131.89162,8.140604,1.7335367,-0.151,0.116,0.19041270965983337,6,1.314016236666666,Medium
29.5,-147.0,-7.360428,-0.93096924,7.4190702,126.61037,8.108133,1.7525797,-0.079,0.16,0.17844046626256052,6,1.325122969999999,Medium
29.5,-146.75,-7.3184357,-1.0969849,7.4001946,126.61037,8.108133,1.7525797,0.006,0.181,0.1810994202089007,6,1.2768075366666654,Medium
29.5,-146.5,-7.3653107,-1.2249146,7.466473,119.33693,8.059549,1.7706461,0.08700000000000001,0.198,0.21627066375262272,6,1.4986027633333323,Medium
29.5,-146.25,-7.506912,-1.3352661,7.6247406,119.33693,8.059549,1.7706461,0.152,0.211,0.26004807247891687,6,1.4792944833333321,Medium
29.5,-146.0,-7.6934357,-1.4622192,7.831158,108.11037,7.947977,1.7989664,0.188,0.19,0.2672901045680517,6,1.5438110199999988,Medium
29.5,-145.75,-7.878006,-1.6018677,8.039214,108.11037,7.947977,1.7989664,0.17400000000000002,0.116,0.2091219739769114,6,1.5644862699999982,Medium
29.5,-145.5,-8.013748,-1.6594849,8.183767,97.227554,7.836893,1.8272867,0.114,0.015,0.1149826073804208,6,1.7092392499999987,Medium
29.5,-145.25,-8.085037,-1.6936646,8.260529,97.227554,7.836893,1.8272867,0.031,-0.07200000000000001,0.07839005038906405,6,1.6243897366666664,Medium
29.5,-145.0,-8.1241,-1.7131958,8.302773,88.61818,7.7770786,1.845109,-0.042,-0.11900000000000001,0.12619429464123963,6,1.682071269999999,Medium
29.5,-144.75,-8.1514435,-1.7385864,8.334789,88.61818,7.7770786,1.845109,-0.088,-0.121,0.14961617559608986,6,1.675077078333333,Medium
29.5,-144.5,-8.224686,-1.7756958,8.414187,81.24318,7.7385044,1.862443,-0.112,-0.092,0.14494136745594752,6,1.6587287816666656,Medium
29.5,-144.25,-8.309647,-1.8362427,8.510113,81.24318,7.7385044,1.862443,-0.131,-0.051000000000000004,0.14057738082636198,6,1.8492518233333328,Medium
29.5,-144.0,-8.389725,-1.9172974,8.606016,74.96974,7.677225,1.8900309,-0.153,-0.006,0.15311760186209813,6,1.9880018366666665,Medium
29.5,-143.75,-8.485428,-2.0481567,8.729115,74.96974,7.677225,1.8900309,-0.17400000000000002,0.036000000000000004,0.17768511473953016,6,2.158032988333333,Medium
29.5,-143.5,-8.629959,-2.2034302,8.906812,69.76662,7.619608,1.9188395,-0.188,0.065,0.19891958174096386,6,2.6344071933333333,Medium
29.5,-143.25,-8.708084,-2.326477,9.013502,69.76662,7.619608,1.9188395,-0.194,0.074,0.20763429389192914,6,2.6886308933333325,Medium
29.5,-143.0,-8.673904,-2.435852,9.0094385,65.21974,7.5751743,1.9459391,-0.198,0.07200000000000001,0.21068459839295325,6,2.8923191899999994,Medium
29.5,-142.75,-8.611404,-2.545227,8.97967,65.21974,7.5751743,1.9459391,-0.203,0.076,0.21676023620581336,6,2.9014439666666663,Medium
29.5,-142.5,-8.552811,-2.6985474,8.96843,61.05568,7.5475864,1.970109,-0.20400000000000001,0.08600000000000001,0.2213865397895726,6,2.8810315699999993,Medium
29.5,-142.25,-8.497147,-2.8811646,8.972324,61.05568,7.5475864,1.970109,-0.195,0.085,0.2127204738618265,6,2.8542469999999986,Medium
29.5,-142.0,-8.4639435,-3.0881958,9.009733,56.87599,7.545389,1.9886637,-0.177,0.059000000000000004,0.18657438194993436,6,2.831516569999999,Medium
29.5,-141.75,-8.39949,-3.2903442,9.020965,56.87599,7.545389,1.9886637,-0.155,0.027,0.15733403954643763,6,2.757378504999999,Medium
29.5,-141.5,-8.350662,-3.5178833,9.061405,52.727554,7.573221,2.003068,-0.138,0.01,0.13836184445142383,6,2.7282789433333323,Medium
29.5,-141.25,-8.293045,-3.6985474,9.08041,52.727554,7.573221,2.003068,-0.128,0.001,0.12800390619039717,6,2.622363473333333,Medium
29.5,-141.0,-8.256912,-3.8440552,9.107873,48.915054,7.5961704,2.02382,-0.124,-0.022,0.12593649193144932,6,2.512759709999999,Medium
29.5,-140.75,-8.188553,-3.9641724,9.09764,48.915054,7.5961704,2.02382,-0.125,-0.054,0.13616534067081829,6,2.473316220000001,Medium
29.5,-140.5,-8.085037,-4.056946,9.045808,45.09474,7.629862,2.0409098,-0.127,-0.06,0.14045995870709915,6,2.478045660000001,Medium
29.5,-140.25,-7.9864044,-4.181946,9.015061,45.09474,7.629862,2.0409098,-0.127,-0.025,0.12943724348115576,6,2.412956183333333,Medium
29.5,-140.0,-7.9219513,-4.3010864,9.014247,41.87599,7.647684,2.0648355,-0.121,0.024,0.12335720489699821,6,2.442729633333333,Medium
29.5,-139.75,-7.8428497,-4.444641,9.014717,41.87599,7.647684,2.0648355,-0.10400000000000001,0.054,0.11718361660232203,6,2.4352495966666656,Medium
29.5,-139.5,-7.7627716,-4.5618286,9.003939,38.96974,7.6572056,2.089982,-0.07200000000000001,0.067,0.09835141076771599,6,2.428690456666666,Medium
29.5,-139.25,-7.694412,-4.6760864,9.003875,38.96974,7.6572056,2.089982,-0.031,0.078,0.08393449827097318,6,2.540798373333332,Medium
29.5,-139.0,-7.6377716,-4.779602,9.010003,35.946304,7.6852818,2.105607,0.002,0.084,0.08402380615040002,6,2.487342689999999,Medium
29.5,-138.75,-7.565506,-4.8547974,8.989212,35.946304,7.6852818,2.105607,0.004,0.067,0.06711929677819935,6,2.4402725733333326,Medium
29.5,-138.5,-7.49617,-4.944641,8.980091,32.954117,7.723612,2.1148844,-0.029,0.016,0.03312099032335839,6,3.1067518499999984,Medium
29.5,-138.25,-7.3907013,-5.025696,8.937566,32.954117,7.723612,2.1148844,-0.091,-0.039,0.09900505037623081,6,2.405407506666667,Medium
29.5,-138.0,-7.237381,-5.119446,8.86501,30.000992,7.7680454,2.120988,-0.159,-0.054,0.16791962362987836,6,2.5156049166666667,Medium
29.5,-137.75,-7.0596466,-5.199524,8.767762,30.000992,7.7680454,2.120988,-0.201,-0.013000000000000001,0.20141995928904366,6,2.562049829999998,Medium
29.5,-137.5,-6.9278107,-5.33136,8.741736,27.21193,7.8134556,2.1270914,-0.20500000000000002,0.048,0.2105445321066306,6,2.567019826666665,Medium
29.5,-137.25,-6.768631,-5.48761,8.71368,27.21193,7.8134556,2.1270914,-0.186,0.066,0.19736261044078232,6,2.4914357899999984,Medium
29.5,-137.0,-6.650467,-5.665344,8.736408,24.89943,7.8393345,2.1407633,-0.157,0.016,0.1578131806916013,6,2.494406723333333,Medium
29.5,-136.75,-6.5313263,-5.8391724,8.760944,24.89943,7.8393345,2.1407633,-0.14400000000000002,-0.06,0.156,6,2.4112090366666665,Medium
29.5,-136.5,-6.4033966,-5.9641724,8.750705,22.875992,7.8449497,2.159318,-0.145,-0.099,0.17557334649655681,6,2.555731086666667,Medium
29.5,-136.25,-6.2471466,-6.103821,8.734041,22.875992,7.8449497,2.159318,-0.153,-0.08,0.1726528308484978,6,2.3661271766666663,Medium
29.5,-136.0,-6.163162,-6.2962036,8.810605,20.469742,7.8761997,2.1671305,-0.163,-0.035,0.166715326230074,6,2.288342783333333,Medium
29.5,-135.75,-6.0996857,-6.473938,8.894833,20.469742,7.8761997,2.1671305,-0.176,-0.016,0.17672577627499617,6,2.3670661099999997,Medium
29.5,-135.5,-6.047928,-6.637024,8.979282,18.790054,7.878153,2.1861734,-0.192,-0.044,0.19697715603592209,6,2.3811446933333333,Medium
29.5,-135.25,-5.9502716,-6.7649536,9.009458,18.790054,7.878153,2.1861734,-0.199,-0.101,0.22316361710637334,6,2.41482508,Medium
29.5,-135.0,-5.754959,-6.9280396,9.006514,17.21193,7.8657017,2.2091227,-0.19,-0.145,0.2390083680543424,6,2.6579590600000014,Medium
29.5,-134.75,-5.605545,-7.1106567,9.054478,17.21193,7.8657017,2.2091227,-0.17400000000000002,-0.153,0.23170023737579554,6,2.6335006966666676,Medium
29.5,-134.5,-5.4951935,-7.30011,9.137218,15.704118,7.8493443,2.2308512,-0.17500000000000002,-0.13,0.21800229356591644,6,3.695569019999998,Medium
29.5,-134.25,-5.407303,-7.4729614,9.224103,15.704118,7.8493443,2.2308512,-0.201,-0.093,0.22147234590350104,6,4.285877349999998,Medium
29.5,-134.0,-5.273514,-7.5930786,9.244717,14.172868,7.8339634,2.2489176,-0.23600000000000002,-0.055,0.24232416305436816,6,2.0961505133333356,Medium
29.5,-133.75,-5.101639,-7.6516724,9.196456,14.172868,7.8339634,2.2489176,-0.252,-0.029,0.25366316248127163,6,2.1114691466666677,Medium
29.5,-133.5,-4.8789825,-7.7229614,9.135021,12.594743,7.8271275,2.260148,-0.243,-0.027,0.24449539872971024,6,1.9565830233333346,Medium
29.5,-133.25,-4.6846466,-7.804016,9.102119,12.594743,7.8271275,2.260148,-0.231,-0.044,0.23515314159075146,6,1.972074206666668,Medium
29.5,-133.0,-4.473709,-7.8860474,9.066631,11.032243,7.8237095,2.2674723,-0.23500000000000001,-0.057,0.2418139780905976,6,1.5559123366666656,Medium
29.5,-132.75,-4.2696075,-8.004211,9.071767,11.032243,7.8237095,2.2674723,-0.243,-0.05,0.24809070921741508,6,1.5513622333333326,Medium
29.5,-132.5,-4.0772247,-8.092102,9.06123,9.55568,7.8163853,2.2745523,-0.231,-0.042,0.23478713763747794,6,1.5774784233333328,Medium
29.5,-132.25,-3.853592,-8.14386,9.009585,9.55568,7.8163853,2.2745523,-0.194,-0.059000000000000004,0.20277327240048182,6,1.5443517566666665,Medium
29.5,-132.0,-3.65242,-8.183899,8.961941,8.05568,7.812479,2.2804117,-0.145,-0.091,0.17118995297621878,6,1.9152031100000007,Medium
29.5,-131.75,-3.4619904,-8.24054,8.938225,8.05568,7.812479,2.2804117,-0.097,-0.10200000000000001,0.14075865870347018,6,1.937970366666669,Medium
29.5,-131.5,-3.2793732,-8.2942505,8.919018,6.500993,7.814432,2.2850504,-0.05,-0.073,0.08848163651289458,6,1.9168447533333346,Medium
29.5,-131.25,-3.0840607,-8.35968,8.910425,6.500993,7.814432,2.2850504,-0.007,-0.026000000000000002,0.026925824035672525,6,2.9164598933333314,Medium
29.5,-131.0,-2.9033966,-8.429016,8.915045,4.8525553,7.8254185,2.2872477,0.018000000000000002,0.002,0.018110770276274835,6,4.061375929999999,Medium
29.5,-130.75,-2.7012482,-8.457336,8.878248,4.8525553,7.8254185,2.2872477,0.008,-0.003,0.008544003745317531,6,4.192161626666667,Medium
29.5,-130.5,-2.4795685,-8.492493,8.847073,3.1338053,7.848856,2.2821207,-0.039,-0.036000000000000004,0.0530754180388624,6,2.612132476666668,Medium
29.5,-130.25,-2.2608185,-8.495422,8.791103,3.1338053,7.848856,2.2821207,-0.095,-0.081,0.12484390253432484,6,2.387122280000001,Medium
29.75,-156.25,-6.0332794,1.9098511,6.328348,141.27443,7.765848,1.6927652,0.07200000000000001,0.017,0.07397972695272673,6,1.1182906099999996,Medium
29.75,-156.0,-6.3809357,2.001648,6.687521,138.74318,7.6105747,1.6998453,0.068,0.076,0.1019803902718557,6,1.0681674533333327,Medium
29.75,-155.75,-6.594803,2.0836792,6.916151,138.74318,7.6105747,1.6998453,0.067,0.148,0.16245922565370055,6,1.131042483333333,Medium
29.75,-155.5,-6.647537,2.1676636,6.992032,136.71193,7.482401,1.6964273,0.067,0.182,0.19394071259021403,6,1.0269881866666661,Medium
29.75,-155.25,-6.657303,2.3795776,7.0698,136.71193,7.482401,1.6964273,0.069,0.169,0.18254314558481785,6,1.0959591833333324,Medium
29.75,-155.0,-6.7295685,2.6403198,7.228996,133.79787,7.3307896,1.7013102,0.081,0.127,0.15063200191194434,6,1.0774029533333327,Medium
29.75,-154.75,-6.8213654,2.706726,7.3387594,133.79787,7.3307896,1.7013102,0.101,0.08600000000000001,0.1326536844569347,6,1.1210278466666657,Medium
29.75,-154.5,-6.869217,2.6256714,7.3539305,130.74318,7.207987,1.713273,0.12,0.07200000000000001,0.13994284547628721,6,1.1336310466666653,Medium
29.75,-154.25,-6.961014,2.4821167,7.3903055,130.74318,7.207987,1.713273,0.13,0.098,0.16280049139974978,6,1.1282814299999986,Medium
29.75,-154.0,-6.9532013,2.2819214,7.318072,129.21193,7.196512,1.7122965,0.135,0.148,0.200322240402807,6,1.0849991699999995,Medium
29.75,-153.75,-6.8408966,2.0426636,7.1393514,129.21193,7.196512,1.7122965,0.14200000000000002,0.19,0.23720033726788842,6,1.0803445466666661,Medium
29.75,-153.5,-6.748123,1.7936401,6.9824286,129.58693,7.2995396,1.6961832,0.147,0.197,0.24580073230159424,6,1.0678605699999997,Medium
29.75,-153.25,-6.822342,1.588562,7.0048466,129.58693,7.2995396,1.6961832,0.14200000000000002,0.17400000000000002,0.22458851261807675,6,1.089335606666666,Medium
29.75,-153.0,-6.931717,1.4069214,7.073056,129.95412,7.4123325,1.6873941,0.122,0.153,0.19568597292601225,6,1.1107133199999988,Medium
29.75,-152.75,-7.2246857,1.3024292,7.3411446,129.95412,7.4123325,1.6873941,0.092,0.14400000000000002,0.17088007490635063,6,1.0375012733333324,Medium
29.75,-152.5,-7.6084747,1.2321167,7.707594,128.70412,7.4699497,1.6954508,0.057,0.14200000000000002,0.15301307133705933,6,0.9096183966666659,Low
29.75,-152.25,-7.876053,1.142273,7.958454,128.70412,7.4699497,1.6954508,0.02,0.14,0.14142135623730953,6,0.7383746066666659,Low
29.75,-152.0,-7.991287,0.9332886,8.045601,126.27443,7.489481,1.714982,-0.012,0.133,0.1335402561027947,6,0.7731377266666659,Low
29.75,-151.75,-8.060623,0.697937,8.090782,126.27443,7.489481,1.714982,-0.033,0.128,0.1321854757528224,6,0.8109960366666659,Low
29.75,-151.5,-7.9951935,0.49090576,8.01025,123.93068,7.508768,1.7359781,-0.039,0.124,0.12998846102635417,6,0.7697602133333324,Low
29.75,-151.25,-7.90242,0.3463745,7.9100075,123.93068,7.508768,1.7359781,-0.031,0.13,0.13364505228402584,6,0.7946108899999986,Low
29.75,-151.0,-7.7246857,0.31610107,7.7311506,123.790054,7.586405,1.7406168,-0.01,0.136,0.1363671514698463,6,0.7980165433333323,Low
29.75,-150.75,-7.5244904,0.3258667,7.5315433,123.790054,7.586405,1.7406168,0.024,0.14300000000000002,0.14500000000000002,6,0.7527230499999988,Low
29.75,-150.5,-7.3496857,0.49383545,7.3662577,126.86037,7.7492466,1.7262125,0.063,0.132,0.14626346091898687,6,0.970080656666665,Low
29.75,-150.25,-7.2813263,0.65301514,7.31055,126.86037,7.7492466,1.7262125,0.096,0.10200000000000001,0.14007141035914503,6,1.186180036666665,Medium
29.75,-150.0,-7.3057404,0.85028076,7.355054,130.54787,7.890604,1.7162027,0.113,0.067,0.13136970731489053,6,1.278170076666665,Medium
29.75,-149.75,-7.3926544,0.96551514,7.455438,130.54787,7.890604,1.7162027,0.106,0.068,0.12593649193144932,6,1.2709479499999983,Medium
29.75,-149.5,-7.369217,1.017273,7.4391,133.77443,8.004862,1.7113199,0.069,0.114,0.13325539388707686,6,1.2893371866666652,Medium
29.75,-149.25,-7.273514,0.8512573,7.323158,133.77443,8.004862,1.7113199,0.009000000000000001,0.167,0.16724233913695422,6,1.1283613799999983,Medium
29.75,-149.0,-7.1963654,0.744812,7.234806,137.45412,8.138163,1.6998453,-0.056,0.17400000000000002,0.18278949641595932,6,1.2563968066666646,Medium
29.75,-148.75,-7.132889,0.5973511,7.157858,137.45412,8.138163,1.6998453,-0.10300000000000001,0.122,0.15966527487215246,6,1.275869293333331,Medium
29.75,-148.5,-7.190506,0.45477295,7.204873,139.87599,8.228739,1.6947184,-0.122,0.048,0.1311030129325791,6,1.3422199599999975,Medium
29.75,-148.25,-7.326248,0.19403076,7.328817,139.87599,8.228739,1.6947184,-0.128,-0.003,0.12803515142334934,6,1.3144810699999978,Medium
29.75,-148.0,-7.501053,-0.03741455,7.5011463,137.47755,8.210184,1.7098551,-0.14,-0.015,0.14080127840328724,6,1.3282574133333322,Medium
29.75,-147.75,-7.5928497,-0.25030518,7.5969744,137.47755,8.210184,1.7098551,-0.159,0.001,0.15900314462299167,6,1.4470278233333314,Medium
29.75,-147.5,-7.5489044,-0.4475708,7.562161,131.89162,8.140604,1.7335367,-0.165,0.032,0.16807438829280327,6,1.4454913433333314,Medium
29.75,-147.25,-7.366287,-0.5881958,7.3897333,131.89162,8.140604,1.7335367,-0.138,0.059000000000000004,0.15008331019803636,6,1.3049468033333314,Medium
29.75,-147.0,-7.2832794,-0.75616455,7.3224273,126.61037,8.108133,1.7525797,-0.082,0.073,0.10978615577567147,6,1.3438747966666655,Medium
29.75,-146.75,-7.241287,-0.9221802,7.2997713,126.61037,8.108133,1.7525797,-0.015,0.08600000000000001,0.08729833904490968,6,1.3158523033333331,Medium
29.75,-146.5,-7.324295,-1.0901489,7.4049797,119.33693,8.059549,1.7706461,0.051000000000000004,0.11,0.12124768039018313,6,1.5029968133333313,Medium
29.75,-146.25,-7.498123,-1.2190552,7.596575,119.33693,8.059549,1.7706461,0.109,0.14400000000000002,0.18060177186284748,6,1.5143360833333315,Medium
29.75,-146.0,-7.681717,-1.3196411,7.794243,108.11037,7.947977,1.7989664,0.14100000000000001,0.168,0.2193285207172109,6,1.542117499999999,Medium
29.75,-145.75,-7.831131,-1.3860474,7.9528446,108.11037,7.947977,1.7989664,0.131,0.155,0.20294334184693028,6,1.5979930733333316,Medium
29.75,-145.5,-7.966873,-1.4436646,8.096619,97.227554,7.836893,1.8272867,0.077,0.101,0.12700393694685216,6,1.683002239999999,Medium
29.75,-145.25,-8.068436,-1.4944458,8.20567,97.227554,7.836893,1.8272867,-0.002,0.025,0.025079872407968908,6,2.387188429999996,Medium
29.75,-145.0,-8.127029,-1.5169067,8.267383,88.61818,7.7770786,1.845109,-0.077,-0.042,0.08770974860299167,6,1.6924691316666667,Medium
29.75,-144.75,-8.169022,-1.5569458,8.316069,88.61818,7.7770786,1.845109,-0.13,-0.073,0.149093930124603,6,1.6627616916666657,Medium
29.75,-144.5,-8.248123,-1.6184692,8.405414,81.24318,7.7385044,1.862443,-0.164,-0.061,0.1749771413642365,6,1.758829374999999,Medium
29.75,-144.25,-8.332108,-1.6790161,8.499595,81.24318,7.7385044,1.862443,-0.185,-0.026000000000000002,0.18681809334215999,6,2.008908426666666,Medium
29.75,-144.0,-8.413162,-1.7854614,8.6005335,74.96974,7.677225,1.8900309,-0.2,0.016,0.20063897926375127,6,2.0913441799999997,Medium
29.75,-143.75,-8.516678,-1.9260864,8.731758,74.96974,7.677225,1.8900309,-0.20700000000000002,0.05,0.21295304646799493,6,2.0240926949999993,Medium
29.75,-143.5,-8.623123,-2.0803833,8.870527,69.76662,7.619608,1.9188395,-0.209,0.07,0.22041097976280583,6,2.6598233699999994,Medium
29.75,-143.25,-8.59285,-2.192688,8.868198,69.76662,7.619608,1.9188395,-0.21,0.077,0.22367163432138637,6,2.6957236966666667,Medium
29.75,-143.0,-8.55867,-2.302063,8.862862,65.21974,7.5751743,1.9459391,-0.221,0.08,0.23503404008781367,6,2.916642413333333,Medium
29.75,-142.75,-8.517654,-2.449524,8.862878,65.21974,7.5751743,1.9459391,-0.23700000000000002,0.085,0.2517816514363189,6,2.9478957766666665,Medium
29.75,-142.5,-8.475662,-2.6223755,8.872074,61.05568,7.5475864,1.970109,-0.245,0.083,0.2586774052753738,6,2.890632993333333,Medium
29.75,-142.25,-8.431717,-2.8215942,8.891301,61.05568,7.5475864,1.970109,-0.23,0.06,0.23769728648009425,6,2.8504405833333326,Medium
29.75,-142.0,-8.379959,-3.0237427,8.908801,56.87599,7.545389,1.9886637,-0.196,0.021,0.19712178976460212,6,2.862305514999999,Medium
29.75,-141.75,-8.314529,-3.225891,8.918395,56.87599,7.545389,1.9886637,-0.155,-0.01,0.15532224567009068,6,2.7373871683333326,Medium
29.75,-141.5,-8.24617,-3.3899536,8.915778,52.727554,7.573221,2.003068,-0.12,-0.016,0.12106196760337244,6,2.7028000799999994,Medium
29.75,-141.25,-8.204178,-3.5618286,8.944001,52.727554,7.573221,2.003068,-0.10300000000000001,-0.008,0.10331021246711286,6,2.621273469999999,Medium
29.75,-141.0,-8.164139,-3.6780396,8.954392,48.915054,7.5961704,2.02382,-0.109,-0.014,0.10989540481748998,6,2.526807149999999,Medium
29.75,-140.75,-8.0733185,-3.7405396,8.8977585,48.915054,7.5961704,2.02382,-0.125,-0.037,0.13036103712382777,6,2.4653060966666667,Medium
29.75,-140.5,-7.969803,-3.8323364,8.843334,45.09474,7.629862,2.0409098,-0.14400000000000002,-0.046,0.15116877984557528,6,2.527224643333334,Medium
29.75,-140.25,-7.9590607,-3.9534302,8.886859,45.09474,7.629862,2.0409098,-0.156,-0.019,0.15715279189374906,6,2.506769236666667,Medium
29.75,-140.0,-7.9434357,-4.08136,8.930603,41.87599,7.647684,2.0648355,-0.164,0.018000000000000002,0.16498484778912276,6,2.5830775066666667,Medium
29.75,-139.75,-7.864334,-4.219055,8.9245825,41.87599,7.647684,2.0648355,-0.166,0.034,0.1694461566398011,6,2.514218373333334,Medium
29.75,-139.5,-7.763748,-4.3518677,8.900255,38.96974,7.6572056,2.089982,-0.152,0.027,0.15437940277122464,6,2.3835230966666656,Medium
29.75,-139.25,-7.695389,-4.465149,8.896997,38.96974,7.6572056,2.089982,-0.116,0.025,0.11866338946785568,6,2.3357092633333316,Medium
29.75,-139.0,-7.581131,-4.5735474,8.853863,35.946304,7.6852818,2.105607,-0.069,0.044,0.08183520025025906,6,2.43523898,Medium
29.75,-138.75,-7.494217,-4.6311646,8.80971,35.946304,7.6852818,2.105607,-0.035,0.065,0.073824115301167,6,2.4630520066666666,Medium
29.75,-138.5,-7.418045,-4.730774,8.79816,32.954117,7.723612,2.1148844,-0.039,0.064,0.07494664769020692,6,2.5082014733333327,Medium
29.75,-138.25,-7.2813263,-4.805969,8.724394,32.954117,7.723612,2.1148844,-0.081,0.038,0.08947066558375433,6,2.43955789,Medium
29.75,-138.0,-7.128006,-4.899719,8.649608,30.000992,7.7680454,2.120988,-0.14,0.016,0.1409113196304683,6,2.464255209999998,Medium
29.75,-137.75,-7.011795,-5.0510864,8.641686,30.000992,7.7680454,2.120988,-0.177,0.017,0.1778145100940865,6,2.573633889999998,Medium
29.75,-137.5,-6.900467,-5.2053833,8.643637,27.21193,7.8134556,2.1270914,-0.17500000000000002,0.031,0.17772450590731714,6,2.5948159933333312,Medium
29.75,-137.25,-6.7432404,-5.366516,8.61805,27.21193,7.8134556,2.1270914,-0.14300000000000002,0.026000000000000002,0.14534441853748634,6,2.497731996666665,Medium
29.75,-137.0,-6.6201935,-5.536438,8.630128,24.89943,7.8393345,2.1407633,-0.107,-0.014,0.10791200118615167,6,2.3435013933333324,Medium
29.75,-136.75,-6.5020294,-5.7092896,8.652883,24.89943,7.8393345,2.1407633,-0.09,-0.061,0.10872442227944924,6,2.3757279700000007,Medium
29.75,-136.5,-6.3858185,-5.895813,8.691335,22.875992,7.8449497,2.159318,-0.101,-0.079,0.12822636234409834,6,2.4114526333333335,Medium
29.75,-136.25,-6.235428,-6.07843,8.707921,22.875992,7.8449497,2.159318,-0.125,-0.055,0.13656500283747663,6,2.2071230599999994,Medium
29.75,-136.0,-6.161209,-6.305969,8.81622,20.469742,7.8761997,2.1671305,-0.139,-0.015,0.13980700983856284,6,2.1513872766666644,Medium
29.75,-135.75,-6.1289825,-6.567688,8.983259,20.469742,7.8761997,2.1671305,-0.147,0.005,0.14708500943332056,6,2.3467531233333316,Medium
29.75,-135.5,-6.0772247,-6.730774,9.068405,18.790054,7.878153,2.1861734,-0.159,-0.022,0.16051479682571324,6,2.361553119999999,Medium
29.75,-135.25,-5.9395294,-6.826477,9.048691,18.790054,7.878153,2.1861734,-0.178,-0.08700000000000001,0.19812369873389704,6,2.3963202633333336,Medium
29.75,-135.0,-5.741287,-6.95343,9.017348,17.21193,7.8657017,2.2091227,-0.193,-0.145,0.24140008285002723,6,2.652977973333335,Medium
29.75,-134.75,-5.601639,-7.1135864,9.054362,17.21193,7.8657017,2.2091227,-0.201,-0.153,0.2526064132202506,6,2.649192450000001,Medium
29.75,-134.5,-5.5157013,-7.2942505,9.144892,15.704118,7.8493443,2.2308512,-0.21,-0.11,0.23706539182259395,6,3.8583593733333306,Medium
29.75,-134.25,-5.426834,-7.467102,9.230825,15.704118,7.8493443,2.2308512,-0.232,-0.055,0.2384302833114955,6,4.318669439999997,Medium
29.75,-134.0,-5.304764,-7.558899,9.23458,14.172868,7.8339634,2.2489176,-0.255,-0.027,0.2564254277562972,6,2.0968163100000017,Medium
29.75,-133.75,-5.1182404,-7.6018677,9.164321,14.172868,7.8339634,2.2489176,-0.257,-0.032,0.2589845555240698,6,2.1307610866666677,Medium
29.75,-133.5,-4.8907013,-7.6624146,9.09019,12.594743,7.8271275,2.260148,-0.23500000000000001,-0.048,0.23985203772325975,6,1.9009311300000005,Medium
29.75,-133.25,-4.6963654,-7.7337036,9.047984,12.594743,7.8271275,2.260148,-0.209,-0.052000000000000005,0.21537177159507231,6,1.9621328133333338,Medium
29.75,-133.0,-4.4864044,-7.815735,9.011855,11.032243,7.8237095,2.2674723,-0.20500000000000002,-0.044,0.20966878642277684,6,1.5500884599999987,Medium
29.75,-132.75,-4.2744904,-7.913391,8.994055,11.032243,7.8237095,2.2674723,-0.213,-0.042,0.21710135881656753,6,1.5455567533333325,Medium
29.75,-132.5,-4.086014,-8.008118,8.990298,9.55568,7.8163853,2.2745523,-0.212,-0.064,0.22144976857066254,6,1.5549808566666656,Medium
29.75,-132.25,-3.8682404,-8.086243,8.96385,9.55568,7.8163853,2.2745523,-0.184,-0.106,0.21234876971623828,6,1.667707446666666,Medium
29.75,-132.0,-3.6826935,-8.165344,8.957403,8.05568,7.812479,2.2804117,-0.14400000000000002,-0.14100000000000001,0.2015365971728212,6,1.890638410000001,Medium
29.75,-131.75,-3.4922638,-8.221985,8.932914,8.05568,7.812479,2.2804117,-0.112,-0.145,0.1832184488527288,6,1.8889570766666672,Medium
29.75,-131.5,-3.3125763,-8.316711,8.952142,6.500993,7.814432,2.2850504,-0.08600000000000001,-0.111,0.14041723540933285,6,1.9646371166666687,Medium
29.75,-131.25,-3.1231232,-8.398743,8.960624,6.500993,7.814432,2.2850504,-0.067,-0.055,0.08668333173107734,6,1.8952767133333346,Medium
29.75,-131.0,-2.9463654,-8.48761,8.984464,4.8525553,7.8254185,2.2872477,-0.056,-0.001,0.05600892785976179,6,2.4683753666666686,Medium
29.75,-130.75,-2.7403107,-8.554016,8.982232,4.8525553,7.8254185,2.2872477,-0.064,0.029,0.07026378868236469,6,2.4215023066666688,Medium
29.75,-130.5,-2.5196075,-8.589172,8.951106,3.1338053,7.848856,2.2821207,-0.08600000000000001,0.018000000000000002,0.08786353054595519,6,2.3563865133333346,Medium
29.75,-130.25,-2.301834,-8.620422,8.92245,3.1338053,7.848856,2.2821207,-0.117,-0.03,0.12078493283518438,6,2.3430295700000006,Medium
30.0,-156.25,-6.065506,2.0026245,6.3875556,148.85255,7.7990513,1.6744547,0.082,0.037,0.08996110270555825,6,1.7202879300000007,Medium
30.0,-156.0,-6.5108185,2.1852417,6.8677535,145.36037,7.6261997,1.682023,0.051000000000000004,0.095,0.10782393055347222,6,1.4654135666666672,Medium
30.0,-155.75,-6.7451935,2.3024292,7.127329,145.36037,7.6261997,1.682023,0.028,0.157,0.15947727110782903,6,1.1223780066666678,Medium
30.0,-155.5,-6.8008575,2.4694214,7.2353096,142.61037,7.473612,1.6856852,0.021,0.18,0.18122085972646745,6,1.086615553333334,Medium
30.0,-155.25,-6.813553,2.695984,7.3275394,142.61037,7.473612,1.6856852,0.029,0.154,0.156706732465456,6,1.052744833333334,Medium
30.0,-155.0,-6.7696075,2.8463745,7.3436666,139.83693,7.342264,1.6861734,0.046,0.10400000000000001,0.113718951806636,6,1.1695281566666678,Medium
30.0,-154.75,-6.68367,2.767273,7.2338953,139.83693,7.342264,1.6861734,0.06,0.064,0.08772684879784523,6,1.3937256433333345,Medium
30.0,-154.5,-6.7032013,2.6852417,7.2210407,137.85255,7.2765903,1.682023,0.06,0.061,0.08556284240252891,6,1.3769986900000009,Medium
30.0,-154.25,-6.694412,2.4830933,7.1400914,137.85255,7.2765903,1.682023,0.051000000000000004,0.093,0.10606601717798214,6,1.3599394666666673,Medium
30.0,-154.0,-6.6670685,2.2877808,7.0486693,137.46193,7.3154087,1.6676188,0.043000000000000003,0.139,0.1454991408909345,6,1.1979038866666676,Medium
30.0,-153.75,-6.6446075,2.0524292,6.954371,137.46193,7.3154087,1.6676188,0.046,0.17400000000000002,0.1799777764058663,6,1.2432424166666673,Medium
30.0,-153.5,-6.676834,1.822937,6.9212146,137.83693,7.415018,1.6532145,0.059000000000000004,0.185,0.19418032856085088,6,1.4751908333333341,Medium
30.0,-153.25,-6.7764435,1.6100464,6.965087,137.83693,7.415018,1.6532145,0.073,0.17200000000000001,0.18685020738548835,6,1.4054564100000007,Medium
30.0,-153.0,-7.0508575,1.510437,7.210826,136.0088,7.4509068,1.6624918,0.082,0.16,0.17978876494375282,6,1.4399788200000003,Medium
30.0,-152.75,-7.391678,1.4274292,7.528244,136.0088,7.4509068,1.6624918,0.084,0.161,0.18159570479501988,6,1.3431732500000002,Medium
30.0,-152.5,-7.704178,1.4196167,7.8338795,132.6338,7.430643,1.6893473,0.077,0.169,0.1857148351640224,6,1.2919164166666666,Medium
30.0,-152.25,-7.836014,1.2770386,7.9393916,132.6338,7.430643,1.6893473,0.065,0.166,0.17827226368675528,6,1.2963175433333338,Medium
30.0,-152.0,-7.931717,1.0407104,7.9997005,130.14162,7.446024,1.7076578,0.053,0.154,0.1628649747490233,6,1.2567830766666668,Medium
30.0,-151.75,-7.922928,0.84051514,7.9673867,130.14162,7.446024,1.7076578,0.045,0.138,0.14515164484083534,6,1.1130755233333345,Medium
30.0,-151.5,-7.8428497,0.6559448,7.870232,130.02443,7.533182,1.7059488,0.039,0.126,0.13189768762188367,6,0.9718235533333341,Low
30.0,-151.25,-7.692459,0.5631714,7.7130466,130.02443,7.533182,1.7059488,0.032,0.122,0.12612692020342048,6,0.8451210866666675,Low
30.0,-151.0,-7.511795,0.4616089,7.5259647,132.6338,7.6867466,1.6900797,0.029,0.115,0.1186001686339442,6,0.8107428666666672,Low
30.0,-150.75,-7.320389,0.44989014,7.3342004,132.6338,7.6867466,1.6900797,0.036000000000000004,0.11,0.11574109036984229,6,0.9073938600000008,Low
30.0,-150.5,-7.1826935,0.43719482,7.1959867,135.8838,7.8442173,1.6761637,0.052000000000000005,0.099,0.11182575731914361,6,1.2281230433333343,Medium
30.0,-150.25,-7.126053,0.55926514,7.1479654,135.8838,7.8442173,1.6761637,0.065,0.084,0.10621205204683695,6,1.296712546666667,Medium
30.0,-150.0,-7.159256,0.666687,7.190231,138.79005,7.965555,1.6722574,0.062,0.077,0.09885848471426213,6,1.3382639633333338,Medium
30.0,-149.75,-7.2227325,0.8776245,7.275857,138.79005,7.965555,1.6722574,0.037,0.10300000000000001,0.10944404963267762,6,1.0056990900000002,Medium
30.0,-149.5,-7.199295,0.9918823,7.267302,140.8213,8.038065,1.6776285,0.0,0.166,0.166,6,0.9928512,Low
30.0,-149.25,-7.163162,1.064148,7.241775,140.8213,8.038065,1.6776285,-0.038,0.224,0.22720035211240322,6,1.135865683333333,Medium
30.0,-149.0,-7.103592,1.0114136,7.1752334,143.14162,8.119364,1.6793375,-0.066,0.219,0.22872909740564273,6,1.2662537700000007,Medium
30.0,-148.75,-7.096756,0.8912964,7.152507,143.14162,8.119364,1.6793375,-0.078,0.14300000000000002,0.1628895331198417,6,1.3193547466666669,Medium
30.0,-148.5,-7.1739044,0.65496826,7.203741,144.67287,8.18992,1.6817789,-0.077,0.052000000000000005,0.09291393867445294,6,1.3938764400000005,Medium
30.0,-148.25,-7.306717,0.36590576,7.315873,144.67287,8.18992,1.6817789,-0.075,0.002,0.07502666192761077,6,1.3261977166666663,Medium
30.0,-148.0,-7.397537,0.14910889,7.3990397,143.3838,8.205057,1.6947184,-0.08,0.003,0.08005623023850174,6,1.3402534333333338,Medium
30.0,-147.75,-7.4658966,-0.057922363,7.466121,143.3838,8.205057,1.6947184,-0.09,0.021,0.09241753080449618,6,1.3368125766666672,Medium
30.0,-147.5,-7.429764,-0.16046143,7.4314966,139.73537,8.172586,1.7103434,-0.091,0.028,0.0952102935611481,6,1.3058356200000005,Medium
30.0,-147.25,-7.3301544,-0.30108643,7.336335,139.73537,8.172586,1.7103434,-0.076,0.025,0.08000624975587844,6,1.3559043666666661,Medium
30.0,-147.0,-7.2676544,-0.46710205,7.2826495,135.92287,8.163309,1.7252359,-0.052000000000000005,0.024,0.05727128425310542,6,1.3660111699999984,Medium
30.0,-146.75,-7.3076935,-0.6604614,7.337479,135.92287,8.163309,1.7252359,-0.034,0.036000000000000004,0.04951767361255979,6,1.1885796933333328,Medium
30.0,-146.5,-7.4121857,-0.833313,7.458881,128.2588,8.110086,1.7454996,-0.018000000000000002,0.064,0.06648308055437865,6,1.2904237466666677,Medium
30.0,-146.25,-7.532303,-1.005188,7.599078,128.2588,8.110086,1.7454996,0.001,0.10400000000000001,0.1040048075811883,6,1.1296994766666675,Medium
30.0,-146.0,-7.6533966,-1.0823364,7.729549,115.758804,8.000711,1.7755289,0.016,0.152,0.1528397853963424,6,2.1473498133333333,Medium
30.0,-145.75,-7.7989044,-1.1419067,7.8820596,115.758804,8.000711,1.7755289,0.012,0.183,0.18339302058693507,6,2.2532978866666658,Medium
30.0,-145.5,-7.9219513,-1.2112427,8.014014,103.00099,7.8947544,1.8045816,-0.02,0.169,0.17017931719218996,6,3.113827430000001,Medium
30.0,-145.25,-8.021561,-1.2688599,8.121296,103.00099,7.8947544,1.8045816,-0.074,0.105,0.1284562182223967,6,3.779563794999999,Medium
30.0,-145.0,-8.119217,-1.3196411,8.22576,92.665054,7.8259068,1.8267984,-0.128,0.027,0.13081666560496027,6,3.505444671666666,Medium
30.0,-144.75,-8.219803,-1.3704224,8.33326,92.665054,7.8259068,1.8267984,-0.169,-0.026000000000000002,0.17098830369355678,6,3.593735456666665,Medium
30.0,-144.5,-8.294022,-1.4368286,8.417558,84.18068,7.7685337,1.8507242,-0.196,-0.032,0.19859506539690255,6,3.6696348966666665,Medium
30.0,-144.25,-8.37117,-1.5491333,8.513301,84.18068,7.7685337,1.8507242,-0.20800000000000002,-0.009000000000000001,0.20819462048765816,6,4.496132366666666,Medium
30.0,-144.0,-8.444412,-1.6712036,8.608195,77.11818,7.7038364,1.8802652,-0.209,0.021,0.21005237442123809,6,4.253219826666668,Medium
30.0,-143.75,-8.512772,-1.8049927,8.702027,77.11818,7.7038364,1.8802652,-0.199,0.045,0.2040245083317198,6,4.369572795000001,Medium
30.0,-143.5,-8.5108185,-1.9299927,8.726907,71.290054,7.652567,1.907609,-0.191,0.067,0.2024104740372889,6,5.002612233333332,Medium
30.0,-143.25,-8.46199,-2.0442505,8.705415,71.290054,7.652567,1.907609,-0.196,0.088,0.21484878403193258,6,5.117280509999998,Medium
30.0,-143.0,-8.407303,-2.1819458,8.685829,66.258804,7.6259556,1.9290934,-0.218,0.106,0.242404620418011,6,5.223416416666666,Medium
30.0,-142.75,-8.367264,-2.340149,8.688349,66.258804,7.6259556,1.9290934,-0.246,0.108,0.2686633581268573,6,5.454273280000001,Medium
30.0,-142.5,-8.384842,-2.5510864,8.764338,61.696304,7.609354,1.9488688,-0.262,0.083,0.2748326763687317,6,5.403585066666669,Medium
30.0,-142.25,-8.422928,-2.7922974,8.873705,61.696304,7.609354,1.9488688,-0.25,0.03,0.25179356624028343,6,5.208499458333331,Medium
30.0,-142.0,-8.375076,-3.0003052,8.896276,57.321304,7.605448,1.9671793,-0.213,-0.029,0.21496511344867103,6,5.126386218333331,Medium
30.0,-141.75,-8.264725,-3.1409302,8.841443,57.321304,7.605448,1.9671793,-0.169,-0.059000000000000004,0.17900279327429502,6,5.101764901666663,Medium
30.0,-141.5,-8.189529,-3.2815552,8.822528,52.75099,7.6342564,1.9801188,-0.137,-0.045,0.14420124826089406,6,5.063341944999996,Medium
30.0,-141.25,-8.085037,-3.3635864,8.7568,52.75099,7.6342564,1.9801188,-0.124,-0.012,0.12457929201917949,6,4.855375134999996,Medium
30.0,-141.0,-7.978592,-3.413391,8.678085,48.43849,7.6796665,1.9969645,-0.133,0.001,0.1330037593453659,6,4.956496944999993,Medium
30.0,-140.75,-7.900467,-3.4641724,8.626579,48.43849,7.6796665,1.9969645,-0.154,-0.012,0.15446682491719702,6,4.9666542449999955,Medium
30.0,-140.5,-7.909256,-3.5686646,8.677079,44.821304,7.7053013,2.0184488,-0.17300000000000001,-0.024,0.17465680633745712,6,4.9603614966666605,Medium
30.0,-140.25,-7.93367,-3.692688,8.750946,44.821304,7.7053013,2.0184488,-0.188,-0.002,0.18801063799689632,6,5.045016826666662,Medium
30.0,-140.0,-7.940506,-3.8538208,8.8263,41.860367,7.706522,2.0472574,-0.209,0.035,0.21191035840656774,6,5.092754203333328,Medium
30.0,-139.75,-7.866287,-4.01593,8.83211,41.860367,7.706522,2.0472574,-0.234,0.044,0.23810081898221183,6,5.228688636666662,Medium
30.0,-139.5,-7.7520294,-4.156555,8.796074,38.78224,7.7162876,2.070695,-0.248,0.013000000000000001,0.24834049206683956,6,5.044816753333332,Medium
30.0,-139.25,-7.648514,-4.2981567,8.773478,38.78224,7.7162876,2.070695,-0.24,-0.018000000000000002,0.24067405344157894,6,5.009133023333331,Medium
30.0,-139.0,-7.507889,-4.4085083,8.7065115,35.43068,7.7538853,2.0826578,-0.20500000000000002,-0.01,0.20524375751773793,6,5.19588035333333,Medium
30.0,-138.75,-7.3809357,-4.4749146,8.6315155,35.43068,7.7538853,2.0826578,-0.167,0.035,0.1706282508847817,6,5.3535244999999945,Medium
30.0,-138.5,-7.293045,-4.560852,8.601737,32.852554,7.7734165,2.1017008,-0.14300000000000002,0.073,0.16055528642807126,6,5.4154219699999935,Medium
30.0,-138.25,-7.157303,-4.6272583,8.522822,32.852554,7.7734165,2.1017008,-0.14,0.076,0.15929846201391903,6,5.425471556666661,Medium
30.0,-138.0,-7.011795,-4.784485,8.488614,30.227554,7.797098,2.1197672,-0.146,0.051000000000000004,0.15465122049308241,6,5.348914389999993,Medium
30.0,-137.75,-6.9033966,-4.95343,8.496667,30.227554,7.797098,2.1197672,-0.147,0.027,0.1494590244849738,6,5.290601253333327,Medium
30.0,-137.5,-6.829178,-5.145813,8.550851,27.77443,7.8200474,2.1378336,-0.137,0.01,0.1373644786689776,6,5.2161083633333325,Medium
30.0,-137.25,-6.7158966,-5.312805,8.563245,27.77443,7.8200474,2.1378336,-0.115,-0.009000000000000001,0.11535163631262454,6,5.105773615999997,Medium
30.0,-137.0,-6.598709,-5.477844,8.576115,25.758804,7.8293247,2.1615152,-0.097,-0.032,0.10214205793893132,6,5.014494775999995,Medium
30.0,-136.75,-6.543045,-5.6731567,8.660031,25.758804,7.8293247,2.1615152,-0.10400000000000001,-0.048,0.11454256850621083,6,5.18058976266666,Medium
30.0,-136.5,-6.426834,-5.864563,8.700419,23.99318,7.8220005,2.192277,-0.127,-0.047,0.13541787178950937,6,5.125634272666664,Medium
30.0,-136.25,-6.2783966,-6.069641,8.732629,23.99318,7.8220005,2.192277,-0.147,-0.031,0.15023315213360863,6,4.891849659333334,Medium
30.0,-136.0,-6.164139,-6.3342896,8.838542,21.946304,7.8339634,2.2164469,-0.149,-0.008,0.14921461054467824,6,4.7865447926666675,Medium
30.0,-135.75,-6.1270294,-6.6106567,9.013394,21.946304,7.8339634,2.2164469,-0.139,0.009000000000000001,0.13929106216839618,6,4.804164503333333,Medium
30.0,-135.5,-6.036209,-6.7874146,9.083217,20.36818,7.835428,2.242814,-0.139,-0.004,0.13905754204644927,6,4.793535326666666,Medium
30.0,-135.25,-5.886795,-6.8831177,9.057134,20.36818,7.835428,2.242814,-0.16,-0.056,0.16951696080333672,6,5.093590760000001,Medium
30.0,-135.0,-5.730545,-6.9866333,9.03616,18.891617,7.8220005,2.2716227,-0.191,-0.11900000000000001,0.2250377746068424,6,5.105923190000001,Medium
30.0,-134.75,-5.628006,-7.14093,9.092158,18.891617,7.8220005,2.2716227,-0.217,-0.135,0.25556603843233944,6,5.105230499999999,Medium
30.0,-134.5,-5.5371857,-7.310852,9.171095,17.407242,7.8117466,2.2970133,-0.23,-0.092,0.2477175811281872,6,7.905867099999995,Medium
30.0,-134.25,-5.4239044,-7.429016,9.198317,17.407242,7.8117466,2.2970133,-0.23900000000000002,-0.031,0.24100207467986662,6,9.420052439999994,Medium
30.0,-134.0,-5.306717,-7.503235,9.1902,15.969743,7.802225,2.3216715,-0.245,-0.013000000000000001,0.24534465553584003,6,3.823153369999999,Medium
30.0,-133.75,-5.1270294,-7.5647583,9.13849,15.969743,7.802225,2.3216715,-0.23600000000000002,-0.045,0.24025195108468944,6,3.685395616666665,Medium
30.0,-133.5,-4.9170685,-7.623352,9.071552,14.485368,7.7956333,2.3441324,-0.20600000000000002,-0.079,0.22062864727863427,6,3.271390843333333,Medium
30.0,-133.25,-4.7246857,-7.6985474,9.032734,14.485368,7.7956333,2.3441324,-0.17400000000000002,-0.07200000000000001,0.18830825791770262,6,3.2176730600000014,Medium
30.0,-133.0,-4.5303497,-7.805969,9.025366,12.954118,7.795389,2.3600016,-0.159,-0.037,0.16324827717314508,6,2.3925559866666664,Medium
30.0,-132.75,-4.3272247,-7.902649,9.009813,12.954118,7.795389,2.3600016,-0.164,-0.025,0.1658945448168806,6,2.450081123333333,Medium
30.0,-132.5,-4.131912,-8.037415,9.037296,11.407243,7.7946568,2.3724527,-0.176,-0.064,0.187275198571514,6,2.4509569766666663,Medium
30.0,-132.25,-3.9170685,-8.138977,9.032518,11.407243,7.7946568,2.3724527,-0.177,-0.126,0.21726711670199886,6,2.551664373333333,Medium
30.0,-132.0,-3.7383575,-8.221985,9.031963,9.860368,7.7922153,2.3853922,-0.17,-0.165,0.2369071548096427,6,2.524832073333333,Medium
30.0,-131.75,-3.5606232,-8.33429,9.0630245,9.860368,7.7922153,2.3853922,-0.166,-0.16,0.2305558500667463,6,2.5321564800000003,Medium
30.0,-131.5,-3.3858185,-8.448547,9.101743,8.196305,7.792948,2.3961344,-0.166,-0.121,0.20541908382621124,6,2.6887148000000005,Medium
30.0,-131.25,-3.199295,-8.560852,9.139129,8.196305,7.792948,2.3961344,-0.164,-0.065,0.17641145087550297,6,2.732908183333334,Medium
30.0,-131.0,-3.0088654,-8.652649,9.160873,6.438493,7.798563,2.402482,-0.153,-0.008,0.15320900756809308,6,2.995359873333332,Medium
30.0,-130.75,-2.8037872,-8.711243,9.151337,6.438493,7.798563,2.402482,-0.137,0.03,0.14024621207005916,6,2.8792172133333325,Medium
30.0,-130.5,-2.612381,-8.776672,9.15721,4.657243,7.8095493,2.4046793,-0.11800000000000001,0.029,0.12151131634543345,6,3.2538575199999964,Medium
30.0,-130.25,-2.4063263,-8.821594,9.143901,4.657243,7.8095493,2.4046793,-0.106,-0.013000000000000001,0.10679419459877021,6,3.3820816933333293,Medium
30.25,-156.25,-6.221756,2.526062,6.7150006,148.85255,7.7990513,1.6744547,0.024,0.095,0.09798469268207152,6,1.316093650000001,Medium
30.25,-156.0,-6.62117,2.7125854,7.1552787,145.36037,7.6261997,1.682023,-0.025,0.149,0.15108275877809485,6,0.9965763133333341,Low
30.25,-155.75,-6.7090607,2.8532104,7.2905626,145.36037,7.6261997,1.682023,-0.059000000000000004,0.183,0.19227584351654786,6,1.0798128300000003,Medium
30.25,-155.5,-6.732498,3.001648,7.3713245,142.61037,7.473612,1.6856852,-0.065,0.17500000000000002,0.18668154702594472,6,1.0946032866666673,Medium
30.25,-155.25,-6.7490997,3.1315308,7.440217,142.61037,7.473612,1.6856852,-0.047,0.13,0.13823530663329106,6,1.0956640700000013,Medium
30.25,-155.0,-6.704178,3.166687,7.414439,139.83693,7.342264,1.6861734,-0.023,0.079,0.08228000972289685,6,1.0197030500000013,Medium
30.25,-154.75,-6.5615997,3.001648,7.2155724,139.83693,7.342264,1.6861734,-0.009000000000000001,0.056,0.056718603649948934,6,1.0322535133333346,Medium
30.25,-154.5,-6.494217,2.7887573,7.0676746,137.85255,7.2765903,1.682023,-0.013000000000000001,0.07200000000000001,0.0731641988953614,6,1.0556710900000008,Medium
30.25,-154.25,-6.480545,2.5494995,6.9640083,137.85255,7.2765903,1.682023,-0.031,0.112,0.11621101496846158,6,1.0267237666666673,Medium
30.25,-154.0,-6.504959,2.2955933,6.8981333,137.46193,7.3154087,1.6676188,-0.048,0.148,0.1555892027102138,6,1.2028881866666674,Medium
30.25,-153.75,-6.567459,2.0631714,6.8839083,137.46193,7.3154087,1.6676188,-0.051000000000000004,0.165,0.17270205557549106,6,1.1310062200000004,Medium
30.25,-153.5,-6.6983185,1.8600464,6.95178,137.83693,7.415018,1.6532145,-0.037,0.158,0.16227445886522007,6,1.0481162666666664,Medium
30.25,-153.25,-6.931717,1.7477417,7.1486573,137.83693,7.415018,1.6532145,-0.01,0.14100000000000001,0.14135416513141735,6,0.9747843900000009,Low
30.25,-153.0,-7.228592,1.6852417,7.4224377,136.0088,7.4509068,1.6624918,0.019,0.136,0.1373207923076473,6,0.9350563766666677,Low
30.25,-152.75,-7.5039825,1.6364136,7.680339,136.0088,7.4509068,1.6624918,0.038,0.15,0.1547384890710776,6,0.9185590866666682,Low
30.25,-152.5,-7.666092,1.5787964,7.826977,132.6338,7.430643,1.6893473,0.045,0.169,0.1748885359307465,6,1.0118308433333343,Medium
30.25,-152.25,-7.719803,1.3864136,7.843309,132.6338,7.430643,1.6893473,0.045,0.169,0.1748885359307465,6,1.0088993133333342,Medium
30.25,-152.0,-7.772537,1.1725464,7.8604836,130.14162,7.446024,1.7076578,0.047,0.153,0.1600562401157793,6,0.9061042700000013,Low
30.25,-151.75,-7.7403107,1.0133667,7.806364,130.14162,7.446024,1.7076578,0.051000000000000004,0.136,0.14524806367039803,6,1.0669324166666674,Medium
30.25,-151.5,-7.634842,0.9176636,7.689793,130.02443,7.533182,1.7059488,0.052000000000000005,0.132,0.1418731828077456,6,1.073984910000001,Medium
30.25,-151.25,-7.513748,0.82977295,7.559427,130.02443,7.533182,1.7059488,0.04,0.135,0.14080127840328724,6,0.8031783033333341,Low
30.25,-151.0,-7.404373,0.74871826,7.4421315,132.6338,7.6867466,1.6900797,0.024,0.128,0.13023056476879766,6,0.7242967133333333,Low
30.25,-150.75,-7.2832794,0.68133545,7.3150787,132.6338,7.6867466,1.6900797,0.016,0.108,0.10917875251164944,6,0.7365573000000001,Low
30.25,-150.5,-7.161209,0.5993042,7.1862426,135.8838,7.8442173,1.6761637,0.016,0.092,0.09338094023943001,6,0.8586065300000003,Low
30.25,-150.25,-7.0615997,0.5397339,7.082196,135.8838,7.8442173,1.6761637,0.019,0.08600000000000001,0.08807383266328316,6,0.9249050799999998,Low
30.25,-150.0,-7.0352325,0.6022339,7.0609617,138.79005,7.965555,1.6722574,0.011,0.096,0.09662815324738437,6,0.9497383566666665,Low
30.25,-149.75,-7.0264435,0.78778076,7.070467,138.79005,7.965555,1.6722574,-0.009000000000000001,0.137,0.13729530217745983,6,0.9671362933333334,Low
30.25,-149.5,-7.013748,0.9537964,7.0783043,140.8213,8.038065,1.6776285,-0.032,0.201,0.20353132437047622,6,1.0159925033333328,Medium
30.25,-149.25,-6.992264,1.0524292,7.071023,140.8213,8.038065,1.6776285,-0.046,0.247,0.25124689052802224,6,1.158178979999999,Medium
30.25,-149.0,-6.9844513,1.0631714,7.0649056,143.14162,8.119364,1.6793375,-0.048,0.227,0.23201939574095956,6,1.1684628633333325,Medium
30.25,-148.75,-7.0108185,0.94403076,7.0740914,143.14162,8.119364,1.6793375,-0.046,0.14200000000000002,0.14926486525636234,6,1.2133275566666664,Medium
30.25,-148.5,-7.105545,0.7037964,7.140315,144.67287,8.18992,1.6817789,-0.048,0.05,0.06931089380465383,6,1.3314209433333324,Medium
30.25,-148.25,-7.192459,0.44207764,7.2060323,144.67287,8.18992,1.6817789,-0.052000000000000005,0.006,0.05234500931320961,6,1.2620280633333325,Medium
30.25,-148.0,-7.2559357,0.26531982,7.260785,143.3838,8.205057,1.6947184,-0.054,0.01,0.05491812087098392,6,1.252234663333333,Medium
30.25,-147.75,-7.2940216,0.18719482,7.2964234,143.3838,8.205057,1.6947184,-0.048,0.021,0.052392747589718944,6,1.2496210866666655,Medium
30.25,-147.5,-7.301834,0.14227295,7.30322,139.73537,8.172586,1.7103434,-0.032,0.017,0.03623534186398688,6,1.1137650299999995,Medium
30.25,-147.25,-7.304764,-0.0012817383,7.304764,139.73537,8.172586,1.7103434,-0.018000000000000002,0.012,0.02163330765278394,6,1.0578775766666666,Medium
30.25,-147.0,-7.3184357,-0.18878174,7.32087,135.92287,8.163309,1.7252359,-0.021,0.023,0.03114482300479487,6,1.116368279999999,Medium
30.25,-146.75,-7.362381,-0.3928833,7.3728566,135.92287,8.163309,1.7252359,-0.045,0.049,0.06652818951391959,6,1.206409759999999,Medium
30.25,-146.5,-7.4395294,-0.58721924,7.462669,128.2588,8.110086,1.7454996,-0.074,0.073,0.1039471019317037,6,1.3401333466666663,Medium
30.25,-146.25,-7.5108185,-0.72784424,7.5460024,128.2588,8.110086,1.7454996,-0.088,0.1,0.1332066064427737,6,1.2345131433333338,Medium
30.25,-146.0,-7.6182404,-0.7962036,7.6597342,115.758804,8.000711,1.7755289,-0.083,0.14400000000000002,0.16620770138594662,6,2.135179053333335,Medium
30.25,-145.75,-7.737381,-0.8880005,7.7881713,115.758804,8.000711,1.7755289,-0.081,0.194,0.2102308255228048,6,2.1074873766666666,Medium
30.25,-145.5,-7.8721466,-0.9651489,7.931091,103.00099,7.8947544,1.8045816,-0.097,0.20700000000000002,0.22860008748904714,6,3.069084794999999,Medium
30.25,-145.25,-7.9903107,-1.0354614,8.057124,103.00099,7.8947544,1.8045816,-0.134,0.159,0.207935086024461,6,3.8411882116666654,Medium
30.25,-145.0,-8.087967,-1.107727,8.163471,92.665054,7.8259068,1.8267984,-0.17500000000000002,0.076,0.19079046097748179,6,3.8361638416666657,Medium
30.25,-144.75,-8.162186,-1.1624146,8.244542,92.665054,7.8259068,1.8267984,-0.20700000000000002,0.009000000000000001,0.2071955597979841,6,3.4576727616666667,Medium
30.25,-144.5,-8.224686,-1.2503052,8.319178,84.18068,7.7685337,1.8507242,-0.221,-0.018000000000000002,0.22173181999884456,6,3.707201085000001,Medium
30.25,-144.25,-8.317459,-1.3792114,8.431035,84.18068,7.7685337,1.8507242,-0.215,-0.012,0.2153346233191495,6,4.412356140000003,Medium
30.25,-144.0,-8.4014435,-1.5217896,8.538156,77.11818,7.7038364,1.8802652,-0.196,0.005,0.1960637651377735,6,4.19813440666667,Medium
30.25,-143.75,-8.418045,-1.6438599,8.577048,77.11818,7.7038364,1.8802652,-0.17500000000000002,0.029,0.17738658348364458,6,4.236928630000001,Medium
30.25,-143.5,-8.367264,-1.7630005,8.550981,71.290054,7.652567,1.907609,-0.163,0.062,0.17439323381370048,6,4.831301933333333,Medium
30.25,-143.25,-8.297928,-1.8567505,8.503125,71.290054,7.652567,1.907609,-0.168,0.105,0.19811360377318868,6,4.9831213199999995,Medium
30.25,-143.0,-8.250076,-2.0061646,8.490492,66.258804,7.6259556,1.9290934,-0.188,0.139,0.23380547470065796,6,5.08948405,Medium
30.25,-142.75,-8.250076,-2.2219849,8.544061,66.258804,7.6259556,1.9290934,-0.215,0.139,0.25601953050499876,6,5.260022373333333,Medium
30.25,-142.5,-8.291092,-2.4866333,8.655954,61.696304,7.609354,1.9488688,-0.226,0.084,0.2411057859114957,6,5.291961343333335,Medium
30.25,-142.25,-8.360428,-2.7337036,8.796016,61.696304,7.609354,1.9488688,-0.213,-0.002,0.21300938946440834,6,5.186341588333333,Medium
30.25,-142.0,-8.313553,-2.920227,8.81152,57.321304,7.605448,1.9671793,-0.184,-0.075,0.1986982637065558,6,5.102314901666665,Medium
30.25,-141.75,-8.169022,-3.0256958,8.711358,57.321304,7.605448,1.9671793,-0.158,-0.096,0.18487833837418596,6,5.059750078333331,Medium
30.25,-141.5,-7.987381,-3.0715942,8.557625,52.75099,7.6342564,1.9801188,-0.148,-0.061,0.1600781059358212,6,5.025176111666664,Medium
30.25,-141.25,-7.8565216,-3.0813599,8.4391775,52.75099,7.6342564,1.9801188,-0.155,-0.006,0.15511608556174952,6,5.011604921666663,Medium
30.25,-141.0,-7.772537,-3.1067505,8.370438,48.43849,7.6796665,1.9969645,-0.169,0.019,0.17006469357276954,6,4.899270864999997,Medium
30.25,-140.75,-7.7627716,-3.183899,8.390342,48.43849,7.6796665,1.9969645,-0.186,0.006,0.18609674903124987,6,4.838248181666665,Medium
30.25,-140.5,-7.7969513,-3.310852,8.470784,44.821304,7.7053013,2.0184488,-0.197,-0.009000000000000001,0.19720547659738052,6,4.993733776666661,Medium
30.25,-140.25,-7.7940216,-3.4544067,8.525239,44.821304,7.7053013,2.0184488,-0.20600000000000002,0.015,0.2065453945262397,6,4.99596449333333,Medium
30.25,-140.0,-7.735428,-3.6018677,8.532895,41.860367,7.706522,2.0472574,-0.226,0.063,0.23461670869739862,6,4.881760439999997,Medium
30.25,-139.75,-7.6865997,-3.7874146,8.569034,41.860367,7.706522,2.0472574,-0.25,0.074,0.26072207424765553,6,4.950530659999998,Medium
30.25,-139.5,-7.628006,-3.9700317,8.59928,38.78224,7.7162876,2.070695,-0.272,0.029,0.2735415873317986,6,4.913017986666665,Medium
30.25,-139.25,-7.543045,-4.1223755,8.596017,38.78224,7.7162876,2.070695,-0.28400000000000003,-0.029,0.28547679415322014,6,4.850316073333332,Medium
30.25,-139.0,-7.458084,-4.2356567,8.576935,35.43068,7.7538853,2.0826578,-0.28200000000000003,-0.038,0.28454876559212133,6,5.103678803333332,Medium
30.25,-138.75,-7.317459,-4.3137817,8.494347,35.43068,7.7538853,2.0826578,-0.268,0.002,0.26800746258266767,6,5.1679109433333315,Medium
30.25,-138.5,-7.163162,-4.3762817,8.394209,32.852554,7.7734165,2.1017008,-0.242,0.045,0.24614832926509983,6,5.26311899333333,Medium
30.25,-138.25,-7.003006,-4.498352,8.323297,32.852554,7.7734165,2.1017008,-0.20500000000000002,0.052000000000000005,0.21149231664530985,6,5.241257166666664,Medium
30.25,-138.0,-6.853592,-4.6887817,8.303999,30.227554,7.797098,2.1197672,-0.163,0.03,0.16573774464496616,6,5.203238533333328,Medium
30.25,-137.75,-6.739334,-4.9348755,8.352941,30.227554,7.797098,2.1197672,-0.129,0.007,0.12918978287774927,6,4.9946387099999985,Medium
30.25,-137.5,-6.676834,-5.147766,8.430872,27.77443,7.8200474,2.1378336,-0.11,-0.007,0.11022250223978768,6,5.080614243333331,Medium
30.25,-137.25,-6.5928497,-5.3635864,8.4990425,27.77443,7.8200474,2.1378336,-0.106,-0.017,0.10735455276791944,6,5.047266559333332,Medium
30.25,-137.0,-6.554764,-5.5960083,8.618598,25.758804,7.8293247,2.1615152,-0.117,-0.021,0.1188696765369537,6,5.016647092666663,Medium
30.25,-136.75,-6.5401154,-5.8167114,8.752556,25.758804,7.8293247,2.1615152,-0.14100000000000001,-0.017,0.14202112518917742,6,4.970862429333334,Medium
30.25,-136.5,-6.4903107,-5.9905396,8.832366,23.99318,7.8220005,2.192277,-0.163,-0.015,0.16368872899500442,6,5.054847283333334,Medium
30.25,-136.25,-6.3408966,-6.1467896,8.831194,23.99318,7.8220005,2.192277,-0.17300000000000001,-0.02,0.1741522322567242,6,4.877740603333334,Medium
30.25,-136.0,-6.1865997,-6.3674927,8.878006,21.946304,7.8339634,2.2164469,-0.163,-0.018000000000000002,0.1639908534034749,6,4.635809736666667,Medium
30.25,-135.75,-6.101639,-6.5755005,8.970351,21.946304,7.8339634,2.2164469,-0.14400000000000002,-0.001,0.144003472180361,6,4.77205844,Medium
30.25,-135.5,-6.0020294,-6.750305,9.032772,20.36818,7.835428,2.242814,-0.139,0.011,0.13943457247038843,6,4.70669248,Medium
30.25,-135.25,-5.8750763,-6.8919067,9.056208,20.36818,7.835428,2.242814,-0.163,-0.015,0.16368872899500442,6,5.041069070000001,Medium
30.25,-135.0,-5.761795,-7.043274,9.099779,18.891617,7.8220005,2.2716227,-0.20500000000000002,-0.07100000000000001,0.21694699813548932,6,5.1414667366666675,Medium
30.25,-134.75,-5.669998,-7.170227,9.141172,18.891617,7.8220005,2.2716227,-0.241,-0.10400000000000001,0.26248238036104443,6,5.648612466666665,Medium
30.25,-134.5,-5.5528107,-7.2922974,9.165769,17.407242,7.8117466,2.2970133,-0.257,-0.079,0.26886799735186034,6,7.84895341666666,Medium
30.25,-134.25,-5.429764,-7.4075317,9.184436,17.407242,7.8117466,2.2970133,-0.255,-0.027,0.2564254277562972,6,9.395270919999993,Medium
30.25,-134.0,-5.2969513,-7.522766,9.200527,15.969743,7.802225,2.3216715,-0.242,-0.016,0.24252834885843758,6,3.7706249199999995,Medium
30.25,-133.75,-5.134842,-7.619446,9.188174,15.969743,7.802225,2.3216715,-0.224,-0.063,0.23269078194032528,6,3.5796685566666655,Medium
30.25,-133.5,-4.978592,-7.7180786,9.1845045,14.485368,7.7956333,2.3441324,-0.197,-0.111,0.22611943746613206,6,3.530902006666665,Medium
30.25,-133.25,-4.7969513,-7.838196,9.189563,14.485368,7.7956333,2.3441324,-0.166,-0.098,0.19276929216034386,6,3.5737357033333326,Medium
30.25,-133.0,-4.603592,-7.9680786,9.202354,12.954118,7.795389,2.3600016,-0.145,-0.038,0.1498966310495336,6,2.4534219799999994,Medium
30.25,-132.75,-4.4033966,-8.095032,9.215175,12.954118,7.795389,2.3600016,-0.149,-0.004,0.14905368160498417,6,2.6027076299999994,Medium
30.25,-132.5,-4.197342,-8.254211,9.260113,11.407243,7.7946568,2.3724527,-0.168,-0.04,0.17269626515938324,6,2.612380873333333,Medium
30.25,-132.25,-3.9912872,-8.367493,9.270669,11.407243,7.7946568,2.3724527,-0.188,-0.112,0.21883326986543888,6,2.7354950799999993,Medium
30.25,-132.0,-3.8194122,-8.507141,9.325201,9.860368,7.7922153,2.3853922,-0.20400000000000001,-0.157,0.2574198904513791,6,2.7502322833333332,Medium
30.25,-131.75,-3.6319122,-8.631165,9.364176,9.860368,7.7922153,2.3853922,-0.217,-0.151,0.26436716891475004,6,2.716695296666667,Medium
30.25,-131.5,-3.4239044,-8.714172,9.362688,8.196305,7.792948,2.3961344,-0.225,-0.115,0.2526855753698656,6,2.856342490000001,Medium
30.25,-131.25,-3.2051544,-8.789368,9.355534,8.196305,7.792948,2.3961344,-0.224,-0.07100000000000001,0.2349829781069259,6,2.785611870000001,Medium
30.25,-131.0,-3.0283966,-8.89386,9.395314,6.438493,7.798563,2.402482,-0.20400000000000001,-0.034,0.20681392603013948,6,3.1539768500000007,Medium
30.25,-130.75,-2.8653107,-8.996399,9.441673,6.438493,7.798563,2.402482,-0.16,-0.011,0.16037767924496227,6,3.112525446666666,Medium
30.25,-130.5,-2.6865997,-9.08429,9.473232,4.657243,7.8095493,2.4046793,-0.105,-0.013000000000000001,0.10580170130957252,6,3.3587688566666625,Medium
30.25,-130.25,-2.4815216,-9.14093,9.471777,4.657243,7.8095493,2.4046793,-0.057,-0.04,0.06963476143421474,6,3.5065669966666633,Medium
30.5,-156.25,-6.159256,3.144226,6.915388,156.96193,7.7555943,1.6615152,-0.023,0.149,0.15076471735787522,6,1.516842033333335,Medium
30.5,-156.0,-6.424881,3.1989136,7.177196,153.22755,7.6015415,1.6705484,-0.049,0.195,0.20106217943710847,6,1.421760336666669,Medium
30.5,-155.75,-6.4815216,3.267273,7.2584567,153.22755,7.6015415,1.6705484,-0.065,0.201,0.21124866863485792,6,1.4173589366666692,Medium
30.5,-155.5,-6.469803,3.3219604,7.27281,150.73537,7.4802036,1.6705484,-0.067,0.162,0.17530829986055993,6,1.3960751100000017,Medium
30.5,-155.25,-6.5020294,3.338562,7.3090615,150.73537,7.4802036,1.6705484,-0.057,0.10200000000000001,0.11684605256490269,6,1.3928422466666688,Medium
30.5,-155.0,-6.456131,3.2633667,7.23403,148.50099,7.392069,1.6629801,-0.047,0.056,0.07310950690573696,6,1.3934209600000016,Medium
30.5,-154.75,-6.362381,3.1080933,7.08097,148.50099,7.392069,1.6629801,-0.043000000000000003,0.05,0.06594694837519019,6,1.505820463333334,Medium
30.5,-154.5,-6.2871857,2.8903198,6.919729,147.14943,7.3742466,1.6473551,-0.047,0.083,0.09538343671728337,6,1.5320602433333348,Medium
30.5,-154.25,-6.3145294,2.6520386,6.848839,147.14943,7.3742466,1.6473551,-0.059000000000000004,0.131,0.14367324037551324,6,1.4944600733333353,Medium
30.5,-154.0,-6.4365997,2.3981323,6.868832,146.22755,7.400858,1.6353922,-0.07200000000000001,0.162,0.17727944043232988,6,1.2105815433333342,Medium
30.5,-153.75,-6.610428,2.2155151,6.9718194,146.22755,7.400858,1.6353922,-0.078,0.16,0.17800000000000002,6,1.157537250000001,Medium
30.5,-153.5,-6.822342,2.097351,7.1374526,144.29787,7.4313755,1.6361246,-0.068,0.13,0.14671059948074644,6,1.140081580000001,Medium
30.5,-153.25,-7.0664825,2.0377808,7.354436,144.29787,7.4313755,1.6361246,-0.042,0.101,0.10938464243210745,6,1.0631853466666672,Medium
30.5,-153.0,-7.3584747,1.9879761,7.622283,141.12599,7.4277134,1.6537027,-0.012,0.101,0.10171037311896954,6,0.9189831833333338,Low
30.5,-152.75,-7.501053,1.8551636,7.727058,141.12599,7.4277134,1.6537027,0.005,0.133,0.13309395177843358,6,0.8635569266666675,Low
30.5,-152.5,-7.5557404,1.6803589,7.740337,138.96974,7.440897,1.6705484,0.006,0.167,0.16710774967068406,6,0.852753023333334,Low
30.5,-152.25,-7.5821075,1.4889526,7.7269225,138.96974,7.440897,1.6705484,0.0,0.171,0.171,6,0.8474523066666674,Low
30.5,-152.0,-7.6407013,1.3161011,7.753221,138.79787,7.5112095,1.671525,-0.003,0.147,0.14703060905811413,6,0.7462537566666677,Low
30.5,-151.75,-7.532303,1.2369995,7.6332006,138.79787,7.5112095,1.671525,-0.001,0.13,0.1300038460969521,6,0.729202963333334,Low
30.5,-151.5,-7.391678,1.2037964,7.4890604,141.5713,7.655985,1.6549234,-0.001,0.136,0.1360036764208968,6,0.799145666666667,Low
30.5,-151.25,-7.2696075,1.2164917,7.3706884,141.5713,7.655985,1.6549234,-0.004,0.147,0.1470544116985274,6,0.7708094100000005,Low
30.5,-151.0,-7.195389,1.2330933,7.3002834,144.6963,7.792948,1.6427164,-0.009000000000000001,0.14,0.14028898745090437,6,0.8411101833333334,Low
30.5,-150.75,-7.176834,1.1813354,7.2734103,144.6963,7.792948,1.6427164,-0.009000000000000001,0.113,0.11335784048754634,6,0.8117648466666666,Low
30.5,-150.5,-7.129959,1.032898,7.204387,145.86818,7.882059,1.6444254,-0.005,0.08700000000000001,0.08714355971613738,6,0.9154275966666667,Low
30.5,-150.25,-7.056717,0.8834839,7.111807,145.86818,7.882059,1.6444254,-0.001,0.084,0.08400595217006948,6,0.9608359999999999,Low
30.5,-150.0,-6.9795685,0.7887573,7.0239954,147.14162,7.977518,1.6471109,0.0,0.105,0.105,6,1.2517153333333342,Medium
30.5,-149.75,-6.9082794,0.81707764,6.9564314,147.14162,7.977518,1.6471109,-0.001,0.15,0.15000333329629711,6,1.2143394966666676,Medium
30.5,-149.5,-6.866287,0.94207764,6.930614,148.75099,8.063456,1.6510172,0.002,0.209,0.2090095691589263,6,1.2791991966666671,Medium
30.5,-149.25,-6.8164825,1.0114136,6.8911095,148.75099,8.063456,1.6510172,0.009000000000000001,0.245,0.24516525039246487,6,1.3055138666666666,Medium
30.5,-149.0,-6.813553,1.032898,6.8913994,150.26662,8.131571,1.6563883,0.012,0.226,0.2263183598385248,6,1.2906977033333336,Medium
30.5,-148.75,-6.87117,0.99383545,6.9426713,150.26662,8.131571,1.6563883,0.0,0.152,0.152,6,1.3447831466666669,Medium
30.5,-148.5,-6.9815216,0.84539795,7.0325203,151.84474,8.199442,1.6612711,-0.026000000000000002,0.07,0.07467261881037789,6,1.4683111099999995,Medium
30.5,-148.25,-7.043045,0.6364136,7.07174,151.84474,8.199442,1.6612711,-0.05,0.022,0.05462600113499066,6,1.637499889999998,Medium
30.5,-148.0,-7.0869904,0.5133667,7.10556,153.21974,8.2577915,1.6671305,-0.056,0.008,0.0565685424949238,6,1.6371638399999984,Medium
30.5,-147.75,-7.1270294,0.45281982,7.1414003,153.21974,8.2577915,1.6671305,-0.038,-0.001,0.03801315561749642,6,1.5519421733333323,Medium
30.5,-147.5,-7.18367,0.3991089,7.194748,152.05568,8.259012,1.6778727,-0.009000000000000001,-0.009000000000000001,0.012727922061357857,6,2.5502203266666665,Medium
30.5,-147.25,-7.257889,0.26922607,7.2628803,152.05568,8.259012,1.6778727,0.006,0.008,0.01,6,2.4890491166666666,Medium
30.5,-147.0,-7.3008575,0.08465576,7.301348,147.7588,8.226786,1.6978922,-0.009000000000000001,0.055,0.05573149917237109,6,1.3440469466666665,Medium
30.5,-146.75,-7.346756,-0.10870361,7.3475604,147.7588,8.226786,1.6978922,-0.047,0.098,0.10868762579061152,6,1.4526851900000002,Medium
30.5,-146.5,-7.3907013,-0.29229736,7.396479,139.06349,8.15867,1.7230387,-0.088,0.11,0.14086873322352267,6,1.36967463,Medium
30.5,-146.25,-7.4033966,-0.42803955,7.41576,139.06349,8.15867,1.7230387,-0.109,0.108,0.15344380078712858,6,1.38717049,Medium
30.5,-146.0,-7.5039825,-0.5383911,7.5232716,125.40724,8.055399,1.7540445,-0.109,0.136,0.17428998823799374,6,2.1115921833333346,Medium
30.5,-145.75,-7.672928,-0.6370239,7.699326,125.40724,8.055399,1.7540445,-0.106,0.197,0.22370739817896057,6,2.141955683333333,Medium
30.5,-145.5,-7.8457794,-0.73760986,7.880376,110.07912,7.94578,1.7857828,-0.121,0.23800000000000002,0.2669925092582187,6,3.2707262149999994,Medium
30.5,-145.25,-7.9746857,-0.83721924,8.018513,110.07912,7.94578,1.7857828,-0.158,0.21,0.26280030441382674,6,3.8944327783333326,Medium
30.5,-145.0,-8.02742,-0.92315674,8.080328,97.53224,7.868387,1.8116617,-0.20400000000000001,0.123,0.2382120903732638,6,3.7805348583333345,Medium
30.5,-144.75,-8.077225,-0.9768677,8.136082,97.53224,7.868387,1.8116617,-0.23800000000000002,0.033,0.24027692356945143,6,3.6437881050000027,Medium
30.5,-144.5,-8.165115,-1.0774536,8.235898,87.53224,7.795145,1.8390055,-0.249,-0.021,0.24988397307550558,6,3.9411976866666683,Medium
30.5,-144.25,-8.275467,-1.2249146,8.36563,87.53224,7.795145,1.8390055,-0.232,-0.036000000000000004,0.234776489453267,6,4.772705888333335,Medium
30.5,-144.0,-8.367264,-1.3850708,8.481128,79.51662,7.7524204,1.8621988,-0.199,-0.028,0.2009601950635996,6,4.549384411666669,Medium
30.5,-143.75,-8.3116,-1.498352,8.445576,79.51662,7.7524204,1.8621988,-0.169,0.003,0.1690266251216062,6,4.572110933333332,Medium
30.5,-143.5,-8.234451,-1.5872192,8.386027,72.93849,7.739481,1.8788004,-0.151,0.053,0.16003124694883808,6,4.812608251666665,Medium
30.5,-143.25,-8.165115,-1.6975708,8.339715,72.93849,7.739481,1.8788004,-0.14300000000000002,0.113,0.182258058806737,6,4.955724748333332,Medium
30.5,-143.0,-8.133865,-1.8596802,8.343751,67.21193,7.7267857,1.8949137,-0.147,0.16,0.21727632176562636,6,5.090990819999999,Medium
30.5,-142.75,-8.191483,-2.098938,8.456118,67.21193,7.7267857,1.8949137,-0.148,0.151,0.21143556938225885,6,5.306343853333334,Medium
30.5,-142.5,-8.231522,-2.3743286,8.567111,61.922867,7.707987,1.9146891,-0.145,0.078,0.16464810961562842,6,5.322395150000001,Medium
30.5,-142.25,-8.218826,-2.5979614,8.619658,61.922867,7.707987,1.9146891,-0.134,-0.025,0.13631214179228499,6,5.205960809999999,Medium
30.5,-142.0,-8.132889,-2.7444458,8.583465,56.61818,7.7053013,1.933732,-0.126,-0.097,0.1590125781188394,6,5.240307241666665,Medium
30.5,-141.75,-7.9532013,-2.7922974,8.429136,56.61818,7.7053013,1.933732,-0.131,-0.1,0.1648059464946578,6,5.123611664999998,Medium
30.5,-141.5,-7.772537,-2.7942505,8.25955,51.196304,7.746317,1.9466715,-0.15,-0.046,0.1568948692596415,6,5.185150214999998,Medium
30.5,-141.25,-7.668045,-2.7991333,8.162969,51.196304,7.746317,1.9466715,-0.177,0.016,0.17772169254201917,6,5.0594694949999965,Medium
30.5,-141.0,-7.6045685,-2.8294067,8.113877,46.852554,7.7751255,1.9688883,-0.197,0.037,0.20044450603596,6,5.245416139999998,Medium
30.5,-140.75,-7.5752716,-2.9036255,8.112693,46.852554,7.7751255,1.9688883,-0.211,0.016,0.2116057655169159,6,5.164398379999997,Medium
30.5,-140.5,-7.638748,-3.0706177,8.23281,43.37599,7.789774,1.9930582,-0.215,-0.003,0.21502092921387908,6,5.152356454999997,Medium
30.5,-140.25,-7.551834,-3.210266,8.205852,43.37599,7.789774,1.9930582,-0.215,0.02,0.21592822881689183,6,5.051850294999996,Medium
30.5,-140.0,-7.49617,-3.348938,8.210235,40.329117,7.79368,2.0164957,-0.215,0.07100000000000001,0.2264199637841151,6,5.064521941666663,Medium
30.5,-139.75,-7.4707794,-3.513977,8.255942,40.329117,7.79368,2.0164957,-0.213,0.088,0.23046257830719502,6,5.048585601666662,Medium
30.5,-139.5,-7.449295,-3.7268677,8.329558,37.36818,7.801737,2.039689,-0.217,0.045,0.22161678636782006,6,5.109949001666661,Medium
30.5,-139.25,-7.360428,-3.8987427,8.329231,37.36818,7.801737,2.039689,-0.232,-0.011,0.2322606294661237,6,5.050549184999995,Medium
30.5,-139.0,-7.341873,-4.0237427,8.372192,34.704117,7.811014,2.0633707,-0.255,-0.026000000000000002,0.2563220630378899,6,5.0437085299999955,Medium
30.5,-138.75,-7.2403107,-4.1116333,8.326322,34.704117,7.811014,2.0633707,-0.272,-0.002,0.2720073528417936,6,4.96569481333333,Medium
30.5,-138.5,-7.0664825,-4.215149,8.228163,32.352554,7.81785,2.0894938,-0.266,0.013000000000000001,0.26631747971171554,6,5.06278206333333,Medium
30.5,-138.25,-6.913162,-4.3928833,8.190802,32.352554,7.81785,2.0894938,-0.229,-0.002,0.22900873345791858,6,5.032920789999997,Medium
30.5,-138.0,-6.770584,-4.619446,8.196345,30.196304,7.821512,2.1183023,-0.178,-0.025,0.1797470444819608,6,4.98619209333333,Medium
30.5,-137.75,-6.6709747,-4.8674927,8.25799,30.196304,7.821512,2.1183023,-0.137,-0.027,0.1396352391053204,6,4.881686396666663,Medium
30.5,-137.5,-6.5977325,-5.137024,8.361764,28.49318,7.8102818,2.1532145,-0.12,-0.015,0.12093386622447824,6,4.960989309999998,Medium
30.5,-137.25,-6.544998,-5.4124146,8.4930105,28.49318,7.8102818,2.1532145,-0.125,-0.003,0.12503599481749245,6,5.049845496,Medium
30.5,-137.0,-6.5313263,-5.67511,8.652462,27.02443,7.7973423,2.190568,-0.14,0.005,0.140089257261219,6,5.044626442666666,Medium
30.5,-136.75,-6.554764,-5.940735,8.846313,27.02443,7.7973423,2.190568,-0.153,0.009000000000000001,0.15326447729333761,6,5.0390021926666675,Medium
30.5,-136.5,-6.5000763,-6.14093,8.942148,25.55568,7.7939243,2.230363,-0.163,0.001,0.16300306745579976,6,5.05826993,Medium
30.5,-136.25,-6.3809357,-6.302063,8.968408,25.55568,7.7939243,2.230363,-0.159,-0.021,0.16038079685548393,6,4.863278273333335,Medium
30.5,-136.0,-6.2627716,-6.5012817,9.027124,24.071304,7.7736607,2.272355,-0.148,-0.032,0.1514199458459816,6,4.717453979333336,Medium
30.5,-135.75,-6.1934357,-6.713196,9.133764,24.071304,7.7736607,2.272355,-0.139,-0.008,0.13923002549737612,6,4.829572226666666,Medium
30.5,-135.5,-6.0801544,-6.900696,9.197166,22.540054,7.760477,2.3101969,-0.145,0.03,0.14807092894960847,6,5.59206615,Medium
30.5,-135.25,-5.9551544,-7.0647583,9.239841,22.540054,7.760477,2.3101969,-0.17200000000000001,0.033,0.1751370891616051,6,5.662521800000001,Medium
30.5,-135.0,-5.8340607,-7.201477,9.268092,21.02443,7.7507114,2.3436441,-0.214,-0.014,0.2144574549881631,6,5.7536419633333304,Medium
30.5,-134.75,-5.712967,-7.291321,9.262902,21.02443,7.7507114,2.3436441,-0.251,-0.065,0.2592797716753083,6,6.148446929999998,Medium
30.5,-134.5,-5.586014,-7.4299927,9.2956085,19.571304,7.746561,2.3741617,-0.263,-0.069,0.27190071717448633,6,8.510280863333334,Medium
30.5,-134.25,-5.466873,-7.565735,9.334187,19.571304,7.746561,2.3741617,-0.25,-0.038,0.25287150887357795,6,9.253232636666661,Medium
30.5,-134.0,-5.3428497,-7.7005005,9.372499,18.196304,7.7419224,2.4046793,-0.224,-0.033,0.2264177554875059,6,3.555670343333333,Medium
30.5,-133.75,-5.201248,-7.8274536,9.397979,18.196304,7.7419224,2.4046793,-0.2,-0.082,0.2161573500947863,6,3.6520491866666642,Medium
30.5,-133.5,-5.063553,-7.993469,9.4623,16.766617,7.7421665,2.4349527,-0.182,-0.132,0.2248288237748888,6,3.6505937166666635,Medium
30.5,-133.25,-4.884842,-8.166321,9.515801,16.766617,7.7421665,2.4349527,-0.165,-0.116,0.2016953147695801,6,3.603707539999998,Medium
30.5,-133.0,-4.692459,-8.324524,9.555986,15.165055,7.7492466,2.4593668,-0.157,-0.038,0.161533278305122,6,2.5678625399999992,Medium
30.5,-132.75,-4.4844513,-8.467102,9.581343,15.165055,7.7492466,2.4593668,-0.161,0.017,0.16189502771858066,6,2.6171787366666663,Medium
30.5,-132.5,-4.2490997,-8.633118,9.62214,13.446305,7.7526646,2.4784098,-0.178,-0.008,0.17817968458833908,6,2.7229240600000004,Medium
30.5,-132.25,-4.0508575,-8.750305,9.642473,13.446305,7.7526646,2.4784098,-0.199,-0.083,0.21561539833694626,6,3.678292329999996,Medium
30.5,-132.0,-3.8545685,-8.880188,9.680674,11.688493,7.7507114,2.495988,-0.216,-0.137,0.2557831112485732,6,3.867564253333331,Medium
30.5,-131.75,-3.6514435,-8.982727,9.696516,11.688493,7.7507114,2.495988,-0.225,-0.14,0.265,6,3.885201626666664,Medium
30.5,-131.5,-3.4287872,-9.01886,9.648648,9.852555,7.7509556,2.508195,-0.224,-0.112,0.25043961347997645,6,3.9659838099999996,Medium
30.5,-131.25,-3.1739044,-9.087219,9.62555,9.852555,7.7509556,2.508195,-0.212,-0.08700000000000001,0.2291571513176056,6,3.886054133333332,Medium
30.5,-131.0,-3.0069122,-9.208313,9.686824,7.9775553,7.75535,2.5179605,-0.182,-0.076,0.1972308292331602,6,4.059383093333333,Medium
30.5,-130.75,-2.8662872,-9.3411255,9.770989,7.9775553,7.75535,2.5179605,-0.131,-0.076,0.15144966160411188,6,3.0178868899999984,Medium
30.5,-130.5,-2.7168732,-9.455383,9.837971,6.1338053,7.7648716,2.5289469,-0.07200000000000001,-0.082,0.10912378292562992,6,3.206245393333332,Medium
30.5,-130.25,-2.534256,-9.514954,9.846664,6.1338053,7.7648716,2.5289469,-0.019,-0.092,0.09394147114027968,6,3.3337802699999988,Medium
30.75,-156.25,-5.8496857,3.392273,6.762125,156.96193,7.7555943,1.6615152,-0.033,0.145,0.14870776711389355,6,1.4443348933333346,Medium
30.75,-156.0,-6.105545,3.4469604,7.0113635,153.22755,7.6015415,1.6705484,-0.007,0.191,0.191128229207514,6,1.3823779666666673,Medium
30.75,-155.75,-6.157303,3.472351,7.068918,153.22755,7.6015415,1.6705484,0.008,0.197,0.1971623696347759,6,1.3705117933333342,Medium
30.75,-155.5,-6.161209,3.470398,7.071362,150.73537,7.4802036,1.6705484,0.009000000000000001,0.157,0.15725775020646837,6,1.3622762366666674,Medium
30.75,-155.25,-6.1651154,3.3932495,7.037243,150.73537,7.4802036,1.6705484,-0.001,0.097,0.0970051545022222,6,1.4155530466666675,Medium
30.75,-155.0,-6.1465607,3.2653198,6.9600663,148.50099,7.392069,1.6629801,-0.016,0.056,0.05824087911424415,6,1.5456278233333343,Medium
30.75,-154.75,-6.1026154,3.0856323,6.838351,148.50099,7.392069,1.6629801,-0.028,0.052000000000000005,0.059059292240933606,6,1.508167193333334,Medium
30.75,-154.5,-6.103592,2.8805542,6.74918,147.14943,7.3742466,1.6473551,-0.033,0.08600000000000001,0.09211405973031479,6,1.370937220000001,Medium
30.75,-154.25,-6.2276154,2.7477417,6.806855,147.14943,7.3742466,1.6473551,-0.033,0.138,0.14189080308462562,6,1.3972717500000014,Medium
30.75,-154.0,-6.4307404,2.5934448,6.9340014,146.22755,7.400858,1.6353922,-0.034,0.17200000000000001,0.17532826355154496,6,1.1355384800000008,Medium
30.75,-153.75,-6.6621857,2.4664917,7.104104,146.22755,7.400858,1.6353922,-0.036000000000000004,0.16,0.164,6,1.068613986666667,Medium
30.75,-153.5,-6.881912,2.352234,7.272807,144.29787,7.4313755,1.6361246,-0.032,0.113,0.1174436034869503,6,0.9707191866666672,Low
30.75,-153.25,-7.070389,2.2457886,7.418488,144.29787,7.4313755,1.6361246,-0.018000000000000002,0.073,0.07518643494673756,6,1.0241184433333343,Medium
30.75,-153.0,-7.241287,2.1530151,7.5545826,141.12599,7.4277134,1.6537027,-0.004,0.08,0.08009993757800314,6,0.932820623333334,Low
30.75,-152.75,-7.348709,2.0280151,7.6234093,141.12599,7.4277134,1.6537027,-0.001,0.13,0.1300038460969521,6,0.8700622900000006,Low
30.75,-152.5,-7.3789825,1.8590698,7.609568,138.96974,7.440897,1.6705484,-0.011,0.177,0.177341478509682,6,0.860686583333334,Low
30.75,-152.25,-7.379959,1.6754761,7.5677614,138.96974,7.440897,1.6705484,-0.025,0.181,0.18271836251455406,6,0.8970540966666671,Low
30.75,-152.0,-7.37117,1.5338745,7.529072,138.79787,7.5112095,1.671525,-0.038,0.151,0.1557080601638849,6,0.9145402266666668,Low
30.75,-151.75,-7.2188263,1.4821167,7.369405,138.79787,7.5112095,1.671525,-0.048,0.13,0.13857849761056007,6,1.0804102333333343,Medium
30.75,-151.5,-7.087967,1.5036011,7.2456946,141.5713,7.655985,1.6549234,-0.051000000000000004,0.134,0.14337712509323097,6,1.1062553100000008,Medium
30.75,-151.25,-6.9795685,1.5914917,7.158716,141.5713,7.655985,1.6549234,-0.044,0.14200000000000002,0.14866068747318506,6,1.0770197433333335,Medium
30.75,-151.0,-6.9063263,1.6744995,7.106426,144.6963,7.792948,1.6427164,-0.026000000000000002,0.127,0.129634100452003,6,1.018393060000001,Medium
30.75,-150.75,-6.9483185,1.6784058,7.148159,144.6963,7.792948,1.6427164,-0.006,0.099,0.09918165152889924,6,0.9862313933333339,Low
30.75,-150.5,-6.9864044,1.5905151,7.1651645,145.86818,7.882059,1.6444254,0.008,0.079,0.07940403012442127,6,1.0128157033333338,Medium
30.75,-150.25,-6.980545,1.4244995,7.124409,145.86818,7.882059,1.6444254,0.013000000000000001,0.08,0.08104936767180852,6,1.0546749900000003,Medium
30.75,-150.0,-6.962967,1.2428589,7.0730195,147.14162,7.977518,1.6471109,0.017,0.098,0.09946356116689167,6,1.2461790800000014,Medium
30.75,-149.75,-6.914139,1.1471558,7.008658,147.14162,7.977518,1.6471109,0.027,0.136,0.1386542462386205,6,1.2322663400000016,Medium
30.75,-149.5,-6.8233185,1.1881714,6.9259963,148.75099,8.063456,1.6510172,0.044,0.189,0.19405411616350735,6,1.4664203100000004,Medium
30.75,-149.25,-6.751053,1.2164917,6.859779,148.75099,8.063456,1.6510172,0.061,0.231,0.23891839611047117,6,1.5651373033333336,Medium
30.75,-149.0,-6.725662,1.2330933,6.8377666,150.26662,8.131571,1.6563883,0.062,0.234,0.2420743687382041,6,1.5565659533333338,Medium
30.75,-148.75,-6.742264,1.2213745,6.8519983,150.26662,8.131571,1.6563883,0.039,0.187,0.19102355875650523,6,1.4093124633333336,Medium
30.75,-148.5,-6.799881,1.135437,6.8940263,151.84474,8.199442,1.6612711,-0.003,0.117,0.11703845521878696,6,1.3720575766666676,Medium
30.75,-148.25,-6.8809357,0.98602295,6.951224,151.84474,8.199442,1.6612711,-0.041,0.054,0.06780117993073573,6,1.57582441,Medium
30.75,-148.0,-6.940506,0.83465576,6.9905133,153.21974,8.2577915,1.6671305,-0.055,0.006,0.05532630477449221,6,1.6542145766666654,Medium
30.75,-147.75,-6.992264,0.7164917,7.0288773,153.21974,8.2577915,1.6671305,-0.042,-0.027,0.049929950931279714,6,1.6802560999999985,Medium
30.75,-147.5,-7.067459,0.6246948,7.095014,152.05568,8.259012,1.6778727,-0.022,-0.031,0.03801315561749642,6,1.5339354099999989,Medium
30.75,-147.25,-7.1690216,0.5241089,7.188154,152.05568,8.259012,1.6778727,-0.018000000000000002,0.014,0.02280350850198276,6,1.4130908099999993,Medium
30.75,-147.0,-7.206131,0.37957764,7.2161207,147.7588,8.226786,1.6978922,-0.035,0.092,0.09843271813782245,6,1.3770268900000004,Medium
30.75,-146.75,-7.2500763,0.23406982,7.253854,147.7588,8.226786,1.6978922,-0.062,0.145,0.15769908052997644,6,1.5748550833333335,Medium
30.75,-146.5,-7.3028107,0.07879639,7.303236,139.06349,8.15867,1.7230387,-0.08600000000000001,0.14200000000000002,0.1660120477555771,6,1.3314580866666663,Medium
30.75,-146.25,-7.335037,-0.10089111,7.335731,139.06349,8.15867,1.7230387,-0.095,0.115,0.14916433890176298,6,1.3474547166666664,Medium
30.75,-146.0,-7.4795685,-0.26593018,7.4842944,125.40724,8.055399,1.7540445,-0.094,0.128,0.15880806024884253,6,2.24149647,Medium
30.75,-145.75,-7.6563263,-0.40655518,7.667113,125.40724,8.055399,1.7540445,-0.094,0.198,0.21918029108475973,6,2.161761073333332,Medium
30.75,-145.5,-7.799881,-0.54034424,7.818575,110.07912,7.94578,1.7857828,-0.105,0.265,0.2850438562747845,6,3.3465183816666655,Medium
30.75,-145.25,-7.8682404,-0.65167236,7.8951807,110.07912,7.94578,1.7857828,-0.134,0.258,0.29072323608545636,6,4.015000914999997,Medium
30.75,-145.0,-7.9375763,-0.7366333,7.971684,97.53224,7.868387,1.8116617,-0.178,0.17400000000000002,0.24891765706755317,6,3.7943176816666666,Medium
30.75,-144.75,-8.043045,-0.86553955,8.089483,97.53224,7.868387,1.8116617,-0.22,0.063,0.22884274076317124,6,3.6020100449999997,Medium
30.75,-144.5,-8.160233,-1.0022583,8.221552,87.53224,7.795145,1.8390055,-0.242,-0.024,0.24318717071424636,6,3.9280202966666677,Medium
30.75,-144.25,-8.257889,-1.145813,8.337003,87.53224,7.795145,1.8390055,-0.23500000000000001,-0.066,0.2440921956966261,6,4.868706705000001,Medium
30.75,-144.0,-8.271561,-1.2630005,8.36743,79.51662,7.7524204,1.8621988,-0.20700000000000002,-0.066,0.21726711670199889,6,4.841915115000002,Medium
30.75,-143.75,-8.161209,-1.3518677,8.272417,79.51662,7.7524204,1.8621988,-0.18,-0.029,0.1823211452355431,6,4.6138929383333345,Medium
30.75,-143.5,-8.095779,-1.4378052,8.222465,72.93849,7.739481,1.8788004,-0.157,0.032,0.16022796260328595,6,4.791076209999999,Medium
30.75,-143.25,-8.051834,-1.5637817,8.202283,72.93849,7.739481,1.8788004,-0.131,0.097,0.16300306745579976,6,5.020770504999998,Medium
30.75,-143.0,-8.037186,-1.7512817,8.225773,67.21193,7.7267857,1.8949137,-0.10400000000000001,0.14400000000000002,0.17762882648939618,6,5.116708306666667,Medium
30.75,-142.75,-8.103592,-1.9475708,8.334341,67.21193,7.7267857,1.8949137,-0.078,0.138,0.15851813776347487,6,5.339687183333335,Medium
30.75,-142.5,-8.125076,-2.2024536,8.418294,61.922867,7.707987,1.9146891,-0.069,0.07,0.09829038610159185,6,5.156806765000002,Medium
30.75,-142.25,-8.053787,-2.3928833,8.401749,61.922867,7.707987,1.9146891,-0.079,-0.023,0.08228000972289685,6,5.204056568333331,Medium
30.75,-142.0,-7.9151154,-2.505188,8.30211,56.61818,7.7053013,1.933732,-0.105,-0.08,0.13200378782444086,6,5.424368493333333,Medium
30.75,-141.75,-7.719803,-2.512024,8.118227,56.61818,7.7053013,1.933732,-0.14100000000000001,-0.068,0.15654072952429984,6,5.402744051666666,Medium
30.75,-141.5,-7.586014,-2.5003052,7.987436,51.196304,7.746317,1.9466715,-0.18,-0.008,0.18017769007288334,6,5.761504978333332,Medium
30.75,-141.25,-7.5000763,-2.527649,7.914553,51.196304,7.746317,1.9466715,-0.211,0.045,0.2157452201092761,6,5.754193589999997,Medium
30.75,-141.0,-7.466873,-2.6028442,7.907528,46.852554,7.7751255,1.9688883,-0.231,0.053,0.23700210969525146,6,5.7326916,Medium
30.75,-140.75,-7.4678497,-2.717102,7.946787,46.852554,7.7751255,1.9688883,-0.23600000000000002,0.02,0.23684594148939941,6,5.608454133333332,Medium
30.75,-140.5,-7.462967,-2.8772583,7.9984055,43.37599,7.789774,1.9930582,-0.23700000000000002,-0.007,0.23710335299189678,6,5.388540238333331,Medium
30.75,-140.25,-7.2696075,-3.0237427,7.8733864,43.37599,7.789774,1.9930582,-0.227,0.008,0.22714092541856037,6,5.334348581666665,Medium
30.75,-140.0,-7.1690216,-3.1672974,7.8375154,40.329117,7.79368,2.0164957,-0.21,0.051000000000000004,0.21610414156142402,6,5.40683883833333,Medium
30.75,-139.75,-7.141678,-3.3225708,7.8767405,40.329117,7.79368,2.0164957,-0.186,0.069,0.19838598740838528,6,5.329706808333328,Medium
30.75,-139.5,-7.161209,-3.498352,7.9700303,37.36818,7.801737,2.039689,-0.17300000000000001,0.045,0.1787568180517879,6,5.407747361666659,Medium
30.75,-139.25,-7.190506,-3.730774,8.100744,37.36818,7.801737,2.039689,-0.181,0.013000000000000001,0.1814662503056698,6,5.132669741666662,Medium
30.75,-139.0,-7.21492,-3.9436646,8.222382,34.704117,7.811014,2.0633707,-0.20500000000000002,0.009000000000000001,0.2051974658712919,6,4.958588809999998,Medium
30.75,-138.75,-7.136795,-4.105774,8.233542,34.704117,7.811014,2.0633707,-0.23800000000000002,0.018000000000000002,0.23867970169245648,6,5.021510119999996,Medium
30.75,-138.5,-7.001053,-4.2922974,8.212098,32.352554,7.81785,2.0894938,-0.248,-0.001,0.2480020161208372,6,5.060273776666664,Medium
30.75,-138.25,-6.931717,-4.562805,8.298668,32.352554,7.81785,2.0894938,-0.234,-0.046,0.23847851056227268,6,5.215680559999999,Medium
30.75,-138.0,-6.813553,-4.746399,8.303782,30.196304,7.821512,2.1183023,-0.20400000000000001,-0.073,0.2166679487141557,6,5.144448103333333,Medium
30.75,-137.75,-6.7246857,-4.9573364,8.354435,30.196304,7.821512,2.1183023,-0.177,-0.058,0.1862605701698564,6,5.245677199999998,Medium
30.75,-137.5,-6.661209,-5.2112427,8.457468,28.49318,7.8102818,2.1532145,-0.162,-0.023,0.16362457028209423,6,5.163521409999998,Medium
30.75,-137.25,-6.6309357,-5.496399,8.612764,28.49318,7.8102818,2.1532145,-0.155,0.004,0.15505160431288675,6,5.198902259333332,Medium
30.75,-137.0,-6.6084747,-5.7766724,8.77735,27.02443,7.7973423,2.190568,-0.149,0.014,0.1496562728387955,6,5.139694166,Medium
30.75,-136.75,-6.58992,-6.060852,8.953266,27.02443,7.7973423,2.190568,-0.14400000000000002,0.013000000000000001,0.1445856147754679,6,5.080119749333335,Medium
30.75,-136.5,-6.536209,-6.295227,9.074796,25.55568,7.7939243,2.230363,-0.132,-0.003,0.13203408650799234,6,5.0122812493333315,Medium
30.75,-136.25,-6.454178,-6.4905396,9.153333,25.55568,7.7939243,2.230363,-0.127,-0.028,0.13004999038831183,6,5.293879829333331,Medium
30.75,-136.0,-6.395584,-6.7317505,9.28547,24.071304,7.7736607,2.272355,-0.126,-0.035,0.13077079184588583,6,5.396791932666665,Medium
30.75,-135.75,-6.279373,-6.92218,9.345967,24.071304,7.7736607,2.272355,-0.133,0.001,0.1330037593453659,6,5.7985855599999985,Medium
30.75,-135.5,-6.1690216,-7.092102,9.39972,22.540054,7.760477,2.3101969,-0.146,0.055,0.15601602481796542,6,5.871659869999998,Medium
30.75,-135.25,-6.0557404,-7.2424927,9.44064,22.540054,7.760477,2.3101969,-0.163,0.075,0.17942686532400884,6,6.045183243333333,Medium
30.75,-135.0,-5.938553,-7.380188,9.472781,21.02443,7.7507114,2.3436441,-0.185,0.032,0.18774717041809177,6,7.18774409,Medium
30.75,-134.75,-5.8096466,-7.538391,9.517318,21.02443,7.7507114,2.3436441,-0.20400000000000001,-0.034,0.20681392603013948,6,6.876648416666665,Medium
30.75,-134.5,-5.6963654,-7.7112427,9.587067,19.571304,7.746561,2.3741617,-0.20800000000000002,-0.068,0.2188332698654389,6,8.365087673333333,Medium
30.75,-134.25,-5.570389,-7.8674927,9.639848,19.571304,7.746561,2.3741617,-0.192,-0.06,0.2011566553708825,6,9.434818169999998,Medium
30.75,-134.0,-5.426834,-8.040344,9.700395,18.196304,7.7419224,2.4046793,-0.166,-0.058,0.17584083712266615,6,3.5629286100000006,Medium
30.75,-133.75,-5.272537,-8.241516,9.783773,18.196304,7.7419224,2.4046793,-0.149,-0.095,0.17670880000724354,6,3.589607203333332,Medium
30.75,-133.5,-5.0996857,-8.4036255,9.82994,16.766617,7.7421665,2.4349527,-0.149,-0.133,0.19972481067709139,6,3.6158583433333313,Medium
30.75,-133.25,-4.891678,-8.5598755,9.859005,16.766617,7.7421665,2.4349527,-0.156,-0.111,0.19146017862730622,6,3.7412032499999994,Medium
30.75,-133.0,-4.681717,-8.717102,9.894763,15.165055,7.7492466,2.4593668,-0.162,-0.029,0.16457521077003062,6,2.753085843333333,Medium
30.75,-132.75,-4.462967,-8.877258,9.935985,15.165055,7.7492466,2.4593668,-0.165,0.034,0.16846661390317075,6,2.9093946100000005,Medium
30.75,-132.5,-4.2119904,-9.036438,9.969858,13.446305,7.7526646,2.4784098,-0.17200000000000001,0.017,0.17283807450906183,6,3.174346996666667,Medium
30.75,-132.25,-4.023514,-9.164368,10.008711,13.446305,7.7526646,2.4784098,-0.184,-0.059000000000000004,0.1932278447843374,6,4.5070978899999945,Medium
30.75,-132.0,-3.8106232,-9.280579,10.032447,11.688493,7.7507114,2.495988,-0.196,-0.123,0.2313979256605383,6,4.417575853333329,Medium
30.75,-131.75,-3.58992,-9.366516,10.03091,11.688493,7.7507114,2.495988,-0.202,-0.138,0.24463850882475557,6,4.524326239999994,Medium
30.75,-131.5,-3.3672638,-9.39679,9.98189,9.852555,7.7509556,2.508195,-0.193,-0.124,0.22940139493908926,6,4.576977933333328,Medium
30.75,-131.25,-3.1065216,-9.407532,9.907176,9.852555,7.7509556,2.508195,-0.17,-0.114,0.20468512403201167,6,4.594009433333329,Medium
30.75,-131.0,-2.9571075,-9.510071,9.959213,7.9775553,7.75535,2.5179605,-0.139,-0.11800000000000001,0.18233211456021678,6,3.218404653333334,Medium
30.75,-130.75,-2.83992,-9.666321,10.074865,7.9775553,7.75535,2.5179605,-0.101,-0.127,0.16226521500309302,6,3.088199543333333,Medium
30.75,-130.5,-2.708084,-9.822571,10.189044,6.1338053,7.7648716,2.5289469,-0.07,-0.13,0.147648230602334,6,3.3378325099999997,Medium
30.75,-130.25,-2.5371857,-9.8880005,10.2083235,6.1338053,7.7648716,2.5289469,-0.046,-0.126,0.13413426109685772,6,3.389306776666666,Medium
31.0,-156.25,-5.3272247,3.3014526,6.267289,170.39162,7.9159946,1.6234293,-0.036000000000000004,0.079,0.08681589716175259,6,1.5875672233333347,Medium
31.0,-156.0,-5.6201935,3.5094604,6.625925,166.14943,7.744852,1.6324625,0.016,0.14100000000000001,0.14190489773083945,6,1.4609878800000011,Medium
31.0,-155.75,-5.7246857,3.5983276,6.7616553,166.14943,7.744852,1.6324625,0.045,0.17500000000000002,0.18069310999592653,6,1.6359263100000014,Medium
31.0,-155.5,-5.8125763,3.5700073,6.8213634,163.15724,7.6174107,1.6307535,0.045,0.161,0.16717057157286985,6,1.607595686666668,Medium
31.0,-155.25,-5.844803,3.3444214,6.734009,163.15724,7.6174107,1.6307535,0.026000000000000002,0.116,0.11887808881370865,6,1.3689773166666679,Medium
31.0,-155.0,-5.831131,3.1588745,6.6317854,161.11818,7.5529575,1.6185465,0.003,0.073,0.07306161783043132,6,1.3981810533333336,Medium
31.0,-154.75,-5.8584747,2.956726,6.5623136,161.11818,7.5529575,1.6185465,-0.015,0.056,0.05797413216254298,6,1.4153919733333338,Medium
31.0,-154.5,-5.914139,2.7868042,6.5378375,158.25099,7.493143,1.6126871,-0.017,0.075,0.07690253571892151,6,1.3378112133333344,Medium
31.0,-154.25,-6.188553,2.800476,6.792706,158.25099,7.493143,1.6126871,-0.006,0.121,0.1211486689980538,6,1.2736984266666678,Medium
31.0,-154.0,-6.4151154,2.782898,6.992727,153.84474,7.413309,1.6224527,0.008,0.159,0.15920113064925137,6,1.277005020000001,Medium
31.0,-153.75,-6.612381,2.6696167,7.130949,153.84474,7.413309,1.6224527,0.018000000000000002,0.152,0.15306207890917986,6,1.2609270066666678,Medium
31.0,-153.5,-6.741287,2.541687,7.204521,150.8838,7.4086704,1.6295328,0.022,0.105,0.10728000745712128,6,1.2140091566666684,Medium
31.0,-153.25,-6.862381,2.409851,7.273215,150.8838,7.4086704,1.6295328,0.019,0.066,0.0686804193347711,6,1.2620578400000009,Medium
31.0,-153.0,-6.9307404,2.3200073,7.308734,150.1963,7.465311,1.6319742,0.009000000000000001,0.081,0.08149846624323676,6,1.2409643366666676,Medium
31.0,-152.75,-7.007889,2.1832886,7.3401127,150.1963,7.465311,1.6319742,-0.007,0.14200000000000002,0.14217243052012582,6,1.1876518500000008,Medium
31.0,-152.5,-7.0508575,2.010437,7.3318787,151.15724,7.555399,1.6283121,-0.025,0.193,0.1946124353683495,6,1.238951930000001,Medium
31.0,-152.25,-7.067459,1.8278198,7.299993,151.15724,7.555399,1.6283121,-0.043000000000000003,0.197,0.20163829001457043,6,1.323657800000002,Medium
31.0,-152.0,-7.0459747,1.6911011,7.2460732,154.00099,7.685526,1.6151285,-0.059000000000000004,0.167,0.17711578134090705,6,1.3610847633333356,Medium
31.0,-151.75,-6.8994904,1.6539917,7.094974,154.00099,7.685526,1.6151285,-0.073,0.139,0.15700318468107582,6,1.4095642766666683,Medium
31.0,-151.5,-6.806717,1.6950073,7.014588,158.46974,7.8447056,1.5965738,-0.077,0.129,0.15023315213360863,6,1.4107621800000019,Medium
31.0,-151.25,-6.725662,1.7848511,6.958464,158.46974,7.8447056,1.5965738,-0.063,0.11800000000000001,0.1337647188162858,6,1.4817594233333347,Medium
31.0,-151.0,-6.7032013,1.9030151,6.9680967,160.46193,7.9367466,1.5941324,-0.031,0.093,0.09803060746521976,6,1.2663078400000007,Medium
31.0,-150.75,-6.7295685,1.9840698,7.015955,160.46193,7.9367466,1.5941324,0.002,0.069,0.06902897942168927,6,1.29087318,Medium
31.0,-150.5,-6.7676544,1.9577026,7.045122,159.01662,7.9518833,1.6102457,0.02,0.066,0.06896375859826667,6,1.3703544466666668,Medium
31.0,-150.25,-6.819412,1.8844604,7.0749965,159.01662,7.9518833,1.6102457,0.021,0.078,0.08077747210701756,6,1.3329897133333337,Medium
31.0,-150.0,-6.8340607,1.7399292,7.0520735,157.68849,7.982401,1.6258707,0.017,0.095,0.0965090669315583,6,1.305135983333334,Medium
31.0,-149.75,-6.841873,1.5944214,7.025198,157.68849,7.982401,1.6258707,0.02,0.122,0.12362847568420472,6,1.296852100000001,Medium
31.0,-149.5,-6.7696075,1.4625854,6.9258027,157.47755,8.043924,1.6361246,0.032,0.168,0.17102046661145562,6,1.3646019200000008,Medium
31.0,-149.25,-6.695389,1.4664917,6.8541102,157.47755,8.043924,1.6361246,0.045,0.217,0.22161678636782006,6,1.5006299566666677,Medium
31.0,-149.0,-6.6533966,1.4723511,6.81436,158.12599,8.117899,1.643693,0.047,0.242,0.24652180430947684,6,1.4841880733333341,Medium
31.0,-148.75,-6.657303,1.4772339,6.8192306,158.12599,8.117899,1.643693,0.033,0.221,0.2234502181695064,6,1.3881241166666671,Medium
31.0,-148.5,-6.7178497,1.4459839,6.8717084,159.89943,8.196512,1.6485758,0.003,0.164,0.16402743672934722,6,1.4343537733333342,Medium
31.0,-148.25,-6.7657013,1.3414917,6.8974137,159.89943,8.196512,1.6485758,-0.028,0.091,0.0952102935611481,6,1.5453691066666675,Medium
31.0,-148.0,-6.794998,1.1774292,6.8962555,163.7588,8.294168,1.6478434,-0.049,0.017,0.051865209919559764,6,1.7628890699999995,Medium
31.0,-147.75,-6.797928,1.0036011,6.871611,163.7588,8.294168,1.6478434,-0.061,-0.031,0.068425141578224,6,1.797406023333333,Medium
31.0,-147.5,-6.8545685,0.8864136,6.911645,164.47755,8.323465,1.6559,-0.073,-0.029,0.07854934754662192,6,1.8219421833333338,Medium
31.0,-147.25,-6.9658966,0.7692261,7.0082397,164.47755,8.323465,1.6559,-0.091,0.032,0.09646242791885347,6,1.7058783333333334,Medium
31.0,-147.0,-7.060623,0.65496826,7.0909367,160.24318,8.28245,1.6754313,-0.106,0.115,0.15640012787718557,6,1.651710386666667,Medium
31.0,-146.75,-7.131912,0.51727295,7.150646,160.24318,8.28245,1.6754313,-0.106,0.16,0.19192706948213428,6,1.5947918533333338,Medium
31.0,-146.5,-7.2295685,0.36297607,7.2386746,151.92287,8.216043,1.7013102,-0.095,0.146,0.1741866814656046,6,1.6294399100000008,Medium
31.0,-146.25,-7.2959747,0.18426514,7.298301,151.92287,8.216043,1.7013102,-0.085,0.113,0.14140014144264496,6,1.630919793333334,Medium
31.0,-146.0,-7.426834,0.011413574,7.4268427,137.31349,8.110819,1.734025,-0.084,0.126,0.15143315356948756,6,2.183577906666667,Medium
31.0,-145.75,-7.5752716,-0.17120361,7.577206,137.31349,8.110819,1.734025,-0.085,0.197,0.21455535416297586,6,2.1603080799999996,Medium
31.0,-145.5,-7.7207794,-0.32061768,7.7274337,119.24318,7.989481,1.7696695,-0.081,0.271,0.28284624798642816,6,3.2912558883333314,Medium
31.0,-145.25,-7.8789825,-0.45440674,7.892075,119.24318,7.989481,1.7696695,-0.08,0.28300000000000003,0.29409012224146536,6,3.960607688333331,Medium
31.0,-145.0,-8.001053,-0.5901489,8.022787,104.227554,7.8984165,1.7994547,-0.097,0.219,0.2395203540411545,6,3.8137920149999984,Medium
31.0,-144.75,-8.05867,-0.7288208,8.09156,104.227554,7.8984165,1.7994547,-0.135,0.106,0.17164206943520577,6,3.5646895850000004,Medium
31.0,-144.5,-8.127029,-0.8567505,8.172064,92.508804,7.8390903,1.8233805,-0.17400000000000002,-0.004,0.17404597093871493,6,3.6354706883333323,Medium
31.0,-144.25,-8.206131,-0.9768677,8.26407,92.508804,7.8390903,1.8233805,-0.196,-0.073,0.20915305400591216,6,4.704302245,Medium
31.0,-144.0,-8.206131,-1.0598755,8.274293,83.07912,7.8188267,1.8392496,-0.196,-0.08700000000000001,0.21444113411377028,6,4.726992858333334,Medium
31.0,-143.75,-8.059647,-1.154602,8.141929,83.07912,7.8188267,1.8392496,-0.186,-0.053,0.19340372281835735,6,4.669512198333333,Medium
31.0,-143.5,-7.9844513,-1.2532349,8.082207,74.93849,7.8359165,1.846818,-0.168,0.0,0.168,6,4.611962723333329,Medium
31.0,-143.25,-7.951248,-1.3909302,8.071991,74.93849,7.8359165,1.846818,-0.133,0.054,0.14354441821262157,6,4.512814104999999,Medium
31.0,-143.0,-7.958084,-1.5706177,8.111593,67.43849,7.8378696,1.859025,-0.089,0.099,0.13312400234367958,6,5.12972353,Medium
31.0,-142.75,-7.962967,-1.7913208,8.161965,67.43849,7.8378696,1.859025,-0.054,0.111,0.1234382436686459,6,5.3975337322222225,Medium
31.0,-142.5,-7.8301544,-1.9993286,8.081376,60.235367,7.836893,1.8753824,-0.054,0.079,0.09569221493935648,6,5.416565088888889,Medium
31.0,-142.25,-7.7158966,-2.154602,8.011078,60.235367,7.836893,1.8753824,-0.09,0.018000000000000002,0.09178235124467012,6,5.2419052899999965,Medium
31.0,-142.0,-7.5713654,-2.215149,7.888755,53.58693,7.8493443,1.8932047,-0.146,-0.023,0.14780054127099804,6,5.666136166666666,Medium
31.0,-141.75,-7.462967,-2.2503052,7.794854,53.58693,7.8493443,1.8932047,-0.2,-0.012,0.2003596765818911,6,5.727531781666666,Medium
31.0,-141.5,-7.43367,-2.2756958,7.7742033,48.704117,7.855692,1.9193277,-0.23900000000000002,0.033,0.24126748641290233,6,5.599468548333332,Medium
31.0,-141.25,-7.393631,-2.3528442,7.7589726,48.704117,7.855692,1.9193277,-0.256,0.065,0.2641230773711377,6,5.632356196666667,Medium
31.0,-141.0,-7.3565216,-2.4465942,7.752692,45.02443,7.857401,1.9486246,-0.259,0.055,0.2647753764986465,6,5.712553513333334,Medium
31.0,-140.75,-7.3125763,-2.5774536,7.753518,45.02443,7.857401,1.9486246,-0.25,0.013000000000000001,0.2503377718203947,6,5.5057401966666655,Medium
31.0,-140.5,-7.235428,-2.7034302,7.723985,41.14943,7.8825474,1.9676676,-0.242,-0.018000000000000002,0.24266849816158667,6,5.359380245,Medium
31.0,-140.25,-7.100662,-2.8391724,7.6472416,41.14943,7.8825474,1.9676676,-0.228,-0.013000000000000001,0.2283703133071372,6,5.122568348333332,Medium
31.0,-140.0,-7.02742,-3.0061646,7.643406,38.00099,7.8901157,1.9859781,-0.20600000000000002,0.019,0.20687435800504617,6,5.170013724999999,Medium
31.0,-139.75,-7.0039825,-3.1819458,7.6928897,38.00099,7.8901157,1.9859781,-0.184,0.04,0.1882976367350371,6,5.13046647833333,Medium
31.0,-139.5,-7.016678,-3.3948364,7.7947855,36.21193,7.8566685,2.0194254,-0.17400000000000002,0.036000000000000004,0.17768511473953016,6,4.938094098333329,Medium
31.0,-139.25,-7.085037,-3.679016,7.9832897,36.21193,7.8566685,2.0194254,-0.183,0.031,0.18560711193270585,6,4.948648914999996,Medium
31.0,-139.0,-7.087967,-3.9475708,8.113112,34.50099,7.824198,2.057023,-0.20400000000000001,0.042,0.2082786594925174,6,4.735517229999998,Medium
31.0,-138.75,-7.043045,-4.219055,8.21005,34.50099,7.824198,2.057023,-0.226,0.043000000000000003,0.23005434140654682,6,4.750106939999999,Medium
31.0,-138.5,-6.9522247,-4.4456177,8.252088,32.508804,7.819071,2.089982,-0.242,0.004,0.24203305559365232,6,4.810210253333329,Medium
31.0,-138.25,-6.9258575,-4.725891,8.384602,32.508804,7.819071,2.089982,-0.252,-0.058,0.258588476154681,6,5.015902289999997,Medium
31.0,-138.0,-6.862381,-4.9749146,8.475969,31.094742,7.791727,2.1324625,-0.253,-0.094,0.26989812893015763,6,5.121512766666664,Medium
31.0,-137.75,-6.815506,-5.2141724,8.581301,31.094742,7.791727,2.1324625,-0.242,-0.083,0.2558378392654222,6,5.100642746666663,Medium
31.0,-137.5,-6.8184357,-5.4885864,8.7530365,29.657242,7.767557,2.1754313,-0.22,-0.046,0.22475764725588315,6,5.088069003333329,Medium
31.0,-137.25,-6.8028107,-5.7581177,8.912584,29.657242,7.767557,2.1754313,-0.19,-0.018000000000000002,0.1908507270093567,6,4.759774043333333,Medium
31.0,-137.0,-6.757889,-6.0022583,9.038593,28.438492,7.751932,2.2213297,-0.162,-0.005,0.162077142126828,6,4.948481303333334,Medium
31.0,-136.75,-6.7032013,-6.225891,9.148477,28.438492,7.751932,2.2213297,-0.14100000000000001,-0.004,0.1410567261778041,6,5.366905862666667,Medium
31.0,-136.5,-6.6465607,-6.465149,9.272265,27.297867,7.728983,2.2733316,-0.126,-0.014,0.12677539193392384,6,5.293360592666665,Medium
31.0,-136.25,-6.5782013,-6.710266,9.39683,27.297867,7.728983,2.2733316,-0.124,-0.026000000000000002,0.12669648771769484,6,5.355487172666662,Medium
31.0,-136.0,-6.504959,-6.9485474,9.518235,26.02443,7.7004185,2.326066,-0.137,-0.02,0.13845215780189202,6,5.501917822666665,Medium
31.0,-135.75,-6.397537,-7.128235,9.578112,26.02443,7.7004185,2.326066,-0.154,0.02,0.1552932709424333,6,5.724682043333331,Medium
31.0,-135.5,-6.3028107,-7.3255005,9.663767,24.579117,7.6811314,2.3717203,-0.163,0.07,0.17739503938949366,6,6.418462680000004,Medium
31.0,-135.25,-6.1875763,-7.494446,9.718684,24.579117,7.6811314,2.3717203,-0.159,0.085,0.18029420401111068,6,7.003848076666668,Medium
31.0,-135.0,-6.0264435,-7.650696,9.739157,23.008804,7.677225,2.4066324,-0.149,0.045,0.15564703659241313,6,6.76918476666667,Medium
31.0,-134.75,-5.867264,-7.80011,9.760456,23.008804,7.677225,2.4066324,-0.147,-0.022,0.14863714206079176,6,6.869465430000002,Medium
31.0,-134.5,-5.719803,-7.9592896,9.801349,21.422867,7.6852818,2.4351969,-0.14100000000000001,-0.069,0.15697770542341358,6,8.072530749999997,Medium
31.0,-134.25,-5.55867,-8.14093,9.857665,21.422867,7.6852818,2.4351969,-0.129,-0.077,0.15023315213360863,6,9.063317323333328,Medium
31.0,-134.0,-5.4063263,-8.332336,9.932583,19.907242,7.703348,2.4644938,-0.115,-0.073,0.13621306838919678,6,3.253334286666667,Medium
31.0,-133.75,-5.248123,-8.540344,10.023985,19.907242,7.703348,2.4644938,-0.111,-0.09,0.14290206436577466,6,3.1831584566666673,Medium
31.0,-133.5,-5.044998,-8.698547,10.055681,18.383804,7.7165318,2.496232,-0.128,-0.109,0.16812197952677096,6,3.4129126966666665,Medium
31.0,-133.25,-4.819412,-8.885071,10.107978,18.383804,7.7165318,2.496232,-0.151,-0.08700000000000001,0.17426990560621763,6,3.6385143033333316,Medium
31.0,-133.0,-4.5733185,-9.076477,10.163547,16.704117,7.7165318,2.529191,-0.164,-0.019,0.1650969412193939,6,3.0821830633333307,Medium
31.0,-132.75,-4.337967,-9.24054,10.208111,16.704117,7.7165318,2.529191,-0.157,0.035,0.1608539710420604,6,3.27846317,Medium
31.0,-132.5,-4.081131,-9.378235,10.227753,14.883805,7.7179966,2.5562906,-0.14300000000000002,0.023,0.1448378403594862,6,3.8623747399999973,Medium
31.0,-132.25,-3.8770294,-9.51593,10.275421,14.883805,7.7179966,2.5562906,-0.14300000000000002,-0.042,0.14904026301640777,6,4.063152836666664,Medium
31.0,-132.0,-3.6709747,-9.627258,10.303405,12.99318,7.70994,2.581193,-0.16,-0.10400000000000001,0.19082976707002502,6,4.951854003333325,Medium
31.0,-131.75,-3.4707794,-9.7005005,10.302719,12.99318,7.70994,2.581193,-0.17500000000000002,-0.133,0.21980445855350617,6,5.048439533333325,Medium
31.0,-131.5,-3.268631,-9.735657,10.2697115,11.040055,7.7053013,2.5980387,-0.181,-0.137,0.2270022026324855,6,4.532923153333327,Medium
31.0,-131.25,-3.0401154,-9.752258,10.215128,11.040055,7.7053013,2.5980387,-0.167,-0.14,0.21791970998512275,6,4.482192149999993,Medium
31.0,-131.0,-2.9053497,-9.882141,10.300377,9.110368,7.713358,2.612443,-0.14200000000000002,-0.148,0.20510485123467947,6,4.862452656666659,Medium
31.0,-130.75,-2.7803497,-10.034485,10.412552,9.110368,7.713358,2.612443,-0.123,-0.151,0.1947562579225633,6,5.003559416666658,Medium
31.0,-130.5,-2.6328888,-10.1536255,10.489433,7.1963053,7.7280064,2.63173,-0.111,-0.14200000000000002,0.18023595645708435,6,3.4131253433333333,Medium
31.0,-130.25,-2.4815216,-10.192688,10.490417,7.1963053,7.7280064,2.63173,-0.112,-0.125,0.16783622970026466,6,3.435861909999998,Medium
31.25,-156.25,-4.8282013,3.1559448,5.7681465,170.39162,7.9159946,1.6234293,-0.036000000000000004,0.014,0.038626415831655936,6,1.8857215533333345,Medium
31.25,-156.0,-5.131912,3.3903198,6.150674,166.14943,7.744852,1.6324625,-0.011,0.092,0.09265527507918801,6,1.5349788533333346,Medium
31.25,-155.75,-5.320389,3.5670776,6.4055114,166.14943,7.744852,1.6324625,-0.003,0.156,0.1560288434873501,6,1.4590450933333343,Medium
31.25,-155.5,-5.4190216,3.508484,6.4556375,163.15724,7.6174107,1.6307535,-0.006,0.164,0.1641097193952875,6,1.4533799300000008,Medium
31.25,-155.25,-5.473709,3.2155151,6.348309,163.15724,7.6174107,1.6307535,-0.012,0.129,0.1295569372901351,6,1.4265605100000014,Medium
31.25,-155.0,-5.5303497,2.9469604,6.2665257,161.11818,7.5529575,1.6185465,-0.02,0.085,0.0873212459828649,6,1.4041825033333344,Medium
31.25,-154.75,-5.5821075,2.767273,6.230387,161.11818,7.5529575,1.6185465,-0.025,0.058,0.06315853069855251,6,1.4635224166666676,Medium
31.25,-154.5,-5.804764,2.807312,6.4479675,158.25099,7.493143,1.6126871,-0.022,0.058,0.06203224967708329,6,1.3669372833333342,Medium
31.25,-154.25,-6.087967,2.9030151,6.74469,158.25099,7.493143,1.6126871,-0.006,0.09,0.09019977827023745,6,1.2610490666666674,Medium
31.25,-154.0,-6.2832794,2.9274292,6.9317703,153.84474,7.413309,1.6224527,0.018000000000000002,0.127,0.1282692480682724,6,1.3020514066666675,Medium
31.25,-153.75,-6.376053,2.9000854,7.0046086,153.84474,7.413309,1.6224527,0.037,0.134,0.13901438774457844,6,1.3136749166666675,Medium
31.25,-153.5,-6.4815216,2.7838745,7.054083,150.8838,7.4086704,1.6295328,0.04,0.106,0.11329607230614837,6,1.3258504066666674,Medium
31.25,-153.25,-6.489334,2.6793823,7.020723,150.8838,7.4086704,1.6295328,0.024,0.082,0.08544003745317531,6,1.2757721933333337,Medium
31.25,-153.0,-6.5469513,2.5875854,7.0397563,150.1963,7.465311,1.6319742,-0.003,0.105,0.10504284840006957,6,1.2913922133333342,Medium
31.25,-152.75,-6.6514435,2.4440308,7.086253,150.1963,7.465311,1.6319742,-0.031,0.165,0.16788686666919483,6,1.303673933333334,Medium
31.25,-152.5,-6.7588654,2.2887573,7.1358724,151.15724,7.555399,1.6283121,-0.053,0.211,0.21755459085020476,6,1.4078838200000015,Medium
31.25,-152.25,-6.791092,2.1227417,7.115122,151.15724,7.555399,1.6283121,-0.068,0.211,0.22168671588527808,6,1.4433889566666684,Medium
31.25,-152.0,-6.7364044,1.9821167,7.0219607,154.00099,7.685526,1.6151285,-0.08,0.18,0.19697715603592209,6,1.4182772833333348,Medium
31.25,-151.75,-6.605545,1.9030151,6.8742046,154.00099,7.685526,1.6151285,-0.088,0.147,0.17132717239247253,6,1.4053511400000018,Medium
31.25,-151.5,-6.5157013,1.9039917,6.788192,158.46974,7.8447056,1.5965738,-0.085,0.12,0.14705441169852743,6,1.434936773333335,Medium
31.25,-151.25,-6.4844513,1.8825073,6.7521806,158.46974,7.8447056,1.5965738,-0.069,0.08700000000000001,0.11104053313993048,6,1.35253928,Medium
31.25,-151.0,-6.4815216,1.9518433,6.7690334,160.46193,7.9367466,1.5941324,-0.042,0.053,0.06762396025078685,6,1.4258480533333324,Medium
31.25,-150.75,-6.506912,2.072937,6.8291273,160.46193,7.9367466,1.5941324,-0.021,0.042,0.046957427527495585,6,1.3947839666666662,Medium
31.25,-150.5,-6.491287,2.206726,6.856125,159.01662,7.9518833,1.6102457,-0.014,0.058,0.059665735560705195,6,1.4571675766666659,Medium
31.25,-150.25,-6.538162,2.1774292,6.891209,159.01662,7.9518833,1.6102457,-0.022,0.083,0.08586617494683224,6,1.4364351333333332,Medium
31.25,-150.0,-6.603592,2.206726,6.9625473,157.68849,7.982401,1.6258707,-0.032,0.098,0.10309219175087898,6,1.371066213333334,Medium
31.25,-149.75,-6.668045,2.1061401,6.992757,157.68849,7.982401,1.6258707,-0.035,0.115,0.12020815280171308,6,1.381602393333334,Medium
31.25,-149.5,-6.688553,1.9098511,6.95588,157.47755,8.043924,1.6361246,-0.031,0.154,0.15708914666519772,6,1.3659572833333333,Medium
31.25,-149.25,-6.679764,1.7145386,6.896295,157.47755,8.043924,1.6361246,-0.024,0.20500000000000002,0.20640009689920208,6,1.4394825833333338,Medium
31.25,-149.0,-6.636795,1.6959839,6.850066,158.12599,8.117899,1.643693,-0.018000000000000002,0.24,0.24067405344157894,6,1.3694817900000005,Medium
31.25,-148.75,-6.5840607,1.7018433,6.8004503,158.12599,8.117899,1.643693,-0.015,0.233,0.23348233337878052,6,1.4251540133333336,Medium
31.25,-148.5,-6.5957794,1.7321167,6.819423,159.89943,8.196512,1.6485758,-0.017,0.188,0.18876705220985995,6,1.4750339833333335,Medium
31.25,-148.25,-6.632889,1.6569214,6.83671,159.89943,8.196512,1.6485758,-0.03,0.11800000000000001,0.1217538500417954,6,1.458390226666667,Medium
31.25,-148.0,-6.6563263,1.5368042,6.831431,163.7588,8.294168,1.6478434,-0.056,0.046,0.07247068372797376,6,1.7726517166666664,Medium
31.25,-147.75,-6.669998,1.3737183,6.809991,163.7588,8.294168,1.6478434,-0.093,0.001,0.09300537618869137,6,1.753144096666667,Medium
31.25,-147.5,-6.7032013,1.1832886,6.806841,164.47755,8.323465,1.6559,-0.136,0.006,0.1361322886019331,6,1.7370491066666667,Medium
31.25,-147.25,-6.7920685,1.0036011,6.8658147,164.47755,8.323465,1.6559,-0.168,0.054,0.1764652940382329,6,1.9584207500000017,Medium
31.25,-147.0,-6.9033966,0.87371826,6.958467,160.24318,8.28245,1.6754313,-0.171,0.108,0.2022498454881981,6,1.9357508233333351,Medium
31.25,-146.75,-7.0303497,0.72039795,7.067163,160.24318,8.28245,1.6754313,-0.14100000000000001,0.129,0.19110729970359583,6,1.690822496666667,Medium
31.25,-146.5,-7.1358185,0.56414795,7.1580844,151.92287,8.216043,1.7013102,-0.099,0.115,0.15174320413119002,6,1.6891526233333338,Medium
31.25,-146.25,-7.244217,0.42840576,7.2568736,151.92287,8.216043,1.7013102,-0.074,0.10200000000000001,0.12601587201618691,6,1.64746385,Medium
31.25,-146.0,-7.373123,0.27996826,7.3784366,137.31349,8.110819,1.734025,-0.076,0.129,0.14972307771349078,6,2.2375301533333336,Medium
31.25,-145.75,-7.525467,0.10321045,7.5261745,137.31349,8.110819,1.734025,-0.081,0.19,0.20654539452623968,6,2.182667306666666,Medium
31.25,-145.5,-7.701248,-0.07550049,7.701618,119.24318,7.989481,1.7696695,-0.066,0.247,0.2556657974778793,6,3.3600433599999984,Medium
31.25,-145.25,-7.8682404,-0.23760986,7.871827,119.24318,7.989481,1.7696695,-0.037,0.265,0.26757055144391356,6,4.092141693333332,Medium
31.25,-145.0,-7.9678497,-0.4055786,7.9781656,104.227554,7.8984165,1.7994547,-0.024,0.234,0.23522754940695192,6,3.9746290233333306,Medium
31.25,-144.75,-7.980545,-0.5130005,7.997016,104.227554,7.8984165,1.7994547,-0.048,0.153,0.1603527361787132,6,3.732472436666666,Medium
31.25,-144.5,-8.029373,-0.6370239,8.054604,92.508804,7.8390903,1.8233805,-0.097,0.044,0.10651291001564084,6,3.7484878583333345,Medium
31.25,-144.25,-8.029373,-0.7385864,8.0632715,92.508804,7.8390903,1.8233805,-0.14200000000000002,-0.045,0.1489597261007149,6,4.6841458616666625,Medium
31.25,-144.0,-8.036209,-0.8255005,8.078497,83.07912,7.8188267,1.8392496,-0.17300000000000001,-0.077,0.1893620870184948,6,4.763289728333331,Medium
31.25,-143.75,-7.9522247,-0.91241455,8.004397,83.07912,7.8188267,1.8392496,-0.188,-0.058,0.19674348782107123,6,4.644457228333334,Medium
31.25,-143.5,-7.8838654,-1.0188599,7.949428,74.93849,7.8359165,1.846818,-0.187,-0.024,0.18853381659532595,6,4.796275598333331,Medium
31.25,-143.25,-7.8457794,-1.1575317,7.9307084,74.93849,7.8359165,1.846818,-0.166,0.009000000000000001,0.1662437968767557,6,4.714079666666662,Medium
31.25,-143.0,-7.7803497,-1.3294067,7.8931084,67.43849,7.8378696,1.859025,-0.133,0.049,0.14173919711921612,6,4.981446416666666,Medium
31.25,-142.75,-7.6778107,-1.5344849,7.82965,67.43849,7.8378696,1.859025,-0.106,0.091,0.13970325694127536,6,5.118813536666668,Medium
31.25,-142.5,-7.5059357,-1.7141724,7.6991854,60.235367,7.836893,1.8753824,-0.112,0.105,0.15352198539622916,6,5.18795730666667,Medium
31.25,-142.25,-7.360428,-1.8430786,7.5876765,60.235367,7.836893,1.8753824,-0.15,0.08,0.16999999999999998,6,5.333240843333336,Medium
31.25,-142.0,-7.241287,-1.9182739,7.4910626,53.58693,7.8493443,1.8932047,-0.201,0.045,0.2059757267252625,6,5.800230666666667,Medium
31.25,-141.75,-7.2334747,-2.0110474,7.5078273,53.58693,7.8493443,1.8932047,-0.242,0.037,0.24481217289996018,6,5.403139523333333,Medium
31.25,-141.5,-7.270584,-2.100891,7.5680337,48.704117,7.855692,1.9193277,-0.261,0.052000000000000005,0.26612966764342527,6,5.508900600000001,Medium
31.25,-141.25,-7.2178497,-2.201477,7.5461154,48.704117,7.855692,1.9193277,-0.256,0.059000000000000004,0.26271086768537,6,5.454382380000002,Medium
31.25,-141.0,-7.132889,-2.3372192,7.506044,45.02443,7.857401,1.9486246,-0.23600000000000002,0.034,0.23843657437566076,6,5.505028096666667,Medium
31.25,-140.75,-7.067459,-2.4612427,7.4837623,45.02443,7.857401,1.9486246,-0.215,-0.008,0.21514878572745885,6,6.092043750000002,Medium
31.25,-140.5,-7.020584,-2.6282349,7.4964137,41.14943,7.8825474,1.9676676,-0.198,-0.036000000000000004,0.20124611797498107,6,5.734289866666671,Medium
31.25,-140.25,-7.016678,-2.7942505,7.552589,41.14943,7.8825474,1.9676676,-0.188,-0.03,0.19037857022259622,6,5.2364944766666675,Medium
31.25,-140.0,-6.9590607,-2.9690552,7.565964,38.00099,7.8901157,1.9859781,-0.178,-0.001,0.17800280896660028,6,5.0520799333333315,Medium
31.25,-139.75,-6.978592,-3.2317505,7.6905756,38.00099,7.8901157,1.9859781,-0.17300000000000001,0.026000000000000002,0.17494284781036348,6,4.877198506666665,Medium
31.25,-139.5,-6.9990997,-3.5149536,7.832132,36.21193,7.8566685,2.0194254,-0.178,0.039,0.18222239159883727,6,4.876218393333327,Medium
31.25,-139.25,-7.023514,-3.8206177,7.9954276,36.21193,7.8566685,2.0194254,-0.193,0.048,0.1988793604173143,6,4.848393613333332,Medium
31.25,-139.0,-7.0401154,-4.1331177,8.163693,34.50099,7.824198,2.057023,-0.20800000000000002,0.062,0.21704377438664305,6,4.659908460000002,Medium
31.25,-138.75,-7.013748,-4.413391,8.2867775,34.50099,7.824198,2.057023,-0.223,0.062,0.23145841959194313,6,4.663978166666667,Medium
31.25,-138.5,-7.0371857,-4.7024536,8.463749,32.508804,7.819071,2.089982,-0.244,0.025,0.24527739398485135,6,4.926454196666664,Medium
31.25,-138.25,-6.994217,-4.9544067,8.571185,32.508804,7.819071,2.089982,-0.276,-0.036000000000000004,0.2783379241138369,6,4.850003099999997,Medium
31.25,-138.0,-6.9658966,-5.2073364,8.69713,31.094742,7.791727,2.1324625,-0.303,-0.08700000000000001,0.3152427635965654,6,5.0596528033333295,Medium
31.25,-137.75,-6.9776154,-5.478821,8.871561,31.094742,7.791727,2.1324625,-0.306,-0.10200000000000001,0.3225523213371747,6,5.094180179999998,Medium
31.25,-137.5,-6.982498,-5.750305,9.045512,29.657242,7.767557,2.1754313,-0.278,-0.089,0.2918989551197469,6,4.957097599999996,Medium
31.25,-137.25,-6.9639435,-5.998352,9.191123,29.657242,7.767557,2.1754313,-0.23500000000000001,-0.064,0.24355902775302748,6,5.705031966666662,Medium
31.25,-137.0,-6.938553,-6.2473755,9.336659,28.438492,7.751932,2.2213297,-0.197,-0.041,0.20122127124138742,6,5.801564489999999,Medium
31.25,-136.75,-6.8858185,-6.4680786,9.44725,28.438492,7.751932,2.2213297,-0.17300000000000001,-0.025,0.1747970251463108,6,5.584796963333332,Medium
31.25,-136.5,-6.804764,-6.687805,9.541045,27.297867,7.728983,2.2733316,-0.168,-0.018000000000000002,0.16896153408394468,6,5.533471713333335,Medium
31.25,-136.25,-6.7227325,-6.92511,9.651543,27.297867,7.728983,2.2733316,-0.176,-0.012,0.17640861656959955,6,5.821554426666665,Medium
31.25,-136.0,-6.612381,-7.118469,9.71577,26.02443,7.7004185,2.326066,-0.196,0.008,0.19616319736382767,6,5.9073949799999985,Medium
31.25,-135.75,-6.518631,-7.357727,9.829989,26.02443,7.7004185,2.326066,-0.216,0.042,0.22004544985070698,6,7.461192626666669,Medium
31.25,-135.5,-6.411209,-7.556946,9.910148,24.579117,7.6811314,2.3717203,-0.219,0.069,0.22961271741782946,6,10.64499071999998,High
31.25,-135.25,-6.2627716,-7.7493286,9.963654,24.579117,7.6811314,2.3717203,-0.198,0.068,0.20935137926462297,6,10.68104937999998,High
31.25,-135.0,-6.096756,-7.909485,9.98651,23.008804,7.677225,2.4066324,-0.168,0.03,0.17065755183993472,6,10.037618239999981,High
31.25,-134.75,-5.9102325,-8.0755005,10.007225,23.008804,7.677225,2.4066324,-0.149,-0.025,0.15108275877809485,6,9.94151506999998,Medium
31.25,-134.5,-5.68367,-8.24054,10.010525,21.422867,7.6852818,2.4351969,-0.136,-0.07100000000000001,0.15341773039645712,6,10.599270929999987,High
31.25,-134.25,-5.518631,-8.416321,10.0642805,21.422867,7.6852818,2.4351969,-0.123,-0.08700000000000001,0.15065855435387665,6,10.477753799999986,High
31.25,-134.0,-5.331131,-8.58136,10.1025095,19.907242,7.703348,2.4644938,-0.108,-0.081,0.13499999999999998,6,3.165753776666666,Medium
31.25,-133.75,-5.1426544,-8.751282,10.150459,19.907242,7.703348,2.4644938,-0.10400000000000001,-0.075,0.12822246293064254,6,2.987490913333335,Medium
31.25,-133.5,-4.919998,-8.921204,10.187946,18.383804,7.7165318,2.496232,-0.125,-0.07200000000000001,0.14425324953012325,6,3.063609946666667,Medium
31.25,-133.25,-4.6651154,-9.097961,10.224295,18.383804,7.7165318,2.496232,-0.159,-0.053,0.1676007159889241,6,3.693171306666665,Medium
31.25,-133.0,-4.414139,-9.285461,10.281265,16.704117,7.7165318,2.529191,-0.17300000000000001,-0.016,0.173738308959193,6,3.501700036666667,Medium
31.25,-132.75,-4.1358185,-9.460266,10.324806,16.704117,7.7165318,2.529191,-0.158,0.013000000000000001,0.15853390804493528,6,3.6848364266666644,Medium
31.25,-132.5,-3.878006,-9.634094,10.385312,14.883805,7.7179966,2.5562906,-0.128,0.005,0.12809761902549166,6,4.219205986666664,Medium
31.25,-132.25,-3.6709747,-9.772766,10.439493,14.883805,7.7179966,2.5562906,-0.117,-0.031,0.12103718436910205,6,4.101463429999997,Medium
31.25,-132.0,-3.4912872,-9.89679,10.494548,12.99318,7.70994,2.581193,-0.132,-0.073,0.1508409758653132,6,3.442022156666664,Medium
31.25,-131.75,-3.3008575,-9.975891,10.50781,12.99318,7.70994,2.581193,-0.162,-0.106,0.193597520645281,6,5.044179553333326,Medium
31.25,-131.5,-3.145584,-10.04718,10.528083,11.040055,7.7053013,2.5980387,-0.189,-0.13,0.2293926764306132,6,4.907370699999993,Medium
31.25,-131.25,-2.9571075,-10.079407,10.504233,11.040055,7.7053013,2.5980387,-0.194,-0.154,0.24769335881286766,6,4.9012370699999925,Medium
31.25,-131.0,-2.8096466,-10.191711,10.571901,9.110368,7.713358,2.612443,-0.183,-0.167,0.2477458375028731,6,5.008031466666658,Medium
31.25,-130.75,-2.6494904,-10.281555,10.617447,9.110368,7.713358,2.612443,-0.17,-0.162,0.2348275963339914,6,5.008848713333326,Medium
31.25,-130.5,-2.4922638,-10.370422,10.665694,7.1963053,7.7280064,2.63173,-0.16,-0.14,0.212602916254693,6,4.915861886666658,Medium
31.25,-130.25,-2.3545685,-10.468079,10.729616,7.1963053,7.7280064,2.63173,-0.158,-0.114,0.19483326204732088,6,5.016661366666657,Medium
31.5,-156.25,-4.623123,2.9821167,5.5014806,185.02443,8.114969,1.5860758,-0.013000000000000001,0.005,0.013928388277184121,6,3.105914373333332,Medium
31.5,-156.0,-4.853592,3.2838745,5.8601356,180.65724,7.9399204,1.5938883,-0.035,0.091,0.09749871794028883,6,1.5913580733333346,Medium
31.5,-155.75,-5.044998,3.456726,6.1156325,180.65724,7.9399204,1.5938883,-0.056,0.159,0.16857342613828552,6,1.5027041233333351,Medium
31.5,-155.5,-5.181717,3.289734,6.137796,177.58693,7.800028,1.5885172,-0.063,0.161,0.1728872464931986,6,1.4716876500000025,Medium
31.5,-155.25,-5.2764435,2.992859,6.0661407,177.58693,7.800028,1.5885172,-0.055,0.12,0.13200378782444086,6,1.4607975033333354,Medium
31.5,-155.0,-5.335037,2.7614136,6.0073314,175.46974,7.727762,1.5753336,-0.043000000000000003,0.077,0.08819297024139736,6,1.4241799466666683,Medium
31.5,-154.75,-5.449295,2.7702026,6.1130056,175.46974,7.727762,1.5753336,-0.034,0.051000000000000004,0.06129437168288782,6,1.4115972033333344,Medium
31.5,-154.5,-5.663162,2.838562,6.334733,170.64162,7.6137486,1.5787516,-0.028,0.044,0.05215361924162119,6,1.3383337466666678,Medium
31.5,-154.25,-5.83992,2.9996948,6.565275,170.64162,7.6137486,1.5787516,-0.015,0.059000000000000004,0.0608769250208977,6,1.2851069666666675,Medium
31.5,-154.0,-5.9776154,3.088562,6.72838,164.35255,7.4865513,1.5980387,0.003,0.091,0.0910494371207203,6,1.2248767133333336,Medium
31.5,-153.75,-6.0782013,3.0719604,6.8103943,164.35255,7.4865513,1.5980387,0.016,0.114,0.11511733144926528,6,1.2438097633333343,Medium
31.5,-153.5,-6.1621857,3.041687,6.872,161.30568,7.4587193,1.609025,0.011,0.114,0.11452947218947619,6,1.2910646666666672,Medium
31.5,-153.25,-6.1865997,2.9430542,6.850955,161.30568,7.4587193,1.609025,-0.011,0.111,0.11154371340420759,6,1.3039249966666668,Medium
31.5,-153.0,-6.268631,2.8434448,6.8833795,162.2588,7.532694,1.605607,-0.037,0.137,0.14190842117365693,6,1.3694664166666677,Medium
31.5,-152.75,-6.395584,2.742859,6.9589343,162.2588,7.532694,1.605607,-0.057,0.188,0.1964510117052086,6,1.4807888766666684,Medium
31.5,-152.5,-6.5020294,2.588562,6.9983597,164.86037,7.642313,1.5973063,-0.067,0.225,0.23476371099469356,6,1.3943100366666683,Medium
31.5,-152.25,-6.480545,2.447937,6.9274716,164.86037,7.642313,1.5973063,-0.07,0.218,0.22896287908741889,6,1.4254639566666683,Medium
31.5,-152.0,-6.3838654,2.2975464,6.7847223,169.45412,7.795145,1.5802164,-0.067,0.182,0.19394071259021403,6,1.4243353466666682,Medium
31.5,-151.75,-6.3028107,2.1998901,6.6756973,169.45412,7.795145,1.5802164,-0.062,0.14400000000000002,0.1567801007781281,6,1.397477543333335,Medium
31.5,-151.5,-6.3164825,2.0993042,6.6562023,174.43068,7.9518833,1.5633707,-0.054,0.107,0.11985407794480753,6,1.4437158866666675,Medium
31.5,-151.25,-6.288162,2.0768433,6.6222553,174.43068,7.9518833,1.5633707,-0.047,0.066,0.0810246875958186,6,1.4307173366666661,Medium
31.5,-151.0,-6.273514,2.0475464,6.599199,175.96974,8.02952,1.5631266,-0.045,0.036000000000000004,0.05762811813689564,6,1.451776679999999,Medium
31.5,-150.75,-6.2715607,2.1207886,6.6204395,175.96974,8.02952,1.5631266,-0.053,0.038,0.06521502894272148,6,1.4736860199999984,Medium
31.5,-150.5,-6.2559357,2.2545776,6.649801,174.33693,8.049051,1.5770426,-0.07100000000000001,0.068,0.09831073186585482,6,1.4618621366666664,Medium
31.5,-150.25,-6.2852325,2.385437,6.7226825,174.33693,8.049051,1.5770426,-0.089,0.095,0.13017680284904834,6,1.4624986966666669,Medium
31.5,-150.0,-6.3526154,2.423523,6.799205,170.21974,8.031717,1.6012125,-0.098,0.10300000000000001,0.14217243052012582,6,1.56217275,Medium
31.5,-149.75,-6.509842,2.4000854,6.938188,170.21974,8.031717,1.6012125,-0.098,0.111,0.14807092894960847,6,1.5827547166666673,Medium
31.5,-149.5,-6.6358185,2.2330933,7.0014853,166.31349,8.032694,1.6241617,-0.092,0.146,0.1725688268488837,6,1.5847668533333341,Medium
31.5,-149.25,-6.6309357,2.0250854,6.9332733,166.31349,8.032694,1.6241617,-0.084,0.196,0.21324164696418946,6,1.6342370333333343,Medium
31.5,-149.0,-6.5684357,1.8659058,6.82832,164.42287,8.074442,1.6400309,-0.07100000000000001,0.225,0.23593643211678864,6,1.6048703966666673,Medium
31.5,-148.75,-6.503006,1.854187,6.7621813,164.42287,8.074442,1.6400309,-0.052000000000000005,0.217,0.22314345161801186,6,1.6784142766666674,Medium
31.5,-148.5,-6.458084,1.923523,6.7384562,165.75099,8.155008,1.6471109,-0.033,0.182,0.18496756472419698,6,1.5494983733333336,Medium
31.5,-148.25,-6.5127716,1.9362183,6.7944927,165.75099,8.155008,1.6471109,-0.031,0.135,0.13851353724455961,6,1.532017746666667,Medium
31.5,-148.0,-6.539139,1.8219604,6.788216,169.85255,8.25242,1.6463785,-0.056,0.089,0.10515227054134399,6,1.627546223333333,Medium
31.5,-147.75,-6.574295,1.666687,6.7822714,169.85255,8.25242,1.6463785,-0.10300000000000001,0.06,0.1192015100575492,6,1.727450216666667,Medium
31.5,-147.5,-6.603592,1.4518433,6.7613072,173.22755,8.319071,1.6505289,-0.152,0.057,0.1623360711610331,6,1.9361006500000009,Medium
31.5,-147.25,-6.694412,1.2389526,6.808095,173.22755,8.319071,1.6505289,-0.181,0.07100000000000001,0.19442736432920135,6,1.9041645733333348,Medium
31.5,-147.0,-6.8057404,1.0377808,6.884409,171.9463,8.30662,1.6627359,-0.171,0.077,0.18753666308218242,6,1.9062377433333344,Medium
31.5,-146.75,-6.9326935,0.885437,6.9890084,171.9463,8.30662,1.6627359,-0.127,0.068,0.14405901568454507,6,1.718103873333333,Medium
31.5,-146.5,-7.065506,0.75457764,7.105685,165.67287,8.254862,1.685441,-0.078,0.064,0.10089598604503551,6,1.7413611799999993,Medium
31.5,-146.25,-7.1983185,0.6305542,7.225883,165.67287,8.254862,1.685441,-0.055,0.09,0.10547511554864493,6,1.6506658866666666,Medium
31.5,-146.0,-7.322342,0.49188232,7.3388443,153.15724,8.165262,1.714982,-0.064,0.14100000000000001,0.15484508387417406,6,2.5477350233333347,Medium
31.5,-145.75,-7.471756,0.3727417,7.4810476,153.15724,8.165262,1.714982,-0.077,0.184,0.19946177578674065,6,2.543344466666667,Medium
31.5,-145.5,-7.645584,0.19891357,7.648171,135.04787,8.048319,1.7506266,-0.065,0.20700000000000002,0.21696543503516869,6,3.303979796666665,Medium
31.5,-145.25,-7.799881,0.055358887,7.8000774,135.04787,8.048319,1.7506266,-0.031,0.219,0.2211831820008022,6,3.996945119999999,Medium
31.5,-145.0,-7.8838654,-0.09991455,7.8844986,117.133804,7.942606,1.7840738,-0.007,0.224,0.22410934831014973,6,4.065160179999998,Medium
31.5,-144.75,-7.8877716,-0.23858643,7.8913794,117.133804,7.942606,1.7840738,-0.018000000000000002,0.19,0.1908507270093567,6,3.8518549566666653,Medium
31.5,-144.5,-7.8252716,-0.39483643,7.835226,104.14162,7.9213657,1.7992105,-0.06,0.101,0.11747765745025733,6,3.8636728366666677,Medium
31.5,-144.25,-7.8096466,-0.5003052,7.8256555,104.14162,7.9213657,1.7992105,-0.106,0.004,0.10607544484940895,6,4.637432056666664,Medium
31.5,-144.0,-7.850662,-0.567688,7.8711605,91.61037,7.916727,1.8114176,-0.146,-0.044,0.15248606493709516,6,4.914669981666663,Medium
31.5,-143.75,-7.8301544,-0.66241455,7.858124,91.61037,7.916727,1.8114176,-0.177,-0.04,0.18146349495146397,6,4.850156184999997,Medium
31.5,-143.5,-7.7539825,-0.76397705,7.7915277,79.633804,7.9384556,1.8175211,-0.197,-0.023,0.1983380951809309,6,4.714337131666664,Medium
31.5,-143.25,-7.628006,-0.87823486,7.678396,79.633804,7.9384556,1.8175211,-0.20500000000000002,-0.011,0.20529490982486637,6,4.69146356,Medium
31.5,-143.0,-7.5371857,-1.045227,7.6093144,66.34474,7.965311,1.824357,-0.2,0.022,0.20120636172845033,6,5.198141385000001,Medium
31.5,-142.75,-7.3594513,-1.2297974,7.461496,66.34474,7.965311,1.824357,-0.191,0.079,0.2066930090738436,6,5.764144685000003,Medium
31.5,-142.5,-7.199295,-1.395813,7.3333583,54.99318,7.9836216,1.8375406,-0.192,0.123,0.2280197359879184,6,5.861320950333336,Medium
31.5,-142.25,-7.0596466,-1.5286255,7.2232475,54.99318,7.9836216,1.8375406,-0.202,0.11800000000000001,0.23394016328967546,6,6.0607544070000055,Medium
31.5,-142.0,-7.0420685,-1.692688,7.242646,49.008804,7.9645786,1.8651285,-0.214,0.082,0.22917242417009948,6,6.00718586033334,Medium
31.5,-141.75,-7.036209,-1.8128052,7.2659826,49.008804,7.9645786,1.8651285,-0.222,0.056,0.22895414388038493,6,6.028038577000006,Medium
31.5,-141.5,-7.0821075,-1.9602661,7.348394,45.727554,7.937235,1.8988199,-0.217,0.047,0.2220315292925759,6,6.185739500333338,Medium
31.5,-141.25,-7.020584,-2.1467896,7.341479,45.727554,7.937235,1.8988199,-0.197,0.031,0.19942417105255822,6,6.249407673666673,Medium
31.5,-141.0,-6.935623,-2.2825317,7.301563,42.266617,7.9347935,1.9268961,-0.167,-0.003,0.16702694393420484,6,6.259220878666675,Medium
31.5,-140.75,-6.949295,-2.5022583,7.386068,42.266617,7.9347935,1.9268961,-0.138,-0.039,0.14340502083260545,6,6.135556740333339,Medium
31.5,-140.5,-6.9844513,-2.739563,7.502517,38.641617,7.9413853,1.9481363,-0.123,-0.052000000000000005,0.1335402561027947,6,5.912338711666673,Medium
31.5,-140.25,-6.982498,-2.9172974,7.567424,38.641617,7.9413853,1.9481363,-0.11900000000000001,-0.036000000000000004,0.12432618388738553,6,5.213444403333336,Medium
31.5,-140.0,-7.0000763,-3.1184692,7.663284,36.165054,7.9191685,1.971818,-0.124,-0.003,0.12403628501370073,6,4.979293901666669,Medium
31.5,-139.75,-7.020584,-3.3792114,7.791513,36.165054,7.9191685,1.971818,-0.132,0.03,0.13536617007214174,6,4.907060655,Medium
31.5,-139.5,-7.0821075,-3.7512817,8.01426,34.96974,7.862528,2.0086832,-0.14300000000000002,0.05,0.15148927354766742,6,4.862572981666664,Medium
31.5,-139.25,-7.087967,-4.1106567,8.193704,34.96974,7.862528,2.0086832,-0.155,0.062,0.16694010902116962,6,4.768822766666665,Medium
31.5,-139.0,-7.105545,-4.416321,8.366161,33.704117,7.8205357,2.051896,-0.165,0.074,0.18083417818543043,6,4.881741226666665,Medium
31.5,-138.75,-7.116287,-4.680969,8.517806,33.704117,7.8205357,2.051896,-0.181,0.081,0.19829775591266785,6,4.989982753333333,Medium
31.5,-138.5,-7.1289825,-4.9544067,8.681505,32.571304,7.7824497,2.0975504,-0.211,0.062,0.21992044015961773,6,5.013058859999998,Medium
31.5,-138.25,-7.0928497,-5.1741333,8.7795315,32.571304,7.7824497,2.0975504,-0.257,0.01,0.25719447894540814,6,4.952191459999996,Medium
31.5,-138.0,-7.1358185,-5.446594,8.976932,31.485367,7.7511997,2.143937,-0.298,-0.06,0.30398026251715754,6,5.059949276666666,Medium
31.5,-137.75,-7.1426544,-5.715149,9.147701,31.485367,7.7511997,2.143937,-0.312,-0.114,0.3321746528559938,6,5.458051729999997,Medium
31.5,-137.5,-7.134842,-5.9729614,9.304957,30.477554,7.7228794,2.1930094,-0.292,-0.133,0.3208628990706155,6,5.662691636666664,Medium
31.5,-137.25,-7.1240997,-6.2200317,9.457356,30.477554,7.7228794,2.1930094,-0.26,-0.111,0.2827030243913213,6,5.835009363333329,Medium
31.5,-137.0,-7.087967,-6.4573364,9.58835,29.579117,7.7053013,2.2440348,-0.23800000000000002,-0.07,0.24808063205337091,6,5.936898236666663,Medium
31.5,-136.75,-6.998123,-6.6516724,9.654971,29.579117,7.7053013,2.2440348,-0.231,-0.035,0.2336364697559009,6,5.8721594733333315,Medium
31.5,-136.5,-6.918045,-6.8704224,9.749977,28.64943,7.6764927,2.299943,-0.233,-0.014,0.233420221917468,6,6.110714883333329,Medium
31.5,-136.25,-6.826248,-7.10968,9.856227,28.64943,7.6764927,2.299943,-0.242,0.007,0.2421012185016837,6,6.1196596666666645,Medium
31.5,-136.0,-6.7188263,-7.326477,9.94082,27.39943,7.6486607,2.355607,-0.256,0.034,0.2582479428766084,6,10.848482693333313,High
31.5,-135.75,-6.605545,-7.588196,10.060514,27.39943,7.6486607,2.355607,-0.267,0.057,0.273016483018883,6,10.601550929999982,High
31.5,-135.5,-6.4532013,-7.8079224,10.129534,25.735367,7.64036,2.397355,-0.263,0.058,0.2693195128467301,6,10.692999623333312,High
31.5,-135.25,-6.303787,-7.9993286,10.184645,25.735367,7.64036,2.397355,-0.23900000000000002,0.037,0.24184705910967785,6,10.62262523999998,High
31.5,-135.0,-6.0996857,-8.202454,10.221859,23.782242,7.661112,2.419816,-0.209,0.002,0.2090095691589263,6,10.172212799999983,High
31.5,-134.75,-5.8653107,-8.351868,10.205664,23.782242,7.661112,2.419816,-0.181,-0.04,0.18536720314014557,6,10.060156003333315,High
31.5,-134.5,-5.6270294,-8.500305,10.19405,21.875992,7.692362,2.4364176,-0.164,-0.08,0.18247191564731272,6,10.637666459999988,High
31.5,-134.25,-5.378006,-8.629211,10.167902,21.875992,7.692362,2.4364176,-0.14300000000000002,-0.10400000000000001,0.17681911661356078,6,10.492241959999985,High
31.5,-134.0,-5.181717,-8.788391,10.202255,20.21193,7.718973,2.4593668,-0.11900000000000001,-0.097,0.15352524222420233,6,3.268106663333335,Medium
31.5,-133.75,-4.954178,-8.908508,10.193399,20.21193,7.718973,2.4593668,-0.105,-0.067,0.1245552086425935,6,2.9758999866666684,Medium
31.5,-133.5,-4.7490997,-9.064758,10.233464,18.727554,7.7321568,2.4933023,-0.11800000000000001,-0.036000000000000004,0.1233693641063291,6,3.0925345666666675,Medium
31.5,-133.25,-4.49617,-9.235657,10.271947,18.727554,7.7321568,2.4933023,-0.152,-0.014,0.15264337522473748,6,3.788582126666666,Medium
31.5,-133.0,-4.2276154,-9.442688,10.345873,17.157242,7.7282505,2.5348063,-0.179,-0.007,0.1791368192192772,6,3.7559966333333326,Medium
31.5,-132.75,-3.9502716,-9.642883,10.420645,17.157242,7.7282505,2.5348063,-0.176,-0.013000000000000001,0.1764794605612789,6,3.759020003333333,Medium
31.5,-132.5,-3.6875763,-9.827454,10.496526,15.375993,7.713358,2.5767984,-0.155,-0.025,0.15700318468107582,6,4.244347503333332,Medium
31.5,-132.25,-3.5020294,-10.005188,10.600377,15.375993,7.713358,2.5767984,-0.135,-0.035,0.13946325680981353,6,4.07176395333333,Medium
31.5,-132.0,-3.3252716,-10.131165,10.662923,13.49318,7.6930943,2.6165934,-0.137,-0.045,0.14420124826089406,6,4.059805913333332,Medium
31.5,-131.75,-3.174881,-10.233704,10.714876,13.49318,7.6930943,2.6165934,-0.153,-0.07,0.16825278600962304,6,3.2628885899999975,Medium
31.5,-131.5,-3.0147247,-10.290344,10.72286,11.540055,7.684305,2.6446695,-0.17300000000000001,-0.11,0.20500975586542217,6,4.875442119999991,Medium
31.5,-131.25,-2.8360138,-10.323547,10.706008,11.540055,7.684305,2.6446695,-0.186,-0.15,0.23894769302087854,6,4.797037736666658,Medium
31.5,-131.0,-2.643631,-10.379211,10.710593,9.55568,7.69285,2.6651773,-0.184,-0.17500000000000002,0.25393109301540845,6,4.928684426666656,Medium
31.5,-130.75,-2.4844513,-10.469055,10.759815,9.55568,7.69285,2.6651773,-0.179,-0.171,0.2475520147362974,6,4.9246482733333234,Medium
31.5,-130.5,-2.3057404,-10.562805,10.811535,7.6650553,7.7106724,2.6900797,-0.168,-0.147,0.22323306206742763,6,5.424190626666657,Medium
31.5,-130.25,-2.1621857,-10.6536255,10.870823,7.6650553,7.7106724,2.6900797,-0.153,-0.12,0.19444536507718563,6,6.794450846666654,Medium
31.75,-156.25,-4.462967,2.861023,5.301276,185.02443,8.114969,1.5860758,0.008,0.037,0.0378549864614954,6,1.945430943333333,Medium
31.75,-156.0,-4.692459,3.1618042,5.658284,180.65724,7.9399204,1.5938883,-0.025,0.122,0.12453513560437472,6,1.7043381200000023,Medium
31.75,-155.75,-4.9844513,3.2614136,5.956641,180.65724,7.9399204,1.5938883,-0.047,0.17300000000000001,0.17927074496414636,6,1.5100327766666692,Medium
31.75,-155.5,-5.138748,3.0924683,5.997507,177.58693,7.800028,1.5885172,-0.051000000000000004,0.153,0.16127616066858735,6,1.487779446666669,Medium
31.75,-155.25,-5.256912,2.8707886,5.9897037,177.58693,7.800028,1.5885172,-0.042,0.099,0.10754068997360952,6,1.488233633333335,Medium
31.75,-155.0,-5.2803497,2.8405151,5.9958835,175.46974,7.727762,1.5753336,-0.03,0.06,0.0670820393249937,6,1.427031166666668,Medium
31.75,-154.75,-5.395584,2.8502808,6.1021657,175.46974,7.727762,1.5753336,-0.025,0.043000000000000003,0.04973932046178356,6,1.457035203333334,Medium
31.75,-154.5,-5.424881,3.0153198,6.206568,170.64162,7.6137486,1.5787516,-0.024,0.035,0.04243819034784589,6,1.4439049166666678,Medium
31.75,-154.25,-5.5440216,3.189148,6.3958454,170.64162,7.6137486,1.5787516,-0.021,0.042,0.046957427527495585,6,1.4305123600000014,Medium
31.75,-154.0,-5.6983185,3.2731323,6.5714707,164.35255,7.4865513,1.5980387,-0.016,0.073,0.07473285756613351,6,1.3411107000000009,Medium
31.75,-153.75,-5.8653107,3.2409058,6.7011447,164.35255,7.4865513,1.5980387,-0.019,0.11,0.1116288493177279,6,1.3075191166666673,Medium
31.75,-153.5,-5.9483185,3.2096558,6.759022,161.30568,7.4587193,1.609025,-0.033,0.13,0.13412307780542468,6,1.3418158266666673,Medium
31.75,-153.25,-5.998123,3.1051636,6.7542224,161.30568,7.4587193,1.609025,-0.051000000000000004,0.134,0.14337712509323097,6,1.4215259866666679,Medium
31.75,-153.0,-6.063553,3.0094604,6.7693076,162.2588,7.532694,1.605607,-0.061,0.151,0.16285576440519384,6,1.398112350000002,Medium
31.75,-152.75,-6.1719513,2.9244995,6.8297644,162.2588,7.532694,1.605607,-0.056,0.188,0.19616319736382765,6,1.4568233566666677,Medium
31.75,-152.5,-6.150467,2.8219604,6.766957,164.86037,7.642313,1.5973063,-0.04,0.214,0.21770622407271684,6,1.3247064933333346,Medium
31.75,-152.25,-6.1250763,2.680359,6.6858716,164.86037,7.642313,1.5973063,-0.019,0.203,0.2038872237291979,6,1.2546912933333347,Medium
31.75,-152.0,-6.0176544,2.5446167,6.5335474,169.45412,7.795145,1.5802164,0.002,0.168,0.16801190434013896,6,1.260709556666668,Medium
31.75,-151.75,-6.0684357,2.439148,6.540287,169.45412,7.795145,1.5802164,0.016,0.131,0.13197348218486926,6,1.2108872500000005,Medium
31.75,-151.5,-6.085037,2.3375854,6.5185876,174.43068,7.9518833,1.5633707,0.02,0.101,0.10296115772464877,6,1.2797616433333339,Medium
31.75,-151.25,-6.1465607,2.2184448,6.534654,174.43068,7.9518833,1.5633707,0.009000000000000001,0.07100000000000001,0.07156814934033157,6,1.3112139133333334,Medium
31.75,-151.0,-6.134842,2.1764526,6.5094724,175.96974,8.02952,1.5631266,-0.017,0.055,0.05756735185849702,6,1.3933400566666663,Medium
31.75,-150.75,-6.141678,2.1774292,6.5162416,175.96974,8.02952,1.5631266,-0.051000000000000004,0.066,0.08340863264674707,6,1.532436383333332,Medium
31.75,-150.5,-6.1670685,2.253601,6.565931,174.33693,8.049051,1.5770426,-0.084,0.095,0.12681088281373962,6,1.5170535600000004,Medium
31.75,-150.25,-6.1963654,2.3844604,6.639322,174.33693,8.049051,1.5770426,-0.105,0.111,0.15279397893896213,6,1.5685213433333345,Medium
31.75,-150.0,-6.3028107,2.4118042,6.7484975,170.21974,8.031717,1.6012125,-0.113,0.10300000000000001,0.15289865924853627,6,1.6431346300000007,Medium
31.75,-149.75,-6.4688263,2.394226,6.897683,170.21974,8.031717,1.6012125,-0.112,0.10200000000000001,0.1514859729479928,6,1.6974201266666678,Medium
31.75,-149.5,-6.6065216,2.2643433,6.983794,166.31349,8.032694,1.6241617,-0.10400000000000001,0.133,0.16883423823383695,6,1.6338678833333347,Medium
31.75,-149.25,-6.585037,2.1032104,6.912757,166.31349,8.032694,1.6241617,-0.093,0.178,0.20083077453418335,6,1.6662753366666678,Medium
31.75,-149.0,-6.523514,1.9440308,6.8070173,164.42287,8.074442,1.6400309,-0.073,0.2,0.21290608258102917,6,1.648784500000001,Medium
31.75,-148.75,-6.40242,1.9411011,6.690206,164.42287,8.074442,1.6400309,-0.046,0.186,0.19160375779195982,6,1.663782443333334,Medium
31.75,-148.5,-6.336014,2.0123901,6.647916,165.75099,8.155008,1.6471109,-0.019,0.159,0.16013119621110686,6,1.5827170366666672,Medium
31.75,-148.25,-6.407303,2.0514526,6.727703,165.75099,8.155008,1.6471109,-0.009000000000000001,0.139,0.13929106216839618,6,1.557573390000001,Medium
31.75,-148.0,-6.504959,2.0758667,6.828156,169.85255,8.25242,1.6463785,-0.022,0.127,0.1288914271780711,6,1.572234823333334,Medium
31.75,-147.75,-6.5401154,1.9205933,6.8162885,169.85255,8.25242,1.6463785,-0.056,0.114,0.12701181047445942,6,1.7616570400000005,Medium
31.75,-147.5,-6.556717,1.713562,6.7769337,173.22755,8.319071,1.6505289,-0.091,0.099,0.13446932735757997,6,1.8297942200000008,Medium
31.75,-147.25,-6.6289825,1.4879761,6.7939296,173.22755,8.319071,1.6505289,-0.11,0.078,0.13484806264830057,6,1.850352023333335,Medium
31.75,-147.0,-6.7383575,1.2819214,6.859212,171.9463,8.30662,1.6627359,-0.106,0.045,0.11515641536623132,6,1.6755321700000005,Medium
31.75,-146.75,-6.864334,1.0914917,6.950571,171.9463,8.30662,1.6627359,-0.085,0.016,0.08649277426467486,6,1.6920503566666665,Medium
31.75,-146.5,-6.9990997,0.9586792,7.0644507,165.67287,8.254862,1.685441,-0.064,0.026000000000000002,0.06907966415668218,6,1.8809138433333323,Medium
31.75,-146.25,-7.148514,0.81121826,7.194395,165.67287,8.254862,1.685441,-0.058,0.08600000000000001,0.10373041983911953,6,1.7284451233333331,Medium
31.75,-146.0,-7.282303,0.6881714,7.3147464,153.15724,8.165262,1.714982,-0.069,0.155,0.16966437457521835,6,2.5538478300000014,Medium
31.75,-145.75,-7.4307404,0.56903076,7.452496,153.15724,8.165262,1.714982,-0.079,0.184,0.20024235316236172,6,2.534523863333334,Medium
31.75,-145.5,-7.5615997,0.4225464,7.5733967,135.04787,8.048319,1.7506266,-0.073,0.17500000000000002,0.1896154002184422,6,3.2972256083333322,Medium
31.75,-145.25,-7.704178,0.28485107,7.7094417,135.04787,8.048319,1.7506266,-0.052000000000000005,0.177,0.18448035125725448,6,4.000580558888891,Medium
31.75,-145.0,-7.768631,0.15594482,7.770196,117.133804,7.942606,1.7840738,-0.034,0.20500000000000002,0.20780038498520642,6,4.029648606666665,Medium
31.75,-144.75,-7.754959,0.0065307617,7.7549615,117.133804,7.942606,1.7840738,-0.031,0.20600000000000002,0.2083194662051533,6,3.8476795399999992,Medium
31.75,-144.5,-7.6914825,-0.14971924,7.6929398,104.14162,7.9213657,1.7992105,-0.044,0.138,0.14484474446799925,6,3.983409486666666,Medium
31.75,-144.25,-7.6407013,-0.24249268,7.6445484,104.14162,7.9213657,1.7992105,-0.065,0.04,0.07632168761236874,6,4.741037523333332,Medium
31.75,-144.0,-7.6739044,-0.32061768,7.680599,91.61037,7.916727,1.8114176,-0.088,-0.011,0.08868483523128404,6,4.744044596666662,Medium
31.75,-143.75,-7.641678,-0.42218018,7.6533313,91.61037,7.916727,1.8114176,-0.116,-0.008,0.11627553482998906,6,4.70955183333333,Medium
31.75,-143.5,-7.5528107,-0.51397705,7.5702786,79.633804,7.9384556,1.8175211,-0.145,0.002,0.14501379244747722,6,4.758216596666663,Medium
31.75,-143.25,-7.426834,-0.6292114,7.45344,79.633804,7.9384556,1.8175211,-0.171,0.005,0.1710730837975396,6,4.880809078666664,Medium
31.75,-143.0,-7.272537,-0.7737427,7.3135815,66.34474,7.965311,1.824357,-0.194,0.028,0.19601020381602588,6,5.499543855333335,Medium
31.75,-142.75,-7.0821075,-0.9368286,7.143801,66.34474,7.965311,1.824357,-0.21,0.08,0.22472205054244232,6,5.896779437000002,Medium
31.75,-142.5,-6.947342,-1.114563,7.036179,54.99318,7.9836216,1.8375406,-0.213,0.12,0.24447699278255203,6,6.194376413666669,Medium
31.75,-142.25,-6.900467,-1.317688,7.025151,54.99318,7.9836216,1.8375406,-0.20400000000000001,0.112,0.23272301132462173,6,6.1863007070000045,Medium
31.75,-142.0,-6.882889,-1.4817505,7.040578,49.008804,7.9645786,1.8651285,-0.187,0.074,0.20110942295178513,6,6.250244730333341,Medium
31.75,-141.75,-6.884842,-1.6975708,7.0910363,49.008804,7.9645786,1.8651285,-0.167,0.043000000000000003,0.17244709333589825,6,6.292383720333339,Medium
31.75,-141.5,-6.881912,-1.9182739,7.144263,45.727554,7.937235,1.8988199,-0.149,0.025,0.15108275877809485,6,6.495859533666674,Medium
31.75,-141.25,-6.819412,-2.1018677,7.1359816,45.727554,7.937235,1.8988199,-0.125,-0.004,0.12506398362438323,6,6.355784282000008,Medium
31.75,-141.0,-6.8145294,-2.3157349,7.1972523,42.266617,7.9347935,1.9268961,-0.095,-0.044,0.10469479452198185,6,6.659320610333341,Medium
31.75,-140.75,-6.8457794,-2.5491333,7.304983,42.266617,7.9347935,1.9268961,-0.069,-0.067,0.09617692030835673,6,6.573871977000011,Medium
31.75,-140.5,-6.944412,-2.8118286,7.4920783,38.641617,7.9413853,1.9481363,-0.06,-0.06,0.08485281374238571,6,5.882414796666671,Medium
31.75,-140.25,-7.0088654,-3.069641,7.651594,38.641617,7.9413853,1.9481363,-0.069,-0.028,0.07446475676452587,6,5.273995703333335,Medium
31.75,-140.0,-7.0264435,-3.270813,7.7504272,36.165054,7.9191685,1.971818,-0.085,0.008,0.08537564055396599,6,5.1973528333333325,Medium
31.75,-139.75,-7.176834,-3.652649,8.052875,36.165054,7.9191685,1.971818,-0.098,0.038,0.1051094667477673,6,4.780351895,Medium
31.75,-139.5,-7.259842,-4.0325317,8.304614,34.96974,7.862528,2.0086832,-0.10400000000000001,0.056,0.11811858448186721,6,4.639830980000001,Medium
31.75,-139.25,-7.2764435,-4.397766,8.502174,34.96974,7.862528,2.0086832,-0.108,0.067,0.1270944530654269,6,4.873594453333332,Medium
31.75,-139.0,-7.248123,-4.6399536,8.606071,33.704117,7.8205357,2.051896,-0.113,0.083,0.1402069898400219,6,5.017609589999998,Medium
31.75,-138.75,-7.259842,-4.9036255,8.7607565,33.704117,7.8205357,2.051896,-0.128,0.10400000000000001,0.16492422502470644,6,5.04650867333333,Medium
31.75,-138.5,-7.251053,-5.1419067,8.889149,32.571304,7.7824497,2.0975504,-0.158,0.105,0.1897076698502198,6,5.186916506666663,Medium
31.75,-138.25,-7.251053,-5.380188,9.029075,32.571304,7.7824497,2.0975504,-0.197,0.06,0.20593445559206455,6,5.118348019999998,Medium
31.75,-138.0,-7.2920685,-5.652649,9.226413,31.485367,7.7511997,2.143937,-0.232,-0.028,0.2336835467036565,6,5.559139753333327,Medium
31.75,-137.75,-7.254959,-5.8831177,9.340529,31.485367,7.7511997,2.143937,-0.247,-0.116,0.27288275870783774,6,5.984422023333327,Medium
31.75,-137.5,-7.248123,-6.1399536,9.499175,30.477554,7.7228794,2.1930094,-0.247,-0.154,0.2910755915565577,6,5.951810719999996,Medium
31.75,-137.25,-7.2227325,-6.3792114,9.636504,30.477554,7.7228794,2.1930094,-0.248,-0.127,0.2786269907959385,6,6.028260583333329,Medium
31.75,-137.0,-7.150467,-6.600891,9.731441,29.579117,7.7053013,2.2440348,-0.256,-0.07200000000000001,0.2659323222175146,6,6.02641067333333,Medium
31.75,-136.75,-7.053787,-6.7981567,9.796472,29.579117,7.7053013,2.2440348,-0.272,-0.028,0.27343737857140166,6,5.972189923333329,Medium
31.75,-136.5,-6.9307404,-7.040344,9.879353,28.64943,7.6764927,2.299943,-0.28700000000000003,-0.004,0.28702787321094797,6,10.76539283333332,High
31.75,-136.25,-6.8369904,-7.279602,9.986844,28.64943,7.6764927,2.299943,-0.295,0.018000000000000002,0.2955486423585803,6,10.987455119999982,High
31.75,-136.0,-6.699295,-7.494446,10.052227,27.39943,7.6486607,2.355607,-0.296,0.045,0.2994010688023675,6,10.86998785666665,High
31.75,-135.75,-6.541092,-7.748352,10.14016,27.39943,7.6486607,2.355607,-0.28800000000000003,0.056,0.293393933134276,6,10.774843716666648,High
31.75,-135.5,-6.3897247,-7.971985,10.216708,25.735367,7.64036,2.397355,-0.266,0.039,0.2688438208328397,6,10.763880513333316,High
31.75,-135.25,-6.216873,-8.238586,10.321037,25.735367,7.64036,2.397355,-0.234,0.005,0.23405341270744165,6,10.601413443333318,High
31.75,-135.0,-6.011795,-8.4505005,10.370759,23.782242,7.661112,2.419816,-0.202,-0.026000000000000002,0.2036663938896155,6,10.43646137333332,High
31.75,-134.75,-5.7383575,-8.570618,10.314274,23.782242,7.661112,2.419816,-0.17400000000000002,-0.058,0.183412104289766,6,9.989932926666652,Medium
31.75,-134.5,-5.4434357,-8.683899,10.248956,21.875992,7.692362,2.4364176,-0.159,-0.094,0.18470787747142783,6,10.64458416666666,High
31.75,-134.25,-5.194412,-8.811829,10.228892,21.875992,7.692362,2.4364176,-0.14400000000000002,-0.124,0.19003157632351525,6,10.69062133333332,High
31.75,-134.0,-4.9463654,-8.898743,10.181068,20.21193,7.718973,2.4593668,-0.125,-0.11900000000000001,0.17258621034138272,6,3.5483806099999993,Medium
31.75,-133.75,-4.7334747,-9.02179,10.188153,20.21193,7.718973,2.4593668,-0.111,-0.07200000000000001,0.13230646242719968,6,2.952008616666669,Medium
31.75,-133.5,-4.55867,-9.188782,10.257445,18.727554,7.7321568,2.4933023,-0.114,-0.011,0.11452947218947619,6,3.4689536633333318,Medium
31.75,-133.25,-4.3233185,-9.35968,10.309932,18.727554,7.7321568,2.4933023,-0.135,0.025,0.1372953021774598,6,3.9668113166666643,Medium
31.75,-133.0,-4.0557404,-9.566711,10.390909,17.157242,7.7282505,2.5348063,-0.164,0.017,0.1648787433236923,6,3.6888987066666634,Medium
31.75,-132.75,-3.7969513,-9.814758,10.523608,17.157242,7.7282505,2.5348063,-0.182,-0.017,0.1827922317824256,6,3.740341459999998,Medium
31.75,-132.5,-3.5196075,-9.978821,10.581327,15.375993,7.713358,2.5767984,-0.18,-0.046,0.18578482176970215,6,4.565609279999994,Medium
31.75,-132.25,-3.348709,-10.1848755,10.721266,15.375993,7.713358,2.5767984,-0.164,-0.052000000000000005,0.17204650534085256,6,4.612643996666662,Medium
31.75,-132.0,-3.223709,-10.342102,10.832884,13.49318,7.6930943,2.6165934,-0.14200000000000002,-0.05,0.15054567413247052,6,6.099313509999992,Medium
31.75,-131.75,-3.0733185,-10.443665,10.886478,13.49318,7.6930943,2.6165934,-0.122,-0.066,0.13870832707519762,6,5.300346796666657,Medium
31.75,-131.5,-2.8907013,-10.461243,10.853283,11.540055,7.684305,2.6446695,-0.111,-0.10300000000000001,0.15142654985173506,6,5.236774503333325,Medium
31.75,-131.25,-2.7110138,-10.5286255,10.872053,11.540055,7.684305,2.6446695,-0.111,-0.14200000000000002,0.18023595645708435,6,5.186411966666658,Medium
31.75,-131.0,-2.5137482,-10.572571,10.867299,9.55568,7.69285,2.6651773,-0.123,-0.165,0.20580087463370997,6,6.94449763333332,Medium
31.75,-130.75,-2.3008575,-10.608704,10.855346,9.55568,7.69285,2.6651773,-0.133,-0.169,0.2150581316760657,6,6.962458769999986,Medium
31.75,-130.5,-2.1201935,-10.699524,10.907568,7.6650553,7.7106724,2.6900797,-0.134,-0.155,0.20489265482198235,6,6.98869178333332,Medium
31.75,-130.25,-1.9414825,-10.735657,10.909798,7.6650553,7.7106724,2.6900797,-0.123,-0.136,0.1833712082089225,6,5.298964746666662,Medium
32.0,-156.25,-4.4307404,2.9440308,5.3196597,196.99318,8.219706,1.5609293,-0.007,0.061,0.06140032573203501,6,2.2113509366666677,Medium
32.0,-156.0,-4.751053,3.0719604,5.657689,192.15724,8.034647,1.5699625,-0.01,0.133,0.13337541002748596,6,1.8676431166666683,Medium
32.0,-155.75,-5.044998,3.1696167,5.95806,192.15724,8.034647,1.5699625,0.0,0.17200000000000001,0.17200000000000001,6,1.6629686366666692,Medium
32.0,-155.5,-5.237381,3.104187,6.0881963,188.24318,7.869608,1.567277,0.012,0.14300000000000002,0.14350261321662405,6,1.6471438266666685,Medium
32.0,-155.25,-5.3428497,3.0358276,6.145103,188.24318,7.869608,1.567277,0.015,0.09,0.09124143795447329,6,1.5946588600000011,Medium
32.0,-155.0,-5.3496857,3.034851,6.1505656,185.67287,7.767069,1.5567789,0.009000000000000001,0.059000000000000004,0.0596824932455071,6,1.6348441400000016,Medium
32.0,-154.75,-5.168045,3.097351,6.025137,185.67287,7.767069,1.5567789,-0.002,0.046,0.04604345773288535,6,1.7349816933333349,Medium
32.0,-154.5,-5.168045,3.267273,6.1142263,180.97755,7.647196,1.5597086,-0.012,0.035,0.037000000000000005,6,1.795035386666669,Medium
32.0,-154.25,-5.248123,3.399109,6.2527385,180.97755,7.647196,1.5597086,-0.016,0.039,0.04215447781671598,6,1.7681177733333353,Medium
32.0,-154.0,-5.487381,3.3952026,6.4528093,174.90724,7.5217075,1.5780191,-0.021,0.074,0.07692203845452875,6,1.6227547366666681,Medium
32.0,-153.75,-5.657303,3.3561401,6.577899,174.90724,7.5217075,1.5780191,-0.031,0.122,0.12587692401707312,6,1.6195911066666684,Medium
32.0,-153.5,-5.7871857,3.2682495,6.646275,173.1338,7.511698,1.5850992,-0.046,0.147,0.1540292180074936,6,1.6706371866666685,Medium
32.0,-153.25,-5.8389435,3.1627808,6.6405153,173.1338,7.511698,1.5850992,-0.057,0.14300000000000002,0.1539415473483361,6,1.6877463633333352,Medium
32.0,-153.0,-5.844803,3.0758667,6.6047463,175.84474,7.6086216,1.5775309,-0.053,0.14100000000000001,0.15063200191194434,6,1.653435290000002,Medium
32.0,-152.75,-5.8145294,3.010437,6.5476317,175.84474,7.6086216,1.5775309,-0.031,0.158,0.1610124218810462,6,1.529773740000002,Medium
32.0,-152.5,-5.793045,2.9088745,6.4823546,180.35255,7.7470493,1.5645914,0.004,0.17300000000000001,0.17304623659588786,6,1.5566352733333357,Medium
32.0,-152.25,-5.7451935,2.7877808,6.3858414,180.35255,7.7470493,1.5645914,0.042,0.165,0.17026156348395255,6,1.6106112133333355,Medium
32.0,-152.0,-5.6846466,2.675476,6.2827845,184.99318,7.8884068,1.5518961,0.07100000000000001,0.139,0.15608331108738052,6,1.7041743000000016,Medium
32.0,-151.75,-5.8115997,2.5895386,6.362421,184.99318,7.8884068,1.5518961,0.085,0.11800000000000001,0.14542695761102892,6,1.7247846000000016,Medium
32.0,-151.5,-5.9844513,2.5045776,6.487416,187.76662,7.9885044,1.546525,0.079,0.108,0.13380956617521783,6,1.7367735233333346,Medium
32.0,-151.25,-6.044998,2.3864136,6.4989977,187.76662,7.9885044,1.546525,0.055,0.1,0.11412712210513329,6,1.7147040266666678,Medium
32.0,-151.0,-6.0996857,2.269226,6.5081143,188.72755,8.0546665,1.5487223,0.02,0.095,0.097082439194738,6,1.4546229766666674,Medium
32.0,-150.75,-6.1377716,2.2213745,6.5273843,188.72755,8.0546665,1.5487223,-0.013000000000000001,0.10400000000000001,0.10480935072788117,6,1.5451814900000007,Medium
32.0,-150.5,-6.1826935,2.274109,6.5876603,186.54787,8.0720005,1.5623941,-0.035,0.121,0.12596031120952345,6,1.609415593333334,Medium
32.0,-150.25,-6.2608185,2.2487183,6.652412,186.54787,8.0720005,1.5623941,-0.046,0.123,0.1313202193114221,6,1.7287831633333337,Medium
32.0,-150.0,-6.3682404,2.2711792,6.76112,180.93068,8.043192,1.588273,-0.055,0.106,0.11941942890501528,6,1.8748508100000014,Medium
32.0,-149.75,-6.509842,2.2194214,6.877781,180.93068,8.043192,1.588273,-0.064,0.099,0.11788553770501282,6,1.8846449633333346,Medium
32.0,-149.5,-6.6084747,2.1246948,6.9416327,174.64943,8.018534,1.6165934,-0.066,0.124,0.14047063750122302,6,1.984549450000001,Medium
32.0,-149.25,-6.5782013,1.9762573,6.868648,174.64943,8.018534,1.6165934,-0.058,0.158,0.16830923919975396,6,1.9180868033333343,Medium
32.0,-149.0,-6.461014,1.9987183,6.7631035,172.11818,8.059061,1.6341715,-0.04,0.167,0.17172361514946047,6,1.850397833333334,Medium
32.0,-148.75,-6.3340607,2.008484,6.6448727,172.11818,8.059061,1.6341715,-0.015,0.149,0.14975313018431366,6,1.7870815233333341,Medium
32.0,-148.5,-6.2627716,2.0670776,6.5950828,173.21193,8.134745,1.6432047,0.008,0.131,0.1312440474840669,6,1.810297420000001,Medium
32.0,-148.25,-6.344803,2.117859,6.688935,173.21193,8.134745,1.6432047,0.022,0.133,0.13480726983364066,6,1.8082741533333342,Medium
32.0,-148.0,-6.4434357,2.1452026,6.791153,176.45412,8.2126255,1.6468668,0.023,0.14300000000000002,0.1448378403594862,6,1.8136762766666683,Medium
32.0,-147.75,-6.5352325,2.1119995,6.8680277,176.45412,8.2126255,1.6468668,0.014,0.14100000000000001,0.14169333082400176,6,1.8169113633333347,Medium
32.0,-147.5,-6.549881,1.9352417,6.829795,180.64162,8.282694,1.6500406,0.002,0.122,0.12201639234135715,6,1.8328384133333342,Medium
32.0,-147.25,-6.5996857,1.7233276,6.820976,180.64162,8.282694,1.6500406,-0.014,0.09,0.0910823802938856,6,1.8447883833333347,Medium
32.0,-147.0,-6.697342,1.5211792,6.8679237,184.0088,8.321512,1.654191,-0.034,0.047,0.058008620049092706,6,1.8425250066666687,Medium
32.0,-146.75,-6.8233185,1.3307495,6.951875,184.0088,8.321512,1.654191,-0.059000000000000004,0.014,0.060638271743182134,6,2.0284422933333355,Medium
32.0,-146.5,-6.9278107,1.1393433,7.0208735,182.92287,8.305399,1.6693277,-0.083,0.026000000000000002,0.08697700845625815,6,2.1465960500000034,Medium
32.0,-146.25,-7.0713654,0.9694214,7.1375055,182.92287,8.305399,1.6693277,-0.097,0.089,0.13164345787011217,6,2.11860037666667,Medium
32.0,-146.0,-7.221756,0.854187,7.272097,175.50099,8.241678,1.6930094,-0.097,0.156,0.18369812192834198,6,2.8879323233333336,Medium
32.0,-145.75,-7.353592,0.7116089,7.387943,175.50099,8.241678,1.6930094,-0.088,0.17500000000000002,0.1958800653461194,6,2.8625348633333325,Medium
32.0,-145.5,-7.4834747,0.5651245,7.5047827,161.3213,8.151346,1.7220621,-0.08,0.156,0.175316856006489,6,3.879889535,Medium
32.0,-145.25,-7.551834,0.4274292,7.5639205,161.3213,8.151346,1.7220621,-0.074,0.153,0.16995587662684689,6,4.460598348333336,Medium
32.0,-145.0,-7.591873,0.31610107,7.598451,142.76662,8.065409,1.751359,-0.066,0.184,0.19547889911701466,6,4.149331380000001,Medium
32.0,-144.75,-7.581131,0.18231201,7.5833225,142.76662,8.065409,1.751359,-0.05,0.189,0.19550191814915782,6,4.06166828888889,Medium
32.0,-144.5,-7.5733185,0.15887451,7.5749846,125.56349,8.032694,1.7699137,-0.03,0.127,0.13049521064008443,6,4.171280496666668,Medium
32.0,-144.25,-7.525467,0.07196045,7.5258107,125.56349,8.032694,1.7699137,-0.015,0.041,0.04365775990588615,6,5.178812816666668,Medium
32.0,-144.0,-7.447342,-0.04034424,7.447451,107.602554,8.038797,1.7809,-0.013000000000000001,0.002,0.013152946437965907,6,6.332487823333332,Medium
32.0,-143.75,-7.3750763,-0.14678955,7.376537,107.602554,8.038797,1.7809,-0.021,0.013000000000000001,0.02469817807045694,6,5.3052776166666655,Medium
32.0,-143.5,-7.289139,-0.23956299,7.2930746,85.758804,8.058817,1.7894449,-0.035,0.029,0.04545327270945405,6,5.4145988350000005,Medium
32.0,-143.25,-7.190506,-0.4290161,7.2032933,85.758804,8.058817,1.7894449,-0.055,0.037,0.0662872536767062,6,5.410577017222223,Medium
32.0,-143.0,-7.0303497,-0.5725708,7.053627,64.15724,8.081278,1.7994547,-0.088,0.063,0.1082266141020775,6,5.752225840333337,Medium
32.0,-142.75,-6.8633575,-0.7161255,6.900617,64.15724,8.081278,1.7994547,-0.126,0.105,0.16401524319403973,6,6.237032650333336,Medium
32.0,-142.5,-6.8096466,-0.9290161,6.872726,51.165054,8.077616,1.8189859,-0.151,0.122,0.1941262475813098,6,6.523662127000004,Medium
32.0,-142.25,-6.761795,-1.1311646,6.8557568,51.165054,8.077616,1.8189859,-0.154,0.091,0.17887705274852891,6,6.819901577000007,Medium
32.0,-142.0,-6.7539825,-1.3772583,6.892976,45.883804,8.0390415,1.8490152,-0.139,0.045,0.14610270360263702,6,6.714900983666671,Medium
32.0,-141.75,-6.7608185,-1.6350708,6.955726,45.883804,8.0390415,1.8490152,-0.11800000000000001,0.017,0.11921828718783038,6,6.775902853666678,Medium
32.0,-141.5,-6.71492,-1.8919067,6.9763503,41.96193,8.010965,1.8783121,-0.1,-0.002,0.10001999800039992,6,6.846094999777788,Medium
32.0,-141.25,-6.6865997,-2.1243286,7.0159383,41.96193,8.010965,1.8783121,-0.08,-0.038,0.08856635930193811,6,7.004455341444453,Medium
32.0,-141.0,-6.6807404,-2.3372192,7.077774,38.71193,7.985819,1.9073648,-0.057,-0.079,0.09741663102366044,6,7.270297674777792,Medium
32.0,-140.75,-6.8301544,-2.6096802,7.3117332,38.71193,7.985819,1.9073648,-0.043000000000000003,-0.08700000000000001,0.09704638066409278,6,7.075644854777793,Medium
32.0,-140.5,-6.929764,-2.850891,7.493277,36.02443,7.9609165,1.9359293,-0.046,-0.054,0.0709365914038728,6,6.360599726111117,Medium
32.0,-140.25,-7.032303,-3.1467896,7.7042565,36.02443,7.9609165,1.9359293,-0.067,-0.008,0.06747592163134936,6,5.692132574444446,Medium
32.0,-140.0,-7.242264,-3.5403442,8.061292,34.204117,7.9067173,1.9669352,-0.092,0.027,0.09588013350011565,6,5.556942567777776,Medium
32.0,-139.75,-7.397537,-3.927063,8.375284,34.204117,7.9067173,1.9669352,-0.107,0.045,0.11607756027760059,6,5.275701766666665,Medium
32.0,-139.5,-7.4727325,-4.277649,8.610459,33.37599,7.8444614,2.00673,-0.112,0.053,0.1239072233568326,6,5.330689883333334,Medium
32.0,-139.25,-7.485428,-4.588196,8.779702,33.37599,7.8444614,2.00673,-0.112,0.064,0.1289961239727768,6,5.42241782,Medium
32.0,-139.0,-7.440506,-4.812805,8.861389,32.891617,7.793192,2.053605,-0.113,0.08600000000000001,0.14200352108310554,6,5.527381539999997,Medium
32.0,-138.75,-7.4190216,-5.040344,8.969222,32.891617,7.793192,2.053605,-0.12,0.11800000000000001,0.1682973558912914,6,5.590393929999995,Medium
32.0,-138.5,-7.4053497,-5.2737427,9.09129,32.321304,7.7521763,2.1026773,-0.131,0.13,0.18455622449540954,6,5.606015383333329,Medium
32.0,-138.25,-7.435623,-5.543274,9.274501,32.321304,7.7521763,2.1026773,-0.14300000000000002,0.08700000000000001,0.16738578195294845,6,6.003406286666662,Medium
32.0,-138.0,-7.4014435,-5.7805786,9.391297,31.657242,7.7194614,2.1512613,-0.155,-0.009000000000000001,0.1552610704587599,6,5.866945736666665,Medium
32.0,-137.75,-7.3614044,-6.0061646,9.5007515,31.657242,7.7194614,2.1512613,-0.17,-0.106,0.20033971149025848,6,6.186920236666667,Medium
32.0,-137.5,-7.273514,-6.2249146,9.573586,30.735367,7.7001743,2.1964273,-0.191,-0.14100000000000001,0.23740682382779144,6,6.318317583333332,Medium
32.0,-137.25,-7.235428,-6.4612427,9.700468,30.735367,7.7001743,2.1964273,-0.223,-0.10300000000000001,0.24563794495150784,6,6.4248942133333315,Medium
32.0,-137.0,-7.1201935,-6.6760864,9.760496,29.704117,7.703348,2.2384195,-0.26,-0.039,0.2629087294100369,6,6.276835766666665,Medium
32.0,-136.75,-6.971756,-6.9104614,9.816306,29.704117,7.703348,2.2384195,-0.293,0.001,0.2930017064796722,6,6.693834162222222,Medium
32.0,-136.5,-6.848709,-7.1516724,9.902082,28.58693,7.6970005,2.2830973,-0.321,0.015,0.32135027617850276,6,11.311192685555543,High
32.0,-136.25,-6.5840607,-7.3079224,9.836442,28.58693,7.6970005,2.2830973,-0.335,0.024,0.3358586011999693,6,7.25917195888889,Medium
32.0,-136.0,-6.400467,-7.48761,9.850394,27.290054,7.6777134,2.3321695,-0.329,0.034,0.33075217308432003,6,7.958239218888892,Medium
32.0,-135.75,-6.251053,-7.760071,9.964656,27.290054,7.6777134,2.3321695,-0.3,0.027,0.30121254953935767,6,11.340803035555535,High
32.0,-135.5,-6.1270294,-8.100891,10.157014,25.33693,7.6862583,2.3634195,-0.255,-0.003,0.2550176464482409,6,10.939945312222203,High
32.0,-135.25,-5.956131,-8.366516,10.270058,25.33693,7.6862583,2.3634195,-0.20400000000000001,-0.038,0.20750903594783532,6,10.820633633333314,High
32.0,-135.0,-5.711014,-8.520813,10.257677,23.094742,7.723612,2.3761148,-0.161,-0.059000000000000004,0.17147011401407536,6,10.409840799999982,High
32.0,-134.75,-5.429764,-8.639954,10.204467,23.094742,7.723612,2.3761148,-0.139,-0.073,0.15700318468107582,6,10.130186136666648,High
32.0,-134.5,-5.1221466,-8.748352,10.137556,20.946304,7.7668247,2.3846598,-0.134,-0.099,0.1666043216726385,6,11.122170816666657,High
32.0,-134.25,-4.797928,-8.766907,9.993937,20.946304,7.7668247,2.3846598,-0.145,-0.125,0.19144189719076649,6,11.399848356666656,High
32.0,-134.0,-4.5459747,-8.846985,9.946609,19.071304,7.8024693,2.3985758,-0.153,-0.124,0.19693907687404244,6,4.303300066666663,Medium
32.0,-133.75,-4.3907013,-9.013977,10.026467,19.071304,7.8024693,2.3985758,-0.153,-0.078,0.17173526137634051,6,4.203204739999996,Medium
32.0,-133.5,-4.289139,-9.248352,10.194544,17.758804,7.7909946,2.4378824,-0.145,-0.009000000000000001,0.14527904184706064,6,3.8506206355555537,Medium
32.0,-133.25,-4.053787,-9.421204,10.256329,17.758804,7.7909946,2.4378824,-0.137,0.039,0.14244297104455525,6,3.77288557222222,Medium
32.0,-133.0,-3.853592,-9.654602,10.395264,16.508804,7.7592564,2.4920816,-0.14,0.039,0.14533065746772084,6,3.494376242222218,Medium
32.0,-132.75,-3.6045685,-9.904602,10.540116,16.508804,7.7592564,2.4920816,-0.152,-0.004,0.1520526224699857,6,3.6163192622222193,Medium
32.0,-132.5,-3.315506,-10.043274,10.5763855,14.907243,7.7370396,2.543107,-0.159,-0.052000000000000005,0.16728717822953437,6,3.8161680233333324,Medium
32.0,-132.25,-3.18367,-10.296204,10.777178,14.907243,7.7370396,2.543107,-0.14300000000000002,-0.081,0.16434719346554114,6,3.586194306666663,Medium
32.0,-132.0,-3.05867,-10.451477,10.889851,13.141618,7.7111607,2.5926676,-0.107,-0.092,0.14111342955225772,6,5.5193379699999925,Medium
32.0,-131.75,-2.9356232,-10.55011,10.950922,13.141618,7.7111607,2.5926676,-0.067,-0.101,0.12120231020900551,6,5.609434079999993,Medium
32.0,-131.5,-2.7490997,-10.5598755,10.911852,11.313493,7.699686,2.6322184,-0.042,-0.117,0.12431009613060398,6,5.426770286666658,Medium
32.0,-131.25,-2.5782013,-10.657532,10.96495,11.313493,7.699686,2.6322184,-0.049,-0.128,0.13705838172107535,6,5.406022966666659,Medium
32.0,-131.0,-2.3760529,-10.686829,10.9477825,9.415055,7.7035923,2.6673746,-0.078,-0.136,0.1567801007781281,6,5.380859263333325,Medium
32.0,-130.75,-2.1641388,-10.721985,10.9382105,9.415055,7.7035923,2.6673746,-0.107,-0.146,0.18101104938649462,6,5.418676873333325,Medium
32.0,-130.5,-1.9610138,-10.766907,10.944033,7.5556803,7.7299595,2.6988688,-0.121,-0.15,0.1927200041511,6,7.2250217199999875,Medium
32.0,-130.25,-1.7539825,-10.764954,10.90691,7.5556803,7.7299595,2.6988688,-0.121,-0.14200000000000002,0.18656098198712398,6,5.705999659999993,Medium
32.25,-156.25,-4.501053,3.0983276,5.4643493,196.99318,8.219706,1.5609293,-0.023,0.053,0.05777542730261716,6,1.9023742133333348,Medium
32.25,-156.0,-4.8340607,3.213562,5.80475,192.15724,8.034647,1.5699625,0.006,0.10300000000000001,0.1031746092796091,6,1.461943640000001,Medium
32.25,-155.75,-5.1758575,3.3190308,6.148615,192.15724,8.034647,1.5699625,0.043000000000000003,0.14200000000000002,0.14836778626103445,6,1.2961945033333337,Medium
32.25,-155.5,-5.376053,3.2887573,6.3022113,188.24318,7.869608,1.567277,0.064,0.132,0.146696966567138,6,1.367909223333334,Medium
32.25,-155.25,-5.435623,3.338562,6.379028,188.24318,7.869608,1.567277,0.06,0.101,0.11747765745025733,6,1.3399938700000007,Medium
32.25,-155.0,-5.3125763,3.4655151,6.3429694,185.67287,7.767069,1.5567789,0.039,0.078,0.08720665112249179,6,1.2101739200000015,Medium
32.25,-154.75,-5.117264,3.5211792,6.21169,185.67287,7.767069,1.5567789,0.019,0.061,0.06389053137985315,6,1.3051814500000012,Medium
32.25,-154.5,-4.837967,3.4118042,5.9199944,180.97755,7.647196,1.5597086,0.008,0.04,0.04079215610874228,6,1.2993134300000009,Medium
32.25,-154.25,-4.881912,3.4498901,5.97786,180.97755,7.647196,1.5597086,0.004,0.04,0.04019950248448356,6,1.330083690000001,Medium
32.25,-154.0,-5.1514435,3.3873901,6.1653695,174.90724,7.5217075,1.5780191,-0.001,0.08,0.08000624975587844,6,1.2500275066666673,Medium
32.25,-153.75,-5.386795,3.2555542,6.29414,174.90724,7.5217075,1.5780191,-0.009000000000000001,0.133,0.1333041634758645,6,1.1864095600000004,Medium
32.25,-153.5,-5.520584,3.159851,6.360936,173.1338,7.511698,1.5850992,-0.021,0.157,0.15839823231336894,6,1.1466207366666672,Medium
32.25,-153.25,-5.5908966,3.149109,6.4167757,173.1338,7.511698,1.5850992,-0.029,0.14300000000000002,0.1459109317357682,6,1.1636904900000005,Medium
32.25,-153.0,-5.516678,3.050476,6.303899,175.84474,7.6086216,1.5775309,-0.028,0.123,0.12614673994994877,6,1.151036683333334,Medium
32.25,-152.75,-5.4522247,2.972351,6.2098007,175.84474,7.6086216,1.5775309,-0.012,0.11900000000000001,0.11960351165413163,6,1.103989573333334,Medium
32.25,-152.5,-5.3897247,2.9127808,6.126453,180.35255,7.7470493,1.5645914,0.017,0.124,0.12515989773086264,6,1.1072743133333347,Medium
32.25,-152.25,-5.3321075,2.7955933,6.020524,180.35255,7.7470493,1.5645914,0.048,0.12,0.1292439553712281,6,1.175527440000001,Medium
32.25,-152.0,-5.435623,2.7409058,6.0875745,184.99318,7.8884068,1.5518961,0.069,0.11,0.12984991336154214,6,1.3212047200000006,Medium
32.25,-151.75,-5.7002716,2.7155151,6.3140416,184.99318,7.8884068,1.5518961,0.075,0.112,0.13479243302203578,6,1.2910606866666674,Medium
32.25,-151.5,-5.893631,2.6432495,6.45923,187.76662,7.9885044,1.546525,0.065,0.123,0.13911865439257237,6,1.2514246066666677,Medium
32.25,-151.25,-6.063553,2.519226,6.5660625,187.76662,7.9885044,1.546525,0.048,0.129,0.13764083696345356,6,1.1167210766666673,Medium
32.25,-151.0,-6.1426544,2.3805542,6.58781,188.72755,8.0546665,1.5487223,0.03,0.125,0.1285496013218244,6,1.0332040966666673,Medium
32.25,-150.75,-6.176834,2.2877808,6.5868974,188.72755,8.0546665,1.5487223,0.02,0.123,0.12461540835707276,6,1.073675416666667,Medium
32.25,-150.5,-6.2295685,2.2321167,6.617391,186.54787,8.0720005,1.5623941,0.022,0.127,0.1288914271780711,6,1.0831681400000006,Medium
32.25,-150.25,-6.3076935,2.1950073,6.678702,186.54787,8.0720005,1.5623941,0.027,0.127,0.12983836104942176,6,1.0747631900000008,Medium
32.25,-150.0,-6.4014435,2.1305542,6.7466836,180.93068,8.043192,1.588273,0.021,0.11800000000000001,0.11985407794480754,6,1.091664403333334,Medium
32.25,-149.75,-6.5264435,2.0612183,6.8442006,180.93068,8.043192,1.588273,0.006,0.112,0.11216059914247963,6,1.1223558199999997,Medium
32.25,-149.5,-6.5957794,1.9889526,6.889139,174.64943,8.018534,1.6165934,-0.007,0.124,0.1241974234837422,6,1.18240531,Medium
32.25,-149.25,-6.509842,2.003601,6.8112006,174.64943,8.018534,1.6165934,-0.005,0.14200000000000002,0.1420880009008502,6,1.1969509233333333,Medium
32.25,-149.0,-6.3907013,2.034851,6.7068386,172.11818,8.059061,1.6341715,0.006,0.14200000000000002,0.14212670403551897,6,1.1799645600000004,Medium
32.25,-148.75,-6.2989044,2.1344604,6.650723,172.11818,8.059061,1.6341715,0.016,0.126,0.12701181047445942,6,1.269787646666667,Medium
32.25,-148.5,-6.232498,2.1842651,6.604169,173.21193,8.134745,1.6432047,0.02,0.114,0.11574109036984229,6,1.3049225766666677,Medium
32.25,-148.25,-6.301834,2.2125854,6.6789703,173.21193,8.134745,1.6432047,0.025,0.12,0.12257650672131262,6,1.286269290000001,Medium
32.25,-148.0,-6.384842,2.1871948,6.749076,176.45412,8.2126255,1.6468668,0.035,0.133,0.13752817893071953,6,1.3238597800000007,Medium
32.25,-147.75,-6.4844513,2.1569214,6.8337703,176.45412,8.2126255,1.6468668,0.048,0.136,0.1442220510185596,6,1.4478584500000002,Medium
32.25,-147.5,-6.5127716,2.048523,6.827345,180.64162,8.282694,1.6500406,0.057,0.128,0.14011780757633913,6,1.5575609266666663,Medium
32.25,-147.25,-6.5713654,1.8815308,6.8354225,180.64162,8.282694,1.6500406,0.048,0.112,0.12185236969382254,6,1.399233436666667,Medium
32.25,-147.0,-6.668045,1.6862183,6.877947,184.0088,8.321512,1.654191,0.014,0.088,0.08910667763978185,6,1.3469339800000004,Medium
32.25,-146.75,-6.7520294,1.5133667,6.9195504,184.0088,8.321512,1.654191,-0.042,0.065,0.07738862965578341,6,1.6873732933333336,Medium
32.25,-146.5,-6.835037,1.3053589,6.95857,182.92287,8.305399,1.6693277,-0.099,0.064,0.11788553770501282,6,1.9457347633333355,Medium
32.25,-146.25,-6.9590607,1.1393433,7.051711,182.92287,8.305399,1.6693277,-0.129,0.094,0.1596151621870554,6,2.006093823333336,Medium
32.25,-146.0,-7.1377716,1.0250854,7.2110043,175.50099,8.241678,1.6930094,-0.123,0.134,0.18189282558693734,6,2.5654984100000022,Medium
32.25,-145.75,-7.257889,0.8786011,7.3108745,175.50099,8.241678,1.6930094,-0.1,0.149,0.17944637081869336,6,2.586583653333334,Medium
32.25,-145.5,-7.333084,0.7321167,7.36954,161.3213,8.151346,1.7220621,-0.08700000000000001,0.14300000000000002,0.16738578195294845,6,3.6015511383333325,Medium
32.25,-145.25,-7.367264,0.59832764,7.39152,161.3213,8.151346,1.7220621,-0.091,0.147,0.17288724649319856,6,4.213638531666667,Medium
32.25,-145.0,-7.391678,0.479187,7.407194,142.76662,8.065409,1.751359,-0.091,0.161,0.1849378273907207,6,4.107449235000001,Medium
32.25,-144.75,-7.416092,0.44696045,7.4295487,142.76662,8.065409,1.751359,-0.069,0.145,0.1605801980320114,6,3.8883861566666664,Medium
32.25,-144.5,-7.409256,0.4274292,7.4215746,125.56349,8.032694,1.7699137,-0.033,0.08,0.08653900854527975,6,4.120641246666666,Medium
32.25,-144.25,-7.324295,0.38739014,7.3345327,125.56349,8.032694,1.7699137,-0.004,0.013000000000000001,0.013601470508735445,6,5.768017056666665,Medium
32.25,-144.0,-7.1670685,0.28094482,7.1725726,107.602554,8.038797,1.7809,0.006,-0.007,0.009219544457292887,6,5.898288329999996,Medium
32.25,-143.75,-7.0938263,0.17059326,7.095877,107.602554,8.038797,1.7809,0.009000000000000001,0.011,0.014212670403551895,6,5.821066516666662,Medium
32.25,-143.5,-7.041092,-0.023742676,7.041132,85.758804,8.058817,1.7894449,0.014,0.032,0.03492849839314596,6,4.5442444349999995,Medium
32.25,-143.25,-6.947342,-0.22589111,6.951013,85.758804,8.058817,1.7894449,0.012,0.056,0.05727128425310542,6,4.698495298333331,Medium
32.25,-143.0,-6.819412,-0.4212036,6.832408,64.15724,8.081278,1.7994547,-0.007,0.10200000000000001,0.1022399139279763,6,5.029675702222222,Medium
32.25,-142.75,-6.6895294,-0.58135986,6.7147436,64.15724,8.081278,1.7994547,-0.042,0.149,0.15480633061990715,6,5.690348975555559,Medium
32.25,-142.5,-6.6602325,-0.8010864,6.708236,51.165054,8.077616,1.8189859,-0.075,0.145,0.16324827717314508,6,5.8088749222222225,Medium
32.25,-142.25,-6.6778107,-1.0803833,6.7646422,51.165054,8.077616,1.8189859,-0.091,0.08700000000000001,0.12589678312014171,6,6.040022488888892,Medium
32.25,-142.0,-6.674881,-1.333313,6.8067436,45.883804,8.0390415,1.8490152,-0.09,0.026000000000000002,0.09368030742904294,6,6.198995388888892,Medium
32.25,-141.75,-6.6670685,-1.6360474,6.864871,45.883804,8.0390415,1.8490152,-0.084,-0.002,0.08402380615040002,6,6.192036007222224,Medium
32.25,-141.5,-6.636795,-1.9417114,6.9150047,41.96193,8.010965,1.8783121,-0.077,-0.021,0.07981227975693966,6,6.315105492222224,Medium
32.25,-141.25,-6.650467,-2.2005005,7.005063,41.96193,8.010965,1.8783121,-0.069,-0.06,0.09143850392476903,6,6.281657315555562,Medium
32.25,-141.0,-6.759842,-2.4368286,7.185652,38.71193,7.985819,1.9073648,-0.064,-0.096,0.11537764081484767,6,6.3186146222222295,Medium
32.25,-140.75,-6.9414825,-2.7092896,7.451472,38.71193,7.985819,1.9073648,-0.068,-0.088,0.11121151019566275,6,5.929804738888893,Medium
32.25,-140.5,-7.051834,-2.9710083,7.65214,36.02443,7.9609165,1.9359293,-0.088,-0.035,0.09470480452437458,6,5.374127436666669,Medium
32.25,-140.25,-7.2490997,-3.355774,7.9881577,36.02443,7.9609165,1.9359293,-0.121,0.024,0.12335720489699821,6,4.815989933333327,Medium
32.25,-140.0,-7.469803,-3.7503052,8.358394,34.204117,7.9067173,1.9669352,-0.152,0.053,0.1609751533622503,6,4.6436024999999965,Medium
32.25,-139.75,-7.6289825,-4.088196,8.655329,34.204117,7.9067173,1.9669352,-0.171,0.056,0.17993609976877903,6,4.6537212999999955,Medium
32.25,-139.5,-7.6690216,-4.4124146,8.847785,33.37599,7.8444614,2.00673,-0.178,0.052000000000000005,0.18544001725625459,6,4.574140649999998,Medium
32.25,-139.25,-7.6465607,-4.6692505,8.959453,33.37599,7.8444614,2.00673,-0.177,0.058,0.1862605701698564,6,4.822945209999997,Medium
32.25,-139.0,-7.605545,-4.8880005,9.040844,32.891617,7.793192,2.053605,-0.17300000000000001,0.081,0.19102355875650523,6,4.843903039999997,Medium
32.25,-138.75,-7.5869904,-5.116516,9.15102,32.891617,7.793192,2.053605,-0.163,0.111,0.19720547659738052,6,5.330453123333327,Medium
32.25,-138.5,-7.5733185,-5.364563,9.280824,32.321304,7.7521763,2.1026773,-0.145,0.12,0.1882153022471871,6,5.4821504866666615,Medium
32.25,-138.25,-7.5664825,-5.6116333,9.420302,32.321304,7.7521763,2.1026773,-0.124,0.079,0.14702720836634284,6,5.407641996666662,Medium
32.25,-138.0,-7.489334,-5.822571,9.486436,31.657242,7.7194614,2.1512613,-0.117,-0.004,0.11706835610018619,6,5.390381803333329,Medium
32.25,-137.75,-7.369217,-6.055969,9.53835,31.657242,7.7194614,2.1512613,-0.135,-0.081,0.15743570116082312,6,5.496832139999999,Medium
32.25,-137.5,-7.279373,-6.275696,9.61112,30.735367,7.7001743,2.1964273,-0.17300000000000001,-0.098,0.19882907232092595,6,5.674075053333331,Medium
32.25,-137.25,-7.1338654,-6.500305,9.651217,30.735367,7.7001743,2.1964273,-0.221,-0.053,0.22726636354727023,6,5.8943878899999955,Medium
32.25,-137.0,-6.975662,-6.7317505,9.694139,29.704117,7.703348,2.2384195,-0.264,0.008,0.26412118430750686,6,6.039191276666663,Medium
32.25,-136.75,-6.804764,-6.9749146,9.744447,29.704117,7.703348,2.2384195,-0.296,0.04,0.2986904752415115,6,6.469009853333334,Medium
32.25,-136.5,-6.498123,-7.1604614,9.669427,28.58693,7.6970005,2.2830973,-0.325,0.044,0.3279649371502997,6,6.58984312,Medium
32.25,-136.25,-6.18367,-7.2825317,9.553693,28.58693,7.6970005,2.2830973,-0.34400000000000003,0.033,0.3455792239125495,6,6.687772466666671,Medium
32.25,-136.0,-5.942459,-7.471985,9.546905,27.290054,7.6777134,2.3321695,-0.343,0.013000000000000001,0.34324626727759183,6,7.4973277566666665,Medium
32.25,-135.75,-5.8907013,-7.895813,9.851103,27.290054,7.6777134,2.3321695,-0.309,-0.025,0.3100096772683072,6,7.836371253333334,Medium
32.25,-135.5,-5.768631,-8.2473755,10.064607,25.33693,7.6862583,2.3634195,-0.251,-0.07100000000000001,0.2608486151007898,6,10.96256402666664,High
32.25,-135.25,-5.489334,-8.371399,10.01065,25.33693,7.6862583,2.3634195,-0.191,-0.098,0.21467417171145672,6,10.85819066333331,High
32.25,-135.0,-5.2158966,-8.467102,9.944717,23.094742,7.723612,2.3761148,-0.151,-0.094,0.17786792853125602,6,10.507476606666645,High
32.25,-134.75,-4.9326935,-8.596008,9.910743,23.094742,7.723612,2.3761148,-0.132,-0.082,0.1553962676514465,6,10.37818191333331,High
32.25,-134.5,-4.5782013,-8.628235,9.767618,20.946304,7.7668247,2.3846598,-0.14100000000000001,-0.082,0.16311039206623226,6,8.623831640000002,Medium
32.25,-134.25,-4.2520294,-8.634094,9.62431,20.946304,7.7668247,2.3846598,-0.166,-0.098,0.19276929216034386,6,9.811391386666662,Medium
32.25,-134.0,-3.9795685,-8.657532,9.52837,19.071304,7.8024693,2.3985758,-0.194,-0.10400000000000001,0.22011815009217212,6,3.772678376666664,Medium
32.25,-133.75,-3.831131,-8.8411255,9.63551,19.071304,7.8024693,2.3985758,-0.20600000000000002,-0.082,0.2217205448306494,6,3.959484999999998,Medium
32.25,-133.5,-3.7813263,-9.111633,9.865105,17.758804,7.7909946,2.4378824,-0.191,-0.035,0.19418032856085088,6,4.405422789999997,Medium
32.25,-133.25,-3.6553497,-9.343079,10.032681,17.758804,7.7909946,2.4378824,-0.157,0.012,0.15745793088949187,6,4.442295699999997,Medium
32.25,-133.0,-3.4610138,-9.577454,10.183625,16.508804,7.7592564,2.4920816,-0.128,0.027,0.13081666560496027,6,2.9241348899999964,Medium
32.25,-132.75,-3.2949982,-9.820618,10.358645,16.508804,7.7592564,2.4920816,-0.116,-0.002,0.11601724009818541,6,3.2848938899999975,Medium
32.25,-132.5,-3.0332794,-9.95929,10.410967,14.907243,7.7370396,2.543107,-0.113,-0.058,0.12701574705523722,6,3.354402219999996,Medium
32.25,-132.25,-2.9190216,-10.205383,10.614637,14.907243,7.7370396,2.543107,-0.099,-0.11,0.14798986451781082,6,3.1242299633333306,Medium
32.25,-132.0,-2.833084,-10.404602,10.783419,13.141618,7.7111607,2.5926676,-0.07,-0.137,0.15384732691860462,6,3.07390463333333,Medium
32.25,-131.75,-2.7139435,-10.512024,10.8567095,13.141618,7.7111607,2.5926676,-0.044,-0.135,0.14198943622678414,6,5.615537119999994,Medium
32.25,-131.5,-2.581131,-10.5911255,10.901109,11.313493,7.699686,2.6322184,-0.048,-0.111,0.12093386622447824,6,5.405940306666658,Medium
32.25,-131.25,-2.4571075,-10.699524,10.978032,11.313493,7.699686,2.6322184,-0.084,-0.08700000000000001,0.12093386622447826,6,5.233079083333323,Medium
32.25,-131.0,-2.2608185,-10.738586,10.973993,9.415055,7.7035923,2.6673746,-0.134,-0.08600000000000001,0.15922311389996116,6,5.320639056666659,Medium
32.25,-130.75,-2.067459,-10.784485,10.980869,9.415055,7.7035923,2.6673746,-0.167,-0.112,0.2010795862339089,6,7.03107078999999,Medium
32.25,-130.5,-1.8682404,-10.826477,10.986488,7.5556803,7.7299595,2.6988688,-0.176,-0.139,0.22426992665089984,6,7.197419279999991,Medium
32.25,-130.25,-1.636795,-10.802063,10.925368,7.5556803,7.7299595,2.6988688,-0.169,-0.14,0.21945614596087304,6,7.178689999999991,Medium
32.5,-156.25,-4.5596466,3.3170776,5.6385617,206.77443,8.259256,1.5401773,0.01,0.028,0.029732137494637014,6,1.8033351833333335,Medium
32.5,-156.0,-4.8584747,3.3180542,5.8833885,201.83693,8.069559,1.5514078,0.038,0.057,0.0685054742338158,6,1.4112578166666678,Medium
32.5,-155.75,-5.1807404,3.4039917,6.1989703,201.83693,8.069559,1.5514078,0.064,0.107,0.12467958934805648,6,1.4453175533333342,Medium
32.5,-155.5,-5.4258575,3.5739136,6.497137,195.64162,7.8393345,1.5597086,0.07,0.13,0.147648230602334,6,1.3593741700000004,Medium
32.5,-155.25,-5.4483185,3.7838745,6.6333914,195.64162,7.8393345,1.5597086,0.053,0.125,0.13577186748365805,6,1.3639227433333336,Medium
32.5,-155.0,-5.282303,3.9293823,6.583523,191.77443,7.692362,1.5579996,0.03,0.10400000000000001,0.10824047302187847,6,1.1424914366666676,Medium
32.5,-154.75,-4.9365997,3.854187,6.2629685,191.77443,7.692362,1.5579996,0.017,0.07200000000000001,0.07397972695272673,6,1.2560273766666679,Medium
32.5,-154.5,-4.585037,3.6637573,5.8690443,190.97755,7.6428013,1.548234,0.017,0.039,0.042544094772365294,6,1.5908225933333355,Medium
32.5,-154.25,-4.480545,3.3737183,5.608677,190.97755,7.6428013,1.548234,0.021,0.037,0.042544094772365294,6,1.7606410766666678,Medium
32.5,-154.0,-4.7188263,3.1295776,5.6622944,190.46193,7.634012,1.5433512,0.02,0.082,0.08440379138403678,6,1.379928986666669,Medium
32.5,-153.75,-4.9932404,3.0387573,5.8452115,190.46193,7.634012,1.5433512,0.011,0.139,0.13943457247038843,6,1.2081792366666673,Medium
32.5,-153.5,-5.21492,3.0514526,6.042082,190.00099,7.6445103,1.5440836,0.001,0.162,0.16200308639035246,6,1.1428020166666675,Medium
32.5,-153.25,-5.331131,3.0993042,6.1665745,190.00099,7.6445103,1.5440836,-0.008,0.145,0.1452205219657332,6,1.1850903966666673,Medium
32.5,-153.0,-5.1670685,2.9606323,5.9551606,193.46193,7.7543736,1.5348063,-0.013000000000000001,0.114,0.11473883387938018,6,1.1947424266666677,Medium
32.5,-152.75,-5.044998,2.8815308,5.8099246,193.46193,7.7543736,1.5348063,-0.009000000000000001,0.095,0.09542536350467835,6,1.321221263333335,Medium
32.5,-152.5,-5.006912,2.8551636,5.7637773,197.35255,7.88328,1.5265055,0.003,0.091,0.0910494371207203,6,1.3579752200000008,Medium
32.5,-152.25,-5.143631,2.8864136,5.898163,197.35255,7.88328,1.5265055,0.014,0.094,0.09503683496413377,6,1.156877243333334,Medium
32.5,-152.0,-5.357498,2.8756714,6.080483,197.6963,7.932108,1.5323648,0.015,0.10300000000000001,0.10408650248711405,6,1.183369786666668,Medium
32.5,-151.75,-5.674881,2.8502808,6.3504624,197.6963,7.932108,1.5323648,0.008,0.116,0.11627553482998906,6,1.0757215866666676,Medium
32.5,-151.5,-5.9678497,2.760437,6.575351,196.74318,7.9535923,1.5421305,0.001,0.132,0.13200378782444086,6,1.061642413333334,Medium
32.5,-151.25,-6.1621857,2.6344604,6.7017097,196.74318,7.9535923,1.5421305,0.0,0.136,0.136,6,1.061565030000001,Medium
32.5,-151.0,-6.201248,2.4586792,6.6708755,198.68068,8.031473,1.5421305,0.004,0.126,0.1260634760745554,6,1.0628379400000005,Medium
32.5,-150.75,-6.185623,2.316101,6.605017,198.68068,8.031473,1.5421305,0.016,0.112,0.1131370849898476,6,1.0889669700000004,Medium
32.5,-150.5,-6.2383575,2.227234,6.624023,198.86037,8.081278,1.549943,0.035,0.109,0.11448143954370944,6,1.1371119000000005,Medium
32.5,-150.25,-6.303787,2.175476,6.6686153,198.86037,8.081278,1.549943,0.053,0.11800000000000001,0.1293560976529518,6,1.3202302900000005,Medium
32.5,-150.0,-6.398514,2.1100464,6.7374535,195.31349,8.080545,1.5709391,0.06,0.126,0.1395564401953561,6,1.3428229066666673,Medium
32.5,-149.75,-6.5020294,2.0221558,6.8092217,195.31349,8.080545,1.5709391,0.055,0.127,0.13839797686382557,6,1.3604370100000005,Medium
32.5,-149.5,-6.560623,1.9752808,6.8515334,189.10255,8.052958,1.6004801,0.048,0.128,0.1367040599250805,6,1.2245390233333333,Medium
32.5,-149.25,-6.475662,2.0338745,6.787551,189.10255,8.052958,1.6004801,0.05,0.132,0.1411523999087511,6,1.2446284800000003,Medium
32.5,-149.0,-6.376053,2.1569214,6.731,184.74318,8.064432,1.62465,0.051000000000000004,0.135,0.1443121616496683,6,1.420926216666667,Medium
32.5,-148.75,-6.294998,2.2907104,6.6988325,184.74318,8.064432,1.62465,0.039,0.132,0.13764083696345356,6,1.3671594033333339,Medium
32.5,-148.5,-6.2295685,2.362976,6.6626706,183.71193,8.114969,1.6392984,0.017,0.123,0.12416923934694937,6,1.3407135533333348,Medium
32.5,-148.25,-6.237381,2.3483276,6.6648,183.71193,8.114969,1.6392984,0.002,0.116,0.11601724009818541,6,1.350414366666668,Medium
32.5,-148.0,-6.301834,2.2975464,6.7075953,186.40724,8.197977,1.6439371,0.006,0.112,0.11216059914247963,6,1.3488371033333342,Medium
32.5,-147.75,-6.344803,2.2086792,6.718243,186.40724,8.197977,1.6439371,0.028,0.109,0.11253888216967503,6,1.362021886666667,Medium
32.5,-147.5,-6.373123,2.0963745,6.70906,191.6963,8.289286,1.6456461,0.052000000000000005,0.112,0.12348279232346505,6,1.5775162666666664,Medium
32.5,-147.25,-6.4571075,1.9723511,6.751622,191.6963,8.289286,1.6456461,0.062,0.124,0.13863621460498696,6,1.5851622633333329,Medium
32.5,-147.0,-6.541092,1.8619995,6.8009505,196.75099,8.345438,1.6475992,0.045,0.137,0.14420124826089406,6,1.468419313333333,Medium
32.5,-146.75,-6.623123,1.7077026,6.8397374,196.75099,8.345438,1.6475992,-0.004,0.138,0.13805795884337854,6,1.4613673933333338,Medium
32.5,-146.5,-6.711014,1.5436401,6.8862567,199.96193,8.361795,1.6554117,-0.066,0.124,0.14047063750122302,6,1.948731843333335,Medium
32.5,-146.25,-6.833084,1.401062,6.975243,199.96193,8.361795,1.6554117,-0.112,0.113,0.15910059710761618,6,2.08738138666667,Medium
32.5,-146.0,-6.9834747,1.2575073,7.095791,199.83693,8.339579,1.6703043,-0.123,0.113,0.1670269439342048,6,2.6652435633333362,Medium
32.5,-145.75,-7.08992,1.095398,7.1740413,199.83693,8.339579,1.6703043,-0.109,0.121,0.16285576440519384,6,2.6478403000000013,Medium
32.5,-145.5,-7.163162,0.9528198,7.226255,196.36037,8.291483,1.6898355,-0.099,0.135,0.16740967713964447,6,3.644726768333334,Medium
32.5,-145.25,-7.2188263,0.83270264,7.2666945,196.36037,8.291483,1.6898355,-0.101,0.149,0.18000555546982433,6,4.292453615,Medium
32.5,-145.0,-7.2227325,0.69403076,7.2560005,190.81349,8.24534,1.7093668,-0.098,0.14100000000000001,0.17171196813268436,6,4.271564568333332,Medium
32.5,-144.75,-7.2002716,0.6588745,7.2303543,190.81349,8.24534,1.7093668,-0.074,0.095,0.12042009799032719,6,3.9611353983333326,Medium
32.5,-144.5,-7.1407013,0.6119995,7.166879,181.01662,8.218729,1.7271891,-0.045,0.03,0.054083269131959835,6,4.201148423333332,Medium
32.5,-144.25,-7.0469513,0.5700073,7.069967,181.01662,8.218729,1.7271891,-0.033,-0.009000000000000001,0.03420526275297414,6,4.485099689999999,Medium
32.5,-144.0,-6.9346466,0.494812,6.9522777,162.54787,8.209452,1.7430582,-0.045,-0.006,0.045398237851264664,6,4.867185586666667,Medium
32.5,-143.75,-6.873123,0.33563232,6.8813133,162.54787,8.209452,1.7430582,-0.064,0.009000000000000001,0.0646297145282261,6,4.624693915,Medium
32.5,-143.5,-6.8057404,0.15106201,6.8074164,117.84474,8.20286,1.7589273,-0.07,0.019,0.07253275122315436,6,4.681031318333331,Medium
32.5,-143.25,-6.7344513,-0.042297363,6.734584,117.84474,8.20286,1.7589273,-0.065,0.05,0.08200609733428363,6,4.684360579999999,Medium
32.5,-143.0,-6.645584,-0.2366333,6.6497955,39.34474,8.190897,1.7769938,-0.06,0.116,0.13059862173851608,6,5.776924515555557,Medium
32.5,-142.75,-6.5889435,-0.51397705,6.6089597,39.34474,8.190897,1.7769938,-0.06,0.17,0.18027756377319948,6,6.381304075555558,Medium
32.5,-142.5,-6.628006,-0.817688,6.678254,39.540054,8.152811,1.8021402,-0.058,0.156,0.16643316977093237,6,6.311329408888891,Medium
32.5,-142.25,-6.6563263,-1.1243286,6.750614,39.540054,8.152811,1.8021402,-0.055,0.08600000000000001,0.10208329931972224,6,6.756235725555562,Medium
32.5,-142.0,-6.672928,-1.4329224,6.825044,38.571304,8.09617,1.832902,-0.055,0.023,0.05961543424315552,6,6.556344915555557,Medium
32.5,-141.75,-6.6553497,-1.7376099,6.8784423,38.571304,8.09617,1.832902,-0.063,-0.004,0.06312685640834652,6,6.475475112222224,Medium
32.5,-141.5,-6.7071075,-2.0422974,7.011153,35.727554,8.049295,1.8629313,-0.074,-0.023,0.07749193506423749,6,6.518839468888892,Medium
32.5,-141.25,-6.7940216,-2.2903442,7.169687,35.727554,8.049295,1.8629313,-0.08700000000000001,-0.061,0.10625441167311596,6,6.510768068888896,Medium
32.5,-141.0,-6.900467,-2.512024,7.3434806,34.196304,7.996805,1.8966227,-0.10300000000000001,-0.089,0.13612494260788505,6,6.354652072222225,Medium
32.5,-140.75,-7.065506,-2.7747192,7.590813,34.196304,7.996805,1.8966227,-0.13,-0.066,0.14579437574886078,6,5.368947320000001,Medium
32.5,-140.5,-7.248123,-3.116516,7.8897376,33.37599,7.934061,1.935441,-0.164,0.0,0.164,6,5.1042074833333295,Medium
32.5,-140.25,-7.4619904,-3.5169067,8.249238,33.37599,7.934061,1.935441,-0.201,0.061,0.2100523744212381,6,4.602989983333331,Medium
32.5,-140.0,-7.647537,-3.8547974,8.564128,32.86818,7.8617954,1.9754801,-0.234,0.083,0.24828411145298848,6,4.647029689999995,Medium
32.5,-139.75,-7.799881,-4.17218,8.8456335,32.86818,7.8617954,1.9754801,-0.254,0.07,0.26346916328101855,6,4.881866623333325,Medium
32.5,-139.5,-7.8438263,-4.431946,9.009315,32.610367,7.8044224,2.0145426,-0.258,0.049,0.26261188091935217,6,4.806895766666662,Medium
32.5,-139.25,-7.786209,-4.630188,9.058901,32.610367,7.8044224,2.0145426,-0.249,0.043000000000000003,0.2526855753698656,6,5.072970889999997,Medium
32.5,-139.0,-7.7676544,-4.875305,9.170881,32.53224,7.768778,2.058488,-0.229,0.056,0.23574774654278247,6,5.4523286366666595,Medium
32.5,-138.75,-7.748123,-5.135071,9.295287,32.53224,7.768778,2.058488,-0.197,0.074,0.210440015206234,6,5.54770526666666,Medium
32.5,-138.5,-7.732498,-5.384094,9.422314,31.969742,7.748026,2.0992594,-0.155,0.076,0.17262966141425407,6,5.580932279999994,Medium
32.5,-138.25,-7.6270294,-5.60968,9.467845,31.969742,7.748026,2.0992594,-0.115,0.046,0.1238587905640936,6,5.41746865333333,Medium
32.5,-138.0,-7.504959,-5.8811646,9.534805,30.922867,7.744608,2.1346598,-0.099,-0.003,0.09904544411531507,6,5.402527989999998,Medium
32.5,-137.75,-7.351639,-6.1174927,9.564011,30.922867,7.744608,2.1346598,-0.12,-0.04,0.12649110640673517,6,5.362763986666662,Medium
32.5,-137.5,-7.107498,-6.32843,9.516594,29.407242,7.761942,2.1624918,-0.165,-0.039,0.1695464538113375,6,5.5277697033333295,Medium
32.5,-137.25,-6.9190216,-6.5462036,9.525002,29.407242,7.761942,2.1624918,-0.215,0.0,0.215,6,5.817147216666662,Medium
32.5,-137.0,-6.7344513,-6.833313,9.594112,27.516617,7.8012486,2.1825113,-0.246,0.043000000000000003,0.24972985404232312,6,6.255448106666666,Medium
32.5,-136.75,-6.454178,-7.098938,9.594338,27.516617,7.8012486,2.1825113,-0.261,0.066,0.269215527041068,6,6.488779836666667,Medium
32.5,-136.5,-6.132889,-7.293274,9.529122,25.891617,7.8205357,2.209855,-0.273,0.067,0.281101405190369,6,6.681350043333338,Medium
32.5,-136.25,-5.867264,-7.51593,9.534883,25.891617,7.8205357,2.209855,-0.28200000000000003,0.043000000000000003,0.2852595309538316,6,7.311337980000001,Medium
32.5,-136.0,-5.695389,-7.838196,9.688899,24.469742,7.8134556,2.246232,-0.28200000000000003,-0.006,0.2820638225650358,6,8.026504083333332,Medium
32.5,-135.75,-5.6494904,-8.275696,10.020174,24.469742,7.8134556,2.246232,-0.26,-0.076,0.2708800472533922,6,11.21404075333331,High
32.5,-135.5,-5.360428,-8.409485,9.972644,22.696304,7.8115025,2.277482,-0.221,-0.134,0.25845115592699525,6,10.693743246666642,High
32.5,-135.25,-5.041092,-8.479797,9.8650675,22.696304,7.8115025,2.277482,-0.183,-0.151,0.237255136930689,6,10.208459923333315,High
32.5,-135.0,-4.697342,-8.478821,9.693061,20.68068,7.8342075,2.2957926,-0.16,-0.124,0.2024252948620799,6,7.299268673333337,Medium
32.5,-134.75,-4.384842,-8.542297,9.601962,20.68068,7.8342075,2.2957926,-0.148,-0.08700000000000001,0.17167702234137217,6,7.1816598000000065,Medium
32.5,-134.5,-4.0000763,-8.498352,9.392689,18.844742,7.8498325,2.315812,-0.153,-0.065,0.16623477373882997,6,8.517469886666667,Medium
32.5,-134.25,-3.7324982,-8.542297,9.3221445,18.844742,7.8498325,2.315812,-0.167,-0.065,0.17920379460268135,6,9.466369326666666,Medium
32.5,-134.0,-3.4776154,-8.595032,9.271914,17.172867,7.8583775,2.3412027,-0.187,-0.076,0.2018539075668341,6,3.556635376666668,Medium
32.5,-133.75,-3.2725372,-8.687805,9.28372,17.172867,7.8583775,2.3412027,-0.199,-0.083,0.21561539833694626,6,3.5788217166666665,Medium
32.5,-133.5,-3.168045,-8.851868,9.401706,15.813493,7.851053,2.3766031,-0.191,-0.068,0.20274368054269903,6,3.7446040433333345,Medium
32.5,-133.25,-3.0850372,-9.126282,9.633612,15.813493,7.851053,2.3766031,-0.159,-0.036000000000000004,0.1630245380303223,6,3.8448705066666684,Medium
32.5,-133.0,-3.0215607,-9.413391,9.886443,14.602555,7.8180943,2.4261637,-0.126,-0.007,0.12619429464123963,6,2.6892031066666657,Medium
32.5,-132.75,-2.9063263,-9.654602,10.082562,14.602555,7.8180943,2.4261637,-0.107,-0.015,0.10804628637764464,6,2.586785196666666,Medium
32.5,-132.5,-2.7578888,-9.8098755,10.190172,13.266618,7.7836704,2.478654,-0.099,-0.065,0.11843141475132347,6,2.8834924233333314,Medium
32.5,-132.25,-2.6719513,-10.009094,10.359599,13.266618,7.7836704,2.478654,-0.095,-0.127,0.15860012610335467,6,3.057506459999998,Medium
32.5,-132.0,-2.5938263,-10.232727,10.556355,11.907243,7.7521763,2.5357828,-0.091,-0.157,0.1814662503056698,6,3.0579720266666643,Medium
32.5,-131.75,-2.5039825,-10.411438,10.708313,11.907243,7.7521763,2.5357828,-0.098,-0.132,0.16440194646049663,6,3.073208396666664,Medium
32.5,-131.5,-2.4141388,-10.549133,10.821842,10.508805,7.7353306,2.5934,-0.13,-0.07,0.147648230602334,6,5.480155423333326,Medium
32.5,-131.25,-2.3448029,-10.692688,10.946766,10.508805,7.7353306,2.5934,-0.182,-0.023,0.18344754018519846,6,6.304115356666663,Medium
32.5,-131.0,-2.190506,-10.791321,11.011399,8.985368,7.721903,2.6519938,-0.229,-0.033,0.23136551169091732,6,8.011489526666663,Medium
32.5,-130.75,-1.9990997,-10.835266,11.018139,8.985368,7.721903,2.6519938,-0.251,-0.09,0.2666477076593759,6,7.2625003433333255,Medium
32.5,-130.5,-1.7862091,-10.850891,10.996926,7.3369303,7.743143,2.701066,-0.243,-0.14400000000000002,0.2824623868765539,6,7.305809506666659,Medium
32.5,-130.25,-1.5537872,-10.844055,10.954806,7.3369303,7.743143,2.701066,-0.223,-0.153,0.27044038160008577,6,7.216832683333326,Medium
32.75,-156.25,-4.619217,3.6539917,5.8897214,206.77443,8.259256,1.5401773,0.059000000000000004,0.011,0.060016664352494635,6,1.8723676900000006,Medium
32.75,-156.0,-4.855545,3.5827026,6.0342417,201.83693,8.069559,1.5514078,0.06,0.039,0.07156116265125938,6,1.5945365466666672,Medium
32.75,-155.75,-5.098709,3.6520386,6.2717,201.83693,8.069559,1.5514078,0.051000000000000004,0.10200000000000001,0.11403946685248928,6,1.5118098566666673,Medium
32.75,-155.5,-5.3721466,3.9430542,6.663905,195.64162,7.8393345,1.5597086,0.031,0.147,0.15023315213360863,6,1.1915147766666674,Medium
32.75,-155.25,-5.404373,4.2477417,6.873904,195.64162,7.8393345,1.5597086,0.007,0.152,0.15216109883935514,6,1.2563317133333336,Medium
32.75,-155.0,-5.204178,4.3424683,6.777942,191.77443,7.692362,1.5579996,-0.011,0.121,0.12149897118905986,6,1.1944530100000006,Medium
32.75,-154.75,-4.8282013,4.1764526,6.3839083,191.77443,7.692362,1.5579996,-0.012,0.067,0.06806614430096655,6,1.2621525833333347,Medium
32.75,-154.5,-4.428787,3.789734,5.828914,190.97755,7.6428013,1.548234,-0.001,0.024,0.024020824298928628,6,1.7489605100000014,Medium
32.75,-154.25,-4.2813263,3.3600464,5.442395,190.97755,7.6428013,1.548234,0.007,0.029,0.029832867780352598,6,1.8824687733333352,Medium
32.75,-154.0,-4.549881,3.126648,5.520629,190.46193,7.634012,1.5433512,0.004,0.08600000000000001,0.08609297300012354,6,1.811597186666669,Medium
32.75,-153.75,-4.8438263,3.081726,5.741053,190.46193,7.634012,1.5433512,-0.006,0.146,0.14612323566086263,6,1.3885077966666686,Medium
32.75,-153.5,-5.0528107,3.102234,5.9291444,190.00099,7.6445103,1.5440836,-0.016,0.167,0.1677647161950331,6,1.252501436666668,Medium
32.75,-153.25,-5.0996857,3.0787964,5.956994,190.00099,7.6445103,1.5440836,-0.02,0.14400000000000002,0.14538225476309,6,1.2295368000000015,Medium
32.75,-153.0,-4.9209747,2.9176636,5.720905,193.46193,7.7543736,1.5348063,-0.016,0.106,0.10720074626605917,6,1.453870490000002,Medium
32.75,-152.75,-4.835037,2.8668823,5.621085,193.46193,7.7543736,1.5348063,-0.007,0.081,0.08130190649671139,6,1.3910579933333351,Medium
32.75,-152.5,-4.907303,2.9176636,5.709149,197.35255,7.88328,1.5265055,0.001,0.079,0.07900632886041473,6,1.4291522366666678,Medium
32.75,-152.25,-5.136795,3.001648,5.9495,197.35255,7.88328,1.5265055,-0.002,0.096,0.09602083107326244,6,1.2332371433333342,Medium
32.75,-152.0,-5.5039825,3.026062,6.280993,197.6963,7.932108,1.5323648,-0.017,0.117,0.1182285921425101,6,1.2559354033333345,Medium
32.75,-151.75,-5.846756,2.9157104,6.5334463,197.6963,7.932108,1.5323648,-0.036000000000000004,0.131,0.13585654198455074,6,1.1633273100000008,Medium
32.75,-151.5,-6.132889,2.784851,6.735556,196.74318,7.9535923,1.5421305,-0.046,0.135,0.1426218777046495,6,1.3889721566666682,Medium
32.75,-151.25,-6.2676544,2.628601,6.796546,196.74318,7.9535923,1.5421305,-0.045,0.127,0.13473678042761747,6,1.425489813333335,Medium
32.75,-151.0,-6.244217,2.4606323,6.711554,198.68068,8.031473,1.5421305,-0.036000000000000004,0.11,0.11574109036984229,6,1.1824539666666671,Medium
32.75,-150.75,-6.1377716,2.3219604,6.5622973,198.68068,8.031473,1.5421305,-0.021,0.088,0.09047098982546836,6,1.2031822433333335,Medium
32.75,-150.5,-6.1250763,2.2780151,6.534976,198.86037,8.081278,1.549943,0.001,0.078,0.07800640999302558,6,1.2168429366666664,Medium
32.75,-150.25,-6.1690216,2.2477417,6.5657573,198.86037,8.081278,1.549943,0.03,0.089,0.0939201788754685,6,1.1580288500000002,Medium
32.75,-150.0,-6.2608185,2.2106323,6.639634,195.31349,8.080545,1.5709391,0.056,0.113,0.12611502686040232,6,1.3683801033333338,Medium
32.75,-149.75,-6.3926544,2.1256714,6.7368026,195.31349,8.080545,1.5709391,0.07,0.125,0.14326548781894405,6,1.3839333800000004,Medium
32.75,-149.5,-6.501053,2.102234,6.8325014,189.10255,8.052958,1.6004801,0.076,0.126,0.1471461858153313,6,1.4143869066666668,Medium
32.75,-149.25,-6.469803,2.1530151,6.818638,189.10255,8.052958,1.6004801,0.077,0.131,0.15195394038984314,6,1.4124310200000003,Medium
32.75,-149.0,-6.384842,2.2780151,6.7790527,184.74318,8.064432,1.62465,0.068,0.148,0.16287418457201863,6,1.4914149200000002,Medium
32.75,-148.75,-6.3115997,2.4381714,6.766164,184.74318,8.064432,1.62465,0.042,0.164,0.1692926460304759,6,1.4505756766666664,Medium
32.75,-148.5,-6.248123,2.5377808,6.7438397,183.71193,8.114969,1.6392984,0.005,0.157,0.15707959765672944,6,1.4119394733333341,Medium
32.75,-148.25,-6.2364044,2.5202026,6.726378,183.71193,8.114969,1.6392984,-0.024,0.128,0.13023056476879766,6,1.4416810800000013,Medium
32.75,-148.0,-6.241287,2.4498901,6.704896,186.40724,8.197977,1.6439371,-0.032,0.096,0.10119288512538814,6,1.428835483333334,Medium
32.75,-147.75,-6.244217,2.345398,6.670168,186.40724,8.197977,1.6439371,-0.018000000000000002,0.075,0.07712976079309464,6,1.4466384000000008,Medium
32.75,-147.5,-6.2139435,2.2321167,6.6026845,191.6963,8.289286,1.6456461,0.009000000000000001,0.078,0.0785175139698144,6,1.4270535300000007,Medium
32.75,-147.25,-6.261795,2.1500854,6.620645,191.6963,8.289286,1.6456461,0.036000000000000004,0.107,0.11289375536317321,6,1.4431655466666669,Medium
32.75,-147.0,-6.362381,2.064148,6.6888413,196.75099,8.345438,1.6475992,0.05,0.155,0.1628649747490233,6,1.5392516133333325,Medium
32.75,-146.75,-6.491287,1.9616089,6.7812033,196.75099,8.345438,1.6475992,0.034,0.191,0.1940025773024678,6,1.5521437933333329,Medium
32.75,-146.5,-6.6094513,1.8317261,6.8585763,199.96193,8.361795,1.6554117,-0.011,0.191,0.1913164917094185,6,1.732432293333333,Medium
32.75,-146.25,-6.669998,1.6696167,6.8757906,199.96193,8.361795,1.6554117,-0.063,0.156,0.16824089871371942,6,2.1003075266666684,Medium
32.75,-146.0,-6.8145294,1.5123901,6.980339,199.83693,8.339579,1.6703043,-0.097,0.11800000000000001,0.15275143207184672,6,2.665120463333335,Medium
32.75,-145.75,-6.9463654,1.3551636,7.07732,199.83693,8.339579,1.6703043,-0.105,0.106,0.14920120642943877,6,2.7197430600000003,Medium
32.75,-145.5,-7.0283966,1.1920776,7.128773,196.36037,8.291483,1.6898355,-0.097,0.124,0.1574325252290644,6,3.658085121666667,Medium
32.75,-145.25,-7.0469513,1.0289917,7.121681,196.36037,8.291483,1.6898355,-0.08600000000000001,0.139,0.16345335726133006,6,4.332562435000001,Medium
32.75,-145.0,-7.013748,0.8961792,7.070771,190.81349,8.24534,1.7093668,-0.07,0.116,0.1354843164355196,6,4.299314419999999,Medium
32.75,-144.75,-6.96492,0.8151245,7.012456,190.81349,8.24534,1.7093668,-0.048,0.058,0.07528612089887485,6,4.104605399999998,Medium
32.75,-144.5,-6.9063263,0.73114014,6.9449196,181.01662,8.218729,1.7271891,-0.035,0.009000000000000001,0.03613862199918531,6,4.294105059999999,Medium
32.75,-144.25,-6.831131,0.63446045,6.8605313,181.01662,8.218729,1.7271891,-0.05,0.003,0.050089919145472776,6,4.696808595555554,Medium
32.75,-144.0,-6.7432404,0.5426636,6.7650404,162.54787,8.209452,1.7430582,-0.089,0.028,0.09330058949438637,6,4.445480236666665,Medium
32.75,-143.75,-6.676834,0.3961792,6.6885777,162.54787,8.209452,1.7430582,-0.135,0.037,0.1399785697883787,6,4.4161828483333325,Medium
32.75,-143.5,-6.6094513,0.25750732,6.6144657,117.84474,8.20286,1.7589273,-0.166,0.026000000000000002,0.1680238078368658,6,4.597777233333334,Medium
32.75,-143.25,-6.5508575,0.06414795,6.551172,117.84474,8.20286,1.7589273,-0.17400000000000002,0.038,0.1781010948871455,6,4.633205301666668,Medium
32.75,-143.0,-6.529373,-0.22003174,6.533079,39.34474,8.190897,1.7769938,-0.16,0.091,0.18406792224611002,6,5.742938098888887,Medium
32.75,-142.75,-6.5469513,-0.55596924,6.5705156,39.34474,8.190897,1.7769938,-0.126,0.136,0.18539687160251653,6,6.211553662222222,Medium
32.75,-142.5,-6.632889,-0.88116455,6.691163,39.540054,8.152811,1.8021402,-0.082,0.123,0.14782760229402356,6,6.195833202222225,Medium
32.75,-142.25,-6.697342,-1.2249146,6.8084364,39.540054,8.152811,1.8021402,-0.049,0.068,0.08381527307120105,6,6.6864180033333405,Medium
32.75,-142.0,-6.723709,-1.5442505,6.898766,38.571304,8.09617,1.832902,-0.041,0.026000000000000002,0.04854894437575343,6,6.513780635555556,Medium
32.75,-141.75,-6.7119904,-1.7776489,6.9434032,38.571304,8.09617,1.832902,-0.056,0.014,0.05772347875864725,6,6.455037170000002,Medium
32.75,-141.5,-6.8145294,-2.0335083,7.1114674,35.727554,8.049295,1.8629313,-0.082,-0.002,0.08202438661763951,6,6.314362200555561,Medium
32.75,-141.25,-6.929764,-2.3186646,7.307382,35.727554,8.049295,1.8629313,-0.11,-0.038,0.11637869220780925,6,6.274153402222225,Medium
32.75,-141.0,-7.091873,-2.6419067,7.5679812,34.196304,7.996805,1.8966227,-0.14200000000000002,-0.058,0.1533883959105121,6,5.42067171666667,Medium
32.75,-140.75,-7.294998,-2.9837036,7.8815913,34.196304,7.996805,1.8966227,-0.178,-0.028,0.18018878988438763,6,5.150796983333332,Medium
32.75,-140.5,-7.4971466,-3.3001099,8.191333,33.37599,7.934061,1.935441,-0.214,0.039,0.21752471123989567,6,4.5392575000000015,Medium
32.75,-140.25,-7.5821075,-3.5647583,8.378297,33.37599,7.934061,1.935441,-0.247,0.097,0.26536390108679064,6,4.5960413666666655,Medium
32.75,-140.0,-7.725662,-3.8704224,8.64095,32.86818,7.8617954,1.9754801,-0.273,0.11,0.29432804827267145,6,4.675910069999994,Medium
32.75,-139.75,-7.876053,-4.17218,8.912872,32.86818,7.8617954,1.9754801,-0.28600000000000003,0.079,0.2967102964172292,6,4.771856196666661,Medium
32.75,-139.5,-7.9883575,-4.429016,9.134005,32.610367,7.8044224,2.0145426,-0.28300000000000003,0.037,0.28540847920130197,6,4.79853522666666,Medium
32.75,-139.25,-7.9551544,-4.6204224,9.199608,32.610367,7.8044224,2.0145426,-0.263,0.012,0.2632736219221364,6,5.660180809999991,Medium
32.75,-139.0,-7.913162,-4.8772583,9.295471,32.53224,7.768778,2.058488,-0.229,0.009000000000000001,0.22917678765529462,6,5.637973016666657,Medium
32.75,-138.75,-7.8584747,-5.138977,9.389606,32.53224,7.768778,2.058488,-0.187,0.016,0.1876832437912346,6,5.744439953333324,Medium
32.75,-138.5,-7.7627716,-5.395813,9.453857,31.969742,7.748026,2.0992594,-0.139,0.014,0.1397032569412754,6,5.423837293333326,Medium
32.75,-138.25,-7.603592,-5.6604614,9.479211,31.969742,7.748026,2.0992594,-0.096,0.002,0.09602083107326244,6,5.3818530899999955,Medium
32.75,-138.0,-7.4619904,-5.989563,9.568499,30.922867,7.744608,2.1346598,-0.076,-0.006,0.07623647421018366,6,5.349691449999996,Medium
32.75,-137.75,-7.188553,-6.248352,9.524557,30.922867,7.744608,2.1346598,-0.091,0.001,0.09100549433962765,6,5.404468469999997,Medium
32.75,-137.5,-6.8340607,-6.444641,9.3934965,29.407242,7.761942,2.1624918,-0.131,0.02,0.13251792331605564,6,5.439389696666664,Medium
32.75,-137.25,-6.4834747,-6.6419067,9.281723,29.407242,7.761942,2.1624918,-0.17200000000000001,0.043000000000000003,0.17729354190155944,6,5.470031136666665,Medium
32.75,-137.0,-6.355545,-7.056946,9.497023,27.516617,7.8012486,2.1825113,-0.193,0.059000000000000004,0.20181674856165926,6,6.11615942,Medium
32.75,-136.75,-6.112381,-7.348938,9.558665,27.516617,7.8012486,2.1825113,-0.192,0.067,0.20335437049643168,6,6.9316493133333354,Medium
32.75,-136.5,-5.866287,-7.60968,9.608358,25.891617,7.8205357,2.209855,-0.184,0.066,0.19547889911701466,6,7.408073790000005,Medium
32.75,-136.25,-5.6446075,-7.875305,9.689274,25.891617,7.8205357,2.209855,-0.17500000000000002,0.041,0.17973869922751753,6,7.790982896666669,Medium
32.75,-136.0,-5.445389,-8.165344,9.814535,24.469742,7.8134556,2.246232,-0.166,-0.021,0.16732304085211935,6,7.470329076666672,Medium
32.75,-135.75,-5.1045685,-8.259094,9.709235,24.469742,7.8134556,2.246232,-0.16,-0.101,0.18921152184790438,6,7.273219233333337,Medium
32.75,-135.5,-4.7178497,-8.279602,9.529424,22.696304,7.8115025,2.277482,-0.155,-0.161,0.22348601745970598,6,7.589244206666666,Medium
32.75,-135.25,-4.3633575,-8.293274,9.371087,22.696304,7.8115025,2.277482,-0.153,-0.169,0.2279692961782354,6,7.850428379999996,Medium
32.75,-135.0,-4.0772247,-8.338196,9.281664,20.68068,7.8342075,2.2957926,-0.152,-0.139,0.20597329924045982,6,7.110034860000005,Medium
32.75,-134.75,-3.8096466,-8.382141,9.207263,20.68068,7.8342075,2.2957926,-0.146,-0.099,0.17640011337864836,6,6.796478996666676,Medium
32.75,-134.5,-3.5010529,-8.36554,9.068606,18.844742,7.8498325,2.315812,-0.127,-0.073,0.1464854941623914,6,7.912058106666667,Medium
32.75,-134.25,-3.3350372,-8.510071,9.140228,18.844742,7.8498325,2.315812,-0.115,-0.059000000000000004,0.12925169244539897,6,9.430949313333333,Medium
32.75,-134.0,-3.2666779,-8.742493,9.332865,17.172867,7.8583775,2.3412027,-0.115,-0.062,0.13064838307457158,6,3.0591678400000024,Medium
32.75,-133.75,-3.1328888,-8.870422,9.407412,17.172867,7.8583775,2.3412027,-0.129,-0.076,0.14972307771349078,6,3.3287586500000015,Medium
32.75,-133.5,-2.9365997,-8.948547,9.418074,15.813493,7.851053,2.3766031,-0.134,-0.084,0.15815182578775372,6,3.6008905766666675,Medium
32.75,-133.25,-2.8516388,-9.179016,9.611773,15.813493,7.851053,2.3766031,-0.127,-0.066,0.1431258187749506,6,3.345032916666669,Medium
32.75,-133.0,-2.8350372,-9.467102,9.882483,14.602555,7.8180943,2.4261637,-0.113,-0.033,0.11772000679578642,6,2.6058036333333314,Medium
32.75,-132.75,-2.8350372,-9.736633,10.14098,14.602555,7.8180943,2.4261637,-0.106,-0.022,0.10825894882179486,6,2.603112859999999,Medium
32.75,-132.5,-2.7823029,-9.975891,10.356622,13.266618,7.7836704,2.478654,-0.114,-0.057,0.127455874717488,6,3.2252181899999974,Medium
32.75,-132.25,-2.7002716,-10.142883,10.496168,13.266618,7.7836704,2.478654,-0.131,-0.115,0.17431580536486072,6,3.180580713333332,Medium
32.75,-132.0,-2.605545,-10.283508,10.608459,11.907243,7.7521763,2.5357828,-0.155,-0.14100000000000001,0.20953758612716716,6,4.648567499999993,Medium
32.75,-131.75,-2.4971466,-10.410461,10.705767,11.907243,7.7521763,2.5357828,-0.18,-0.10200000000000001,0.20689127579480002,6,4.849724493333328,Medium
32.75,-131.5,-2.3740997,-10.532532,10.796785,10.508805,7.7353306,2.5934,-0.209,-0.024,0.2103734774157617,6,5.964335289999995,Medium
32.75,-131.25,-2.2783966,-10.702454,10.942286,10.508805,7.7353306,2.5934,-0.23800000000000002,0.026000000000000002,0.23941595602632673,6,8.058008156666666,Medium
32.75,-131.0,-2.1475372,-10.806946,11.018257,8.985368,7.721903,2.6519938,-0.257,-0.001,0.25700194551792793,6,8.026174116666663,Medium
32.75,-130.75,-1.9766388,-10.875305,11.053477,8.985368,7.721903,2.6519938,-0.258,-0.08600000000000001,0.27195587877448063,6,7.2632924799999925,Medium
32.75,-130.5,-1.7666779,-10.911438,11.0535345,7.3369303,7.743143,2.701066,-0.244,-0.16,0.29178073959739015,6,7.4032551966666595,Medium
32.75,-130.25,-1.5147247,-10.921204,11.025746,7.3369303,7.743143,2.701066,-0.222,-0.177,0.28392428568194017,6,7.3614744266666605,Medium
33.0,-156.25,-4.5244904,3.8815308,5.961316,214.95412,8.279032,1.5221109,0.055,0.017,0.05756735185849702,6,1.9644470900000002,Medium
33.0,-156.0,-4.744217,3.8502808,6.110013,211.40724,8.100321,1.5272379,0.031,0.06,0.06753517601961218,6,1.4027176766666676,Medium
33.0,-155.75,-4.9551544,3.9469604,6.334986,211.40724,8.100321,1.5272379,0.004,0.129,0.12906200060436068,6,1.3133310600000005,Medium
33.0,-155.5,-5.185623,4.229187,6.6915402,205.74318,7.8720493,1.5389566,-0.016,0.17300000000000001,0.173738308959193,6,1.2848572400000005,Medium
33.0,-155.25,-5.2647247,4.5787964,6.977299,205.74318,7.8720493,1.5389566,-0.027,0.17,0.17213076424625554,6,1.3428228033333347,Medium
33.0,-155.0,-5.1270294,4.6481323,6.920373,203.0088,7.732889,1.5372477,-0.03,0.125,0.1285496013218244,6,1.4047641666666677,Medium
33.0,-154.75,-4.7969513,4.4069214,6.513962,203.0088,7.732889,1.5372477,-0.026000000000000002,0.059000000000000004,0.06447480127925949,6,1.3090108800000007,Medium
33.0,-154.5,-4.414139,3.907898,5.8954463,206.57912,7.769266,1.5130777,-0.022,0.013000000000000001,0.025553864678361272,6,1.7786761700000016,Medium
33.0,-154.25,-4.21492,3.4000854,5.415361,206.57912,7.769266,1.5130777,-0.024,0.03,0.03841874542459709,6,1.9322768100000007,Medium
33.0,-154.0,-4.422928,3.144226,5.4266424,207.54787,7.7770786,1.5045328,-0.033,0.096,0.10151354589413178,6,1.8123535933333357,Medium
33.0,-153.75,-4.7246857,3.1012573,5.6515884,207.54787,7.7770786,1.5045328,-0.044,0.155,0.1611241757155021,6,1.542744910000003,Medium
33.0,-153.5,-4.9639435,3.1305542,5.8686543,206.6338,7.765848,1.5067301,-0.048,0.166,0.1728004629623428,6,1.4770016300000022,Medium
33.0,-153.25,-5.0401154,3.1188354,5.927048,206.6338,7.765848,1.5067301,-0.04,0.132,0.13792751719653334,6,1.368669033333335,Medium
33.0,-153.0,-4.9102325,3.048523,5.7796087,208.32912,7.840067,1.503068,-0.023,0.085,0.08805679985100527,6,1.4533310433333353,Medium
33.0,-152.75,-4.8653107,3.0905151,5.763899,208.32912,7.840067,1.503068,-0.003,0.061,0.06107372593840988,6,1.5181802700000016,Medium
33.0,-152.5,-4.9727325,3.175476,5.9001455,208.47755,7.8947544,1.5086832,0.01,0.07200000000000001,0.072691127381545,6,1.2877446266666674,Medium
33.0,-152.25,-5.223709,3.2155151,6.1340585,208.47755,7.8947544,1.5086832,0.008,0.108,0.10829589096544706,6,1.2554921666666679,Medium
33.0,-152.0,-5.6133575,3.0768433,6.401308,206.58693,7.9020786,1.5230875,-0.009000000000000001,0.14300000000000002,0.14328293687665677,6,1.1581725733333341,Medium
33.0,-151.75,-5.909256,2.8170776,6.546391,206.58693,7.9020786,1.5230875,-0.032,0.153,0.1563105882530035,6,1.122592030000001,Medium
33.0,-151.5,-6.1250763,2.6383667,6.6691484,208.53224,7.982401,1.5245523,-0.05,0.14300000000000002,0.15148927354766742,6,1.3913293966666687,Medium
33.0,-151.25,-6.1621857,2.479187,6.6422057,208.53224,7.982401,1.5245523,-0.062,0.125,0.1395313584826006,6,1.4280835700000016,Medium
33.0,-151.0,-6.044998,2.3405151,6.4822845,215.01662,8.149637,1.5111246,-0.067,0.101,0.12120231020900551,6,1.4451215200000014,Medium
33.0,-150.75,-5.853592,2.2721558,6.279111,215.01662,8.149637,1.5111246,-0.065,0.069,0.09479451460923254,6,1.5459428600000018,Medium
33.0,-150.5,-5.8457794,2.3483276,6.2998238,218.66505,8.253153,1.5103922,-0.048,0.044,0.06511528238439883,6,1.587158363333334,Medium
33.0,-150.25,-5.9102325,2.3981323,6.3782353,218.66505,8.253153,1.5103922,-0.015,0.047,0.04933558553417604,6,1.189031146666667,Medium
33.0,-150.0,-6.0215607,2.4205933,6.489874,216.77443,8.243387,1.5313883,0.021,0.077,0.07981227975693966,6,1.17685114,Medium
33.0,-149.75,-6.1553497,2.376648,6.598241,216.77443,8.243387,1.5313883,0.045,0.105,0.11423659658795862,6,1.2448383333333337,Medium
33.0,-149.5,-6.315506,2.3864136,6.7513394,208.87599,8.1484165,1.5709391,0.05,0.12,0.13,6,1.26041138,Medium
33.0,-149.25,-6.388748,2.394226,6.8226404,208.87599,8.1484165,1.5709391,0.041,0.138,0.1439618004888797,6,1.262007946666667,Medium
33.0,-149.0,-6.3858185,2.4596558,6.8431416,200.36037,8.082743,1.6100016,0.023,0.171,0.17253985046939158,6,1.2599138100000007,Medium
33.0,-148.75,-6.373123,2.5602417,6.8681536,200.36037,8.082743,1.6100016,0.0,0.199,0.199,6,1.3989254966666673,Medium
33.0,-148.5,-6.3584747,2.6618042,6.8931417,195.62599,8.086649,1.6346598,-0.023,0.192,0.1933726971420733,6,1.5490542433333343,Medium
33.0,-148.25,-6.333084,2.6998901,6.8845744,195.62599,8.086649,1.6346598,-0.042,0.15,0.15576905982896605,6,1.7030357233333342,Medium
33.0,-148.0,-6.244217,2.6432495,6.7806354,195.73537,8.1518345,1.6458902,-0.053,0.096,0.10965856099730655,6,1.7215064166666676,Medium
33.0,-147.75,-6.138748,2.5211792,6.6363072,195.73537,8.1518345,1.6458902,-0.054,0.057,0.0785175139698144,6,1.8042777000000012,Medium
33.0,-147.5,-6.0176544,2.3688354,6.4671125,199.79787,8.248514,1.6483316,-0.044,0.045,0.06293647591023825,6,1.7421072400000002,Medium
33.0,-147.25,-6.0752716,2.2789917,6.4886613,199.79787,8.248514,1.6483316,-0.02,0.07100000000000001,0.07376313442364012,6,1.4711299200000005,Medium
33.0,-147.0,-6.221756,2.204773,6.600854,204.98537,8.326395,1.6495523,0.008,0.134,0.1342385935563987,6,1.4262880266666678,Medium
33.0,-146.75,-6.3877716,2.1315308,6.7340217,204.98537,8.326395,1.6495523,0.022,0.20500000000000002,0.20617710833164773,6,1.5238918000000006,Medium
33.0,-146.5,-6.5176544,2.0338745,6.8276253,210.11818,8.37034,1.6527262,0.011,0.23600000000000002,0.23625621684941966,6,1.8163727033333346,Medium
33.0,-146.25,-6.565506,1.8932495,6.8330274,210.11818,8.37034,1.6527262,-0.021,0.20600000000000002,0.2070676218050519,6,1.8913254533333352,Medium
33.0,-146.0,-6.6983185,1.7653198,6.927036,215.29787,8.398661,1.6590738,-0.054,0.145,0.15472879499304582,6,2.7625879100000006,Medium
33.0,-145.75,-6.80867,1.6061401,6.9955463,215.29787,8.398661,1.6590738,-0.07,0.105,0.12619429464123963,6,2.6883973800000005,Medium
33.0,-145.5,-6.860428,1.4196167,7.005768,220.14162,8.410868,1.6673746,-0.065,0.105,0.1234908903522847,6,3.794683913333331,Medium
33.0,-145.25,-6.853592,1.2213745,6.9615717,220.14162,8.410868,1.6673746,-0.048,0.111,0.12093386622447824,6,4.4941075266666655,Medium
33.0,-145.0,-6.8252716,1.0563354,6.9065313,226.12599,8.430399,1.6746988,-0.028,0.08600000000000001,0.09044335243676012,6,4.518967999999996,Medium
33.0,-144.75,-6.757889,0.9098511,6.8188624,226.12599,8.430399,1.6746988,-0.016,0.037,0.04031128874149274,6,4.501963833333334,Medium
33.0,-144.5,-6.6719513,0.7926636,6.7188725,231.58693,8.437479,1.685441,-0.019,0.009000000000000001,0.02102379604162864,6,4.618960053333332,Medium
33.0,-144.25,-6.560623,0.6803589,6.5958066,231.58693,8.437479,1.685441,-0.04,0.031,0.05060632371551998,6,4.633144399999998,Medium
33.0,-144.0,-6.438553,0.56903076,6.4636493,236.53224,8.41868,1.7020426,-0.07,0.07200000000000001,0.10041912168506555,6,4.602197359999996,Medium
33.0,-143.75,-6.3545685,0.4303589,6.3691244,236.53224,8.41868,1.7020426,-0.106,0.08,0.13280060240827224,6,4.510022741666663,Medium
33.0,-143.5,-6.322342,0.24871826,6.3272324,248.23537,8.377176,1.723527,-0.139,0.054,0.14912075643584968,6,4.5180293983333355,Medium
33.0,-143.25,-6.336014,0.0036010742,6.3360147,248.23537,8.377176,1.723527,-0.16,0.038,0.16445060048537372,6,4.578889991666669,Medium
33.0,-143.0,-6.435623,-0.3255005,6.443849,293.66507,8.316874,1.74965,-0.157,0.055,0.16635504200354134,6,4.424304475000002,Medium
33.0,-142.75,-6.6114044,-0.62823486,6.6411858,293.66507,8.316874,1.74965,-0.126,0.073,0.14561936684383708,6,4.8574627883333354,Medium
33.0,-142.5,-6.692459,-0.96221924,6.7612777,354.501,8.2282505,1.7830973,-0.082,0.062,0.10280077820717118,6,5.228287625000004,Medium
33.0,-142.25,-6.7276154,-1.2600708,6.8446026,354.501,8.2282505,1.7830973,-0.05,0.035,0.06103277807866852,6,5.974265540000006,Medium
33.0,-142.0,-6.7432404,-1.5266724,6.9139004,21.852554,8.136698,1.8197184,-0.041,0.026000000000000002,0.04854894437575343,6,6.894365055555559,Medium
33.0,-141.75,-6.7959747,-1.7581177,7.0197043,21.852554,8.136698,1.8197184,-0.051000000000000004,0.033,0.060745370193949766,6,6.872026856111118,Medium
33.0,-141.5,-6.9346466,-2.0715942,7.23746,27.83693,8.0563755,1.8560953,-0.07,0.024,0.07400000000000001,6,6.483731435555562,Medium
33.0,-141.25,-7.096756,-2.4006958,7.4918146,27.83693,8.0563755,1.8560953,-0.097,-0.005,0.09712878049270464,6,5.877631735555559,Medium
33.0,-141.0,-7.2852325,-2.7561646,7.7891626,29.915054,7.9799595,1.8956461,-0.131,-0.018000000000000002,0.13223085872821067,6,5.248198886666665,Medium
33.0,-140.75,-7.4746857,-3.100891,8.09237,29.915054,7.9799595,1.8956461,-0.169,0.012,0.16942549985170474,6,4.8370018833333335,Medium
33.0,-140.5,-7.5908966,-3.3499146,8.297207,30.579117,7.9194126,1.9361734,-0.201,0.073,0.21384573879317775,6,4.57673668,Medium
33.0,-140.25,-7.701248,-3.6223755,8.51063,30.579117,7.9194126,1.9361734,-0.218,0.12,0.24884533349050367,6,4.71094734333333,Medium
33.0,-140.0,-7.810623,-3.8987427,8.729607,30.602554,7.869608,1.9720621,-0.224,0.12,0.25411808278829745,6,4.899052476666662,Medium
33.0,-139.75,-7.8750763,-4.1604614,8.906529,30.602554,7.869608,1.9720621,-0.226,0.076,0.23843657437566074,6,4.764455193333327,Medium
33.0,-139.5,-7.882889,-4.402649,9.029023,30.297867,7.841776,2.0025797,-0.22,0.017,0.2206558406206371,6,4.760688156666659,Medium
33.0,-139.25,-7.919998,-4.730774,9.225324,30.297867,7.841776,2.0025797,-0.20600000000000002,-0.022,0.20717142660125698,6,5.392610576666657,Medium
33.0,-139.0,-7.882889,-5.034485,9.353394,29.266617,7.845194,2.0277262,-0.189,-0.033,0.19185932346383378,6,5.588793993333323,Medium
33.0,-138.75,-7.772537,-5.29718,9.405979,29.266617,7.845194,2.0277262,-0.167,-0.033,0.1702292571798397,6,5.331787999999992,Medium
33.0,-138.5,-7.563553,-5.5198364,9.363543,27.24318,7.8813267,2.0433512,-0.139,-0.038,0.14410065926289167,6,5.167892189999995,Medium
33.0,-138.25,-7.2803497,-5.7210083,9.259234,27.24318,7.8813267,2.0433512,-0.111,-0.038,0.1173243367763057,6,4.966615723333326,Medium
33.0,-138.0,-7.1358185,-6.098938,9.387063,25.594742,7.907694,2.0623941,-0.094,-0.017,0.095524865872714,6,5.3056823166666645,Medium
33.0,-137.75,-6.9326935,-6.475891,9.486801,25.594742,7.907694,2.0623941,-0.095,0.026000000000000002,0.09849365461794989,6,5.50197786,Medium
33.0,-137.5,-6.6045685,-6.741516,9.437604,23.532242,7.9555454,2.0770426,-0.113,0.062,0.1288914271780711,6,5.51289894,Medium
33.0,-137.25,-6.1602325,-6.900696,9.250301,23.532242,7.9555454,2.0770426,-0.137,0.074,0.15570806016388491,6,5.395967402666672,Medium
33.0,-137.0,-5.9375763,-7.228821,9.354713,22.227554,7.9509068,2.1060953,-0.15,0.065,0.16347782724271814,6,5.694736952666671,Medium
33.0,-136.75,-5.739334,-7.5335083,9.470675,22.227554,7.9509068,2.1060953,-0.14300000000000002,0.052000000000000005,0.15216109883935514,6,6.894745209333343,Medium
33.0,-136.5,-5.5020294,-7.7991333,9.54457,21.071304,7.9247837,2.1412516,-0.123,0.042,0.12997307413460682,6,7.574359312666673,Medium
33.0,-136.25,-5.232498,-8.023743,9.579117,21.071304,7.9247837,2.1412516,-0.101,0.02,0.10296115772464877,6,7.477094166000012,Medium
33.0,-136.0,-4.90242,-8.124329,9.488858,19.290054,7.9386997,2.1620035,-0.083,-0.034,0.08969392398596464,6,7.53583634933334,Medium
33.0,-135.75,-4.5000763,-8.1380005,9.29934,19.290054,7.9386997,2.1620035,-0.081,-0.10300000000000001,0.13103434664239755,6,6.977694406666675,Medium
33.0,-135.5,-4.143631,-8.174133,9.164394,17.61818,7.958231,2.1805582,-0.101,-0.147,0.17835358140502813,6,6.966490440000008,Medium
33.0,-135.25,-3.8106232,-8.183899,9.027572,17.61818,7.958231,2.1805582,-0.126,-0.153,0.19820443990990716,6,6.6062132500000095,Medium
33.0,-135.0,-3.5078888,-8.180969,8.901322,16.33693,7.9697056,2.2025309,-0.14100000000000001,-0.139,0.19799494943053475,6,6.427014080000011,Medium
33.0,-134.75,-3.3721466,-8.323547,8.980691,16.33693,7.9697056,2.2025309,-0.133,-0.124,0.1818378398463862,6,6.276255630000009,Medium
33.0,-134.5,-3.3516388,-8.537415,9.171746,15.704118,7.932596,2.2433023,-0.1,-0.108,0.1471869559437928,6,8.279496306666669,Medium
33.0,-134.25,-3.3565216,-8.811829,9.429452,15.704118,7.932596,2.2433023,-0.07100000000000001,-0.08,0.10696261028976435,6,9.619099629999994,Medium
33.0,-134.0,-3.386795,-9.127258,9.73536,15.102555,7.868387,2.3011637,-0.063,-0.056,0.08429116205154608,6,3.4400693499999995,Medium
33.0,-133.75,-3.2901154,-9.319641,9.883348,15.102555,7.868387,2.3011637,-0.085,-0.054,0.10070253224224304,6,3.8365883066666657,Medium
33.0,-133.5,-3.072342,-9.35968,9.851035,14.02443,7.845194,2.3465738,-0.112,-0.068,0.1310267148332736,6,3.178050926666668,Medium
33.0,-133.25,-2.9658966,-9.491516,9.944115,14.02443,7.845194,2.3465738,-0.126,-0.069,0.14365583872575455,6,3.741257743333334,Medium
33.0,-133.0,-2.9190216,-9.70343,10.132978,13.102555,7.816141,2.400773,-0.122,-0.043000000000000003,0.1293560976529518,6,2.530436116666665,Medium
33.0,-132.75,-2.8740997,-9.910461,10.318803,13.102555,7.816141,2.400773,-0.115,-0.019,0.11655899793666726,6,2.913031046666665,Medium
33.0,-132.5,-2.8028107,-10.033508,10.417631,12.204118,7.765604,2.4662027,-0.122,-0.031,0.12587692401707312,6,2.9617091499999986,Medium
33.0,-132.25,-2.7071075,-10.128235,10.483776,12.204118,7.765604,2.4662027,-0.154,-0.073,0.17042593699317016,6,3.0171105433333314,Medium
33.0,-132.0,-2.598709,-10.260071,10.584061,11.14943,7.73411,2.527482,-0.194,-0.1,0.21825672956406178,6,4.92073468666666,Medium
33.0,-131.75,-2.489334,-10.416321,10.709646,11.14943,7.73411,2.527482,-0.221,-0.074,0.2330600780914655,6,5.044187713333325,Medium
33.0,-131.5,-2.3897247,-10.568665,10.835472,9.969743,7.732889,2.5875406,-0.23,-0.01,0.23021728866442678,6,8.239676839999996,Medium
33.0,-131.25,-2.2744904,-10.671204,10.910907,9.969743,7.732889,2.5875406,-0.222,0.029,0.22388613177238112,6,8.083870356666665,Medium
33.0,-131.0,-2.114334,-10.769836,10.975417,8.633805,7.722147,2.650773,-0.202,-0.008,0.20215835377248206,6,8.019775076666663,Medium
33.0,-130.75,-1.9239044,-10.8567505,11.025899,8.633805,7.722147,2.650773,-0.186,-0.096,0.2093131625101489,6,7.159301289999991,Medium
33.0,-130.5,-1.7119904,-10.916321,11.049749,7.141618,7.753641,2.7022867,-0.17500000000000002,-0.17400000000000002,0.24678127967899027,6,7.387901566666659,Medium
33.0,-130.25,-1.4688263,-10.912415,11.010823,7.141618,7.753641,2.7022867,-0.159,-0.2,0.2555014677061562,6,7.513610026666661,Medium
33.25,-156.25,-4.3340607,4.1500854,6.000608,214.95412,8.279032,1.5221109,0.01,0.046,0.047074409183759276,6,1.7988377966666687,Medium
33.25,-156.0,-4.5996857,4.2174683,6.2405243,211.40724,8.100321,1.5272379,-0.021,0.097,0.09924716620639605,6,1.6229831200000024,Medium
33.25,-155.75,-4.80867,4.3219604,6.465497,211.40724,8.100321,1.5272379,-0.038,0.15,0.1547384890710776,6,1.3703268200000012,Medium
33.25,-155.5,-4.929764,4.4205933,6.6214967,205.74318,7.8720493,1.5389566,-0.031,0.17300000000000001,0.1757555120046026,6,1.2969040433333348,Medium
33.25,-155.25,-5.020584,4.6227417,6.8246613,205.74318,7.8720493,1.5389566,-0.011,0.16,0.16037767924496227,6,1.3383498733333343,Medium
33.25,-155.0,-4.931717,4.6588745,6.784316,203.0088,7.732889,1.5372477,0.003,0.117,0.11703845521878696,6,1.2512838233333343,Medium
33.25,-154.75,-4.7471466,4.4352417,6.496674,203.0088,7.732889,1.5372477,0.003,0.06,0.06007495318350235,6,1.2871766333333334,Medium
33.25,-154.5,-4.460037,4.0006714,5.9914355,206.57912,7.769266,1.5130777,-0.011,0.025,0.02731300056749533,6,1.7651158000000013,Medium
33.25,-154.25,-4.335037,3.5895386,5.628262,206.57912,7.769266,1.5130777,-0.029,0.044,0.05269724850502159,6,1.9623750366666677,Medium
33.25,-154.0,-4.3809357,3.2262573,5.4407105,207.54787,7.7770786,1.5045328,-0.044,0.106,0.11476933388322857,6,1.8501340033333349,Medium
33.25,-153.75,-4.6739044,3.1881714,5.657722,207.54787,7.7770786,1.5045328,-0.049,0.156,0.16351452534866742,6,1.5684918366666698,Medium
33.25,-153.5,-4.960037,3.2965698,5.955614,206.6338,7.765848,1.5067301,-0.043000000000000003,0.156,0.1618177987738061,6,1.341624470000002,Medium
33.25,-153.25,-5.087967,3.3746948,6.105405,206.6338,7.765848,1.5067301,-0.031,0.112,0.11621101496846158,6,1.2691131666666682,Medium
33.25,-153.0,-4.9551544,3.378601,5.997374,208.32912,7.840067,1.503068,-0.018000000000000002,0.063,0.06552098900352467,6,1.3355716633333343,Medium
33.25,-152.75,-5.003006,3.487976,6.098856,208.32912,7.840067,1.503068,-0.008,0.045,0.04570557952810575,6,1.3821175033333342,Medium
33.25,-152.5,-5.1563263,3.5436401,6.2566037,208.47755,7.8947544,1.5086832,-0.003,0.069,0.06906518659932803,6,1.3636358400000013,Medium
33.25,-152.25,-5.4463654,3.430359,6.436634,208.47755,7.8947544,1.5086832,-0.005,0.11800000000000001,0.11810588469674152,6,1.1376269900000011,Medium
33.25,-152.0,-5.770584,3.1539917,6.576268,206.58693,7.9020786,1.5230875,-0.011,0.16,0.16037767924496227,6,1.1207201900000003,Medium
33.25,-151.75,-5.9375763,2.805359,6.5669513,206.58693,7.9020786,1.5230875,-0.021,0.171,0.17228464818433475,6,1.063624920000001,Medium
33.25,-151.5,-5.9483185,2.5133667,6.4575152,208.53224,7.982401,1.5245523,-0.034,0.159,0.1625945878558078,6,1.1231960466666673,Medium
33.25,-151.25,-5.8965607,2.320984,6.3369074,208.53224,7.982401,1.5245523,-0.052000000000000005,0.14,0.14934523762075577,6,1.3597501000000014,Medium
33.25,-151.0,-5.6602325,2.182312,6.0663595,215.01662,8.149637,1.5111246,-0.07,0.111,0.13122880781291887,6,1.4856975400000014,Medium
33.25,-150.75,-5.4727325,2.195984,5.896876,215.01662,8.149637,1.5111246,-0.079,0.062,0.10042410069301094,6,1.6147040466666682,Medium
33.25,-150.5,-5.498123,2.3600464,5.9832416,218.66505,8.253153,1.5103922,-0.073,0.015,0.07452516353554683,6,1.6932578699999998,Medium
33.25,-150.25,-5.5801544,2.5494995,6.1349874,218.66505,8.253153,1.5103922,-0.05,0.005,0.05024937810560445,6,1.7039985300000005,Medium
33.25,-150.0,-5.6875763,2.6256714,6.2643976,216.77443,8.243387,1.5313883,-0.022,0.04,0.04565084884205331,6,1.375529126666667,Medium
33.25,-149.75,-5.8272247,2.6520386,6.4023323,216.77443,8.243387,1.5313883,-0.008,0.091,0.09135097153287425,6,1.1603279766666665,Medium
33.25,-149.5,-6.0625763,2.6373901,6.611404,208.87599,8.1484165,1.5709391,-0.018000000000000002,0.131,0.13223085872821067,6,1.1538267633333332,Medium
33.25,-149.25,-6.1963654,2.6276245,6.7304797,208.87599,8.1484165,1.5709391,-0.045,0.161,0.16717057157286985,6,1.3979155800000012,Medium
33.25,-149.0,-6.2969513,2.6061401,6.8149514,200.36037,8.082743,1.6100016,-0.069,0.191,0.20308126452235814,6,1.5804961933333341,Medium
33.25,-148.75,-6.3115997,2.6432495,6.8427377,200.36037,8.082743,1.6100016,-0.075,0.209,0.22204954402114857,6,1.7019242366666676,Medium
33.25,-148.5,-6.3369904,2.6559448,6.871062,195.62599,8.086649,1.6346598,-0.065,0.196,0.2064969733434367,6,1.7742679466666682,Medium
33.25,-148.25,-6.369217,2.695984,6.9163036,195.62599,8.086649,1.6346598,-0.054,0.154,0.1631931371106028,6,1.720440943333334,Medium
33.25,-148.0,-6.2959747,2.659851,6.8347716,195.73537,8.1518345,1.6458902,-0.054,0.10400000000000001,0.11718361660232203,6,1.6853175066666681,Medium
33.25,-147.75,-6.188553,2.5700073,6.700979,195.73537,8.1518345,1.6458902,-0.065,0.062,0.0898276126811795,6,1.7966915866666688,Medium
33.25,-147.5,-6.081131,2.4293823,6.5484385,199.79787,8.248514,1.6483316,-0.076,0.036000000000000004,0.08409518416651456,6,1.8540227166666674,Medium
33.25,-147.25,-6.096756,2.3180542,6.5225616,199.79787,8.248514,1.6483316,-0.076,0.045,0.08832326986700617,6,1.8319086566666674,Medium
33.25,-147.0,-6.178787,2.2467651,6.5745997,204.98537,8.326395,1.6495523,-0.06,0.101,0.11747765745025733,6,1.7278507433333345,Medium
33.25,-146.75,-6.3164825,2.1774292,6.681254,204.98537,8.326395,1.6495523,-0.035,0.182,0.18533483212823215,6,1.5611753733333336,Medium
33.25,-146.5,-6.428787,2.0983276,6.762565,210.11818,8.37034,1.6527262,-0.013000000000000001,0.23700000000000002,0.23735627229968037,6,1.814960013333334,Medium
33.25,-146.25,-6.5039825,1.9899292,6.8015885,210.11818,8.37034,1.6527262,-0.004,0.224,0.22403571143904716,6,1.864409996666668,Medium
33.25,-146.0,-6.5684357,1.8327026,6.8193216,215.29787,8.398661,1.6590738,-0.007,0.163,0.16315023751131963,6,2.5739266866666672,Medium
33.25,-145.75,-6.5928497,1.6256714,6.7903223,215.29787,8.398661,1.6590738,-0.014,0.108,0.10890362712049585,6,2.6301718733333326,Medium
33.25,-145.5,-6.623123,1.4225464,6.7741714,220.14162,8.410868,1.6673746,-0.015,0.089,0.0902551937563706,6,3.829150666666662,Medium
33.25,-145.25,-6.632889,1.2340698,6.7467136,220.14162,8.410868,1.6673746,-0.008,0.08700000000000001,0.08736704184073077,6,4.519682933333329,Medium
33.25,-145.0,-6.554764,1.0358276,6.636103,226.12599,8.430399,1.6746988,-0.003,0.067,0.06706713054842887,6,4.5651245599999974,Medium
33.25,-144.75,-6.428787,0.869812,6.487363,226.12599,8.430399,1.6746988,-0.007,0.031,0.03178049716414141,6,4.297906246666666,Medium
33.25,-144.5,-6.2715607,0.7213745,6.312912,231.58693,8.437479,1.685441,-0.02,0.016,0.025612496949731396,6,4.483235053333334,Medium
33.25,-144.25,-6.143631,0.60028076,6.1728873,231.58693,8.437479,1.685441,-0.03,0.043000000000000003,0.05243090691567332,6,4.585748499999998,Medium
33.25,-144.0,-6.0772247,0.44403076,6.0934243,236.53224,8.41868,1.7020426,-0.032,0.084,0.08988882021697693,6,4.612403403333331,Medium
33.25,-143.75,-6.047928,0.28582764,6.054678,236.53224,8.41868,1.7020426,-0.03,0.095,0.09962429422585638,6,4.648248179999999,Medium
33.25,-143.5,-6.063553,0.081726074,6.0641036,248.23537,8.377176,1.723527,-0.036000000000000004,0.07200000000000001,0.08049844718999244,6,4.625238676666665,Medium
33.25,-143.25,-6.212967,-0.18096924,6.215602,248.23537,8.377176,1.723527,-0.053,0.049,0.07218032973047436,6,4.644133575555559,Medium
33.25,-143.0,-6.4033966,-0.47979736,6.4213467,293.66507,8.316874,1.74965,-0.07,0.043000000000000003,0.0821522975941635,6,4.526621026666666,Medium
33.25,-142.75,-6.6407013,-0.75323486,6.6832833,293.66507,8.316874,1.74965,-0.076,0.041,0.08635392289873113,6,4.823648960000003,Medium
33.25,-142.5,-6.7139435,-1.020813,6.7911043,354.501,8.2282505,1.7830973,-0.07200000000000001,0.027,0.07689603370785779,6,5.812559915000003,Medium
33.25,-142.25,-6.757889,-1.2805786,6.8781495,354.501,8.2282505,1.7830973,-0.067,0.016,0.0688839603971781,6,5.581517418333335,Medium
33.25,-142.0,-6.8389435,-1.513977,7.004518,21.852554,8.136698,1.8197184,-0.061,0.021,0.06451356446515724,6,6.6773003588888935,Medium
33.25,-141.75,-6.9707794,-1.8069458,7.201168,21.852554,8.136698,1.8197184,-0.053,0.034,0.06296824596572466,6,6.8361023294444525,Medium
33.25,-141.5,-7.1397247,-2.1204224,7.4479437,27.83693,8.0563755,1.8560953,-0.047,0.034,0.058008620049092706,6,6.541074200555556,Medium
33.25,-141.25,-7.3145294,-2.449524,7.713787,27.83693,8.0563755,1.8560953,-0.057,0.024,0.06184658438426491,6,5.920778676666668,Medium
33.25,-141.0,-7.4903107,-2.7942505,7.994535,29.915054,7.9799595,1.8956461,-0.088,0.026000000000000002,0.09176055797563569,6,5.384901103333337,Medium
33.25,-140.75,-7.632889,-3.1174927,8.244984,29.915054,7.9799595,1.8956461,-0.126,0.052000000000000005,0.1363084736911099,6,4.761941883333331,Medium
33.25,-140.5,-7.7334747,-3.3880005,8.443055,30.579117,7.9194126,1.9361734,-0.15,0.09,0.17492855684535902,6,4.734992039999998,Medium
33.25,-140.25,-7.8096466,-3.6624146,8.625768,30.579117,7.9194126,1.9361734,-0.149,0.116,0.18883061192507958,6,5.0516916,Medium
33.25,-140.0,-7.7744904,-3.8928833,8.694667,30.602554,7.869608,1.9720621,-0.135,0.109,0.17351080657987847,6,4.714977206666661,Medium
33.25,-139.75,-7.753006,-4.135071,8.786803,30.602554,7.869608,1.9720621,-0.126,0.067,0.14270599146496968,6,4.687846729999998,Medium
33.25,-139.5,-7.6895294,-4.460266,8.88948,30.297867,7.841776,2.0025797,-0.132,0.013000000000000001,0.1326386067478093,6,4.620613966666665,Medium
33.25,-139.25,-7.8057404,-4.878235,9.204714,30.297867,7.841776,2.0025797,-0.15,-0.025,0.15206906325745548,6,5.237972493333325,Medium
33.25,-139.0,-7.678787,-5.1585083,9.250621,29.266617,7.845194,2.0277262,-0.17200000000000001,-0.038,0.1761476653265663,6,5.170724219999993,Medium
33.25,-138.75,-7.3594513,-5.353821,9.10082,29.266617,7.845194,2.0277262,-0.187,-0.044,0.19210674116230278,6,4.937503326666663,Medium
33.25,-138.5,-7.0313263,-5.5286255,8.944566,27.24318,7.8813267,2.0433512,-0.191,-0.056,0.1990401969452402,6,4.967876396666663,Medium
33.25,-138.25,-6.8301544,-5.777649,8.946074,27.24318,7.8813267,2.0433512,-0.186,-0.061,0.19574728606036917,6,4.769805319999998,Medium
33.25,-138.0,-6.712967,-6.1731567,9.119857,25.594742,7.907694,2.0623941,-0.178,-0.032,0.18085353189805278,6,4.737918356666663,Medium
33.25,-137.75,-6.5020294,-6.531555,9.21616,25.594742,7.907694,2.0623941,-0.17,0.025,0.17182840277439584,6,5.317475626666666,Medium
33.25,-137.5,-6.1963654,-6.8255005,9.21859,23.532242,7.9555454,2.0770426,-0.162,0.07100000000000001,0.17687566254292872,6,5.040120293333336,Medium
33.25,-137.25,-5.810623,-7.052063,9.137556,23.532242,7.9555454,2.0770426,-0.157,0.082,0.17712425017484196,6,5.0436966333333375,Medium
33.25,-137.0,-5.469803,-7.2835083,9.10869,22.227554,7.9509068,2.1060953,-0.148,0.057,0.15859697348940804,6,5.650781636000009,Medium
33.25,-136.75,-5.18367,-7.4729614,9.094811,22.227554,7.9509068,2.1060953,-0.136,0.03,0.13926952286842947,6,6.496535139333345,Medium
33.25,-136.5,-4.958084,-7.730774,9.184088,21.071304,7.9247837,2.1412516,-0.114,0.009000000000000001,0.11435471131527551,6,7.440037899333342,Medium
33.25,-136.25,-4.730545,-7.9505005,9.251406,21.071304,7.9247837,2.1412516,-0.08700000000000001,-0.015,0.08828363381737298,6,7.3830318760000075,Medium
33.25,-136.0,-4.3965607,-8.008118,9.135628,19.290054,7.9386997,2.1620035,-0.068,-0.051000000000000004,0.085,6,7.0668892393333405,Medium
33.25,-135.75,-4.0020294,-8.019836,8.962924,19.290054,7.9386997,2.1620035,-0.065,-0.092,0.11264546151532248,6,6.478335340000007,Medium
33.25,-135.5,-3.7012482,-8.065735,8.874419,17.61818,7.958231,2.1805582,-0.085,-0.116,0.14380890097626087,6,6.387754620000011,Medium
33.25,-135.25,-3.4141388,-8.101868,8.791848,17.61818,7.958231,2.1805582,-0.116,-0.123,0.1690709910067366,6,6.4467822800000105,Medium
33.25,-135.0,-3.2490997,-8.20929,8.828877,16.33693,7.9697056,2.2025309,-0.14200000000000002,-0.132,0.19387624919004393,6,6.484095503333341,Medium
33.25,-134.75,-3.3301544,-8.52179,9.149362,16.33693,7.9697056,2.2025309,-0.14100000000000001,-0.15,0.20586646157157315,6,6.861937946666673,Medium
33.25,-134.5,-3.411209,-8.801086,9.439039,15.704118,7.932596,2.2433023,-0.123,-0.147,0.19167159413955942,6,8.727925663333334,Medium
33.25,-134.25,-3.4502716,-9.052063,9.687323,15.704118,7.932596,2.2433023,-0.106,-0.10300000000000001,0.14780054127099806,6,9.669330583333322,Medium
33.25,-134.0,-3.424881,-9.289368,9.900615,15.102555,7.868387,2.3011637,-0.107,-0.043000000000000003,0.11531695452100701,6,4.063899473333331,Medium
33.25,-133.75,-3.3184357,-9.435852,10.002366,15.102555,7.868387,2.3011637,-0.135,-0.015,0.13583077707206126,6,3.8306361033333345,Medium
33.25,-133.5,-3.1670685,-9.554993,10.066191,14.02443,7.845194,2.3465738,-0.169,-0.034,0.17238619434281854,6,4.159274776666667,Medium
33.25,-133.25,-3.049881,-9.665344,10.135119,14.02443,7.845194,2.3465738,-0.187,-0.061,0.19669773765857096,6,4.308881886666667,Medium
33.25,-133.0,-2.9668732,-9.783508,10.223472,13.102555,7.816141,2.400773,-0.179,-0.059000000000000004,0.1884728097100481,6,2.684477333333333,Medium
33.25,-132.75,-2.900467,-9.927063,10.342113,13.102555,7.816141,2.400773,-0.158,-0.029,0.160639347608237,6,2.98813763,Medium
33.25,-132.5,-2.8321075,-10.004211,10.397359,12.204118,7.765604,2.4662027,-0.145,-0.013000000000000001,0.14558159224297554,6,3.0547402299999997,Medium
33.25,-132.25,-2.7256622,-10.117493,10.47821,12.204118,7.765604,2.4662027,-0.161,-0.029,0.16359095329510126,6,3.061669470000001,Medium
33.25,-132.0,-2.6201935,-10.249329,10.578949,11.14943,7.73411,2.527482,-0.19,-0.056,0.19808079159777203,6,5.104594386666662,Medium
33.25,-131.75,-2.504959,-10.3880005,10.685756,11.14943,7.73411,2.527482,-0.212,-0.054,0.21876928486421487,6,5.267581489999995,Medium
33.25,-131.5,-2.3809357,-10.510071,10.776383,9.969743,7.732889,2.5875406,-0.20800000000000002,-0.024,0.20938003725283844,6,5.846529099999997,Medium
33.25,-131.25,-2.208084,-10.585266,10.813117,9.969743,7.732889,2.5875406,-0.185,-0.004,0.18504323819042942,6,4.825818733333334,Medium
33.25,-131.0,-2.0215607,-10.721985,10.910896,8.633805,7.722147,2.650773,-0.15,-0.038,0.1547384890710776,6,6.1437152166666635,Medium
33.25,-130.75,-1.831131,-10.820618,10.974462,8.633805,7.722147,2.650773,-0.124,-0.114,0.1684399002611911,6,5.422316543333329,Medium
33.25,-130.5,-1.6231232,-10.880188,11.000592,7.141618,7.753641,2.7022867,-0.106,-0.184,0.21234876971623828,6,7.548749493333327,Medium
33.25,-130.25,-1.3740997,-10.897766,10.984055,7.141618,7.753641,2.7022867,-0.09,-0.215,0.23307724041613329,6,7.61982430666666,Medium
33.5,-156.25,-4.0615997,4.364929,5.9623146,223.07912,8.358377,1.5003824,0.001,0.084,0.08400595217006948,6,1.7231445933333362,Medium
33.5,-156.0,-4.3369904,4.4401245,6.206786,220.36818,8.172831,1.5055094,-0.025,0.122,0.12453513560437472,6,1.6872931666666688,Medium
33.5,-155.75,-4.5528107,4.524109,6.4183836,220.36818,8.172831,1.5055094,-0.024,0.14100000000000001,0.1430279692927226,6,1.5407825100000025,Medium
33.5,-155.5,-4.679764,4.6032104,6.564277,218.10255,8.002909,1.5064859,0.003,0.138,0.1380326048439281,6,1.362871980000001,Medium
33.5,-155.25,-4.7471466,4.6705933,6.659568,218.10255,8.002909,1.5064859,0.038,0.123,0.12873616430513998,6,1.3601566566666676,Medium
33.5,-155.0,-4.6670685,4.4977417,6.4816055,217.95412,7.898905,1.497941,0.058,0.101,0.11646887996370534,6,1.5026838800000004,Medium
33.5,-154.75,-4.5020294,4.274109,6.2077594,217.95412,7.898905,1.497941,0.053,0.07100000000000001,0.08860022573334676,6,1.9168988266666676,Medium
33.5,-154.5,-4.4219513,4.0270386,5.98086,221.00099,7.901346,1.478898,0.03,0.052000000000000005,0.060033324079214544,6,1.7431571666666688,Medium
33.5,-154.25,-4.3994904,3.7653198,5.7907815,221.00099,7.901346,1.478898,0.005,0.066,0.06618912297349165,6,1.888345813333335,Medium
33.5,-154.0,-4.4590607,3.4332886,5.627672,222.11037,7.897196,1.4708414,-0.006,0.11,0.11016351483136329,6,1.7758213800000013,Medium
33.5,-153.75,-4.679764,3.3434448,5.751418,222.11037,7.897196,1.4708414,-0.001,0.147,0.1470034013211939,6,1.4560754066666681,Medium
33.5,-153.5,-4.9502716,3.4352417,6.025452,221.36037,7.879862,1.4730387,0.009000000000000001,0.14300000000000002,0.14328293687665677,6,1.2287157433333338,Medium
33.5,-153.25,-5.044998,3.5543823,6.171356,221.36037,7.879862,1.4730387,0.012,0.105,0.10568348972285121,6,1.2865140133333344,Medium
33.5,-153.0,-4.931717,3.581726,6.095129,220.7588,7.8964634,1.4779215,0.001,0.066,0.066007575322837,6,1.3769209900000008,Medium
33.5,-152.75,-4.956131,3.6188354,6.136709,220.7588,7.8964634,1.4779215,-0.019,0.056,0.05913543776789008,6,1.4158703833333348,Medium
33.5,-152.5,-5.0752716,3.4840698,6.156064,219.65724,7.9223423,1.4881754,-0.039,0.079,0.08810221336606702,6,1.4336343633333342,Medium
33.5,-152.25,-5.3321075,3.3082886,6.2750416,219.65724,7.9223423,1.4881754,-0.047,0.12,0.12887590930814027,6,1.4680436866666682,Medium
33.5,-152.0,-5.6426544,3.0221558,6.4010134,220.41505,7.993387,1.4935465,-0.043000000000000003,0.155,0.1608539710420604,6,1.3466264700000017,Medium
33.5,-151.75,-5.7383575,2.659851,6.3248363,220.41505,7.993387,1.4935465,-0.03,0.168,0.17065755183993472,6,1.1731613433333348,Medium
33.5,-151.5,-5.697342,2.352234,6.1638227,226.79787,8.190165,1.4776773,-0.021,0.164,0.16533904560024532,6,1.1554525633333348,Medium
33.5,-151.25,-5.482498,2.1090698,5.8741775,226.79787,8.190165,1.4776773,-0.022,0.154,0.15556349186104046,6,1.1848527800000017,Medium
33.5,-151.0,-5.2432404,1.9743042,5.6026287,234.79005,8.438211,1.456193,-0.028,0.123,0.12614673994994877,6,1.4918602066666686,Medium
33.5,-150.75,-5.126053,2.0700073,5.528232,234.79005,8.438211,1.456193,-0.035,0.065,0.073824115301167,6,1.6367328233333345,Medium
33.5,-150.5,-5.145584,2.3688354,5.664664,238.1338,8.541483,1.4564371,-0.039,0.003,0.03911521443121589,6,1.8089743100000009,Medium
33.5,-150.25,-5.2119904,2.5787964,5.8150697,238.1338,8.541483,1.4564371,-0.039,-0.017,0.042544094772365294,6,1.8798354566666682,Medium
33.5,-150.0,-5.294998,2.7926636,5.9863157,236.30568,8.488016,1.4815836,-0.039,0.025,0.04632493928760188,6,1.65733098,Medium
33.5,-149.75,-5.4795685,2.8825073,6.191488,236.30568,8.488016,1.4815836,-0.048,0.099,0.11002272492535349,6,1.6785996300000006,Medium
33.5,-149.5,-5.773514,2.854187,6.4404845,229.2588,8.33494,1.5265055,-0.074,0.164,0.1799222054111165,6,1.4960633500000007,Medium
33.5,-149.25,-6.032303,2.7750854,6.6400137,229.2588,8.33494,1.5265055,-0.111,0.198,0.22699118925632333,6,1.6251158633333351,Medium
33.5,-149.0,-6.15242,2.7389526,6.7345476,219.84474,8.1952915,1.5741129,-0.135,0.203,0.24379089400549808,6,1.6807883033333355,Medium
33.5,-148.75,-6.254959,2.6725464,6.801986,219.84474,8.1952915,1.5741129,-0.128,0.188,0.22743790361327199,6,1.7787297400000022,Medium
33.5,-148.5,-6.2901154,2.6549683,6.8274746,211.64162,8.129374,1.612443,-0.096,0.159,0.1857336803059693,6,1.7987774866666688,Medium
33.5,-148.25,-6.320389,2.6569214,6.856132,211.64162,8.129374,1.612443,-0.062,0.129,0.1431258187749506,6,1.7356729700000013,Medium
33.5,-148.0,-6.3272247,2.6325073,6.8530188,206.54005,8.126932,1.6397867,-0.046,0.10300000000000001,0.11280514172678478,6,1.6759454766666682,Medium
33.5,-147.75,-6.2451935,2.5534058,6.747023,206.54005,8.126932,1.6397867,-0.053,0.078,0.09430270409696638,6,1.7782940500000022,Medium
33.5,-147.5,-6.228592,2.4987183,6.7111063,206.17287,8.182108,1.6532145,-0.073,0.052000000000000005,0.08962700485902672,6,1.8152710366666687,Medium
33.5,-147.25,-6.204178,2.394226,6.650123,206.17287,8.182108,1.6532145,-0.092,0.046,0.10285912696499032,6,1.8429011200000025,Medium
33.5,-147.0,-6.2657013,2.3200073,6.6814256,209.18068,8.256327,1.6585855,-0.098,0.08,0.12650691680694776,6,1.7991607700000023,Medium
33.5,-146.75,-6.3213654,2.2282104,6.7025805,209.18068,8.256327,1.6585855,-0.083,0.145,0.1670748335327616,6,1.8851151233333352,Medium
33.5,-146.5,-6.409256,2.133484,6.7550216,214.3838,8.326395,1.661027,-0.048,0.195,0.20082081565415474,6,1.9782067100000007,Medium
33.5,-146.25,-6.4522247,2.0153198,6.759639,214.3838,8.326395,1.661027,-0.007,0.195,0.19512560057562925,6,1.825026346666668,Medium
33.5,-146.0,-6.461014,1.7897339,6.7043157,222.03224,8.402811,1.6600504,0.02,0.153,0.15430165261590686,6,2.6052317633333333,Medium
33.5,-145.75,-6.491287,1.5914917,6.683536,222.03224,8.402811,1.6600504,0.027,0.108,0.11132385189167683,6,2.626493639999999,Medium
33.5,-145.5,-6.504959,1.4030151,6.654543,231.07912,8.484598,1.6578531,0.022,0.08700000000000001,0.08973850901368934,6,4.095828633333333,Medium
33.5,-145.25,-6.492264,1.2213745,6.606152,231.07912,8.484598,1.6578531,0.018000000000000002,0.082,0.08395236744726142,6,4.8731772433333305,Medium
33.5,-145.0,-6.319412,0.99383545,6.3970838,240.12599,8.567118,1.6551676,0.013000000000000001,0.067,0.06824954212300623,6,4.8646859499999975,Medium
33.5,-144.75,-6.136795,0.8278198,6.1923776,240.12599,8.567118,1.6551676,0.001,0.042,0.04201190307520001,6,4.774157353333336,Medium
33.5,-144.5,-5.9844513,0.67645264,6.022561,246.87599,8.605204,1.6605387,-0.019,0.029,0.03466987164671943,6,4.529962170000003,Medium
33.5,-144.25,-5.893631,0.5153198,5.916117,246.87599,8.605204,1.6605387,-0.032,0.04,0.05122499389946279,6,4.880971683333334,Medium
33.5,-144.0,-5.8565216,0.34735107,5.866813,252.16505,8.581278,1.6761637,-0.025,0.062,0.06685057965343308,6,4.951833693333333,Medium
33.5,-143.75,-5.884842,0.15985107,5.8870125,252.16505,8.581278,1.6761637,-0.004,0.07200000000000001,0.0721110255092798,6,5.059561433333332,Medium
33.5,-143.5,-6.039139,-0.109680176,6.040135,258.67288,8.506327,1.7008219,0.009000000000000001,0.067,0.06760177512462229,6,5.050532270000001,Medium
33.5,-143.25,-6.2090607,-0.37823486,6.2205706,258.67288,8.506327,1.7008219,0.001,0.064,0.06400781202322103,6,5.011003040000001,Medium
33.5,-143.0,-6.4619904,-0.6213989,6.491799,272.46976,8.398905,1.7328043,-0.028,0.067,0.07261542535852834,6,4.788123570000001,Medium
33.5,-142.75,-6.6875763,-0.8255005,6.7383327,272.46976,8.398905,1.7328043,-0.068,0.061,0.09135097153287425,6,4.913887738333337,Medium
33.5,-142.5,-6.782303,-1.0413208,6.861777,307.75882,8.2890415,1.7682047,-0.10200000000000001,0.037,0.10850345616615169,6,4.946660338333333,Medium
33.5,-142.25,-6.8750763,-1.2600708,6.9895964,307.75882,8.2890415,1.7682047,-0.11800000000000001,0.011,0.11851160280748886,6,4.823923146666667,Medium
33.5,-142.0,-6.969803,-1.5110474,7.131719,353.86038,8.182596,1.8065348,-0.11,-0.001,0.11000454536063498,6,4.867259903333334,Medium
33.5,-141.75,-7.12117,-1.833313,7.3533735,353.86038,8.182596,1.8065348,-0.082,0.002,0.08202438661763951,6,5.480073001666669,Medium
33.5,-141.5,-7.30867,-2.1380005,7.6149654,15.321305,8.081278,1.8475504,-0.054,0.016,0.05632051136131489,6,6.216653032222226,Medium
33.5,-141.25,-7.4746857,-2.475891,7.8740687,15.321305,8.081278,1.8475504,-0.049,0.038,0.06200806399170999,6,6.173944801666668,Medium
33.5,-141.0,-7.6045685,-2.7971802,8.102695,22.696304,8.00242,1.8878336,-0.07200000000000001,0.066,0.09767292357659825,6,5.221715040000006,Medium
33.5,-140.75,-7.7276154,-3.098938,8.32583,22.696304,8.00242,1.8878336,-0.107,0.08700000000000001,0.13790576492663387,6,4.848544856666668,Medium
33.5,-140.5,-7.788162,-3.4006958,8.498247,23.704117,7.978983,1.9176188,-0.124,0.094,0.1556020565416794,6,5.043048539999996,Medium
33.5,-140.25,-7.71492,-3.6672974,8.542193,23.704117,7.978983,1.9176188,-0.113,0.091,0.14508618128546907,6,4.750149356666663,Medium
33.5,-140.0,-7.68367,-3.9221802,8.626835,22.360367,7.987772,1.9366617,-0.091,0.082,0.12249489785293101,6,4.7913193299999985,Medium
33.5,-139.75,-7.619217,-4.23468,8.716937,22.360367,7.987772,1.9366617,-0.085,0.065,0.10700467279516349,6,4.752903596666666,Medium
33.5,-139.5,-7.574295,-4.569641,8.845991,21.110367,8.002176,1.9513102,-0.112,0.042,0.11961605243444544,6,4.8520845166666655,Medium
33.5,-139.25,-7.5459747,-4.8899536,8.991851,21.110367,8.002176,1.9513102,-0.162,0.019,0.16311039206623226,6,4.986763146666664,Medium
33.5,-139.0,-7.1709747,-5.0979614,8.798414,19.219742,8.033426,1.9630289,-0.211,-0.001,0.21100236965494013,6,5.047793449999996,Medium
33.5,-138.75,-6.8125763,-5.2786255,8.6182995,19.219742,8.033426,1.9630289,-0.24,-0.025,0.24129857024027307,6,5.073851309999996,Medium
33.5,-138.5,-6.398514,-5.447571,8.403393,16.80568,8.07493,1.9723063,-0.251,-0.052000000000000005,0.2563298656028985,6,5.09173503333333,Medium
33.5,-138.25,-6.3184357,-5.817688,8.588838,16.80568,8.07493,1.9723063,-0.254,-0.064,0.2619389241789009,6,5.014925323333331,Medium
33.5,-138.0,-6.2344513,-6.2053833,8.796315,14.36818,8.125467,1.9796305,-0.252,-0.043000000000000003,0.2556423282635331,6,4.776797533333329,Medium
33.5,-137.75,-5.8770294,-6.3655396,8.663692,14.36818,8.125467,1.9796305,-0.243,0.008,0.24313165157996192,6,4.795241543333333,Medium
33.5,-137.5,-5.518631,-6.598938,8.602399,12.125993,8.184061,1.9862223,-0.221,0.048,0.22615260334561704,6,4.642789499999998,Medium
33.5,-137.25,-5.195389,-6.885071,8.625327,12.125993,8.184061,1.9862223,-0.192,0.055,0.1997223072167954,6,5.142136846666671,Medium
33.5,-137.0,-4.895584,-7.1262817,8.645844,11.766618,8.168192,2.0125895,-0.161,0.03,0.1637711818361216,6,5.20622376666667,Medium
33.5,-136.75,-4.605545,-7.2962036,8.628188,11.766618,8.168192,2.0125895,-0.138,0.003,0.1380326048439281,6,5.90141379600001,Medium
33.5,-136.5,-4.3877716,-7.5061646,8.694541,11.797868,8.124002,2.0457926,-0.117,-0.021,0.1188696765369537,6,6.555504016000009,Medium
33.5,-136.25,-4.166092,-7.717102,8.769834,11.797868,8.124002,2.0457926,-0.097,-0.045,0.10692988356862641,6,6.7778108160000095,Medium
33.5,-136.0,-3.87117,-7.7542114,8.66682,11.11818,8.115946,2.0702066,-0.079,-0.07100000000000001,0.10621675950620975,6,6.7557250260000075,Medium
33.5,-135.75,-3.5772247,-7.795227,8.576836,11.11818,8.115946,2.0702066,-0.075,-0.08700000000000001,0.1148651383144599,6,6.540918510000011,Medium
33.5,-135.5,-3.3291779,-7.8831177,8.557276,10.360368,8.121317,2.0912027,-0.085,-0.088,0.1223478647136925,6,6.548406853333343,Medium
33.5,-135.25,-3.2969513,-8.123352,8.7669115,10.360368,8.121317,2.0912027,-0.11,-0.088,0.14086873322352267,6,6.469498986666679,Medium
33.5,-135.0,-3.2637482,-8.346985,8.962378,10.360368,8.102518,2.120988,-0.14200000000000002,-0.109,0.1790111728356641,6,6.335495756666677,Medium
33.5,-134.75,-3.4209747,-8.649719,9.301651,10.360368,8.102518,2.120988,-0.165,-0.147,0.22098416232843476,6,6.880865596666675,Medium
33.5,-134.5,-3.4824982,-8.864563,9.524089,11.438493,8.021463,2.176896,-0.182,-0.155,0.23905857022913862,6,8.807216670000003,Medium
33.5,-134.25,-3.5108185,-9.100891,9.754592,11.438493,8.021463,2.176896,-0.19,-0.106,0.21756838005555862,6,9.669805793333326,Medium
33.5,-134.0,-3.4287872,-9.250305,9.86533,12.235368,7.9159946,2.2491617,-0.201,-0.027,0.20280532537386686,6,4.225308060000001,Medium
33.5,-133.75,-3.3291779,-9.397766,9.970027,12.235368,7.9159946,2.2491617,-0.212,0.015,0.21252999788265184,6,4.195231446666665,Medium
33.5,-133.5,-3.192459,-9.541321,10.061242,12.227555,7.8466587,2.3182535,-0.222,-0.007,0.22211033294288673,6,4.022831296666666,Medium
33.5,-133.25,-3.0850372,-9.64386,10.12529,12.227555,7.8466587,2.3182535,-0.227,-0.057,0.23404700382615456,6,3.974455923333333,Medium
33.5,-133.0,-2.9981232,-9.754211,10.2045765,12.14943,7.767313,2.4002848,-0.22,-0.078,0.2334180798481557,6,2.491436756666665,Medium
33.5,-132.75,-2.9073029,-9.845032,10.265333,12.14943,7.767313,2.4002848,-0.201,-0.055,0.20838905921376968,6,2.4837556133333325,Medium
33.5,-132.5,-2.824295,-9.941711,10.335099,11.594743,7.7179966,2.4727945,-0.179,-0.021,0.1802276338412065,6,3.1496207366666664,Medium
33.5,-132.25,-2.7012482,-10.049133,10.405855,11.594743,7.7179966,2.4727945,-0.169,-0.013000000000000001,0.16949926253526887,6,3.066485626666666,Medium
33.5,-132.0,-2.587967,-10.170227,10.494336,10.563493,7.696512,2.5335855,-0.17400000000000002,-0.03,0.17656726763474595,6,3.269165363333332,Medium
33.5,-131.75,-2.473709,-10.30304,10.595842,10.563493,7.696512,2.5335855,-0.178,-0.043000000000000003,0.18312017911743098,6,3.276026963333331,Medium
33.5,-131.5,-2.293045,-10.463196,10.7115135,9.329118,7.7026157,2.5890055,-0.17400000000000002,-0.039,0.17831713322056297,6,3.906091479999998,Medium
33.5,-131.25,-2.0791779,-10.540344,10.743456,9.329118,7.7026157,2.5890055,-0.154,-0.039,0.15886157496386596,6,3.8093383899999957,Medium
33.5,-131.0,-1.8887482,-10.692688,10.85822,7.9931803,7.7231236,2.6397867,-0.126,-0.073,0.14561936684383708,6,5.190597313333326,Medium
33.5,-130.75,-1.6729279,-10.827454,10.955932,7.9931803,7.7231236,2.6397867,-0.101,-0.138,0.171011695506477,6,5.017574516666661,Medium
33.5,-130.5,-1.4522247,-10.89093,10.987325,6.782243,7.774393,2.6917887,-0.08,-0.198,0.21355093069335943,6,7.445917666666663,Medium
33.5,-130.25,-1.1817169,-10.875305,10.93932,6.782243,7.774393,2.6917887,-0.066,-0.229,0.23832121181296473,6,7.462709933333331,Medium
33.75,-156.25,-3.7891388,4.3375854,5.759533,223.07912,8.358377,1.5003824,0.052000000000000005,0.116,0.12712198865656563,6,1.9320064400000008,Medium
33.75,-156.0,-4.0039825,4.510437,6.0312448,220.36818,8.172831,1.5055094,0.036000000000000004,0.132,0.13682105101189657,6,1.6102189766666686,Medium
33.75,-155.75,-4.2119904,4.6032104,6.2394238,220.36818,8.172831,1.5055094,0.038,0.12,0.1258729518204765,6,1.6664908333333353,Medium
33.75,-155.5,-4.3653107,4.6696167,6.392281,218.10255,8.002909,1.5064859,0.056,0.099,0.11374093370462544,6,1.7600457866666686,Medium
33.75,-155.25,-4.4502716,4.6608276,6.44424,218.10255,8.002909,1.5064859,0.078,0.089,0.1183427226321923,6,1.823255386666669,Medium
33.75,-155.0,-4.407303,4.517273,6.3111067,217.95412,7.898905,1.497941,0.088,0.089,0.12515989773086264,6,1.8594735866666683,Medium
33.75,-154.75,-4.4170685,4.3424683,6.1941524,217.95412,7.898905,1.497941,0.08,0.08600000000000001,0.1174563748802082,6,1.8796417600000015,Medium
33.75,-154.5,-4.3653107,4.1051636,5.9923534,221.00099,7.901346,1.478898,0.061,0.077,0.09823441352194251,6,1.7925834366666682,Medium
33.75,-154.25,-4.400467,3.8649292,5.856773,221.00099,7.901346,1.478898,0.044,0.082,0.09305912099305474,6,1.7452933200000023,Medium
33.75,-154.0,-4.492264,3.555359,5.7289624,222.11037,7.897196,1.4708414,0.043000000000000003,0.106,0.11438968484964018,6,1.793157786666668,Medium
33.75,-153.75,-4.6934357,3.4537964,5.8272676,222.11037,7.897196,1.4708414,0.053,0.134,0.14410065926289164,6,1.4603387400000012,Medium
33.75,-153.5,-4.8096466,3.4625854,5.9263988,221.36037,7.879862,1.4730387,0.058,0.14,0.15153877391611692,6,1.4201200100000007,Medium
33.75,-153.25,-4.8750763,3.579773,6.0482345,221.36037,7.879862,1.4730387,0.046,0.123,0.1313202193114221,6,1.3179081766666676,Medium
33.75,-153.0,-4.8233185,3.6139526,6.027027,220.7588,7.8964634,1.4779215,0.013000000000000001,0.10200000000000001,0.10282509421342634,6,1.2286890266666675,Medium
33.75,-152.75,-4.7295685,3.3639526,5.803878,220.7588,7.8964634,1.4779215,-0.027,0.094,0.0978008179924892,6,1.4503302466666683,Medium
33.75,-152.5,-4.8408966,3.220398,5.8142276,219.65724,7.9223423,1.4881754,-0.06,0.10200000000000001,0.11833849753989613,6,1.6803322100000013,Medium
33.75,-152.25,-4.9033966,2.814148,5.6535587,219.65724,7.9223423,1.4881754,-0.07200000000000001,0.116,0.13652838532700812,6,1.668203280000001,Medium
33.75,-152.0,-5.194412,2.5407104,5.7824845,220.41505,7.993387,1.4935465,-0.061,0.128,0.14179210133149164,6,1.6665932200000015,Medium
33.75,-151.75,-5.2715607,2.1901245,5.7084146,220.41505,7.993387,1.4935465,-0.034,0.135,0.1392156600386609,6,1.4193492000000012,Medium
33.75,-151.5,-5.2071075,1.9557495,5.5622773,226.79787,8.190165,1.4776773,-0.002,0.138,0.13801449199268895,6,1.3426875466666677,Medium
33.75,-151.25,-4.9951935,1.7184448,5.2825193,226.79787,8.190165,1.4776773,0.026000000000000002,0.137,0.1394453297891328,6,1.3275570533333332,Medium
33.75,-151.0,-4.8682404,1.6715698,5.1472235,234.79005,8.438211,1.456193,0.044,0.115,0.12313001258832065,6,1.5654939700000001,Medium
33.75,-150.75,-4.7657013,1.8014526,5.094815,234.79005,8.438211,1.456193,0.05,0.066,0.08280096617793781,6,1.7265750733333338,Medium
33.75,-150.5,-4.779373,2.1481323,5.239931,238.1338,8.541483,1.4564371,0.038,0.013000000000000001,0.0401621712560464,6,1.6621541233333326,Medium
33.75,-150.25,-4.793045,2.5631714,5.435359,238.1338,8.541483,1.4564371,0.011,-0.002,0.011180339887498947,6,2.75412315,Medium
33.75,-150.0,-4.8740997,2.7975464,5.6198854,236.30568,8.488016,1.4815836,-0.021,0.043000000000000003,0.0478539444560216,6,1.7723881300000004,Medium
33.75,-149.75,-5.0772247,3.0211792,5.9081078,236.30568,8.488016,1.4815836,-0.052000000000000005,0.127,0.13723337786413334,6,1.7152699800000002,Medium
33.75,-149.5,-5.4522247,3.066101,6.255216,229.2588,8.33494,1.5265055,-0.082,0.203,0.21893606372637653,6,1.5476386766666679,Medium
33.75,-149.25,-5.744217,2.994812,6.478034,229.2588,8.33494,1.5265055,-0.11,0.232,0.25675669416784447,6,1.7316941633333347,Medium
33.75,-149.0,-6.0371857,2.892273,6.69424,219.84474,8.1952915,1.5741129,-0.124,0.209,0.2430164603478538,6,1.6539573966666685,Medium
33.75,-148.75,-6.1621857,2.805359,6.770714,219.84474,8.1952915,1.5741129,-0.115,0.156,0.1938066046346202,6,1.7502772833333347,Medium
33.75,-148.5,-6.212967,2.7389526,6.789906,211.64162,8.129374,1.612443,-0.08600000000000001,0.109,0.13884163640637487,6,1.7278822933333349,Medium
33.75,-148.25,-6.2500763,2.6842651,6.8021126,211.64162,8.129374,1.612443,-0.054,0.089,0.10410091258005379,6,1.7166155133333347,Medium
33.75,-148.0,-6.261795,2.6608276,6.8036814,206.54005,8.126932,1.6397867,-0.036000000000000004,0.09,0.09693296652842107,6,1.4540727100000008,Medium
33.75,-147.75,-6.3028107,2.651062,6.837657,206.54005,8.126932,1.6397867,-0.035,0.088,0.09470480452437458,6,1.4869930833333342,Medium
33.75,-147.5,-6.317459,2.617859,6.8383822,206.17287,8.182108,1.6532145,-0.049,0.074,0.08875246475450695,6,1.8226535500000016,Medium
33.75,-147.25,-6.289139,2.5407104,6.7829547,206.17287,8.182108,1.6532145,-0.07,0.065,0.09552486587271401,6,1.8408091100000021,Medium
33.75,-147.0,-6.301834,2.4489136,6.7609386,209.18068,8.256327,1.6585855,-0.088,0.082,0.12028299963003916,6,1.790061583333335,Medium
33.75,-146.75,-6.3565216,2.3571167,6.7794814,209.18068,8.256327,1.6585855,-0.089,0.116,0.1462087548678259,6,1.8488136233333345,Medium
33.75,-146.5,-6.4102325,2.206726,6.7794337,214.3838,8.326395,1.661027,-0.063,0.14100000000000001,0.15443445211480503,6,1.992020946666668,Medium
33.75,-146.25,-6.4619904,2.0719604,6.78604,214.3838,8.326395,1.661027,-0.02,0.14,0.14142135623730953,6,1.7987934100000018,Medium
33.75,-146.0,-6.4619904,1.8200073,6.713401,222.03224,8.402811,1.6600504,0.015,0.122,0.1229186723000212,6,2.5636416066666667,Medium
33.75,-145.75,-6.4365997,1.5700073,6.6253104,222.03224,8.402811,1.6600504,0.028,0.10200000000000001,0.10577334257741883,6,2.6165459833333324,Medium
33.75,-145.5,-6.444412,1.3786011,6.590219,231.07912,8.484598,1.6578531,0.024,0.09,0.09314504817756014,6,4.138141309999999,Medium
33.75,-145.25,-6.350662,1.1530151,6.4544835,231.07912,8.484598,1.6578531,0.02,0.08,0.08246211251235322,6,4.896991479999997,Medium
33.75,-145.0,-6.1358185,0.9176636,6.204061,240.12599,8.567118,1.6551676,0.019,0.069,0.07156814934033157,6,4.878497243333333,Medium
33.75,-144.75,-5.9688263,0.74871826,6.0156016,240.12599,8.567118,1.6551676,0.012,0.058,0.05922837157984339,6,4.623853913333332,Medium
33.75,-144.5,-5.9014435,0.58270264,5.9301414,246.87599,8.605204,1.6605387,-0.01,0.053,0.0539351462406472,6,4.817176979999999,Medium
33.75,-144.25,-5.831131,0.41864014,5.8461394,246.87599,8.605204,1.6605387,-0.035,0.05,0.06103277807866852,6,4.953157643333332,Medium
33.75,-144.0,-5.864334,0.23699951,5.869121,252.16505,8.581278,1.6761637,-0.045,0.045,0.06363961030678927,6,4.945587186666667,Medium
33.75,-143.75,-5.954178,0.015319824,5.9541974,252.16505,8.581278,1.6761637,-0.036000000000000004,0.043000000000000003,0.05608029957123981,6,4.89563962,Medium
33.75,-143.5,-6.105545,-0.23272705,6.1099787,258.67288,8.506327,1.7008219,-0.026000000000000002,0.051000000000000004,0.05724508712544685,6,4.922320113333331,Medium
33.75,-143.25,-6.27742,-0.4212036,6.2915354,258.67288,8.506327,1.7008219,-0.032,0.079,0.08523496934944014,6,4.978658346666664,Medium
33.75,-143.0,-6.5000763,-0.6409302,6.531599,272.46976,8.398905,1.7328043,-0.063,0.109,0.12589678312014171,6,4.575739836666667,Medium
33.75,-142.75,-6.699295,-0.8245239,6.749844,272.46976,8.398905,1.7328043,-0.111,0.11,0.15627219842313603,6,4.848057775,Medium
33.75,-142.5,-6.837967,-1.0130005,6.9125943,307.75882,8.2890415,1.7682047,-0.155,0.069,0.16966437457521835,6,4.916499121666669,Medium
33.75,-142.25,-6.9346466,-1.232727,7.043361,307.75882,8.2890415,1.7682047,-0.17400000000000002,0.01,0.17428711943227476,6,4.856223388333334,Medium
33.75,-142.0,-7.08992,-1.5090942,7.248747,353.86038,8.182596,1.8065348,-0.163,-0.036000000000000004,0.1669281282468596,6,4.906494080000002,Medium
33.75,-141.75,-7.2520294,-1.817688,7.4763575,353.86038,8.182596,1.8065348,-0.133,-0.045,0.14040655255364687,6,4.739157990000001,Medium
33.75,-141.5,-7.43367,-2.1448364,7.73691,15.321305,8.081278,1.8475504,-0.106,-0.015,0.10705606008068856,6,5.592531316666666,Medium
33.75,-141.25,-7.5264435,-2.473938,7.922608,15.321305,8.081278,1.8475504,-0.098,0.041,0.10623088063270492,6,5.616304510000002,Medium
33.75,-141.0,-7.6563263,-2.795227,8.150621,22.696304,8.00242,1.8878336,-0.109,0.092,0.14263590010933433,6,5.012451046666668,Medium
33.75,-140.75,-7.6621857,-3.0803833,8.258199,22.696304,8.00242,1.8878336,-0.127,0.109,0.16736188335460378,6,4.96268953,Medium
33.75,-140.5,-7.679764,-3.4085083,8.4021845,23.704117,7.978983,1.9176188,-0.133,0.089,0.16003124694883808,6,4.749966049999996,Medium
33.75,-140.25,-7.583084,-3.6497192,8.415677,23.704117,7.978983,1.9176188,-0.123,0.063,0.13819551367537225,6,4.704262816666664,Medium
33.75,-140.0,-7.503006,-3.8840942,8.448745,22.360367,7.987772,1.9366617,-0.112,0.061,0.127534309109353,6,4.679444406666666,Medium
33.75,-139.75,-7.442459,-4.190735,8.541221,22.360367,7.987772,1.9366617,-0.121,0.081,0.14560906565183362,6,4.637098716666664,Medium
33.75,-139.5,-7.194412,-4.3704224,8.417848,21.110367,8.002176,1.9513102,-0.158,0.094,0.18384776310850234,6,4.620560913333331,Medium
33.75,-139.25,-6.7139435,-4.4905396,8.0772505,21.110367,8.002176,1.9513102,-0.21,0.08,0.22472205054244232,6,4.804361289999999,Medium
33.75,-139.0,-6.273514,-4.690735,7.8332605,19.219742,8.033426,1.9630289,-0.248,0.037,0.2507448902769506,6,4.93754819888889,Medium
33.75,-138.75,-5.7364044,-4.920227,7.5574446,19.219742,8.033426,1.9630289,-0.259,-0.017,0.2595573154430443,6,4.490760135555556,Medium
33.75,-138.5,-5.355545,-5.1360474,7.4202995,16.80568,8.07493,1.9723063,-0.249,-0.06,0.25612692166189793,6,4.941354327777774,Medium
33.75,-138.25,-5.4121857,-5.67218,7.8399863,16.80568,8.07493,1.9723063,-0.23800000000000002,-0.07100000000000001,0.24836465126905644,6,4.761368596666664,Medium
33.75,-138.0,-5.5157013,-6.0979614,8.222414,14.36818,8.125467,1.9796305,-0.233,-0.049,0.23809661904361432,6,4.388411123333333,Medium
33.75,-137.75,-5.204178,-6.2786255,8.155036,14.36818,8.125467,1.9796305,-0.228,-0.01,0.22821919288263204,6,4.4068759066666665,Medium
33.75,-137.5,-5.009842,-6.5110474,8.215367,12.125993,8.184061,1.9862223,-0.20800000000000002,0.011,0.208290662296705,6,4.512486473333331,Medium
33.75,-137.25,-4.744217,-6.80011,8.291507,12.125993,8.184061,1.9862223,-0.177,0.008,0.17718069872308326,6,4.673673840000001,Medium
33.75,-137.0,-4.471756,-7.025696,8.328085,11.766618,8.168192,2.0125895,-0.14400000000000002,-0.01,0.14434680460612906,6,5.0484995393333385,Medium
33.75,-136.75,-4.168045,-7.183899,8.30548,11.766618,8.168192,2.0125895,-0.121,-0.026000000000000002,0.1237618681177688,6,4.973998556000004,Medium
33.75,-136.5,-3.9444122,-7.385071,8.372435,11.797868,8.124002,2.0457926,-0.113,-0.039,0.11954078801814885,6,6.466707312666676,Medium
33.75,-136.25,-3.6416779,-7.4348755,8.27884,11.797868,8.124002,2.0457926,-0.108,-0.062,0.12453112060846477,6,6.185095540000009,Medium
33.75,-136.0,-3.3731232,-7.460266,8.187401,11.11818,8.115946,2.0702066,-0.099,-0.08600000000000001,0.13113733259449806,6,6.254493753333344,Medium
33.75,-135.75,-3.2559357,-7.6204224,8.286854,11.11818,8.115946,2.0702066,-0.093,-0.092,0.13081666560496027,6,6.0906775566666775,Medium
33.75,-135.5,-3.3858185,-7.9710083,8.660296,10.360368,8.121317,2.0912027,-0.09,-0.077,0.1184440796325422,6,6.596881660000007,Medium
33.75,-135.25,-3.364334,-8.218079,8.880065,10.360368,8.121317,2.0912027,-0.101,-0.061,0.11799152511939152,6,6.3897530200000086,Medium
33.75,-135.0,-3.4287872,-8.423157,9.094293,10.360368,8.102518,2.120988,-0.13,-0.07100000000000001,0.14812494725737457,6,6.416498043333345,Medium
33.75,-134.75,-3.4854279,-8.567688,9.249513,10.360368,8.102518,2.120988,-0.17,-0.106,0.20033971149025848,6,6.876580026666675,Medium
33.75,-134.5,-3.5479279,-8.787415,9.476626,11.438493,8.021463,2.176896,-0.217,-0.121,0.2484552273549502,6,8.58710894666667,Medium
33.75,-134.25,-3.5440216,-9.004211,9.676565,11.438493,8.021463,2.176896,-0.248,-0.09,0.26382570003697514,6,9.767502313333328,Medium
33.75,-134.0,-3.4668732,-9.163391,9.797293,12.235368,7.9159946,2.2491617,-0.252,-0.03,0.2537794317906792,6,3.291981600000004,Medium
33.75,-133.75,-3.3272247,-9.323547,9.899443,12.235368,7.9159946,2.2491617,-0.23,0.004,0.2300347799790284,6,4.066721663333332,Medium
33.75,-133.5,-3.197342,-9.452454,9.978571,12.227555,7.8466587,2.3182535,-0.198,-0.015,0.19856736892047497,6,3.8669917166666674,Medium
33.75,-133.25,-3.08992,-9.548157,10.035682,12.227555,7.8466587,2.3182535,-0.18,-0.06,0.18973665961010275,6,3.7914895966666675,Medium
33.75,-133.0,-2.9971466,-9.654602,10.109117,12.14943,7.767313,2.4002848,-0.178,-0.082,0.19597959077414157,6,2.282300383333332,Medium
33.75,-132.75,-2.9082794,-9.764954,10.188837,12.14943,7.767313,2.4002848,-0.184,-0.065,0.195143536915779,6,2.280740313333333,Medium
33.75,-132.5,-2.8291779,-9.886047,10.2829075,11.594743,7.7179966,2.4727945,-0.183,-0.033,0.18595160660774082,6,2.825949533333334,Medium
33.75,-132.25,-2.6778107,-10.004211,10.356395,11.594743,7.7179966,2.4727945,-0.17300000000000001,-0.021,0.17426990560621763,6,2.9906045566666664,Medium
33.75,-132.0,-2.5537872,-10.124329,10.441449,10.563493,7.696512,2.5335855,-0.159,-0.032,0.16218816233005418,6,2.9717027766666657,Medium
33.75,-131.75,-2.362381,-10.26593,10.534238,10.563493,7.696512,2.5335855,-0.145,-0.045,0.15182226450688976,6,2.988621193333331,Medium
33.75,-131.5,-2.1739044,-10.429016,10.653179,9.329118,7.7026157,2.5890055,-0.134,-0.05,0.143024473430249,6,3.856933439999995,Medium
33.75,-131.25,-1.940506,-10.516907,10.694432,9.329118,7.7026157,2.5890055,-0.12,-0.06,0.1341640786499874,6,3.8856819999999948,Medium
33.75,-131.0,-1.6573029,-10.625305,10.753778,7.9931803,7.7231236,2.6397867,-0.10300000000000001,-0.096,0.14080127840328724,6,2.6566757066666655,Medium
33.75,-130.75,-1.4434357,-10.759094,10.855488,7.9931803,7.7231236,2.6397867,-0.089,-0.154,0.17786792853125602,6,4.846467289999995,Medium
33.75,-130.5,-1.2129669,-10.813782,10.8815975,6.782243,7.774393,2.6917887,-0.083,-0.20600000000000002,0.2220923231451281,6,7.2584396199999945,Medium
33.75,-130.25,-0.97273254,-10.853821,10.897323,6.782243,7.774393,2.6917887,-0.083,-0.234,0.24828411145298848,6,7.272193956666662,Medium
34.0,-156.25,-3.5401154,4.345398,5.6048994,231.36037,8.505838,1.4730387,0.093,0.134,0.16311039206623226,6,2.078081046666667,Medium
34.0,-156.0,-3.754959,4.5182495,5.874887,229.71193,8.326883,1.4764566,0.084,0.137,0.16070158679988197,6,1.797560573333335,Medium
34.0,-155.75,-3.8907013,4.6237183,6.042874,229.71193,8.326883,1.4764566,0.079,0.111,0.13624243098242192,6,1.8481748333333357,Medium
34.0,-155.5,-4.0352325,4.6764526,6.176756,229.09474,8.174295,1.4725504,0.077,0.083,0.11321660655575225,6,1.7800820500000016,Medium
34.0,-155.25,-4.1289825,4.626648,6.2011585,229.09474,8.174295,1.4725504,0.075,0.075,0.10606601717798213,6,1.8023926666666683,Medium
34.0,-155.0,-4.179764,4.536804,6.1687126,230.3213,8.0859165,1.4610758,0.07200000000000001,0.085,0.11139569111954019,6,1.7496586533333356,Medium
34.0,-154.75,-4.1895294,4.362976,6.048778,230.3213,8.0859165,1.4610758,0.065,0.093,0.11346365056704284,6,1.6907053766666693,Medium
34.0,-154.5,-4.2490997,4.159851,5.946361,232.17287,8.040995,1.449357,0.056,0.089,0.10515227054134399,6,1.699517206666669,Medium
34.0,-154.25,-4.3184357,3.9049683,5.82217,232.17287,8.040995,1.449357,0.049,0.085,0.09811218069128828,6,1.7873372766666686,Medium
34.0,-154.0,-4.442459,3.6305542,5.7372785,233.81349,8.031229,1.440568,0.052000000000000005,0.097,0.11005907504608606,6,1.8872132766666678,Medium
34.0,-153.75,-4.6084747,3.519226,5.798534,233.81349,8.031229,1.440568,0.058,0.124,0.13689411966918083,6,1.7720335800000013,Medium
34.0,-153.5,-4.723709,3.5280151,5.895788,234.68849,8.043192,1.4376383,0.055,0.147,0.15695222202950807,6,1.356016423333334,Medium
34.0,-153.25,-4.768631,3.5827026,5.9645286,234.68849,8.043192,1.4376383,0.036000000000000004,0.153,0.15717824276915682,6,1.1072967233333344,Medium
34.0,-153.0,-4.7744904,3.5856323,5.9709725,235.0088,8.072977,1.4393473,0.004,0.147,0.1470544116985274,6,1.1617229533333342,Medium
34.0,-152.75,-4.664139,3.284851,5.7047734,235.0088,8.072977,1.4393473,-0.029,0.135,0.13807968713753666,6,1.3902429566666683,Medium
34.0,-152.5,-4.536209,2.729187,5.2939262,236.73537,8.182596,1.4366617,-0.049,0.12,0.12961867149450346,6,1.6177643766666685,Medium
34.0,-152.25,-4.5938263,2.316101,5.144664,236.73537,8.182596,1.4366617,-0.049,0.105,0.11587061750072794,6,1.5714779566666686,Medium
34.0,-152.0,-4.754959,1.9899292,5.1545568,239.61037,8.3376255,1.4312906,-0.032,0.093,0.09835141076771599,6,1.2204732766666673,Medium
34.0,-151.75,-4.7715607,1.6862183,5.0607433,239.61037,8.3376255,1.4312906,-0.002,0.08700000000000001,0.08702298546935747,6,1.2373063166666671,Medium
34.0,-151.5,-4.712967,1.4586792,4.9335384,244.33693,8.552958,1.4183512,0.035,0.08700000000000001,0.09377632963600144,6,1.3745362333333337,Medium
34.0,-151.25,-4.6651154,1.3844604,4.8662133,244.33693,8.552958,1.4183512,0.07100000000000001,0.093,0.11700427342623004,6,1.5682657500000006,Medium
34.0,-151.0,-4.5528107,1.3463745,4.7477164,248.70412,8.738993,1.4083414,0.099,0.088,0.13245754036671525,6,1.9579725833333343,Medium
34.0,-150.75,-4.40242,1.4313354,4.629257,248.70412,8.738993,1.4083414,0.107,0.066,0.1257179382586272,6,1.838649620000001,Medium
34.0,-150.5,-4.388748,1.782898,4.73707,251.03224,8.821024,1.4115152,0.088,0.043000000000000003,0.0979438614717635,6,2.104466546666669,Medium
34.0,-150.25,-4.40242,2.1969604,4.920156,251.03224,8.821024,1.4115152,0.044,0.045,0.06293647591023825,6,1.9373782966666677,Medium
34.0,-150.0,-4.4209747,2.548523,5.102939,250.05568,8.7512,1.4359293,-0.004,0.088,0.08809086218218096,6,1.6392798600000038,Medium
34.0,-149.75,-4.586014,2.8082886,5.377547,250.05568,8.7512,1.4359293,-0.041,0.16,0.16516960979550688,6,1.5780046600000015,Medium
34.0,-149.5,-4.9815216,2.9674683,5.7983985,245.27443,8.580545,1.4771891,-0.06,0.224,0.2318965286501719,6,1.759623613333334,Medium
34.0,-149.25,-5.458084,3.182312,6.318053,245.27443,8.580545,1.4771891,-0.064,0.243,0.2512866888635369,6,1.6420387200000006,Medium
34.0,-149.0,-5.7500763,3.0807495,6.5233727,237.78224,8.403543,1.5243082,-0.059000000000000004,0.203,0.2114000946073582,6,1.5609323766666672,Medium
34.0,-148.75,-5.994217,3.019226,6.711659,237.78224,8.403543,1.5243082,-0.049,0.133,0.14173919711921612,6,1.629797773333334,Medium
34.0,-148.5,-6.0684357,2.923523,6.735941,230.80568,8.315897,1.563859,-0.035,0.076,0.0836719785830358,6,1.4095610100000007,Medium
34.0,-148.25,-6.116287,2.862976,6.753192,230.80568,8.315897,1.563859,-0.021,0.062,0.06545991139621257,6,1.38029668,Medium
34.0,-148.0,-6.1514435,2.8131714,6.7641845,224.5088,8.271708,1.598527,-0.013000000000000001,0.076,0.07710382610480494,6,1.3602445766666669,Medium
34.0,-147.75,-6.1934357,2.8034058,6.7983623,224.5088,8.271708,1.598527,-0.013000000000000001,0.089,0.08994442728707544,6,1.3686435766666674,Medium
34.0,-147.5,-6.2432404,2.7926636,6.8393726,219.41505,8.246561,1.6295328,-0.022,0.088,0.09070832376358853,6,1.4809914333333343,Medium
34.0,-147.25,-6.2490997,2.7506714,6.8276963,219.41505,8.246561,1.6295328,-0.039,0.08700000000000001,0.09534149149242423,6,1.5884273566666676,Medium
34.0,-147.0,-6.270584,2.6559448,6.8098655,217.84474,8.26536,1.6500406,-0.058,0.095,0.11130588483993109,6,1.7033213833333345,Medium
34.0,-146.75,-6.373123,2.5143433,6.8511767,217.84474,8.26536,1.6500406,-0.065,0.10400000000000001,0.12264175471673586,6,1.816683683333335,Medium
34.0,-146.5,-6.4326935,2.3619995,6.8526335,219.26662,8.305155,1.6632242,-0.053,0.10200000000000001,0.11494781424629179,6,1.9213798000000015,Medium
34.0,-146.25,-6.522537,2.1940308,6.8816614,219.26662,8.305155,1.6632242,-0.027,0.093,0.09684007434941384,6,1.844704373333335,Medium
34.0,-146.0,-6.5489044,1.9332886,6.8283052,224.70412,8.380594,1.6661539,-0.002,0.091,0.09102197536858887,6,2.591026713333333,Medium
34.0,-145.75,-6.523514,1.6832886,6.7371874,224.70412,8.380594,1.6661539,0.005,0.096,0.09613012014972207,6,2.619831996666666,Medium
34.0,-145.5,-6.447342,1.4469604,6.607716,232.75099,8.482645,1.6632242,-0.001,0.093,0.09300537618869137,6,4.228299433333331,Medium
34.0,-145.25,-6.337967,1.2155151,6.453472,232.75099,8.482645,1.6632242,-0.01,0.079,0.07963039620647382,6,4.9296932833333305,Medium
34.0,-145.0,-6.1377716,1.0065308,6.219754,240.59474,8.578592,1.661027,-0.013000000000000001,0.066,0.06726812023536856,6,4.851043453333333,Medium
34.0,-144.75,-6.0059357,0.81121826,6.0604734,240.59474,8.578592,1.661027,-0.016,0.068,0.06985699678629192,6,4.569727539999999,Medium
34.0,-144.5,-5.9395294,0.64520264,5.9744706,247.00099,8.628153,1.6649332,-0.029,0.077,0.08228000972289685,6,4.8109720966666645,Medium
34.0,-144.25,-5.9170685,0.44989014,5.934147,247.00099,8.628153,1.6649332,-0.05,0.073,0.08848163651289458,6,5.001877998888889,Medium
34.0,-144.0,-5.9658966,0.25946045,5.9715357,252.04005,8.609354,1.6783609,-0.068,0.05,0.08440379138403678,6,4.768407856666667,Medium
34.0,-143.75,-6.069412,0.038757324,6.069536,252.04005,8.609354,1.6783609,-0.075,0.028,0.08005623023850174,6,4.707834143333335,Medium
34.0,-143.5,-6.226639,-0.15362549,6.2285337,257.42288,8.537333,1.7005777,-0.076,0.04,0.08588364221433555,6,4.921064499999997,Medium
34.0,-143.25,-6.397537,-0.3411255,6.4066253,257.42288,8.537333,1.7005777,-0.084,0.092,0.12457929201917949,6,4.823175019999997,Medium
34.0,-143.0,-6.5352325,-0.56085205,6.5592546,265.89163,8.454325,1.7259684,-0.106,0.148,0.18204395073717775,6,4.7949175350000015,Medium
34.0,-142.75,-6.711014,-0.7649536,6.7544694,265.89163,8.454325,1.7259684,-0.14100000000000001,0.155,0.20953758612716716,6,5.045797105000003,Medium
34.0,-142.5,-6.848709,-0.9680786,6.9167905,282.15726,8.369852,1.7540445,-0.171,0.096,0.19610456394485062,6,4.945002075,Medium
34.0,-142.25,-6.9834747,-1.2376099,7.0922914,282.15726,8.369852,1.7540445,-0.182,0.005,0.1820686683644388,6,4.948775528333337,Medium
34.0,-142.0,-7.138748,-1.5130005,7.2973213,309.61038,8.292215,1.7838297,-0.176,-0.064,0.187275198571514,6,4.706994783333336,Medium
34.0,-141.75,-7.306717,-1.8547974,7.5384603,309.61038,8.292215,1.7838297,-0.165,-0.077,0.18208239892971534,6,4.281852750000003,Medium
34.0,-141.5,-7.4190216,-2.1868286,7.734604,334.79788,8.2282505,1.8141031,-0.158,-0.035,0.16183015788165073,6,4.172086069999999,Medium
34.0,-141.25,-7.504959,-2.5081177,7.912968,334.79788,8.2282505,1.8141031,-0.156,0.036000000000000004,0.16009996876951602,6,4.129069538333333,Medium
34.0,-141.0,-7.49617,-2.7815552,7.9955997,349.75882,8.192606,1.8412027,-0.154,0.094,0.18042172818150257,6,4.313665315000001,Medium
34.0,-140.75,-7.494217,-3.0686646,8.098147,349.75882,8.192606,1.8412027,-0.148,0.107,0.18262803727796012,6,3.986113885,Medium
34.0,-140.5,-7.388748,-3.3010864,8.092637,355.27444,8.194315,1.8614664,-0.14200000000000002,0.078,0.1620123452086291,6,3.644736455000001,Medium
34.0,-140.25,-6.987381,-3.3128052,7.732928,355.27444,8.194315,1.8614664,-0.139,0.05,0.14771932845772082,6,3.7098339916666667,Medium
34.0,-140.0,-6.907303,-3.5471802,7.7648773,351.32913,8.278299,1.8629313,-0.145,0.06,0.15692354826475216,6,3.7288556849999988,Medium
34.0,-139.75,-6.429764,-3.6467896,7.391951,351.32913,8.278299,1.8629313,-0.162,0.10400000000000001,0.19250974001333024,6,3.937023021666667,Medium
34.0,-139.5,-6.1094513,-3.810852,7.200555,345.58694,8.398661,1.8514566,-0.185,0.135,0.22901964981197573,6,4.021524665000002,Medium
34.0,-139.25,-5.504959,-3.958313,6.780326,345.58694,8.398661,1.8514566,-0.20400000000000001,0.115,0.23418155350069741,6,4.027431944166668,Medium
34.0,-139.0,-4.987381,-4.2405396,6.5464606,342.98538,8.502909,1.8458414,-0.20800000000000002,0.044,0.21260291625469302,6,4.2709798909444485,Medium
34.0,-138.75,-4.451248,-4.4680786,6.3069277,342.98538,8.502909,1.8458414,-0.196,-0.038,0.19964969321288728,6,4.193875007857144,Medium
34.0,-138.5,-4.46492,-5.031555,6.726965,348.44632,8.473368,1.8680582,-0.177,-0.088,0.1976689151080665,6,4.252250188333337,Medium
34.0,-138.25,-4.6563263,-5.665344,7.333315,348.44632,8.473368,1.8680582,-0.16,-0.088,0.18260339536821324,6,4.061406808333335,Medium
34.0,-138.0,-4.8340607,-6.11261,7.7930827,352.75882,8.449198,1.8895426,-0.153,-0.054,0.16224980739587952,6,4.046258182222223,Medium
34.0,-137.75,-4.8076935,-6.355774,7.969302,352.75882,8.449198,1.8895426,-0.147,-0.024,0.1489462990476769,6,3.9232023333333337,Medium
34.0,-137.5,-4.612381,-6.587219,8.041487,354.45413,8.460428,1.9039469,-0.137,-0.018000000000000002,0.13817742217887843,6,3.807525446666668,Medium
34.0,-137.25,-4.357498,-6.6585083,7.9576077,354.45413,8.460428,1.9039469,-0.123,-0.027,0.12592855117089213,6,3.9204701400000013,Medium
34.0,-137.0,-4.036209,-6.788391,7.897673,355.1807,8.475809,1.9178629,-0.111,-0.036000000000000004,0.11669190203266035,6,3.925485373333335,Medium
34.0,-136.75,-3.739334,-6.960266,7.9011345,355.1807,8.475809,1.9178629,-0.111,-0.033,0.11580155439371269,6,4.2599501233333354,Medium
34.0,-136.5,-3.5381622,-7.1624146,7.9886656,356.88382,8.449198,1.9417887,-0.11900000000000001,-0.036000000000000004,0.12432618388738553,6,4.638512026666667,Medium
34.0,-136.25,-3.24617,-7.219055,7.9153256,356.88382,8.449198,1.9417887,-0.13,-0.059000000000000004,0.14276203977248295,6,4.801513103333334,Medium
34.0,-136.0,-3.1533966,-7.353821,8.001411,359.25882,8.389627,1.9749918,-0.136,-0.091,0.16363679292872982,6,6.361935766666671,Medium
34.0,-135.75,-3.3418732,-7.7024536,8.396184,359.25882,8.389627,1.9749918,-0.136,-0.10200000000000001,0.17,6,6.79389281333334,Medium
34.0,-135.5,-3.4746857,-8.04718,8.765304,2.6338053,8.268045,2.0260172,-0.126,-0.084,0.15143315356948756,6,7.692575713333337,Medium
34.0,-135.25,-3.567459,-8.238586,8.97781,2.6338053,8.268045,2.0260172,-0.11900000000000001,-0.051000000000000004,0.12946814279968646,6,7.764205573333339,Medium
34.0,-135.0,-3.6104279,-8.407532,9.1499605,5.641618,8.146708,2.083146,-0.131,-0.036000000000000004,0.13585654198455074,6,7.097534216666677,Medium
34.0,-134.75,-3.5528107,-8.439758,9.157073,5.641618,8.146708,2.083146,-0.161,-0.049,0.16829141392239833,6,7.061123943333344,Medium
34.0,-134.5,-3.6045685,-8.666321,9.386055,8.204118,8.032206,2.149064,-0.209,-0.067,0.2194766502386985,6,8.640780759999998,Medium
34.0,-134.25,-3.5996857,-8.883118,9.584755,8.204118,8.032206,2.149064,-0.242,-0.068,0.25137223394798397,6,9.802331623333329,Medium
34.0,-134.0,-3.5127716,-9.0755005,9.731612,9.99318,7.9103794,2.2267008,-0.243,-0.054,0.24892770034690795,6,3.207728336666671,Medium
34.0,-133.75,-3.378006,-9.255188,9.852383,9.99318,7.9103794,2.2267008,-0.202,-0.05,0.20809613163151305,6,3.272402713333337,Medium
34.0,-133.5,-3.253006,-9.39093,9.938391,10.891618,7.8061314,2.3097086,-0.151,-0.063,0.16361540269791228,6,3.878046740000003,Medium
34.0,-133.25,-3.12117,-9.489563,9.98967,10.891618,7.8061314,2.3097086,-0.115,-0.074,0.13675159962501351,6,3.4468007666666667,Medium
34.0,-133.0,-3.0283966,-9.596008,10.062532,11.14943,7.729227,2.3949137,-0.114,-0.065,0.13122880781291887,6,2.21361801333333,Medium
34.0,-132.75,-2.9209747,-9.729797,10.158792,11.14943,7.729227,2.3949137,-0.135,-0.04,0.14080127840328724,6,2.2189735499999985,Medium
34.0,-132.5,-2.8135529,-9.842102,10.23636,10.61818,7.6867466,2.4644938,-0.159,-0.022,0.16051479682571324,6,2.4257579600000003,Medium
34.0,-132.25,-2.6543732,-9.971008,10.318271,10.61818,7.6867466,2.4644938,-0.167,-0.028,0.16933103672983285,6,2.6914598699999996,Medium
34.0,-132.0,-2.4698029,-10.102844,10.400355,9.657243,7.673563,2.5213785,-0.156,-0.048,0.1632176461048253,6,3.8818048299999997,Medium
34.0,-131.75,-2.2803497,-10.243469,10.494221,9.657243,7.673563,2.5213785,-0.138,-0.061,0.15088074761214568,6,3.760252886666665,Medium
34.0,-131.5,-2.074295,-10.418274,10.622765,8.485368,7.672098,2.579484,-0.11800000000000001,-0.065,0.13471822445385778,6,3.9840436733333306,Medium
34.0,-131.25,-1.8164825,-10.569641,10.724594,8.485368,7.672098,2.579484,-0.098,-0.076,0.12401612798341997,6,3.93051037333333,Medium
34.0,-131.0,-1.5362091,-10.67804,10.787978,7.2275553,7.6899204,2.6375895,-0.08700000000000001,-0.107,0.13790576492663387,6,3.4057337033333357,Medium
34.0,-130.75,-1.2979279,-10.762024,10.840008,7.2275553,7.6899204,2.6375895,-0.084,-0.153,0.17454225849346627,6,5.571705013333328,Medium
34.0,-130.5,-1.0694122,-10.815735,10.868476,6.3213053,7.7682896,2.688859,-0.091,-0.194,0.21428252378577214,6,7.308869666666662,Medium
34.0,-130.25,-0.8360138,-10.961243,10.993078,6.3213053,7.7682896,2.688859,-0.105,-0.223,0.246483265152018,6,7.326753386666663,Medium
34.25,-156.25,-3.3946075,4.4108276,5.5658565,231.36037,8.505838,1.4730387,0.059000000000000004,0.139,0.15100331122197289,6,1.938654856666667,Medium
34.25,-156.0,-3.5508575,4.5358276,5.76041,229.71193,8.326883,1.4764566,0.058,0.139,0.1506154042586614,6,1.8617097200000017,Medium
34.25,-155.75,-3.668045,4.619812,5.8989167,229.71193,8.326883,1.4764566,0.054,0.115,0.12704723531033643,6,1.772965693333335,Medium
34.25,-155.5,-3.7588654,4.6237183,5.9588456,229.09474,8.174295,1.4725504,0.046,0.08700000000000001,0.09841239759298623,6,1.7939404433333357,Medium
34.25,-155.25,-3.8369904,4.548523,5.950761,229.09474,8.174295,1.4725504,0.037,0.076,0.08452810183601664,6,1.7047381800000032,Medium
34.25,-155.0,-3.8926544,4.4557495,5.916626,230.3213,8.0859165,1.4610758,0.031,0.084,0.08953770155638349,6,1.693495580000003,Medium
34.25,-154.75,-3.9483185,4.329773,5.859706,230.3213,8.0859165,1.4610758,0.029,0.092,0.09646242791885346,6,1.6530255000000023,Medium
34.25,-154.5,-4.039139,4.1452026,5.787689,232.17287,8.040995,1.449357,0.026000000000000002,0.089,0.09272000862812729,6,1.7407054766666692,Medium
34.25,-154.25,-4.172928,3.9127808,5.7204175,232.17287,8.040995,1.449357,0.024,0.083,0.0864002314811714,6,1.7849191933333353,Medium
34.25,-154.0,-4.373123,3.736023,5.751702,233.81349,8.031229,1.440568,0.025,0.092,0.09533624704172071,6,1.7017685866666692,Medium
34.25,-153.75,-4.5459747,3.635437,5.8208494,233.81349,8.031229,1.440568,0.026000000000000002,0.123,0.1257179382586272,6,1.5568322766666685,Medium
34.25,-153.5,-4.6582794,3.5778198,5.873701,234.68849,8.043192,1.4376383,0.023,0.158,0.15966527487215246,6,1.1446175666666674,Medium
34.25,-153.25,-4.7022247,3.5914917,5.916902,234.68849,8.043192,1.4376383,0.012,0.178,0.17840403582878947,6,1.1261087833333343,Medium
34.25,-153.0,-4.7276154,3.5377808,5.904764,235.0088,8.072977,1.4393473,-0.004,0.17500000000000002,0.17504570831642804,6,1.1542871166666675,Medium
34.25,-152.75,-4.6377716,3.1217651,5.5905585,235.0088,8.072977,1.4393473,-0.014,0.153,0.15363918770938617,6,1.387501510000001,Medium
34.25,-152.5,-4.511795,2.5602417,5.187594,236.73537,8.182596,1.4366617,-0.012,0.11900000000000001,0.11960351165413163,6,1.4655766066666684,Medium
34.25,-152.25,-4.4326935,1.9928589,4.860068,236.73537,8.182596,1.4366617,0.0,0.084,0.084,6,1.5321756733333354,Medium
34.25,-152.0,-4.5059357,1.6090698,4.784617,239.61037,8.3376255,1.4312906,0.02,0.059000000000000004,0.06229767250869009,6,1.654666133333335,Medium
34.25,-151.75,-4.494217,1.345398,4.691277,239.61037,8.3376255,1.4312906,0.044,0.044,0.06222539674441618,6,1.9027722300000012,Medium
34.25,-151.5,-4.4834747,1.2340698,4.6502123,244.33693,8.552958,1.4183512,0.068,0.042,0.07992496481075234,6,1.9771239100000024,Medium
34.25,-151.25,-4.411209,1.1920776,4.5694437,244.33693,8.552958,1.4183512,0.089,0.053,0.10358571330062848,6,1.9489647700000003,Medium
34.25,-151.0,-4.2783966,1.1764526,4.437197,248.70412,8.738993,1.4083414,0.101,0.066,0.12065239326262867,6,1.7688264500000006,Medium
34.25,-150.75,-4.1201935,1.2243042,4.2982454,248.70412,8.738993,1.4083414,0.096,0.074,0.12121056059601408,6,4.108651796666673,Medium
34.25,-150.5,-4.1114044,1.5368042,4.3892384,251.03224,8.821024,1.4115152,0.069,0.082,0.10716809226630845,6,1.7540917366666682,Medium
34.25,-150.25,-4.1338654,1.8180542,4.51599,251.03224,8.821024,1.4115152,0.028,0.1,0.10384603988597736,6,1.6017617933333352,Medium
34.25,-150.0,-4.1865997,2.119812,4.692677,250.05568,8.7512,1.4359293,-0.013000000000000001,0.136,0.13661991070118587,6,1.619635616666669,Medium
34.25,-149.75,-4.2989044,2.3893433,4.9182863,250.05568,8.7512,1.4359293,-0.038,0.182,0.1859247159470736,6,1.532909906666669,Medium
34.25,-149.5,-4.6533966,2.6715698,5.3657603,245.27443,8.580545,1.4771891,-0.038,0.219,0.22227235545609356,6,1.5919234066666674,Medium
34.25,-149.25,-5.056717,2.9127808,5.835639,245.27443,8.580545,1.4771891,-0.019,0.222,0.22281157959136685,6,1.3755552900000012,Medium
34.25,-149.0,-5.422928,3.1207886,6.256794,237.78224,8.403543,1.5243082,0.004,0.182,0.18204395073717775,6,1.3091479200000007,Medium
34.25,-148.75,-5.6338654,3.1852417,6.4719553,237.78224,8.403543,1.5243082,0.02,0.116,0.11771151175649729,6,1.3621803333333338,Medium
34.25,-148.5,-5.719803,3.0993042,6.505523,230.80568,8.315897,1.563859,0.027,0.063,0.06854195795277518,6,1.446377946666666,Medium
34.25,-148.25,-5.784256,3.0651245,6.5461903,230.80568,8.315897,1.563859,0.03,0.051000000000000004,0.059169248769948064,6,1.413963653333333,Medium
34.25,-148.0,-5.8428497,3.034851,6.584012,224.5088,8.271708,1.598527,0.029,0.07100000000000001,0.07669419795525605,6,1.3569776266666667,Medium
34.25,-147.75,-5.90242,2.994812,6.6187205,224.5088,8.271708,1.598527,0.022,0.093,0.09556673061269806,6,1.298327606666667,Medium
34.25,-147.5,-5.962967,2.9694214,6.661414,219.41505,8.246561,1.6295328,0.008,0.101,0.10131633629380803,6,1.359426146666667,Medium
34.25,-147.25,-6.0088654,2.9362183,6.6878877,219.41505,8.246561,1.6295328,-0.01,0.10300000000000001,0.10348429832588131,6,1.379537290000001,Medium
34.25,-147.0,-6.131912,2.831726,6.7541857,217.84474,8.26536,1.6500406,-0.024,0.105,0.10770793842609744,6,1.4418650500000012,Medium
34.25,-146.75,-6.291092,2.7106323,6.850209,217.84474,8.26536,1.6500406,-0.03,0.099,0.10344563789740001,6,1.5705235733333345,Medium
34.25,-146.5,-6.416092,2.5377808,6.899751,219.26662,8.305155,1.6632242,-0.026000000000000002,0.08,0.08411896337925237,6,1.8782819433333353,Medium
34.25,-146.25,-6.529373,2.3512573,6.9398217,219.26662,8.305155,1.6632242,-0.016,0.066,0.06791170738539859,6,1.8899655466666687,Medium
34.25,-146.0,-6.601639,2.1100464,6.9306517,224.70412,8.380594,1.6661539,-0.007,0.075,0.07532595834106594,6,2.6529619033333325,Medium
34.25,-145.75,-6.617264,1.8746948,6.877693,224.70412,8.380594,1.6661539,-0.01,0.098,0.09850888284819802,6,2.649134169999998,Medium
34.25,-145.5,-6.541092,1.6481323,6.7455335,232.75099,8.482645,1.6632242,-0.027,0.108,0.11132385189167683,6,4.159843750000001,Medium
34.25,-145.25,-6.409256,1.4313354,6.567137,232.75099,8.482645,1.6632242,-0.05,0.092,0.1047091209016674,6,4.813318312222219,Medium
34.25,-145.0,-6.2364044,1.2555542,6.361537,240.59474,8.578592,1.661027,-0.067,0.069,0.09617692030835673,6,4.783499623333332,Medium
34.25,-144.75,-6.12117,1.057312,6.211814,240.59474,8.578592,1.661027,-0.069,0.067,0.09617692030835673,6,4.347143479999999,Medium
34.25,-144.5,-6.049881,0.8590698,6.1105695,247.00099,8.628153,1.6649332,-0.064,0.081,0.10323274674249446,6,4.598800906666666,Medium
34.25,-144.25,-6.0352325,0.65301514,6.070458,247.00099,8.628153,1.6649332,-0.062,0.084,0.1044030650891055,6,4.84218512,Medium
34.25,-144.0,-6.087967,0.447937,6.104424,252.04005,8.609354,1.6783609,-0.069,0.058,0.09013878188659974,6,4.720094286666666,Medium
34.25,-143.75,-6.197342,0.23797607,6.2019095,252.04005,8.609354,1.6783609,-0.082,0.029,0.08697700845625814,6,4.6842514,Medium
34.25,-143.5,-6.3438263,0.047546387,6.3440046,257.42288,8.537333,1.7005777,-0.098,0.04,0.10584894897919395,6,4.835741609999999,Medium
34.25,-143.25,-6.466873,-0.19659424,6.469861,257.42288,8.537333,1.7005777,-0.112,0.101,0.15081445554057477,6,4.819249336666665,Medium
34.25,-143.0,-6.5752716,-0.44561768,6.5903544,265.89163,8.454325,1.7259684,-0.126,0.166,0.2084034548657963,6,4.783395355,Medium
34.25,-142.75,-6.716873,-0.69073486,6.752296,265.89163,8.454325,1.7259684,-0.14,0.17400000000000002,0.22332935319836486,6,5.0485899816666695,Medium
34.25,-142.5,-6.824295,-0.94073486,6.8888307,282.15726,8.369852,1.7540445,-0.15,0.105,0.18309833423600555,6,4.7945718316666674,Medium
34.25,-142.25,-6.926834,-1.2434692,7.0375595,282.15726,8.369852,1.7540445,-0.155,0.0,0.155,6,4.926975408333336,Medium
34.25,-142.0,-7.065506,-1.5637817,7.23649,309.61038,8.292215,1.7838297,-0.159,-0.074,0.17537673733993342,6,4.7223921200000065,Medium
34.25,-141.75,-7.1895294,-1.9299927,7.444072,309.61038,8.292215,1.7838297,-0.169,-0.082,0.18784301956687133,6,4.5942551633333375,Medium
34.25,-141.5,-7.239334,-2.241516,7.5784135,334.79788,8.2282505,1.8141031,-0.18,-0.037,0.18376343488300387,6,4.184265306666667,Medium
34.25,-141.25,-7.201248,-2.4729614,7.614034,334.79788,8.2282505,1.8141031,-0.181,0.026000000000000002,0.1828578683021324,6,4.117168555000001,Medium
34.25,-141.0,-7.0928497,-2.6712036,7.579172,349.75882,8.192606,1.8412027,-0.167,0.07200000000000001,0.18185983613761453,6,4.373954498333333,Medium
34.25,-140.75,-6.9278107,-2.8499146,7.4911,349.75882,8.192606,1.8412027,-0.145,0.083,0.1670748335327616,6,4.358795571666665,Medium
34.25,-140.5,-6.6895294,-2.9866333,7.3259664,355.27444,8.194315,1.8614664,-0.13,0.066,0.14579437574886078,6,4.503070318333332,Medium
34.25,-140.25,-6.1690216,-2.9622192,6.8433595,355.27444,8.194315,1.8614664,-0.132,0.053,0.14224275025462635,6,4.34633968166667,Medium
34.25,-140.0,-5.6182404,-3.0647583,6.399794,351.32913,8.278299,1.8629313,-0.145,0.07100000000000001,0.16144968256394931,6,4.469623257500004,Medium
34.25,-139.75,-5.070389,-3.1878052,5.989236,351.32913,8.278299,1.8629313,-0.153,0.112,0.18961276328348786,6,4.137315408888893,Medium
34.25,-139.5,-4.678787,-3.429016,5.800793,345.58694,8.398661,1.8514566,-0.145,0.133,0.1967587355112855,6,4.19994977888889,Medium
34.25,-139.25,-4.185623,-3.7229614,5.601775,345.58694,8.398661,1.8514566,-0.123,0.101,0.15915401345866212,6,4.1372611933333365,Medium
34.25,-139.0,-3.8115997,-4.036438,5.5516777,342.98538,8.502909,1.8458414,-0.10200000000000001,0.024,0.10478549517943789,6,4.038980222857148,Medium
34.25,-138.75,-3.5508575,-4.39386,5.6493,342.98538,8.502909,1.8458414,-0.091,-0.059000000000000004,0.10845275469069471,6,3.808772508333336,Medium
34.25,-138.5,-3.6016388,-4.904602,6.0849752,348.44632,8.473368,1.8680582,-0.092,-0.105,0.13960300856356928,6,3.7270603833333342,Medium
34.25,-138.25,-3.9590607,-5.5891724,6.849307,348.44632,8.473368,1.8680582,-0.096,-0.101,0.13934489585198306,6,3.9817753699999994,Medium
34.25,-138.0,-4.30867,-6.0930786,7.4625897,352.75882,8.449198,1.8895426,-0.095,-0.066,0.11567627241573789,6,3.895650194999998,Medium
34.25,-137.75,-4.350662,-6.2854614,7.6442976,352.75882,8.449198,1.8895426,-0.088,-0.039,0.0962548700066651,6,4.021187849999999,Medium
34.25,-137.5,-4.1739044,-6.3294067,7.5817456,354.45413,8.460428,1.9039469,-0.082,-0.032,0.08802272433866155,6,4.2475844700000005,Medium
34.25,-137.25,-3.9287872,-6.3811646,7.4936395,354.45413,8.460428,1.9039469,-0.081,-0.037,0.08905054744357274,6,4.4990255633333325,Medium
34.25,-137.0,-3.6172638,-6.51593,7.4526467,355.1807,8.475809,1.9178629,-0.09,-0.032,0.09551963149007643,6,4.080342612333336,Medium
34.25,-136.75,-3.456131,-6.837219,7.661097,355.1807,8.475809,1.9178629,-0.111,-0.014,0.11187939935484102,6,4.012793626666671,Medium
34.25,-136.5,-3.3389435,-7.087219,7.8343616,356.88382,8.449198,1.9417887,-0.136,-0.011,0.136444127759314,6,4.769380403333334,Medium
34.25,-136.25,-3.2715607,-7.281555,7.982741,356.88382,8.449198,1.9417887,-0.161,-0.037,0.16519685227025363,6,4.723985846666669,Medium
34.25,-136.0,-3.2989044,-7.491516,8.185694,359.25882,8.389627,1.9749918,-0.183,-0.079,0.19932385707686875,6,6.951267773333336,Medium
34.25,-135.75,-3.5508575,-7.8411255,8.607662,359.25882,8.389627,1.9749918,-0.191,-0.11,0.22041097976280583,6,6.965598160000004,Medium
34.25,-135.5,-3.7481232,-8.1067505,8.931284,2.6338053,8.268045,2.0260172,-0.185,-0.101,0.21077476129745706,6,7.777906873333332,Medium
34.25,-135.25,-3.761795,-8.201477,9.023045,2.6338053,8.268045,2.0260172,-0.17,-0.063,0.1812980970666819,6,7.721804240000004,Medium
34.25,-135.0,-3.7032013,-8.269836,9.06112,5.641618,8.146708,2.083146,-0.164,-0.026000000000000002,0.16604818577750255,6,6.8845109900000105,Medium
34.25,-134.75,-3.6104279,-8.290344,9.042399,5.641618,8.146708,2.083146,-0.17,-0.014,0.1705754964817632,6,6.85499134000001,Medium
34.25,-134.5,-3.6573029,-8.510071,9.262676,8.204118,8.032206,2.149064,-0.196,-0.025,0.19758795509848268,6,8.450423773333332,Medium
34.25,-134.25,-3.62117,-8.708313,9.431203,8.204118,8.032206,2.149064,-0.218,-0.047,0.22300896842952303,6,9.635177076666661,Medium
34.25,-134.0,-3.5528107,-8.95636,9.635292,9.99318,7.9103794,2.2267008,-0.224,-0.075,0.23622235287965448,6,3.0894586333333356,Medium
34.25,-133.75,-3.4698029,-9.191711,9.82482,9.99318,7.9103794,2.2267008,-0.201,-0.10200000000000001,0.22539964507514204,6,3.218764436666669,Medium
34.25,-133.5,-3.3526154,-9.361633,9.943852,10.891618,7.8061314,2.3097086,-0.165,-0.114,0.20055173896029924,6,3.978842436666667,Medium
34.25,-133.25,-3.1914825,-9.452454,9.976695,10.891618,7.8061314,2.3097086,-0.136,-0.094,0.16532392446346053,6,3.761370289999999,Medium
34.25,-133.0,-3.1133575,-9.628235,10.119085,11.14943,7.729227,2.3949137,-0.129,-0.047,0.1372953021774598,6,2.220864196666664,Medium
34.25,-132.75,-3.0127716,-9.791321,10.244352,11.14943,7.729227,2.3949137,-0.14200000000000002,-0.005,0.1420880009008502,6,2.3074280666666653,Medium
34.25,-132.5,-2.846756,-9.871399,10.273682,10.61818,7.6867466,2.4644938,-0.161,0.005,0.16107762104029227,6,2.4383203633333346,Medium
34.25,-132.25,-2.6582794,-9.991516,10.339093,10.61818,7.6867466,2.4644938,-0.17200000000000001,-0.021,0.17327723451163457,6,2.7973697266666666,Medium
34.25,-132.0,-2.4532013,-10.073547,10.367958,9.657243,7.673563,2.5213785,-0.17,-0.059000000000000004,0.17994721448246986,6,4.0139724999999995,Medium
34.25,-131.75,-2.253006,-10.258118,10.50262,9.657243,7.673563,2.5213785,-0.156,-0.083,0.17670597047072292,6,3.621479883333332,Medium
34.25,-131.5,-2.0323029,-10.436829,10.632857,8.485368,7.672098,2.579484,-0.134,-0.089,0.16086329600005095,6,3.8126688899999985,Medium
34.25,-131.25,-1.7647247,-10.635071,10.780491,8.485368,7.672098,2.579484,-0.113,-0.094,0.1469863939281456,6,3.9772516966666647,Medium
34.25,-131.0,-1.52742,-10.804016,10.911451,7.2275553,7.6899204,2.6375895,-0.099,-0.113,0.15023315213360863,6,5.632214309999994,Medium
34.25,-130.75,-1.3037872,-10.937805,11.015237,7.2275553,7.6899204,2.6375895,-0.1,-0.14100000000000001,0.17286121600868137,6,5.571016809999995,Medium
34.25,-130.5,-1.0489044,-10.995422,11.045339,6.3213053,7.7682896,2.688859,-0.107,-0.17500000000000002,0.2051194773784294,6,7.041654216666661,Medium
34.25,-130.25,-0.79011536,-11.162415,11.190343,6.3213053,7.7682896,2.688859,-0.112,-0.213,0.24065119987234637,6,7.326753386666663,Medium
34.5,-156.25,-3.2832794,4.41864,5.5049343,238.36818,8.654032,1.447648,0.001,0.136,0.1360036764208968,6,1.8359941766666676,Medium
34.5,-156.0,-3.4365997,4.4869995,5.651848,237.76662,8.49412,1.4456949,0.007,0.134,0.13418271125595876,6,1.8325833800000009,Medium
34.5,-155.75,-3.5196075,4.5114136,5.7219305,237.76662,8.49412,1.4456949,0.01,0.115,0.11543396380615195,6,1.8231452833333353,Medium
34.5,-155.5,-3.5752716,4.5182495,5.7616963,238.48537,8.371561,1.4361734,0.007,0.09,0.09027181176868004,6,1.7594736266666688,Medium
34.5,-155.25,-3.5996857,4.4762573,5.7440944,238.48537,8.371561,1.4361734,0.003,0.076,0.07605918747922567,6,1.8096380000000025,Medium
34.5,-155.0,-3.6621857,4.3727417,5.7037244,240.46193,8.303446,1.4242105,0.003,0.078,0.07805767098754612,6,1.7675881466666692,Medium
34.5,-154.75,-3.7256622,4.2438354,5.647185,240.46193,8.303446,1.4242105,0.007,0.085,0.0852877482408816,6,1.7528337066666682,Medium
34.5,-154.5,-3.8516388,4.0963745,5.622758,242.06349,8.245096,1.4161539,0.011,0.085,0.08570880934886449,6,1.7285716900000019,Medium
34.5,-154.25,-4.0244904,3.9157104,5.6150966,242.06349,8.245096,1.4161539,0.011,0.082,0.08273451516749222,6,1.691932683333337,Medium
34.5,-154.0,-4.2383575,3.7643433,5.668682,242.97755,8.200418,1.4127359,0.012,0.092,0.09277930803794561,6,1.6526548800000023,Medium
34.5,-153.75,-4.413162,3.6774292,5.7445183,242.97755,8.200418,1.4127359,0.015,0.121,0.1219262071910711,6,1.5650542566666683,Medium
34.5,-153.5,-4.5215607,3.6246948,5.7950773,243.8838,8.199198,1.4105387,0.021,0.159,0.16038079685548393,6,1.4095165366666675,Medium
34.5,-153.25,-4.587967,3.5387573,5.794156,243.8838,8.199198,1.4105387,0.026000000000000002,0.183,0.18483776670366908,6,1.3700540600000006,Medium
34.5,-153.0,-4.610428,3.4342651,5.748932,245.29787,8.261942,1.407609,0.029,0.179,0.1813339460773961,6,1.303439993333334,Medium
34.5,-152.75,-4.547928,2.992859,5.444341,245.29787,8.261942,1.407609,0.032,0.148,0.1514199458459816,6,1.3040037433333342,Medium
34.5,-152.5,-4.473709,2.4694214,5.1100016,248.01662,8.418924,1.3988199,0.04,0.10400000000000001,0.11142710621747297,6,1.5528623000000015,Medium
34.5,-152.25,-4.397537,1.9049683,4.7924147,248.01662,8.418924,1.3988199,0.05,0.063,0.08043009387039157,6,1.7921779933333342,Medium
34.5,-152.0,-4.3721466,1.4518433,4.606899,250.97755,8.605204,1.390275,0.06,0.034,0.06896375859826667,6,1.9105316933333347,Medium
34.5,-151.75,-4.3545685,1.2858276,4.5404425,250.97755,8.605204,1.390275,0.07,0.02,0.07280109889280519,6,1.9024709000000015,Medium
34.5,-151.5,-4.3057404,1.213562,4.473492,253.96974,8.785624,1.3836832,0.076,0.021,0.07884795495128584,6,1.8544221400000012,Medium
34.5,-151.25,-4.1582794,1.2243042,4.3347673,253.96974,8.785624,1.3836832,0.077,0.039,0.08631338250816034,6,4.07881601333334,Medium
34.5,-151.0,-4.007889,1.2438354,4.1964626,256.39163,8.916727,1.3822184,0.068,0.068,0.09616652224137047,6,2.6498372333333333,Medium
34.5,-150.75,-3.940506,1.3346558,4.1603956,256.39163,8.916727,1.3822184,0.048,0.095,0.1064377752492037,6,2.580606320000001,Medium
34.5,-150.5,-4.0782013,1.5055542,4.347231,257.58694,8.955057,1.390275,0.021,0.117,0.1188696765369537,6,2.766483646666667,Medium
34.5,-150.25,-4.1446075,1.7155151,4.4856176,257.58694,8.955057,1.390275,-0.006,0.139,0.13912943613772036,6,1.6793441900000021,Medium
34.5,-150.0,-4.2832794,1.8981323,4.6850176,257.36038,8.900858,1.4102945,-0.024,0.163,0.1647573974060042,6,1.5291205700000015,Medium
34.5,-149.75,-4.429764,2.019226,4.868273,257.36038,8.900858,1.4102945,-0.027,0.184,0.1859704277566732,6,1.485702640000002,Medium
34.5,-149.5,-4.6240997,2.2496948,5.142317,255.72755,8.81785,1.4361734,-0.013000000000000001,0.195,0.19543285291884782,6,1.4295245833333357,Medium
34.5,-149.25,-4.711014,2.3883667,5.281851,255.72755,8.81785,1.4361734,0.014,0.185,0.18552897347853786,6,1.2975727000000015,Medium
34.5,-149.0,-5.0440216,2.7164917,5.7290034,253.23537,8.7734165,1.4610758,0.041,0.149,0.15453802121160992,6,1.5768340233333336,Medium
34.5,-148.75,-5.1582794,2.8668823,5.9014287,253.23537,8.7734165,1.4610758,0.061,0.096,0.11374093370462544,6,1.6858696433333336,Medium
34.5,-148.5,-5.086014,3.0514526,5.9311805,250.20412,8.763895,1.4845133,0.07200000000000001,0.051000000000000004,0.08823264701911647,6,1.8031576233333333,Medium
34.5,-148.25,-5.141678,3.0631714,5.9849706,250.20412,8.763895,1.4845133,0.079,0.042,0.08947066558375433,6,1.8451007366666659,Medium
34.5,-148.0,-5.2178497,3.111023,6.0749006,246.50099,8.721903,1.515275,0.079,0.07,0.10555093557141026,6,1.8504947233333333,Medium
34.5,-147.75,-5.3721466,3.0993042,6.202068,246.50099,8.721903,1.515275,0.07,0.10300000000000001,0.12453513560437472,6,1.739469346666666,Medium
34.5,-147.5,-5.466873,3.050476,6.2603602,241.18849,8.61619,1.5560465,0.053,0.11800000000000001,0.1293560976529518,6,1.7559591899999991,Medium
34.5,-147.25,-5.674881,2.977234,6.4084473,241.18849,8.61619,1.5560465,0.037,0.116,0.12175795661885921,6,1.4656981600000005,Medium
34.5,-147.0,-5.8233185,2.8815308,6.49725,235.41505,8.505594,1.5995035,0.028,0.108,0.11157060544785082,6,1.5151842866666667,Medium
34.5,-146.75,-6.0420685,2.776062,6.649294,235.41505,8.505594,1.5995035,0.022,0.095,0.09751410154434076,6,1.657771523333334,Medium
34.5,-146.5,-6.221756,2.6725464,6.7714663,230.96193,8.43284,1.6363688,0.015,0.074,0.07550496672405067,6,1.8519199600000016,Medium
34.5,-146.25,-6.364334,2.4782104,6.829808,230.96193,8.43284,1.6363688,0.007,0.059000000000000004,0.059413803110051795,6,2.012421546666667,Medium
34.5,-146.0,-6.492264,2.282898,6.8819413,230.96193,8.447489,1.6554117,0.0,0.073,0.073,6,2.7167782999999988,Medium
34.5,-145.75,-6.569412,2.0670776,6.886943,230.96193,8.447489,1.6554117,-0.009000000000000001,0.111,0.11136426715962351,6,2.7060306699999988,Medium
34.5,-145.5,-6.5127716,1.8502808,6.7705045,233.96974,8.497293,1.6644449,-0.028,0.136,0.13885243966167826,6,4.210270066666667,Medium
34.5,-145.25,-6.4483185,1.666687,6.6602297,233.96974,8.497293,1.6644449,-0.057,0.12,0.13284953895290716,6,4.849173556666668,Medium
34.5,-145.0,-6.279373,1.4977417,6.455521,239.10255,8.5702915,1.668107,-0.078,0.08,0.11173182178770738,6,4.756400286666664,Medium
34.5,-144.75,-6.1826935,1.3043823,6.3187904,239.10255,8.5702915,1.668107,-0.078,0.055,0.09544108130150245,6,4.481985953333332,Medium
34.5,-144.5,-6.131912,1.1100464,6.231577,244.14162,8.614725,1.6742105,-0.059000000000000004,0.059000000000000004,0.08343860018001262,6,4.7346343666666675,Medium
34.5,-144.25,-6.1338654,0.91082764,6.201122,244.14162,8.614725,1.6742105,-0.041,0.07200000000000001,0.08285529554590944,6,4.920131906666667,Medium
34.5,-144.0,-6.2002716,0.6744995,6.236851,248.50099,8.607401,1.6866617,-0.041,0.065,0.0768505042273634,6,4.908441116666667,Medium
34.5,-143.75,-6.27742,0.4508667,6.2935905,248.50099,8.607401,1.6866617,-0.062,0.049,0.0790253124005214,6,5.001237143333335,Medium
34.5,-143.5,-6.382889,0.20379639,6.3861413,253.18068,8.576639,1.7013102,-0.092,0.057,0.1082266141020775,6,4.784519763333334,Medium
34.5,-143.25,-6.4590607,-0.094055176,6.4597454,253.18068,8.576639,1.7013102,-0.114,0.106,0.15566630977832038,6,4.802288609999999,Medium
34.5,-143.0,-6.5440216,-0.364563,6.5541687,259.21976,8.554422,1.7137613,-0.121,0.165,0.204611827615121,6,4.77567216,Medium
34.5,-142.75,-6.638748,-0.65167236,6.670656,259.21976,8.554422,1.7137613,-0.122,0.17200000000000001,0.21087437018281763,6,5.197375183333337,Medium
34.5,-142.5,-6.6807404,-1.0100708,6.7566657,266.50882,8.550516,1.7240152,-0.127,0.105,0.1647847080283847,6,5.209244506666668,Medium
34.5,-142.25,-6.754959,-1.3274536,6.884156,266.50882,8.550516,1.7240152,-0.14100000000000001,0.005,0.14108862463005303,6,4.9097121433333335,Medium
34.5,-142.0,-6.83992,-1.6380005,7.033317,275.0557,8.552958,1.7352457,-0.159,-0.064,0.17139719951037707,6,5.1100692450000045,Medium
34.5,-141.75,-6.836014,-1.9456177,7.1074967,275.0557,8.552958,1.7352457,-0.177,-0.07200000000000001,0.19108375127153013,6,5.012066768333339,Medium
34.5,-141.5,-6.791092,-2.2005005,7.1387067,284.126,8.584208,1.7435465,-0.185,-0.036000000000000004,0.18847015678881365,6,4.811514315000003,Medium
34.5,-141.25,-6.601639,-2.3753052,7.015961,284.126,8.584208,1.7435465,-0.178,0.007,0.17813758727455584,6,4.771594320000003,Medium
34.5,-141.0,-6.3926544,-2.4944458,6.862091,290.76663,8.639383,1.7491617,-0.155,0.036000000000000004,0.15912573644762812,6,4.761535183333336,Medium
34.5,-140.75,-6.0821075,-2.5579224,6.5981054,290.76663,8.639383,1.7491617,-0.127,0.047,0.13541787178950937,6,4.430560890000003,Medium
34.5,-140.5,-5.779373,-2.8469849,6.442552,293.97757,8.754862,1.746232,-0.11,0.05,0.12083045973594572,6,4.058050436666667,Medium
34.5,-140.25,-5.301834,-3.0081177,6.095754,293.97757,8.754862,1.746232,-0.108,0.058,0.12258874336577563,6,4.02354735888889,Medium
34.5,-140.0,-4.799881,-3.257141,5.8006744,293.001,8.956278,1.728898,-0.114,0.077,0.13756816492197604,6,4.078807025555557,Medium
34.5,-139.75,-4.163162,-3.4143677,5.38422,293.001,8.956278,1.728898,-0.109,0.094,0.14393401265857908,6,4.284228910000003,Medium
34.5,-139.5,-3.7207794,-3.683899,5.2359633,293.53226,9.106424,1.7176676,-0.081,0.091,0.12182774724995944,6,4.279298886666671,Medium
34.5,-139.25,-3.3057404,-3.804016,5.039688,293.53226,9.106424,1.7176676,-0.042,0.056,0.07,6,4.629708310000006,Medium
34.5,-139.0,-3.025467,-4.11261,5.105586,296.94632,9.175028,1.7188883,-0.018000000000000002,0.001,0.01802775637731995,6,6.29211648,Medium
34.5,-138.75,-2.7969513,-4.4104614,5.2225575,296.94632,9.175028,1.7188883,-0.024,-0.054,0.059093146810776626,6,4.5590001350000025,Medium
34.5,-138.5,-2.7959747,-4.6174927,5.398029,303.1885,9.179422,1.7320719,-0.051000000000000004,-0.08700000000000001,0.10084641788382967,6,4.4567560305555585,Medium
34.5,-138.25,-3.0713654,-5.0911255,5.9458256,303.1885,9.179422,1.7320719,-0.078,-0.092,0.12061509026651682,6,3.7348072383333366,Medium
34.5,-138.0,-3.504959,-5.574524,6.584835,311.21976,9.131083,1.7538004,-0.088,-0.076,0.11627553482998906,6,3.7719855183333357,Medium
34.5,-137.75,-3.6602325,-5.739563,6.8073406,311.21976,9.131083,1.7538004,-0.081,-0.057,0.09904544411531506,6,3.8130099983333334,Medium
34.5,-137.5,-3.5537872,-5.7512817,6.7606688,321.3057,9.023172,1.7845621,-0.07200000000000001,-0.044,0.08438009243891595,6,3.8084607383333355,Medium
34.5,-137.25,-3.5596466,-6.123352,7.0828333,321.3057,9.023172,1.7845621,-0.075,-0.03,0.08077747210701756,6,3.6878923450000016,Medium
34.5,-137.0,-3.409256,-6.4700317,7.3132987,331.82913,8.880838,1.8228922,-0.093,-0.005,0.09313431161500041,6,3.8089627223333338,Medium
34.5,-136.75,-3.3750763,-6.9280396,7.7064176,331.82913,8.880838,1.8228922,-0.11800000000000001,0.02,0.11968291440301745,6,3.8344020366666722,Medium
34.5,-136.5,-3.4258575,-7.227844,7.9986396,341.89163,8.701395,1.8722086,-0.146,0.026000000000000002,0.148296999295333,6,3.9392566000000055,Medium
34.5,-136.25,-3.4746857,-7.489563,8.2563305,341.89163,8.701395,1.8722086,-0.177,-0.004,0.17704519197086374,6,5.105633716666671,Medium
34.5,-136.0,-3.6006622,-7.665344,8.468901,350.52444,8.504129,1.9305582,-0.199,-0.06,0.20784850252046563,6,5.420863580000009,Medium
34.5,-135.75,-3.737381,-7.7991333,8.648381,350.52444,8.504129,1.9305582,-0.214,-0.107,0.23925927359247748,6,5.37131007333334,Medium
34.5,-135.5,-3.815506,-7.9192505,8.790484,357.4307,8.315653,1.9942789,-0.217,-0.112,0.2441986895951737,6,5.10936558666667,Medium
34.5,-135.25,-3.8115997,-7.9993286,8.861012,357.4307,8.315653,1.9942789,-0.212,-0.078,0.22589378034819815,6,5.1741001600000045,Medium
34.5,-135.0,-3.7500763,-8.083313,8.910837,2.5166178,8.172342,2.0589762,-0.20800000000000002,-0.033,0.21060151946270475,6,7.814874873333333,Medium
34.5,-134.75,-3.6621857,-8.100891,8.890222,2.5166178,8.172342,2.0589762,-0.20400000000000001,-0.007,0.20412006270820124,6,7.9482706233333325,Medium
34.5,-134.5,-3.5821075,-8.186829,8.936199,7.016618,7.956766,2.1566324,-0.209,-0.009000000000000001,0.20919369015340783,6,8.179354383333333,Medium
34.5,-134.25,-3.5762482,-8.433899,9.160797,7.016618,7.956766,2.1566324,-0.215,-0.033,0.21751781536232842,6,9.340113933333326,Medium
34.5,-134.0,-3.543045,-8.730774,9.422292,8.438493,7.8742466,2.221818,-0.225,-0.074,0.2368564966387876,6,2.964343896666669,Medium
34.5,-133.75,-3.473709,-8.979797,9.628262,8.438493,7.8742466,2.221818,-0.227,-0.117,0.2553781509839869,6,3.2206262466666686,Medium
34.5,-133.5,-3.3291779,-9.137024,9.724641,9.125993,7.8217564,2.2801676,-0.225,-0.135,0.2623928352680385,6,3.310686340000002,Medium
34.5,-133.25,-3.2676544,-9.4192505,9.969947,9.125993,7.8217564,2.2801676,-0.216,-0.11,0.24239636960977776,6,4.074617633333333,Medium
34.5,-133.0,-3.2315216,-9.655579,10.181991,10.063493,7.709696,2.37465,-0.201,-0.051000000000000004,0.20736923590542547,6,2.3980841199999996,Medium
34.5,-132.75,-3.1289825,-9.843079,10.328443,10.063493,7.709696,2.37465,-0.187,0.002,0.1870106948813356,6,2.8355547233333334,Medium
34.5,-132.5,-2.9727325,-9.986633,10.419692,9.766618,7.6584263,2.4478922,-0.17500000000000002,0.015,0.17564168070250297,6,2.7658084900000004,Medium
34.5,-132.25,-2.7569122,-10.025696,10.397843,9.766618,7.6584263,2.4478922,-0.168,-0.015,0.1686683135624472,6,2.6480251099999994,Medium
34.5,-132.0,-2.509842,-10.040344,10.349291,8.875993,7.650858,2.5038004,-0.166,-0.061,0.17685304634074023,6,3.752652236666665,Medium
34.5,-131.75,-2.2989044,-10.270813,10.52495,8.875993,7.650858,2.5038004,-0.163,-0.094,0.18816216410320116,6,3.716160796666665,Medium
34.5,-131.5,-2.0537872,-10.480774,10.680106,7.735368,7.6574497,2.560441,-0.154,-0.107,0.18752333188166212,6,3.8742513266666667,Medium
34.5,-131.25,-1.7959747,-10.697571,10.847282,7.735368,7.6574497,2.560441,-0.14300000000000002,-0.111,0.18102486017119307,6,6.104249616666662,Medium
34.5,-131.0,-1.5733185,-10.89679,11.009785,6.7119303,7.6811314,2.6241617,-0.134,-0.11900000000000001,0.17921216476567656,6,5.679230539999995,Medium
34.5,-130.75,-1.3662872,-11.066711,11.150733,6.7119303,7.6811314,2.6241617,-0.126,-0.138,0.18686893802876925,6,5.767020723333329,Medium
34.5,-130.5,-1.0684357,-11.171204,11.222181,6.063493,7.714823,2.713273,-0.117,-0.17200000000000001,0.20802163349036562,6,7.041654216666661,Medium
34.5,-130.25,-0.7783966,-11.277649,11.30448,6.063493,7.714823,2.713273,-0.1,-0.224,0.24530796970339142,6,7.326896183333329,Medium
34.75,-156.25,-3.2071075,4.396179,5.4416847,238.36818,8.654032,1.447648,0.006,0.128,0.12814054783713077,6,2.0171317233333332,Medium
34.75,-156.0,-3.3477325,4.439148,5.559977,237.76662,8.49412,1.4456949,0.009000000000000001,0.127,0.1273184982632139,6,1.9649504599999992,Medium
34.75,-155.75,-3.4102325,4.4420776,5.6001554,237.76662,8.49412,1.4456949,0.006,0.112,0.11216059914247963,6,1.964763819999999,Medium
34.75,-155.5,-3.4463654,4.4088745,5.596035,238.48537,8.371561,1.4361734,-0.001,0.089,0.0890056178002265,6,1.8951685200000012,Medium
34.75,-155.25,-3.4600372,4.35907,5.56537,238.48537,8.371561,1.4361734,-0.005,0.07100000000000001,0.07117583859709699,6,1.942910413333335,Medium
34.75,-155.0,-3.489334,4.2702026,5.514534,240.46193,8.303446,1.4242105,-0.001,0.066,0.066007575322837,6,2.031792923333335,Medium
34.75,-154.75,-3.5537872,4.1637573,5.4741464,240.46193,8.303446,1.4242105,0.01,0.07100000000000001,0.07170076708097342,6,1.948183910000001,Medium
34.75,-154.5,-3.6807404,4.0299683,5.457884,242.06349,8.245096,1.4161539,0.021,0.077,0.07981227975693966,6,1.9315748100000003,Medium
34.75,-154.25,-3.848709,3.894226,5.4751763,242.06349,8.245096,1.4161539,0.027,0.08,0.08443340571124677,6,1.943299660000001,Medium
34.75,-154.0,-4.0625763,3.753601,5.5311885,242.97755,8.200418,1.4127359,0.031,0.088,0.09330058949438637,6,1.807381460000001,Medium
34.75,-153.75,-4.235428,3.649109,5.5906034,242.97755,8.200418,1.4127359,0.037,0.11,0.11605602095539895,6,1.78086691,Medium
34.75,-153.5,-4.3545685,3.5748901,5.6340137,243.8838,8.199198,1.4105387,0.05,0.14100000000000001,0.149602807460288,6,1.7549128266666665,Medium
34.75,-153.25,-4.4258575,3.4840698,5.632669,243.8838,8.199198,1.4105387,0.065,0.163,0.17548219282878819,6,1.725965743333335,Medium
34.75,-153.0,-4.458084,3.3131714,5.5544233,245.29787,8.261942,1.407609,0.079,0.162,0.18023595645708435,6,1.839422800000001,Medium
34.75,-152.75,-4.431717,2.8825073,5.286678,245.29787,8.261942,1.407609,0.08700000000000001,0.135,0.1606051057718901,6,1.7957406600000017,Medium
34.75,-152.5,-4.3633575,2.3883667,4.974252,248.01662,8.418924,1.3988199,0.09,0.092,0.12870120434556934,6,1.9361657633333342,Medium
34.75,-152.25,-4.3008575,1.9254761,4.7122006,248.01662,8.418924,1.3988199,0.08700000000000001,0.053,0.10187246929372037,6,2.1441211900000012,Medium
34.75,-152.0,-4.2559357,1.4967651,4.5114627,250.97755,8.605204,1.390275,0.081,0.026000000000000002,0.08507055894961547,6,2.080680423333335,Medium
34.75,-151.75,-4.2295685,1.369812,4.445856,250.97755,8.605204,1.390275,0.074,0.014,0.07531268153505091,6,2.0764603533333346,Medium
34.75,-151.5,-4.0996857,1.3024292,4.301598,253.96974,8.785624,1.3836832,0.068,0.021,0.07116881339463235,6,4.5760966266666685,Medium
34.75,-151.25,-3.9151154,1.3024292,4.1260695,253.96974,8.785624,1.3836832,0.06,0.049,0.07746612162745725,6,2.8724065499999996,Medium
34.75,-151.0,-3.7344513,1.3961792,3.986909,256.39163,8.916727,1.3822184,0.044,0.088,0.09838699100999074,6,2.7423688199999994,Medium
34.75,-150.75,-3.8653107,1.6364136,4.197437,256.39163,8.916727,1.3822184,0.021,0.123,0.12477980605851254,6,2.659063683333335,Medium
34.75,-150.5,-4.060623,1.7799683,4.4336157,257.58694,8.955057,1.390275,-0.001,0.14300000000000002,0.14300349646075095,6,1.8346489933333343,Medium
34.75,-150.25,-4.320389,1.8268433,4.690748,257.58694,8.955057,1.390275,-0.015,0.154,0.15472879499304582,6,1.790662973333336,Medium
34.75,-150.0,-4.565506,1.8707886,4.933933,257.36038,8.900858,1.4102945,-0.015,0.162,0.16269296235547498,6,1.562666353333336,Medium
34.75,-149.75,-4.6914825,1.798523,5.02441,257.36038,8.900858,1.4102945,-0.004,0.167,0.1670478973228936,6,1.4099562000000012,Medium
34.75,-149.5,-4.721756,1.6637573,5.006303,255.72755,8.81785,1.4361734,0.016,0.164,0.16477863939236786,6,1.3795471633333354,Medium
34.75,-149.25,-4.7315216,1.7057495,5.0296,255.72755,8.81785,1.4361734,0.04,0.148,0.15331014317389438,6,1.4964757800000006,Medium
34.75,-149.0,-4.7989044,1.9411011,5.176616,253.23537,8.7734165,1.4610758,0.064,0.115,0.13160927019021115,6,1.8087963100000009,Medium
34.75,-148.75,-4.6758575,2.2496948,5.1889086,253.23537,8.7734165,1.4610758,0.085,0.068,0.10885311203635843,6,2.0415288966666667,Medium
34.75,-148.5,-4.5440216,2.4909058,5.1819634,250.20412,8.763895,1.4845133,0.101,0.028,0.10480935072788115,6,2.304365253333333,Medium
34.75,-148.25,-4.398514,2.7369995,5.180549,250.20412,8.763895,1.4845133,0.113,0.024,0.11552056094046635,6,2.3081454999999993,Medium
34.75,-148.0,-4.4434357,2.894226,5.302892,246.50099,8.721903,1.515275,0.115,0.063,0.13112589370524802,6,2.341695996666665,Medium
34.75,-147.75,-4.6963654,2.9371948,5.5392203,246.50099,8.721903,1.515275,0.109,0.11,0.15485799947048262,6,2.031132583333333,Medium
34.75,-147.5,-4.954178,2.9157104,5.7484994,241.18849,8.61619,1.5560465,0.099,0.128,0.1618177987738061,6,1.984993303333334,Medium
34.75,-147.25,-5.2246857,2.8375854,5.945522,241.18849,8.61619,1.5560465,0.092,0.12,0.15120846537148638,6,1.8723537633333334,Medium
34.75,-147.0,-5.473709,2.7477417,6.124669,235.41505,8.505594,1.5995035,0.088,0.109,0.14008925726121899,6,1.913318143333333,Medium
34.75,-146.75,-5.6983185,2.713562,6.311438,235.41505,8.505594,1.5995035,0.077,0.10200000000000001,0.12780062597655772,6,1.969174706666667,Medium
34.75,-146.5,-5.879959,2.6373901,6.4443574,230.96193,8.43284,1.6363688,0.053,0.089,0.10358571330062848,6,2.0976981666666665,Medium
34.75,-146.25,-6.007889,2.5670776,6.5333467,230.96193,8.43284,1.6363688,0.023,0.075,0.07844743462982075,6,1.9644422466666678,Medium
34.75,-146.0,-6.150467,2.4274292,6.6121597,230.96193,8.447489,1.6554117,0.0,0.083,0.083,6,2.6620264666666653,Medium
34.75,-145.75,-6.289139,2.2252808,6.6712174,230.96193,8.447489,1.6554117,-0.012,0.122,0.12258874336577563,6,2.665101643333332,Medium
34.75,-145.5,-6.3653107,2.1080933,6.705314,233.96974,8.497293,1.6644449,-0.024,0.156,0.15783535725559086,6,4.223434603333334,Medium
34.75,-145.25,-6.344803,1.9401245,6.634803,233.96974,8.497293,1.6644449,-0.039,0.14400000000000002,0.14918780110987628,6,4.879126213333335,Medium
34.75,-145.0,-6.248123,1.7770386,6.495915,239.10255,8.5702915,1.668107,-0.052000000000000005,0.088,0.10221545871344509,6,4.875145098888887,Medium
34.75,-144.75,-6.181717,1.5817261,6.3808684,239.10255,8.5702915,1.668107,-0.049,0.036000000000000004,0.060802960454241044,6,4.637264806666665,Medium
34.75,-144.5,-6.1358185,1.3815308,6.2894273,244.14162,8.614725,1.6742105,-0.032,0.027,0.04186884283091664,6,4.881943433333338,Medium
34.75,-144.25,-6.1533966,1.1237183,6.2551603,244.14162,8.614725,1.6742105,-0.018000000000000002,0.054,0.05692099788303082,6,5.056365123333333,Medium
34.75,-144.0,-6.2032013,0.8668823,6.2634807,248.50099,8.607401,1.6866617,-0.022,0.077,0.0800812087820857,6,5.006094146666666,Medium
34.75,-143.75,-6.2608185,0.6090698,6.2903748,248.50099,8.607401,1.6866617,-0.046,0.077,0.08969392398596462,6,5.078971176666668,Medium
34.75,-143.5,-6.331131,0.26239014,6.3365655,253.18068,8.576639,1.7013102,-0.073,0.077,0.1061037228376083,6,4.974378846666665,Medium
34.75,-143.25,-6.398514,-0.04522705,6.3986735,253.18068,8.576639,1.7013102,-0.08600000000000001,0.106,0.13649908424601245,6,4.839061166666665,Medium
34.75,-143.0,-6.413162,-0.38409424,6.424654,259.21976,8.554422,1.7137613,-0.084,0.153,0.17454225849346627,6,4.902376246666667,Medium
34.75,-142.75,-6.4209747,-0.77178955,6.467192,259.21976,8.554422,1.7137613,-0.08600000000000001,0.169,0.18962331080328707,6,5.1200826266666715,Medium
34.75,-142.5,-6.4590607,-1.1448364,6.5597343,266.50882,8.550516,1.7240152,-0.10400000000000001,0.121,0.15955249919697279,6,5.147317736666671,Medium
34.75,-142.25,-6.4707794,-1.4944458,6.641111,266.50882,8.550516,1.7240152,-0.139,0.033,0.1428635712839351,6,4.954776563333339,Medium
34.75,-142.0,-6.4951935,-1.786438,6.7363863,275.0557,8.552958,1.7352457,-0.17300000000000001,-0.04,0.17756407294269863,6,4.95066446833334,Medium
34.75,-141.75,-6.384842,-1.9973755,6.689971,275.0557,8.552958,1.7352457,-0.191,-0.065,0.20175727991822254,6,4.855728451666673,Medium
34.75,-141.5,-6.2002716,-2.1731567,6.570082,284.126,8.584208,1.7435465,-0.188,-0.049,0.19428072472584612,6,4.976297815000006,Medium
34.75,-141.25,-5.982498,-2.3440552,6.425331,284.126,8.584208,1.7435465,-0.17,-0.023,0.17154882686862072,6,4.693855235000006,Medium
34.75,-141.0,-5.688553,-2.480774,6.2059546,290.76663,8.639383,1.7491617,-0.145,-0.004,0.1450551619212498,6,4.493133200000006,Medium
34.75,-140.75,-5.388748,-2.7122192,6.0328054,290.76663,8.639383,1.7491617,-0.121,0.011,0.12149897118905986,6,4.145003748888892,Medium
34.75,-140.5,-5.168045,-3.1135864,6.0334992,293.97757,8.754862,1.746232,-0.105,0.03,0.10920164833920777,6,3.7753988388888886,Medium
34.75,-140.25,-4.884842,-3.522766,6.022588,293.97757,8.754862,1.746232,-0.098,0.053,0.1114136436887332,6,3.7941115255555578,Medium
34.75,-140.0,-4.494217,-3.857727,5.922841,293.001,8.956278,1.728898,-0.093,0.069,0.1158015543937127,6,3.969020440000001,Medium
34.75,-139.75,-3.7647247,-3.973938,5.47406,293.001,8.956278,1.728898,-0.081,0.067,0.1051189802081432,6,4.060696163333336,Medium
34.75,-139.5,-3.1787872,-3.9729614,5.0881343,293.53226,9.106424,1.7176676,-0.059000000000000004,0.045,0.0742024258363566,6,4.504173160000004,Medium
34.75,-139.25,-2.6953888,-3.9954224,4.8195977,293.53226,9.106424,1.7176676,-0.033,0.016,0.0366742416417845,6,5.641012540000004,Medium
34.75,-139.0,-2.478592,-4.0510864,4.749181,296.94632,9.175028,1.7188883,-0.021,-0.009000000000000001,0.02284731931759173,6,6.505865688333334,Medium
34.75,-138.75,-2.4190216,-4.2024536,4.8489466,296.94632,9.175028,1.7188883,-0.032,-0.03,0.043863424398922615,6,5.867563105000003,Medium
34.75,-138.5,-2.3516388,-4.288391,4.890859,303.1885,9.179422,1.7320719,-0.06,-0.05,0.07810249675906655,6,4.932544510555561,Medium
34.75,-138.25,-2.4190216,-4.416321,5.03543,303.1885,9.179422,1.7320719,-0.088,-0.068,0.11121151019566275,6,4.31376038166667,Medium
34.75,-138.0,-2.7559357,-4.779602,5.5172257,311.21976,9.131083,1.7538004,-0.10200000000000001,-0.078,0.12840560735419618,6,3.978018698333335,Medium
34.75,-137.75,-3.0596466,-5.029602,5.8871326,311.21976,9.131083,1.7538004,-0.10400000000000001,-0.074,0.1276401190848708,6,3.6894552116666666,Medium
34.75,-137.5,-3.2051544,-5.3948364,6.275131,321.3057,9.023172,1.7845621,-0.1,-0.056,0.11461239025515522,6,3.931416478333333,Medium
34.75,-137.25,-3.3047638,-5.9016724,6.763963,321.3057,9.023172,1.7845621,-0.10400000000000001,-0.023,0.10651291001564084,6,3.7770768583333334,Medium
34.75,-137.0,-3.4287872,-6.6936646,7.5207534,331.82913,8.880838,1.8228922,-0.117,0.018000000000000002,0.11837651794169315,6,3.4606421333333364,Medium
34.75,-136.75,-3.5459747,-7.1712036,8.000006,331.82913,8.880838,1.8228922,-0.133,0.051000000000000004,0.14244297104455525,6,3.899186980000003,Medium
34.75,-136.5,-3.6006622,-7.4172974,8.245064,341.89163,8.701395,1.8722086,-0.151,0.057,0.16140012391568972,6,5.106909546666671,Medium
34.75,-136.25,-3.636795,-7.4954224,8.331124,341.89163,8.701395,1.8722086,-0.167,0.019,0.16807736313971613,6,5.126508340000004,Medium
34.75,-136.0,-3.7510529,-7.60968,8.483963,350.52444,8.504129,1.9305582,-0.178,-0.044,0.18335757415498274,6,5.426265393333341,Medium
34.75,-135.75,-3.7823029,-7.6174927,8.504823,350.52444,8.504129,1.9305582,-0.189,-0.096,0.21198348992315416,6,5.059200340000005,Medium
34.75,-135.5,-3.7539825,-7.614563,8.489638,357.4307,8.315653,1.9942789,-0.201,-0.10400000000000001,0.22631173190977089,6,4.79297579666667,Medium
34.75,-135.25,-3.7207794,-7.663391,8.518907,357.4307,8.315653,1.9942789,-0.221,-0.07100000000000001,0.23212496634356247,6,4.817736063333337,Medium
34.75,-135.0,-3.7793732,-7.8616333,8.722898,2.5166178,8.172342,2.0589762,-0.232,-0.031,0.23406195760951842,6,8.002024506666663,Medium
34.75,-134.75,-3.6153107,-7.802063,8.598991,2.5166178,8.172342,2.0589762,-0.23500000000000001,-0.01,0.23521266972678154,6,7.99620576,Medium
34.75,-134.5,-3.5127716,-7.864563,8.613415,7.016618,7.956766,2.1566324,-0.23,-0.013000000000000001,0.23036709834522812,6,8.274291423333333,Medium
34.75,-134.25,-3.4776154,-8.072571,8.789779,7.016618,7.956766,2.1566324,-0.223,-0.033,0.2254284808980445,6,9.247298186666656,Medium
34.75,-134.0,-3.4658966,-8.354797,9.045169,8.438493,7.8742466,2.221818,-0.217,-0.064,0.22624102192131293,6,2.7824453000000036,Medium
34.75,-133.75,-3.386795,-8.583313,9.227331,8.438493,7.8742466,2.221818,-0.226,-0.10400000000000001,0.24878102821557757,6,3.040359756666668,Medium
34.75,-133.5,-3.3145294,-8.837219,9.438355,9.125993,7.8217564,2.2801676,-0.234,-0.131,0.26817345133327425,6,3.299262726666669,Medium
34.75,-133.25,-3.3037872,-9.191711,9.767424,9.125993,7.8217564,2.2801676,-0.234,-0.122,0.2638939180807318,6,3.38322537666667,Medium
34.75,-133.0,-3.3164825,-9.57843,10.136339,10.063493,7.709696,2.37465,-0.213,-0.077,0.22649061790723252,6,2.399395823333333,Medium
34.75,-132.75,-3.2354279,-9.855774,10.373248,10.063493,7.709696,2.37465,-0.181,-0.028,0.18315294155431958,6,2.7055786966666666,Medium
34.75,-132.5,-3.0938263,-10.02179,10.488471,9.766618,7.6584263,2.4478922,-0.149,-0.008,0.14921461054467824,6,2.64403901,Medium
34.75,-132.25,-2.8926544,-10.1067505,10.512557,9.766618,7.6584263,2.4478922,-0.127,-0.024,0.12924782396620843,6,2.589322836666664,Medium
34.75,-132.0,-2.6065216,-10.076477,10.408138,8.875993,7.650858,2.5038004,-0.123,-0.058,0.135988970140964,6,3.717983583333331,Medium
34.75,-131.75,-2.395584,-10.290344,10.56551,8.875993,7.650858,2.5038004,-0.132,-0.08700000000000001,0.15809174551506477,6,3.567392036666665,Medium
34.75,-131.5,-2.1602325,-10.52179,10.74126,7.735368,7.6574497,2.560441,-0.14100000000000001,-0.10400000000000001,0.1752055935180153,6,3.7716322533333324,Medium
34.75,-131.25,-1.9082794,-10.749329,10.917398,7.735368,7.6574497,2.560441,-0.149,-0.114,0.187608635195718,6,6.147792216666661,Medium
34.75,-131.0,-1.6387482,-10.968079,11.089827,6.7119303,7.6811314,2.6241617,-0.14400000000000002,-0.128,0.19266551326067674,6,6.767650379999991,Medium
34.75,-130.75,-1.3408966,-11.080383,11.161223,6.7119303,7.6811314,2.6241617,-0.13,-0.153,0.2007710138441304,6,6.902711353333326,Medium
34.75,-130.5,-1.0440216,-11.1848755,11.233496,6.063493,7.714823,2.713273,-0.10300000000000001,-0.197,0.2223015969353347,6,7.31320321333333,Medium
34.75,-130.25,-0.7520294,-11.3567505,11.381622,6.063493,7.714823,2.713273,-0.07100000000000001,-0.258,0.2675911059807482,6,7.291640439999995,Medium
35.0,-156.25,-3.0576935,4.475281,5.420113,244.14162,8.823465,1.4264078,0.055,0.124,0.13565028566132842,6,2.0838290200000005,Medium
35.0,-156.0,-3.192459,4.5143433,5.529113,243.67287,8.655008,1.4239664,0.044,0.131,0.13819189556555045,6,1.9023499566666666,Medium
35.0,-155.75,-3.27742,4.519226,5.582552,243.67287,8.655008,1.4239664,0.025,0.123,0.12551493934986385,6,1.7874426166666675,Medium
35.0,-155.5,-3.3340607,4.461609,5.569732,244.77443,8.547831,1.4134684,0.006,0.098,0.09818350166906863,6,1.8515735833333338,Medium
35.0,-155.25,-3.3721466,4.3532104,5.506525,244.77443,8.547831,1.4134684,-0.003,0.068,0.06806614430096655,6,1.9680777866666677,Medium
35.0,-155.0,-3.3897247,4.2330933,5.4230356,247.40724,8.512918,1.3973551,0.002,0.051000000000000004,0.05103920062069939,6,1.981550516666667,Medium
35.0,-154.75,-3.4453888,4.083679,5.3429523,247.40724,8.512918,1.3973551,0.017,0.051000000000000004,0.053758720222862454,6,1.9455928233333335,Medium
35.0,-154.5,-3.5537872,3.9381714,5.3045826,249.41505,8.470194,1.3873453,0.034,0.062,0.07071067811865475,6,1.9958482166666682,Medium
35.0,-154.25,-3.7110138,3.8131714,5.320893,249.41505,8.470194,1.3873453,0.045,0.07100000000000001,0.08405950273467004,6,2.101938183333334,Medium
35.0,-154.0,-3.9014435,3.7282104,5.3963704,250.3838,8.419413,1.3846598,0.049,0.08,0.09381364506296512,6,1.983272190000001,Medium
35.0,-153.75,-4.051834,3.6471558,5.4515233,250.3838,8.419413,1.3846598,0.051000000000000004,0.095,0.10782393055347222,6,1.9514217466666666,Medium
35.0,-153.5,-4.1778107,3.5592651,5.4883943,251.18068,8.407938,1.3836832,0.058,0.116,0.12969194269498782,6,1.885152306666667,Medium
35.0,-153.25,-4.270584,3.4264526,5.4752593,251.18068,8.407938,1.3836832,0.07100000000000001,0.133,0.15076471735787522,6,1.8119332200000005,Medium
35.0,-153.0,-4.317459,3.2233276,5.3879766,252.46974,8.468729,1.3812418,0.088,0.134,0.16031219541881397,6,1.954707510000001,Medium
35.0,-152.75,-4.2803497,2.8131714,5.122043,252.46974,8.468729,1.3812418,0.10200000000000001,0.115,0.15371727293964074,6,1.9536475300000002,Medium
35.0,-152.5,-4.232498,2.367859,4.8498244,254.41505,8.604471,1.3756266,0.108,0.085,0.13743725841270263,6,2.0629215866666684,Medium
35.0,-152.25,-4.188553,1.9401245,4.6160655,254.41505,8.604471,1.3756266,0.10400000000000001,0.058,0.11907980517283358,6,2.095623533333334,Medium
35.0,-152.0,-4.1826935,1.6129761,4.482925,256.3682,8.750467,1.3722086,0.089,0.038,0.0967729300992793,6,2.086605190000001,Medium
35.0,-151.75,-4.1582794,1.5524292,4.438617,256.3682,8.750467,1.3722086,0.07,0.026000000000000002,0.07467261881037789,6,2.088804786666668,Medium
35.0,-151.5,-4.0283966,1.4801636,4.2917204,258.1807,8.881327,1.3717203,0.053,0.031,0.06140032573203501,6,4.656689593333335,Medium
35.0,-151.25,-3.8760529,1.4577026,4.1410966,258.1807,8.881327,1.3717203,0.042,0.06,0.07323933369440222,6,2.9141688499999985,Medium
35.0,-151.0,-3.7246857,1.5426636,4.0315127,259.4932,8.975077,1.3751383,0.032,0.107,0.11168258592994702,6,2.7867447766666675,Medium
35.0,-150.75,-3.947342,1.8395386,4.3549294,259.4932,8.975077,1.3751383,0.018000000000000002,0.146,0.14710540438746633,6,2.382811473333334,Medium
35.0,-150.5,-4.24617,2.0143433,4.699738,259.8057,8.98118,1.3873453,0.003,0.16,0.1600281225285106,6,1.7455434000000014,Medium
35.0,-150.25,-4.553787,2.0465698,4.992537,259.8057,8.98118,1.3873453,-0.005,0.157,0.15707959765672944,6,1.643902870000002,Medium
35.0,-150.0,-4.7696075,1.876648,5.1255207,259.41507,8.938944,1.4051676,0.0,0.147,0.147,6,1.445713106666668,Medium
35.0,-149.75,-4.876053,1.5895386,5.1285987,259.41507,8.938944,1.4051676,0.015,0.139,0.13980700983856284,6,1.4916053266666678,Medium
35.0,-149.5,-4.9278107,1.376648,5.116491,259.0635,8.940653,1.4190836,0.035,0.129,0.13366375724181928,6,1.5529081100000008,Medium
35.0,-149.25,-4.9326935,1.2936401,5.099507,259.0635,8.940653,1.4190836,0.059000000000000004,0.111,0.1257060062208644,6,1.8323944633333344,Medium
35.0,-149.0,-4.9063263,1.4108276,5.1051416,259.1807,9.016581,1.4273844,0.082,0.08,0.11456002793295748,6,1.987212546666667,Medium
35.0,-148.75,-4.6807404,1.6832886,4.9742126,259.1807,9.016581,1.4273844,0.10400000000000001,0.038,0.11072488428533128,6,2.280950563333333,Medium
35.0,-148.5,-4.4307404,1.9957886,4.859489,259.32132,9.113504,1.4364176,0.117,0.007,0.11720921465482141,6,2.635748113333332,Medium
35.0,-148.25,-4.2071075,2.3258667,4.8072248,259.32132,9.113504,1.4364176,0.11800000000000001,0.015,0.11894956914591999,6,2.5868275633333324,Medium
35.0,-148.0,-4.074295,2.6364136,4.8528914,258.51663,9.1484165,1.4532633,0.11,0.064,0.12726350615946427,6,2.5074056099999993,Medium
35.0,-147.75,-4.2090607,2.7418823,5.0233564,258.51663,9.1484165,1.4532633,0.1,0.113,0.15089400253157845,6,2.4053818933333333,Medium
35.0,-147.5,-4.4551544,2.7262573,5.22311,256.15726,9.094461,1.4828043,0.098,0.125,0.15883639381451595,6,2.364582006666666,Medium
35.0,-147.25,-4.748123,2.6676636,5.446201,256.15726,9.094461,1.4828043,0.10300000000000001,0.112,0.15216109883935514,6,2.2513855199999995,Medium
35.0,-147.0,-5.0752716,2.5993042,5.7021723,251.86037,8.9626255,1.5247965,0.10400000000000001,0.11,0.1513803157613301,6,2.1991924266666656,Medium
35.0,-146.75,-5.315506,2.5856323,5.911015,251.86037,8.9626255,1.5247965,0.088,0.123,0.1512382226819662,6,2.0840450699999997,Medium
35.0,-146.5,-5.440506,2.5455933,6.0065923,247.30568,8.844706,1.5663004,0.053,0.127,0.1376154061142865,6,2.2105833699999975,Medium
35.0,-146.25,-5.520584,2.519226,6.0682244,247.30568,8.844706,1.5663004,0.011,0.11,0.11054863183232978,6,2.0279463233333344,Medium
35.0,-146.0,-5.6065216,2.5202026,6.14691,244.48537,8.78245,1.598527,-0.019,0.101,0.10277159140540737,6,2.9065312133333316,Medium
35.0,-145.75,-5.757889,2.5026245,6.2782493,244.48537,8.78245,1.598527,-0.032,0.126,0.13,6,2.9196628099999966,Medium
35.0,-145.5,-5.8565216,2.4674683,6.355096,242.8838,8.729471,1.6266031,-0.036000000000000004,0.16,0.164,6,4.19142837666667,Medium
35.0,-145.25,-5.907303,2.4059448,6.3784637,242.8838,8.729471,1.6266031,-0.042,0.152,0.15769590990257168,6,4.908552033333337,Medium
35.0,-145.0,-5.8965607,2.274109,6.319889,243.48537,8.722879,1.6456461,-0.05,0.09,0.10295630140987,6,4.829517525555556,Medium
35.0,-144.75,-5.9414825,2.0524292,6.285991,243.48537,8.722879,1.6456461,-0.054,0.023,0.05869412236331675,6,4.586264468888892,Medium
35.0,-144.5,-5.99617,1.7721558,6.252567,245.75099,8.73704,1.6583414,-0.052000000000000005,0.008,0.05261178575186363,6,4.790033472222226,Medium
35.0,-144.25,-6.049881,1.4498901,6.221193,245.75099,8.73704,1.6583414,-0.051000000000000004,0.044,0.06735725647619564,6,4.934806638888892,Medium
35.0,-144.0,-6.105545,1.1412964,6.2112994,248.79005,8.753641,1.6676188,-0.058,0.085,0.10290286682109494,6,4.8044254933333335,Medium
35.0,-143.75,-6.1670685,0.7399292,6.2112985,248.79005,8.753641,1.6676188,-0.069,0.091,0.11420157617125958,6,4.737131393333334,Medium
35.0,-143.5,-6.2207794,0.3131714,6.2286572,253.06349,8.787577,1.6717691,-0.07100000000000001,0.076,0.10400480758118828,6,4.995307303333335,Medium
35.0,-143.25,-6.2520294,-0.1428833,6.253662,253.06349,8.787577,1.6717691,-0.06,0.085,0.10404326023342407,6,4.978787056666667,Medium
35.0,-143.0,-6.2276154,-0.5774536,6.25433,257.88382,8.828104,1.6737223,-0.045,0.132,0.1394596715900335,6,4.9860118666666695,Medium
35.0,-142.75,-6.1670685,-0.9612427,6.241532,257.88382,8.828104,1.6737223,-0.045,0.17300000000000001,0.1787568180517879,6,5.380141106666673,Medium
35.0,-142.5,-6.105545,-1.3235474,6.247356,262.57913,8.888163,1.6729898,-0.07200000000000001,0.157,0.17272232050317066,6,4.941009226666671,Medium
35.0,-142.25,-6.070389,-1.670227,6.2959733,262.57913,8.888163,1.6729898,-0.117,0.081,0.14230249470757708,6,4.776412466666672,Medium
35.0,-142.0,-6.044998,-2.0237427,6.374758,266.54788,8.964823,1.6707926,-0.158,-0.008,0.1582024020045208,6,4.920852493333341,Medium
35.0,-141.75,-5.888748,-2.1692505,6.275588,266.54788,8.964823,1.6707926,-0.176,-0.062,0.18660117898877274,6,4.925255910000009,Medium
35.0,-141.5,-5.661209,-2.3118286,6.1150503,269.83694,9.067362,1.6659098,-0.17300000000000001,-0.07,0.18662529303392936,6,4.954885050000009,Medium
35.0,-141.25,-5.384842,-2.473938,5.9259505,269.83694,9.067362,1.6659098,-0.16,-0.053,0.16854969593564978,6,4.935189570000006,Medium
35.0,-141.0,-5.0440216,-2.6331177,5.689944,272.60257,9.194315,1.659318,-0.148,-0.031,0.1512117720285031,6,4.481271243333339,Medium
35.0,-140.75,-4.7657013,-2.9592896,5.6097507,272.60257,9.194315,1.659318,-0.14,-0.011,0.14043147795277242,6,4.3544932938888925,Medium
35.0,-140.5,-4.534256,-3.357727,5.6421456,274.89944,9.319315,1.6554117,-0.135,0.012,0.13553228397691822,6,3.8348988299999998,Medium
35.0,-140.25,-4.228592,-3.730774,5.639119,274.89944,9.319315,1.6554117,-0.13,0.037,0.1351628647225265,6,3.8614023666666677,Medium
35.0,-140.0,-3.6856232,-3.927063,5.385689,276.32913,9.474588,1.6490641,-0.11800000000000001,0.052000000000000005,0.12894960255851898,6,4.095058543333335,Medium
35.0,-139.75,-2.9824982,-3.888977,4.900963,276.32913,9.474588,1.6490641,-0.106,0.046,0.11555085460523432,6,4.5148009933333375,Medium
35.0,-139.5,-2.5157013,-3.8372192,4.5883555,278.10257,9.588114,1.645402,-0.097,0.023,0.09968951800465282,6,5.639639860000006,Medium
35.0,-139.25,-2.3135529,-3.8342896,4.478203,278.10257,9.588114,1.645402,-0.091,-0.001,0.09100549433962765,6,5.7642603916666735,Medium
35.0,-139.0,-2.2979279,-3.9143677,4.539025,281.02444,9.62034,1.650773,-0.088,-0.014,0.08910667763978185,6,5.578490700000009,Medium
35.0,-138.75,-2.4698029,-4.1087036,4.793889,281.02444,9.62034,1.650773,-0.088,-0.019,0.09002777349240622,6,4.552589360000005,Medium
35.0,-138.5,-2.5850372,-4.2249146,4.953011,285.11038,9.608377,1.6632242,-0.092,-0.028,0.09616652224137046,6,4.570494831666669,Medium
35.0,-138.25,-2.681717,-4.3430786,5.1043057,285.11038,9.608377,1.6632242,-0.10400000000000001,-0.049,0.11496521212958294,6,4.197825628333335,Medium
35.0,-138.0,-2.8008575,-4.512024,5.310665,290.8135,9.552713,1.6822672,-0.12,-0.07,0.13892443989449804,6,4.113609935000002,Medium
35.0,-137.75,-2.900467,-4.654602,5.484344,290.8135,9.552713,1.6822672,-0.136,-0.076,0.15579473675320357,6,3.9681501283333365,Medium
35.0,-137.5,-3.0606232,-5.1087036,5.955356,300.21976,9.4018345,1.7147379,-0.148,-0.058,0.15895911424010892,6,3.758859631666668,Medium
35.0,-137.25,-3.24617,-5.8391724,6.680835,300.21976,9.4018345,1.7147379,-0.158,-0.019,0.15913830462839548,6,3.921365548333334,Medium
35.0,-137.0,-3.4532013,-6.7962036,7.623187,317.02444,9.063944,1.7784586,-0.166,0.03,0.16868906307167636,6,3.575578106666669,Medium
35.0,-136.75,-3.5596466,-7.180969,8.014824,317.02444,9.063944,1.7784586,-0.169,0.064,0.18071247881648905,6,4.000502926666671,Medium
35.0,-136.5,-3.5996857,-7.2669067,8.109604,333.51663,8.737528,1.8495035,-0.165,0.064,0.1769773996870787,6,3.9989610766666717,Medium
35.0,-136.25,-3.6221466,-7.2678833,8.120473,333.51663,8.737528,1.8495035,-0.158,0.021,0.15938946012832844,6,3.9129712733333393,Medium
35.0,-136.0,-3.6573029,-7.3460083,8.206077,345.28226,8.500223,1.9144449,-0.153,-0.041,0.15839823231336894,6,4.643938496666672,Medium
35.0,-135.75,-3.6563263,-7.26886,8.136648,345.28226,8.500223,1.9144449,-0.155,-0.083,0.175823775411632,6,3.9867237100000072,Medium
35.0,-135.5,-3.666092,-7.3098755,8.177684,354.9932,8.268778,1.9903727,-0.17200000000000001,-0.078,0.18885973631242844,6,3.7567982400000037,Medium
35.0,-135.25,-3.7227325,-7.477844,8.353256,354.9932,8.268778,1.9903727,-0.201,-0.04,0.2049414550548522,6,5.189963890000001,Medium
35.0,-135.0,-3.831131,-7.7454224,8.64113,1.7509928,8.088602,2.0677652,-0.226,-0.009000000000000001,0.22617913254763358,6,8.11624272,Medium
35.0,-134.75,-3.7715607,-7.86261,8.720396,1.7509928,8.088602,2.0677652,-0.23700000000000002,-0.008,0.23713498265755734,6,8.14376531,Medium
35.0,-134.5,-3.7959747,-8.157532,8.997486,6.0556803,7.907694,2.1551676,-0.229,-0.03,0.23095670589961229,6,8.196447329999998,Medium
35.0,-134.25,-3.8037872,-8.447571,9.2644615,6.0556803,7.907694,2.1551676,-0.20600000000000002,-0.053,0.21270872102478547,6,9.604203963333326,Medium
35.0,-134.0,-3.7139435,-8.583313,9.35236,7.5088053,7.824198,2.2164469,-0.189,-0.074,0.20297044119772711,6,3.0989137833333342,Medium
35.0,-133.75,-3.549881,-8.686829,9.38417,7.5088053,7.824198,2.2164469,-0.179,-0.101,0.20552858681944952,6,3.12624483,Medium
35.0,-133.5,-3.4385529,-8.881165,9.523588,8.063493,7.7817173,2.2633219,-0.178,-0.128,0.21924415613648635,6,3.333619613333335,Medium
35.0,-133.25,-3.3770294,-9.151672,9.754868,8.063493,7.7817173,2.2633219,-0.17400000000000002,-0.135,0.22022942582679547,6,3.4249041233333357,Medium
35.0,-133.0,-3.3701935,-9.501282,10.081297,8.875993,7.696024,2.3360758,-0.159,-0.11,0.1933416664870767,6,2.394653173333333,Medium
35.0,-132.75,-3.3360138,-9.785461,10.338484,8.875993,7.696024,2.3360758,-0.133,-0.069,0.149833240637717,6,2.6275612899999983,Medium
35.0,-132.5,-3.199295,-9.964172,10.465191,8.99318,7.654764,2.4071207,-0.10400000000000001,-0.04,0.11142710621747297,6,2.591311519999998,Medium
35.0,-132.25,-2.9981232,-10.073547,10.510238,8.99318,7.654764,2.4071207,-0.088,-0.037,0.09546203433826454,6,2.5848666933333315,Medium
35.0,-132.0,-2.7559357,-10.131165,10.499318,8.49318,7.6259556,2.4791422,-0.08600000000000001,-0.052000000000000005,0.1004987562112089,6,3.7140753133333297,Medium
35.0,-131.75,-2.5840607,-10.355774,10.673304,8.49318,7.6259556,2.4791422,-0.097,-0.069,0.11903780911962385,6,3.6351133599999965,Medium
35.0,-131.5,-2.3350372,-10.599915,10.854058,7.563493,7.6171665,2.5521402,-0.112,-0.08600000000000001,0.14120906486483084,6,6.2552511366666605,Medium
35.0,-131.25,-2.0459747,-10.837219,11.02866,7.563493,7.6171665,2.5521402,-0.121,-0.108,0.16218816233005415,6,6.226681483333329,Medium
35.0,-131.0,-1.7559357,-11.036438,11.175253,6.594743,7.6313267,2.628068,-0.116,-0.139,0.1810441934998193,6,6.014269263333328,Medium
35.0,-130.75,-1.418045,-11.116516,11.206595,6.594743,7.6313267,2.628068,-0.092,-0.181,0.20303940504246953,6,7.252865233333329,Medium
35.0,-130.5,-1.065506,-11.27179,11.322038,5.797868,7.6486607,2.727189,-0.061,-0.23600000000000002,0.24375602556654885,6,8.090226156666668,Medium
35.0,-130.25,-0.74909973,-11.482727,11.507136,5.797868,7.6486607,2.727189,-0.03,-0.295,0.29652150006365474,6,8.14940991666667,Medium
35.25,-156.25,-2.7969513,4.7262573,5.4918528,244.14162,8.823465,1.4264078,0.059000000000000004,0.133,0.1454991408909345,6,2.07021199,Medium
35.25,-156.0,-2.9795685,4.73114,5.5912,243.67287,8.655008,1.4239664,0.04,0.151,0.15620819440733574,6,1.7258365833333347,Medium
35.25,-155.75,-3.1270294,4.6901245,5.6369834,243.67287,8.655008,1.4239664,0.02,0.14400000000000002,0.14538225476309,6,1.7671721200000006,Medium
35.25,-155.5,-3.2188263,4.5787964,5.596983,244.77443,8.547831,1.4134684,0.005,0.111,0.1111125555461668,6,1.8752281833333335,Medium
35.25,-155.25,-3.2803497,4.4088745,5.49535,244.77443,8.547831,1.4134684,0.001,0.066,0.066007575322837,6,1.944140906666668,Medium
35.25,-155.0,-3.3106232,4.2330933,5.3739467,247.40724,8.512918,1.3973551,0.006,0.035,0.03551056180912941,6,2.0135443200000003,Medium
35.25,-154.75,-3.3653107,4.0768433,5.2863946,247.40724,8.512918,1.3973551,0.02,0.03,0.03605551275463989,6,2.009222203333333,Medium
35.25,-154.5,-3.442459,3.941101,5.232858,249.41505,8.470194,1.3873453,0.035,0.044,0.05622277118748239,6,1.9832752633333341,Medium
35.25,-154.25,-3.5606232,3.8239136,5.224974,249.41505,8.470194,1.3873453,0.043000000000000003,0.063,0.07627581530209952,6,2.149735686666668,Medium
35.25,-154.0,-3.708084,3.720398,5.252737,250.3838,8.419413,1.3846598,0.043000000000000003,0.078,0.08906739021662194,6,1.9974052333333343,Medium
35.25,-153.75,-3.8506622,3.666687,5.31716,250.3838,8.419413,1.3846598,0.036000000000000004,0.093,0.09972462083156797,6,1.8469333133333354,Medium
35.25,-153.5,-3.9756622,3.570984,5.343951,251.18068,8.407938,1.3836832,0.03,0.106,0.11016351483136329,6,1.7701400100000009,Medium
35.25,-153.25,-4.0733185,3.407898,5.310903,251.18068,8.407938,1.3836832,0.033,0.113,0.11772000679578642,6,1.7135891000000003,Medium
35.25,-153.0,-4.131912,3.1569214,5.1998897,252.46974,8.468729,1.3812418,0.046,0.106,0.11555085460523432,6,1.882418463333335,Medium
35.25,-152.75,-4.1397247,2.8034058,4.9996405,252.46974,8.468729,1.3812418,0.066,0.088,0.11,6,1.89550955,Medium
35.25,-152.5,-4.1338654,2.4332886,4.7968464,254.41505,8.604471,1.3756266,0.084,0.07100000000000001,0.10998636279102969,6,1.9584417133333356,Medium
35.25,-152.25,-4.123123,2.0778198,4.6170855,254.41505,8.604471,1.3756266,0.089,0.062,0.10846658471621572,6,2.0369822933333355,Medium
35.25,-152.0,-4.1407013,1.822937,4.5242133,256.3682,8.750467,1.3722086,0.075,0.057,0.09420191080864548,6,2.026851183333335,Medium
35.25,-151.75,-4.1446075,1.7321167,4.491993,256.3682,8.750467,1.3722086,0.049,0.05,0.07000714249274856,6,2.085278183333335,Medium
35.25,-151.5,-4.098709,1.6608276,4.422416,258.1807,8.881327,1.3717203,0.023,0.048,0.05322593352868506,6,1.8940993033333335,Medium
35.25,-151.25,-4.083084,1.642273,4.400981,258.1807,8.881327,1.3717203,0.007,0.07,0.07034912934784623,6,1.9104608566666683,Medium
35.25,-151.0,-4.114334,1.7184448,4.458789,259.4932,8.975077,1.3751383,0.002,0.114,0.1140175425099138,6,1.9532956133333335,Medium
35.25,-150.75,-4.346756,1.9176636,4.7509704,259.4932,8.975077,1.3751383,0.001,0.155,0.15500322577288514,6,1.8601502700000014,Medium
35.25,-150.5,-4.5576935,2.0075073,4.9802265,259.8057,8.98118,1.3873453,0.001,0.168,0.16800297616411444,6,1.6321209533333345,Medium
35.25,-150.25,-4.7432404,1.9684448,5.135475,259.8057,8.98118,1.3873453,0.004,0.154,0.1540519392932137,6,1.4113744066666678,Medium
35.25,-150.0,-4.822342,1.7252808,5.121677,259.41507,8.938944,1.4051676,0.014,0.13,0.13075167302944923,6,1.4970375566666678,Medium
35.25,-149.75,-4.8789825,1.432312,5.0848784,259.41507,8.938944,1.4051676,0.029,0.11,0.113758516164725,6,1.544046483333334,Medium
35.25,-149.5,-4.9278107,1.2311401,5.0792737,259.0635,8.940653,1.4190836,0.049,0.094,0.10600471687618433,6,1.782517863333335,Medium
35.25,-149.25,-4.93367,1.1286011,5.0611105,259.0635,8.940653,1.4190836,0.07100000000000001,0.073,0.10183319694480775,6,1.8954556200000001,Medium
35.25,-149.0,-4.8750763,1.1393433,5.006443,259.1807,9.016581,1.4273844,0.092,0.046,0.10285912696499032,6,2.0859244633333325,Medium
35.25,-148.75,-4.706131,1.3102417,4.8851204,259.1807,9.016581,1.4273844,0.10400000000000001,0.018000000000000002,0.1055461984156701,6,2.2867269499999994,Medium
35.25,-148.5,-4.501053,1.5914917,4.774131,259.32132,9.113504,1.4364176,0.098,0.009000000000000001,0.09841239759298623,6,2.577993733333333,Medium
35.25,-148.25,-4.286209,1.9362183,4.7032466,259.32132,9.113504,1.4364176,0.073,0.036000000000000004,0.08139410298049853,6,2.420897256666667,Medium
35.25,-148.0,-4.083084,2.305359,4.6889505,258.51663,9.1484165,1.4532633,0.044,0.085,0.0957131129992124,6,2.405398616666669,Medium
35.25,-147.75,-4.0489044,2.586609,4.8045993,258.51663,9.1484165,1.4532633,0.028,0.117,0.12030378215168466,6,2.1256402700000008,Medium
35.25,-147.5,-4.1621857,2.7213745,4.972893,256.15726,9.094461,1.4828043,0.033,0.112,0.11676043850551436,6,2.152751653333335,Medium
35.25,-147.25,-4.337967,2.782898,5.1538796,256.15726,9.094461,1.4828043,0.046,0.098,0.10825894882179488,6,2.297281773333335,Medium
35.25,-147.0,-4.5928497,2.7369995,5.3465347,251.86037,8.9626255,1.5247965,0.051000000000000004,0.113,0.12397580409095962,6,2.3056564266666664,Medium
35.25,-146.75,-4.7588654,2.651062,5.4474697,251.86037,8.9626255,1.5247965,0.038,0.15,0.1547384890710776,6,1.9504199233333352,Medium
35.25,-146.5,-4.831131,2.5475464,5.461668,247.30568,8.844706,1.5663004,0.013000000000000001,0.166,0.16650825805346714,6,2.0438727400000007,Medium
35.25,-146.25,-4.8770294,2.4811401,5.47188,247.30568,8.844706,1.5663004,-0.014,0.14300000000000002,0.1436836803537549,6,2.1685274566666672,Medium
35.25,-146.0,-4.9326935,2.486023,5.5237465,244.48537,8.78245,1.598527,-0.032,0.115,0.11936917525056459,6,2.9761209366666668,Medium
35.25,-145.75,-5.0801544,2.5983276,5.7060733,244.48537,8.78245,1.598527,-0.041,0.125,0.13155227098001768,6,3.0814732699999987,Medium
35.25,-145.5,-5.197342,2.6569214,5.8370876,242.8838,8.729471,1.6266031,-0.046,0.157,0.1636001222493431,6,4.083739393333337,Medium
35.25,-145.25,-5.2901154,2.6764526,5.9286356,242.8838,8.729471,1.6266031,-0.053,0.155,0.16381086655042149,6,4.787059322222225,Medium
35.25,-145.0,-5.344803,2.602234,5.9446225,243.48537,8.722879,1.6456461,-0.067,0.098,0.11871394189394943,6,4.691795976666668,Medium
35.25,-144.75,-5.424881,2.4938354,5.9706407,243.48537,8.722879,1.6456461,-0.083,0.028,0.08759566199304622,6,4.412533109999999,Medium
35.25,-144.5,-5.509842,2.2994995,5.970432,245.75099,8.73704,1.6583414,-0.097,0.007,0.09725224933131367,6,4.423479503333334,Medium
35.25,-144.25,-5.5928497,2.0338745,5.951186,245.75099,8.73704,1.6583414,-0.108,0.042,0.1158792474949678,6,4.698805843333337,Medium
35.25,-144.0,-5.6914825,1.7594604,5.9572372,248.79005,8.753641,1.6676188,-0.113,0.082,0.13961733416735905,6,4.721139296666667,Medium
35.25,-143.75,-5.7783966,1.2799683,5.9184613,248.79005,8.753641,1.6676188,-0.111,0.078,0.13566502865514016,6,4.791778556666668,Medium
35.25,-143.5,-5.8721466,0.7506714,5.9199333,253.06349,8.787577,1.6717691,-0.099,0.047,0.10959014554237986,6,4.719687573333338,Medium
35.25,-143.25,-5.9590607,0.15789795,5.961152,253.06349,8.787577,1.6717691,-0.079,0.045,0.09091754506144564,6,4.858146700000002,Medium
35.25,-143.0,-5.9932404,-0.42803955,6.0085063,257.88382,8.828104,1.6737223,-0.058,0.1,0.11560276813294741,6,4.880387683333334,Medium
35.25,-142.75,-5.869217,-0.8723755,5.933696,257.88382,8.828104,1.6737223,-0.047,0.171,0.17734147850968202,6,5.208117310000005,Medium
35.25,-142.5,-5.6865997,-1.2737427,5.827507,262.57913,8.888163,1.6729898,-0.054,0.186,0.1936801486988277,6,5.237607462222226,Medium
35.25,-142.25,-5.518631,-1.6350708,5.755758,262.57913,8.888163,1.6729898,-0.078,0.122,0.14480331487918363,6,4.902646526666671,Medium
35.25,-142.0,-5.3428497,-1.9631958,5.692116,266.54788,8.964823,1.6707926,-0.10300000000000001,0.02,0.10492378186092989,6,4.713501053333338,Medium
35.25,-141.75,-5.1114044,-2.1604614,5.5492387,266.54788,8.964823,1.6707926,-0.12,-0.057,0.13284953895290716,6,4.736371056666672,Medium
35.25,-141.5,-4.893631,-2.3704224,5.437511,269.83694,9.067362,1.6659098,-0.128,-0.079,0.15041608956491323,6,5.404530363333341,Medium
35.25,-141.25,-4.708084,-2.621399,5.3886724,269.83694,9.067362,1.6659098,-0.135,-0.062,0.14855638660118253,6,5.217395533333341,Medium
35.25,-141.0,-4.5615997,-2.8909302,5.4005246,272.60257,9.194315,1.659318,-0.147,-0.031,0.15023315213360863,6,4.838499771666672,Medium
35.25,-140.75,-4.2364044,-3.145813,5.2766714,272.60257,9.194315,1.659318,-0.163,-0.006,0.16311039206623226,6,4.640358610000004,Medium
35.25,-140.5,-3.8262482,-3.3391724,5.0784097,274.89944,9.319315,1.6554117,-0.176,0.01,0.17628386199536245,6,4.4460662533333375,Medium
35.25,-140.25,-3.4170685,-3.5637817,4.9372964,274.89944,9.319315,1.6554117,-0.178,0.021,0.17923448328934918,6,4.655435916666673,Medium
35.25,-140.0,-3.067459,-3.8460083,4.91946,276.32913,9.474588,1.6490641,-0.167,0.03,0.16967321532876073,6,4.643437970000004,Medium
35.25,-139.75,-2.6387482,-3.8098755,4.6344514,276.32913,9.474588,1.6490641,-0.155,0.03,0.15787653403846946,6,5.705084930000011,Medium
35.25,-139.5,-2.37117,-3.8128052,4.489981,278.10257,9.588114,1.645402,-0.149,0.017,0.14996666296213967,6,5.682975433333342,Medium
35.25,-139.25,-2.3916779,-3.895813,4.5713763,278.10257,9.588114,1.645402,-0.15,-0.005,0.15008331019803633,6,5.713331393333342,Medium
35.25,-139.0,-2.6563263,-4.065735,4.85657,281.02444,9.62034,1.650773,-0.146,-0.024,0.14795945390545343,6,4.501859455000002,Medium
35.25,-138.75,-2.8389435,-4.096985,4.984464,281.02444,9.62034,1.650773,-0.132,-0.032,0.13582341477079718,6,4.214840175000001,Medium
35.25,-138.5,-2.9590607,-4.1585083,5.1038446,285.11038,9.608377,1.6632242,-0.11800000000000001,-0.034,0.12280065146407003,6,4.107228175000001,Medium
35.25,-138.25,-3.05867,-4.2669067,5.249948,285.11038,9.608377,1.6632242,-0.116,-0.04,0.12270289320142375,6,4.111350908333335,Medium
35.25,-138.0,-3.18367,-4.416321,5.4442306,290.8135,9.552713,1.6822672,-0.131,-0.05,0.14021768789992226,6,4.024904995000002,Medium
35.25,-137.75,-3.1133575,-4.541321,5.50605,290.8135,9.552713,1.6822672,-0.16,-0.055,0.1691892431568863,6,4.097495075000003,Medium
35.25,-137.5,-3.176834,-5.0510864,5.9670553,300.21976,9.4018345,1.7147379,-0.19,-0.043000000000000003,0.19480503073586167,6,3.8930574150000012,Medium
35.25,-137.25,-3.2979279,-5.8460083,6.712089,300.21976,9.4018345,1.7147379,-0.209,-0.012,0.2093442141545832,6,4.031277521666669,Medium
35.25,-137.0,-3.473709,-6.802063,7.637717,317.02444,9.063944,1.7784586,-0.214,0.026000000000000002,0.21557365330670628,6,3.600750473333336,Medium
35.25,-136.75,-3.5264435,-6.993469,7.8322673,317.02444,9.063944,1.7784586,-0.202,0.053,0.20883725721240454,6,3.9647622900000057,Medium
35.25,-136.5,-3.525467,-6.978821,7.8187504,333.51663,8.737528,1.8495035,-0.182,0.047,0.18797074240423695,6,4.02246662666667,Medium
35.25,-136.25,-3.4981232,-6.9299927,7.762839,333.51663,8.737528,1.8495035,-0.161,0.002,0.1610124218810462,6,3.966072370000005,Medium
35.25,-136.0,-3.4297638,-6.9661255,7.7646756,345.28226,8.500223,1.9144449,-0.14300000000000002,-0.054,0.1528561415187496,6,4.383997420000005,Medium
35.25,-135.75,-3.5537872,-7.0178833,7.8663898,345.28226,8.500223,1.9144449,-0.139,-0.078,0.15938946012832844,6,3.967386790000005,Medium
35.25,-135.5,-3.6983185,-7.213196,8.106032,354.9932,8.268778,1.9903727,-0.152,-0.052000000000000005,0.1606486850241856,6,4.045512123333339,Medium
35.25,-135.25,-3.8545685,-7.5022583,8.434546,354.9932,8.268778,1.9903727,-0.176,-0.004,0.17604544867732308,6,5.108126606666671,Medium
35.25,-135.0,-3.9287872,-7.7424927,8.682256,1.7509928,8.088602,2.0677652,-0.196,0.018000000000000002,0.19682479518597246,6,8.097068153333334,Medium
35.25,-134.75,-4.0176544,-8.089172,9.031958,1.7509928,8.088602,2.0677652,-0.20400000000000001,-0.007,0.20412006270820124,6,8.024882776666665,Medium
35.25,-134.5,-4.069412,-8.42511,9.35642,6.0556803,7.907694,2.1551676,-0.194,-0.054,0.20137527157027002,6,8.821946073333331,Medium
35.25,-134.25,-4.0459747,-8.676086,9.573108,6.0556803,7.907694,2.1551676,-0.169,-0.08700000000000001,0.19007893097342482,6,9.677906543333325,Medium
35.25,-134.0,-3.8985138,-8.764954,9.592853,7.5088053,7.824198,2.2164469,-0.148,-0.101,0.1791786817676701,6,3.1394988366666667,Medium
35.25,-133.75,-3.793045,-8.9348755,9.706657,7.5088053,7.824198,2.2164469,-0.134,-0.113,0.17528548142958106,6,3.1884035433333326,Medium
35.25,-133.5,-3.6631622,-9.065735,9.777847,8.063493,7.7817173,2.2633219,-0.129,-0.132,0.18456706098326428,6,3.1349496,Medium
35.25,-133.25,-3.5615997,-9.258118,9.919563,8.063493,7.7817173,2.2633219,-0.13,-0.14300000000000002,0.1932588937151406,6,3.958188929999999,Medium
35.25,-133.0,-3.541092,-9.627258,10.257848,8.875993,7.696024,2.3360758,-0.126,-0.128,0.17961069010501574,6,2.0520871933333322,Medium
35.25,-132.75,-3.4014435,-9.827454,10.399455,8.875993,7.696024,2.3360758,-0.11800000000000001,-0.092,0.14962620091414472,6,2.569047756666665,Medium
35.25,-132.5,-3.221756,-9.92804,10.437705,8.99318,7.654764,2.4071207,-0.11,-0.06,0.12529964086141668,6,2.6167920299999974,Medium
35.25,-132.25,-3.0449982,-10.025696,10.47791,8.99318,7.654764,2.4071207,-0.10300000000000001,-0.048,0.11363538181394034,6,2.6154721866666635,Medium
35.25,-132.0,-2.9434357,-10.228821,10.643899,8.49318,7.6259556,2.4791422,-0.098,-0.051000000000000004,0.11047624178980747,6,3.72865587333333,Medium
35.25,-131.75,-2.7793732,-10.535461,10.89591,8.49318,7.6259556,2.4791422,-0.097,-0.061,0.11458621208504975,6,5.916283943333324,Medium
35.25,-131.5,-2.543045,-10.784485,11.080261,7.563493,7.6171665,2.5521402,-0.093,-0.08,0.12267436570041844,6,6.290155279999993,Medium
35.25,-131.25,-2.261795,-11.004211,11.23425,7.563493,7.6171665,2.5521402,-0.08600000000000001,-0.111,0.14041723540933285,6,6.239034609999994,Medium
35.25,-131.0,-1.9590607,-11.20343,11.373424,6.594743,7.6313267,2.628068,-0.067,-0.159,0.17253985046939158,6,6.129458869999994,Medium
35.25,-130.75,-1.5801544,-11.345032,11.454547,6.594743,7.6313267,2.628068,-0.04,-0.215,0.21868927728629037,6,7.403907716666661,Medium
35.25,-130.5,-1.2002716,-11.51886,11.581225,5.797868,7.6486607,2.727189,-0.012,-0.271,0.27126555254952667,6,8.140498040000002,Medium
35.25,-130.25,-0.84480286,-11.698547,11.729012,5.797868,7.6486607,2.727189,0.001,-0.313,0.3130015974400131,6,8.148709086666669,Medium
35.5,-156.25,-2.49617,4.9762573,5.567226,247.74318,8.959452,1.4161539,0.012,0.147,0.14748898263938223,6,2.0651068833333324,Medium
35.5,-156.0,-2.7246857,4.956726,5.6562395,247.0713,8.771463,1.4161539,0.006,0.164,0.1641097193952875,6,1.806687063333334,Medium
35.5,-155.75,-2.8985138,4.878601,5.674692,247.0713,8.771463,1.4161539,0.005,0.151,0.15108275877809485,6,1.7521338300000007,Medium
35.5,-155.5,-3.051834,4.73114,5.630042,248.0713,8.663553,1.4068766,0.011,0.108,0.10855873986004075,6,1.843233883333334,Medium
35.5,-155.25,-3.1446075,4.552429,5.5329165,248.0713,8.663553,1.4068766,0.018000000000000002,0.057,0.05977457653551383,6,1.9030983466666676,Medium
35.5,-155.0,-3.230545,4.331726,5.4037275,250.67287,8.642557,1.3907633,0.023,0.023,0.03252691193458118,6,1.965413083333333,Medium
35.5,-154.75,-3.3008575,4.099304,5.263075,250.67287,8.642557,1.3907633,0.026000000000000002,0.018000000000000002,0.0316227766016838,6,1.9721232866666667,Medium
35.5,-154.5,-3.378006,3.9489136,5.1966186,253.02443,8.624247,1.3775797,0.029,0.035,0.04545327270945405,6,1.9731555166666666,Medium
35.5,-154.25,-3.4698029,3.8190308,5.159896,253.02443,8.624247,1.3775797,0.029,0.061,0.06754257916307313,6,1.920695180000001,Medium
35.5,-154.0,-3.5869904,3.7184448,5.166559,254.45412,8.591043,1.371232,0.023,0.08700000000000001,0.08998888820293315,6,1.8442325566666675,Medium
35.5,-153.75,-3.7119904,3.666687,5.217611,254.45412,8.591043,1.371232,0.008,0.108,0.10829589096544706,6,1.8254535033333343,Medium
35.5,-153.5,-3.822342,3.564148,5.2262273,255.43068,8.580545,1.3687906,-0.009000000000000001,0.117,0.11734564329364768,6,1.809946836666666,Medium
35.5,-153.25,-3.9151154,3.4000854,5.1854324,255.43068,8.580545,1.3687906,-0.019,0.109,0.11064357188738982,6,1.8015924300000001,Medium
35.5,-153.0,-3.978592,3.182312,5.0947328,256.5635,8.6345005,1.3668375,-0.012,0.083,0.08386298349093002,6,1.7353908233333342,Medium
35.5,-152.75,-4.0196075,2.8961792,4.954301,256.5635,8.6345005,1.3668375,0.009000000000000001,0.055,0.05573149917237109,6,1.7151904566666671,Medium
35.5,-152.5,-4.036209,2.579773,4.7902207,257.70413,8.72703,1.3665934,0.032,0.046,0.056035702904487596,6,1.764621583333334,Medium
35.5,-152.25,-4.079178,2.3405151,4.702946,257.70413,8.72703,1.3665934,0.042,0.06,0.07323933369440222,6,1.9599436733333346,Medium
35.5,-152.0,-4.1309357,2.142273,4.653382,258.6182,8.817118,1.3700113,0.032,0.081,0.08709190547921201,6,1.8258411366666683,Medium
35.5,-151.75,-4.188553,2.0543823,4.66524,258.6182,8.817118,1.3700113,0.005,0.08600000000000001,0.0861452262171271,6,1.8036009633333348,Medium
35.5,-151.5,-4.268631,2.017273,4.721292,259.26663,8.890604,1.3758707,-0.025,0.079,0.0828613299434664,6,1.8859214766666688,Medium
35.5,-151.25,-4.3184357,2.0182495,4.7667828,259.26663,8.890604,1.3758707,-0.044,0.084,0.09482615672903759,6,1.8432694466666681,Medium
35.5,-151.0,-4.46492,2.0602417,4.9173274,259.61038,8.938456,1.3834391,-0.045,0.112,0.12070211265756703,6,1.9090329133333341,Medium
35.5,-150.75,-4.598709,2.0914917,5.051976,259.61038,8.938456,1.3834391,-0.031,0.14300000000000002,0.1463215636876534,6,1.7005500266666684,Medium
35.5,-150.5,-4.7246857,2.1061401,5.17286,259.70413,8.96702,1.3929605,-0.008,0.152,0.15221038072352358,6,1.4438235433333342,Medium
35.5,-150.25,-4.730545,1.954773,5.1185145,259.70413,8.96702,1.3929605,0.018000000000000002,0.134,0.13520355024924458,6,1.4812465033333344,Medium
35.5,-150.0,-4.726639,1.7037964,5.0243444,259.90726,9.015604,1.4010172,0.041,0.107,0.11458621208504974,6,1.7168049433333343,Medium
35.5,-149.75,-4.721756,1.4303589,4.9336505,259.90726,9.015604,1.4010172,0.06,0.085,0.10404326023342407,6,1.8832527500000003,Medium
35.5,-149.5,-4.723709,1.2184448,4.878323,260.19632,9.071756,1.4088297,0.074,0.068,0.1004987562112089,6,1.97693781,Medium
35.5,-149.25,-4.723709,1.0973511,4.8494954,260.19632,9.071756,1.4088297,0.082,0.05,0.09604165762834375,6,2.094664333333332,Medium
35.5,-149.0,-4.704178,1.0358276,4.8168693,260.6182,9.139872,1.4176188,0.084,0.031,0.08953770155638349,6,2.1420979866666654,Medium
35.5,-148.75,-4.668045,1.1139526,4.799118,260.6182,9.139872,1.4176188,0.069,0.026000000000000002,0.07373601562330312,6,2.1453311499999987,Medium
35.5,-148.5,-4.5313263,1.3346558,4.7237935,260.9307,9.20286,1.4286051,0.032,0.047,0.056859475903317996,6,2.2416545033333337,Medium
35.5,-148.25,-4.4170685,1.5836792,4.692391,260.9307,9.20286,1.4286051,-0.017,0.08600000000000001,0.08766413177577248,6,2.1338691766666678,Medium
35.5,-148.0,-4.2539825,1.9069214,4.661836,260.89944,9.253641,1.4434977,-0.055,0.11800000000000001,0.13018832512940628,6,2.434873093333335,Medium
35.5,-147.75,-4.141678,2.2662964,4.7211857,260.89944,9.253641,1.4434977,-0.063,0.116,0.13200378782444086,6,2.3539796900000005,Medium
35.5,-147.5,-4.0772247,2.612976,4.842665,260.27444,9.280741,1.4622965,-0.045,0.089,0.09972963451251589,6,2.455851036666668,Medium
35.5,-147.25,-4.157303,2.7789917,5.000596,260.27444,9.280741,1.4622965,-0.022,0.079,0.08200609733428363,6,2.358227880000001,Medium
35.5,-147.0,-4.1426544,2.8756714,5.042923,258.94632,9.282206,1.4842691,-0.011,0.112,0.11253888216967503,6,2.3181923033333347,Medium
35.5,-146.75,-4.0557404,2.7594604,4.905472,258.94632,9.282206,1.4842691,-0.013000000000000001,0.162,0.1625207679036744,6,2.292784163333334,Medium
35.5,-146.5,-4.0645294,2.6276245,4.839918,257.46976,9.297098,1.5059977,-0.016,0.18,0.18070971196922428,6,2.5121104200000013,Medium
35.5,-146.25,-4.0147247,2.4889526,4.7236533,257.46976,9.297098,1.5059977,-0.016,0.149,0.14985659811966906,6,2.7098054499999997,Medium
35.5,-146.0,-4.0127716,2.4313354,4.6918793,255.71193,9.278788,1.5316324,-0.014,0.114,0.11485643212288983,6,3.8254701100000026,Medium
35.5,-145.75,-4.178787,2.5231323,4.8814406,255.71193,9.278788,1.5316324,-0.014,0.12,0.12081390648431165,6,3.4156676200000002,Medium
35.5,-145.5,-4.3721466,2.6276245,5.100988,253.39162,9.184549,1.5626383,-0.018000000000000002,0.154,0.15504837954651446,6,4.53085371666667,Medium
35.5,-145.25,-4.5088654,2.6715698,5.2409115,253.39162,9.184549,1.5626383,-0.026000000000000002,0.159,0.16111176245079067,6,5.498860353333339,Medium
35.5,-145.0,-4.616287,2.644226,5.3199663,252.24318,9.12327,1.5890055,-0.041,0.109,0.1164560002747819,6,5.55478341333334,Medium
35.5,-144.75,-4.712967,2.617859,5.391219,252.24318,9.12327,1.5890055,-0.063,0.043000000000000003,0.07627581530209952,6,5.217601996666671,Medium
35.5,-144.5,-4.813553,2.4801636,5.414933,252.47755,9.100077,1.6075602,-0.08600000000000001,0.019,0.08807383266328316,6,5.3314439933333375,Medium
35.5,-144.25,-4.928787,2.329773,5.4516773,252.47755,9.100077,1.6075602,-0.105,0.045,0.11423659658795862,6,5.3122057766666675,Medium
35.5,-144.0,-5.034256,2.111023,5.4589515,254.18849,9.126444,1.6163492,-0.116,0.074,0.13759360450253494,6,5.2434939866666666,Medium
35.5,-143.75,-5.148514,1.7418823,5.4351954,254.18849,9.126444,1.6163492,-0.12,0.061,0.13461426373159718,6,5.436200110000002,Medium
35.5,-143.5,-5.3057404,1.3678589,5.479226,256.9307,9.186014,1.6183023,-0.122,0.021,0.12379418403139947,6,5.169519746666669,Medium
35.5,-143.25,-5.4190216,0.87176514,5.4886947,256.9307,9.186014,1.6183023,-0.121,0.013000000000000001,0.12169634341261039,6,5.208603763333334,Medium
35.5,-143.0,-5.451248,0.40789795,5.4664874,260.02444,9.275858,1.6151285,-0.111,0.067,0.12965338406690355,6,5.30105624,Medium
35.5,-142.75,-5.27742,-0.016906738,5.277447,260.02444,9.275858,1.6151285,-0.091,0.145,0.17118995297621878,6,5.89188951333334,Medium
35.5,-142.5,-5.056717,-0.4524536,5.0769186,262.97757,9.399881,1.6070719,-0.068,0.176,0.18867962264113208,6,6.092966223333341,Medium
35.5,-142.25,-4.737381,-0.88604736,4.8195286,262.97757,9.399881,1.6070719,-0.053,0.126,0.13669308687713508,6,6.591865156666679,Medium
35.5,-142.0,-4.4082794,-1.2454224,4.58083,265.36038,9.512918,1.6014566,-0.05,0.031,0.058830264320330915,6,7.85494729333335,Medium
35.5,-141.75,-4.0977325,-1.5755005,4.3901725,265.36038,9.512918,1.6014566,-0.059000000000000004,-0.047,0.07543208866258444,6,8.030404766666674,Medium
35.5,-141.5,-3.8662872,-1.9505005,4.3304305,267.44632,9.605204,1.598527,-0.076,-0.07,0.10332473082471592,6,9.725091030000003,Medium
35.5,-141.25,-3.7168732,-2.2825317,4.361777,267.44632,9.605204,1.598527,-0.098,-0.046,0.10825894882179488,6,7.230458083333347,Medium
35.5,-141.0,-3.817459,-2.8010864,4.734879,269.40726,9.686014,1.5982828,-0.124,-0.007,0.1241974234837422,6,5.98743045333334,Medium
35.5,-140.75,-3.721756,-3.2288208,4.927144,269.40726,9.686014,1.5982828,-0.15,0.018000000000000002,0.15107613974417006,6,5.22943943666667,Medium
35.5,-140.5,-3.3389435,-3.4065552,4.7700276,271.32132,9.73826,1.6029215,-0.168,0.021,0.16930741271426955,6,5.06715261333334,Medium
35.5,-140.25,-3.0069122,-3.5950317,4.6867657,271.32132,9.73826,1.6029215,-0.17400000000000002,0.013000000000000001,0.17448495637160244,6,5.902771913333343,Medium
35.5,-140.0,-2.8321075,-3.951477,4.8615847,273.126,9.774149,1.6104898,-0.168,0.009000000000000001,0.16824089871371944,6,4.9968657833333365,Medium
35.5,-139.75,-2.5918732,-4.0305786,4.792011,273.126,9.774149,1.6104898,-0.157,0.014,0.15762296786953353,6,4.943857210000005,Medium
35.5,-139.5,-2.5635529,-4.105774,4.84037,275.11038,9.784403,1.6187906,-0.151,0.012,0.1514760707174569,6,4.703153273333336,Medium
35.5,-139.25,-2.674881,-4.1829224,4.9650607,275.11038,9.784403,1.6187906,-0.152,-0.008,0.15221038072352358,6,4.797482973333338,Medium
35.5,-139.0,-3.1826935,-4.208313,5.276309,277.61038,9.753885,1.6290445,-0.149,-0.038,0.15376930773076922,6,4.284399091666669,Medium
35.5,-138.75,-3.322342,-4.069641,5.253564,277.61038,9.753885,1.6290445,-0.137,-0.056,0.14800337833982036,6,4.183232898333336,Medium
35.5,-138.5,-3.37117,-4.074524,5.2883396,280.51663,9.716532,1.6412516,-0.121,-0.054,0.1325028301584536,6,4.0018634883333375,Medium
35.5,-138.25,-3.3360138,-4.1360474,5.313744,280.51663,9.716532,1.6412516,-0.116,-0.038,0.12206555615733702,6,4.011727418333337,Medium
35.5,-138.0,-3.3916779,-4.3323364,5.5020556,284.67288,9.648172,1.6590738,-0.128,-0.024,0.13023056476879766,6,3.84807202166667,Medium
35.5,-137.75,-3.3750763,-4.70343,5.789076,284.67288,9.648172,1.6590738,-0.159,-0.017,0.15990622251807465,6,3.9102160116666678,Medium
35.5,-137.5,-3.3975372,-5.404602,6.383806,294.28226,9.411844,1.7008219,-0.195,-0.014,0.19550191814915782,6,4.197485394999999,Medium
35.5,-137.25,-3.473709,-6.2112427,7.116614,294.28226,9.411844,1.7008219,-0.219,-0.004,0.21903652663425796,6,3.9739423400000002,Medium
35.5,-137.0,-3.4610138,-6.786438,7.618028,312.73538,8.974588,1.7787027,-0.222,0.015,0.22250617968946393,6,3.6006788166666692,Medium
35.5,-136.75,-3.4824982,-6.76593,7.6095734,312.73538,8.974588,1.7787027,-0.20600000000000002,0.027,0.20776188293332348,6,3.6547146766666696,Medium
35.5,-136.5,-3.5000763,-6.7874146,7.6367226,328.35257,8.674051,1.845109,-0.181,0.016,0.18170580618131055,6,3.5422702366666687,Medium
35.5,-136.25,-3.5000763,-6.8010864,7.648876,328.35257,8.674051,1.845109,-0.161,-0.024,0.16277899127344414,6,3.500112320000002,Medium
35.5,-136.0,-3.449295,-6.8137817,7.6370974,339.45413,8.501444,1.8966227,-0.146,-0.069,0.16148374531202822,6,3.455512373333335,Medium
35.5,-135.75,-3.5869904,-6.946594,7.818035,339.45413,8.501444,1.8966227,-0.14100000000000001,-0.078,0.16113658802394942,6,3.673962990000003,Medium
35.5,-135.5,-3.7451935,-7.201477,8.117126,351.58694,8.244608,1.9764566,-0.146,-0.037,0.1506154042586614,6,4.202069713333336,Medium
35.5,-135.25,-3.8887482,-7.4905396,8.439819,351.58694,8.244608,1.9764566,-0.154,0.018000000000000002,0.15504837954651446,6,5.294328730000005,Medium
35.5,-135.0,-3.973709,-7.7766724,8.733098,359.57913,8.051249,2.0531168,-0.16,0.032,0.16316862443496913,6,8.227160099999997,Medium
35.5,-134.75,-4.1094513,-8.207336,9.178669,359.57913,8.051249,2.0531168,-0.161,-0.01,0.16131026005806326,6,8.577138706666664,Medium
35.5,-134.5,-4.1338654,-8.479797,9.433759,3.9619303,7.8898716,2.1266031,-0.149,-0.076,0.16726326554267676,6,9.204397019999995,Medium
35.5,-134.25,-4.0713654,-8.655579,9.565305,3.9619303,7.8898716,2.1266031,-0.134,-0.115,0.17658142597679974,6,9.861962556666656,Medium
35.5,-134.0,-3.962967,-8.836243,9.684229,5.5088053,7.8083286,2.1795816,-0.122,-0.12,0.17112568480505783,6,3.3663125999999997,Medium
35.5,-133.75,-3.8057404,-8.912415,9.690964,5.5088053,7.8083286,2.1795816,-0.11900000000000001,-0.116,0.1661836333698358,6,3.3795794766666662,Medium
35.5,-133.5,-3.6758575,-9.035461,9.754562,6.172868,7.7736607,2.2213297,-0.127,-0.122,0.17610508226624239,6,3.440502573333331,Medium
35.5,-133.25,-3.5821075,-9.245422,9.915107,6.172868,7.7736607,2.2213297,-0.139,-0.132,0.19168985366993216,6,4.242335013333331,Medium
35.5,-133.0,-3.494217,-9.539368,10.159187,6.829118,7.7262974,2.2750406,-0.146,-0.124,0.19155155963865184,6,2.517537066666665,Medium
35.5,-132.75,-3.1065216,-9.364563,9.866383,6.829118,7.7262974,2.2750406,-0.15,-0.097,0.17863090438107287,6,2.7374962666666676,Medium
35.5,-132.5,-2.9922638,-9.52179,9.980887,7.3525553,7.6865025,2.3404703,-0.149,-0.07100000000000001,0.16505150711217392,6,2.6188895399999996,Medium
35.5,-132.25,-3.034256,-9.891907,10.346812,7.3525553,7.6865025,2.3404703,-0.14200000000000002,-0.06,0.1541557653803451,6,2.8087160733333305,Medium
35.5,-132.0,-3.0918732,-10.377258,10.8280735,8.008805,7.5929966,2.4444742,-0.13,-0.065,0.14534441853748634,6,4.889744726666659,Medium
35.5,-131.75,-2.8907013,-10.677063,11.061457,8.008805,7.5929966,2.4444742,-0.112,-0.079,0.13705838172107535,6,4.907537296666659,Medium
35.5,-131.5,-2.661209,-10.869446,11.190482,7.641618,7.5473423,2.541398,-0.088,-0.10300000000000001,0.13547324459095236,6,5.907190296666659,Medium
35.5,-131.25,-2.40242,-11.065735,11.32352,7.641618,7.5473423,2.541398,-0.056,-0.14,0.1507846145997661,6,5.928555953333325,Medium
35.5,-131.0,-2.1875763,-11.424133,11.631694,6.719743,7.536356,2.6339273,-0.025,-0.19,0.191637678967368,6,7.654264939999996,Medium
35.5,-130.75,-1.7813263,-11.4973755,11.63455,6.719743,7.536356,2.6339273,0.002,-0.244,0.24400819658363937,6,7.796192576666662,Medium
35.5,-130.5,-1.3858185,-11.662415,11.744463,5.610368,7.5563755,2.7276773,0.013000000000000001,-0.28600000000000003,0.28629530209208814,6,8.088692420000003,Medium
35.5,-130.25,-0.9707794,-11.842102,11.881826,5.610368,7.5563755,2.7276773,-0.003,-0.3,0.3000149996250187,6,8.147524573333337,Medium
35.75,-156.25,-2.1797638,5.1705933,5.6112747,247.74318,8.959452,1.4161539,-0.008,0.15,0.1502131818450032,6,2.106352616666667,Medium
35.75,-156.0,-2.471756,5.184265,5.74336,247.0713,8.771463,1.4161539,0.002,0.155,0.1550129026887762,6,1.8761434033333337,Medium
35.75,-155.75,-2.6621857,5.030945,5.691892,247.0713,8.771463,1.4161539,0.019,0.131,0.1323706916201619,6,1.9671300333333328,Medium
35.75,-155.5,-2.8282013,4.8795776,5.639947,248.0713,8.663553,1.4068766,0.037,0.088,0.09546203433826454,6,1.916118860000001,Medium
35.75,-155.25,-3.0039825,4.684265,5.564733,248.0713,8.663553,1.4068766,0.045,0.048,0.06579513659838392,6,2.0514072499999996,Medium
35.75,-155.0,-3.129959,4.470398,5.4572062,250.67287,8.642557,1.3907633,0.041,0.025,0.04802082881417188,6,2.0858898300000006,Medium
35.75,-154.75,-3.237381,4.244812,5.3384514,250.67287,8.642557,1.3907633,0.032,0.024,0.04,6,1.9673657499999997,Medium
35.75,-154.5,-3.3545685,4.04657,5.256221,253.02443,8.624247,1.3775797,0.024,0.041,0.04750789408087881,6,1.9530722000000003,Medium
35.75,-154.25,-3.4541779,3.9049683,5.2134557,253.02443,8.624247,1.3775797,0.016,0.07,0.07180529228406497,6,1.8727629800000007,Medium
35.75,-154.0,-3.5244904,3.7614136,5.1546354,254.45412,8.591043,1.371232,0.003,0.105,0.10504284840006957,6,1.8365668633333336,Medium
35.75,-153.75,-3.6201935,3.6686401,5.1540976,254.45412,8.591043,1.371232,-0.018000000000000002,0.133,0.13421251804507658,6,1.8069555566666664,Medium
35.75,-153.5,-3.7315216,3.5631714,5.1595,255.43068,8.580545,1.3687906,-0.042,0.139,0.14520674915443843,6,1.839087416666667,Medium
35.75,-153.25,-3.8301544,3.4186401,5.133925,255.43068,8.580545,1.3687906,-0.058,0.113,0.12701574705523722,6,1.9604347799999997,Medium
35.75,-153.0,-3.9014435,3.2409058,5.071955,256.5635,8.6345005,1.3668375,-0.059000000000000004,0.064,0.08704596486914255,6,2.0070163333333344,Medium
35.75,-152.75,-3.942459,2.9977417,4.95272,256.5635,8.6345005,1.3668375,-0.044,0.024,0.05011985634456667,6,1.880959356666666,Medium
35.75,-152.5,-3.9903107,2.816101,4.8839536,257.70413,8.72703,1.3665934,-0.025,0.022,0.03330165161069343,6,1.8147159266666677,Medium
35.75,-152.25,-4.038162,2.6061401,4.806113,257.70413,8.72703,1.3665934,-0.014,0.058,0.059665735560705195,6,1.7634597100000007,Medium
35.75,-152.0,-4.114334,2.4684448,4.798017,258.6182,8.817118,1.3700113,-0.019,0.10300000000000001,0.1047377677822093,6,1.6705395600000017,Medium
35.75,-151.75,-4.2178497,2.3971558,4.8514547,258.6182,8.817118,1.3700113,-0.036000000000000004,0.122,0.12720062892926276,6,1.6687191200000002,Medium
35.75,-151.5,-4.317459,2.3551636,4.918053,259.26663,8.890604,1.3758707,-0.055,0.112,0.12477579893553077,6,1.8143274533333336,Medium
35.75,-151.25,-4.469803,2.3258667,5.038729,259.26663,8.890604,1.3758707,-0.066,0.097,0.11732433677630572,6,1.8410110600000011,Medium
35.75,-151.0,-4.617264,2.3248901,5.1695495,259.61038,8.938456,1.3834391,-0.059000000000000004,0.098,0.1143896848496402,6,1.8356899266666675,Medium
35.75,-150.75,-4.7090607,2.2936401,5.237942,259.61038,8.938456,1.3834391,-0.034,0.108,0.11322543883774529,6,1.548884456666668,Medium
35.75,-150.5,-4.6865997,2.1295776,5.147749,259.70413,8.96702,1.3929605,0.004,0.106,0.10607544484940895,6,1.523601323333334,Medium
35.75,-150.25,-4.6670685,1.947937,5.0572705,259.70413,8.96702,1.3929605,0.043000000000000003,0.091,0.10064790112068905,6,1.7909949966666674,Medium
35.75,-150.0,-4.553787,1.6744995,4.8518996,259.90726,9.015604,1.4010172,0.073,0.073,0.10323759005323593,6,2.1713620500000004,Medium
35.75,-149.75,-4.471756,1.447937,4.700332,259.90726,9.015604,1.4010172,0.089,0.064,0.10962207806824317,6,2.3306069733333348,Medium
35.75,-149.5,-4.46492,1.2487183,4.6362495,260.19632,9.071756,1.4088297,0.09,0.058,0.10707007051459339,6,2.48020182,Medium
35.75,-149.25,-4.4590607,1.1227417,4.5982356,260.19632,9.071756,1.4088297,0.078,0.051000000000000004,0.0931933474020544,6,2.48261086,Medium
35.75,-149.0,-4.458084,1.0407104,4.577946,260.6182,9.139872,1.4176188,0.053,0.049,0.07218032973047436,6,2.5067447166666663,Medium
35.75,-148.75,-4.506912,1.0543823,4.6286044,260.6182,9.139872,1.4176188,0.013000000000000001,0.07,0.07119691004531026,6,2.321846186666667,Medium
35.75,-148.5,-4.6182404,1.0836792,4.7436805,260.9307,9.20286,1.4286051,-0.04,0.111,0.11798728745080972,6,2.1738745733333347,Medium
35.75,-148.25,-4.563553,1.2868042,4.741506,260.9307,9.20286,1.4286051,-0.089,0.14300000000000002,0.16843396332094074,6,2.18411941,Medium
35.75,-148.0,-4.5713654,1.4655151,4.800533,260.89944,9.253641,1.4434977,-0.113,0.137,0.17758941409892653,6,2.2041492699999994,Medium
35.75,-147.75,-4.469803,1.7643433,4.8054185,260.89944,9.253641,1.4434977,-0.1,0.093,0.13656134152826707,6,2.288447910000001,Medium
35.75,-147.5,-4.3701935,2.1188354,4.8567533,260.27444,9.280741,1.4622965,-0.065,0.049,0.08140024569987489,6,2.62740334,Medium
35.75,-147.25,-4.199295,2.4528198,4.8631682,260.27444,9.280741,1.4622965,-0.035,0.051000000000000004,0.061854668376768465,6,2.4685397966666662,Medium
35.75,-147.0,-4.0664825,2.6608276,4.8596587,258.94632,9.282206,1.4842691,-0.021,0.1,0.10218121158021176,6,2.361596240000001,Medium
35.75,-146.75,-3.8897247,2.6569214,4.7105403,258.94632,9.282206,1.4842691,-0.014,0.154,0.15463505424062166,6,2.4357041833333333,Medium
35.75,-146.5,-3.6416779,2.617859,4.4849753,257.46976,9.297098,1.5059977,-0.005,0.166,0.1660752841334315,6,2.768547300000001,Medium
35.75,-146.25,-3.5391388,2.5006714,4.3334584,257.46976,9.297098,1.5059977,0.008,0.132,0.13224220203853232,6,5.365681886666667,Medium
35.75,-146.0,-3.3106232,2.3864136,4.0810776,255.71193,9.278788,1.5316324,0.018000000000000002,0.1,0.10160708636704431,6,4.776429846666668,Medium
35.75,-145.75,-3.3340607,2.3971558,4.106375,255.71193,9.278788,1.5316324,0.023,0.108,0.11042191811411356,6,4.997035030000001,Medium
35.75,-145.5,-3.5088654,2.501648,4.309336,253.39162,9.184549,1.5626383,0.026000000000000002,0.14400000000000002,0.1463283977907228,6,7.4291050266666705,Medium
35.75,-145.25,-3.6426544,2.5895386,4.4693,253.39162,9.184549,1.5626383,0.027,0.156,0.15831929762350513,6,6.555313996666678,Medium
35.75,-145.0,-3.7569122,2.6032104,4.5706778,252.24318,9.12327,1.5890055,0.02,0.11800000000000001,0.11968291440301745,6,6.97974850000001,Medium
35.75,-144.75,-3.869217,2.5983276,4.660702,252.24318,9.12327,1.5890055,0.0,0.063,0.063,6,7.155688173333339,Medium
35.75,-144.5,-3.9932404,2.5446167,4.7350864,252.47755,9.100077,1.6075602,-0.028,0.038,0.047201694884823786,6,6.473055993333339,Medium
35.75,-144.25,-4.1094513,2.4059448,4.761949,252.47755,9.100077,1.6075602,-0.054,0.054,0.07636753236814713,6,6.172628930000005,Medium
35.75,-144.0,-4.2276154,2.2096558,4.7702527,254.18849,9.126444,1.6163492,-0.07200000000000001,0.074,0.10324727599312244,6,5.955714730000004,Medium
35.75,-143.75,-4.4082794,1.9567261,4.823039,254.18849,9.126444,1.6163492,-0.088,0.061,0.10707474025184464,6,6.027520380000007,Medium
35.75,-143.5,-4.563553,1.6315308,4.846432,256.9307,9.186014,1.6183023,-0.109,0.023,0.11140017953306897,6,5.961334120000005,Medium
35.75,-143.25,-4.6778107,1.4020386,4.883403,256.9307,9.186014,1.6183023,-0.13,0.007,0.13018832512940628,6,6.045856910000006,Medium
35.75,-143.0,-4.694412,1.0709839,4.81503,260.02444,9.275858,1.6151285,-0.137,0.043000000000000003,0.1435896932234344,6,5.997476583333338,Medium
35.75,-142.75,-4.4815216,0.7555542,4.544766,260.02444,9.275858,1.6151285,-0.12,0.10200000000000001,0.15749285698088025,6,7.373536970000009,Medium
35.75,-142.5,-4.123123,0.4381714,4.1463404,262.97757,9.399881,1.6070719,-0.083,0.128,0.15255490814785344,6,8.345259420000003,Medium
35.75,-142.25,-3.7696075,0.038757324,3.7698069,262.97757,9.399881,1.6070719,-0.047,0.093,0.10420172743289816,6,7.918536236666673,Medium
35.75,-142.0,-3.322342,-0.30596924,3.3364012,265.36038,9.512918,1.6014566,-0.028,0.022,0.035608987629529715,6,9.015661629999995,Medium
35.75,-141.75,-3.0264435,-0.80596924,3.1319237,265.36038,9.512918,1.6014566,-0.033,-0.036000000000000004,0.048836461788299125,6,9.434479023333331,Medium
35.75,-141.5,-2.80867,-1.2415161,3.070829,267.44632,9.605204,1.598527,-0.052000000000000005,-0.05,0.07213875518748575,6,10.386858823333336,High
35.75,-141.25,-2.7481232,-1.8772583,3.3281045,267.44632,9.605204,1.598527,-0.073,-0.024,0.07684399781375251,6,8.992860543333336,Medium
35.75,-141.0,-2.837967,-2.513977,3.791324,269.40726,9.686014,1.5982828,-0.089,0.014,0.09009439494219382,6,7.433301060000006,Medium
35.75,-140.75,-2.918045,-3.0842896,4.245919,269.40726,9.686014,1.5982828,-0.099,0.035,0.10500476179678711,6,7.753557536666679,Medium
35.75,-140.5,-2.9922638,-3.6126099,4.6909056,271.32132,9.73826,1.6029215,-0.10200000000000001,0.027,0.10551303237041386,6,5.818664580000009,Medium
35.75,-140.25,-2.7881622,-3.902649,4.7963023,271.32132,9.73826,1.6029215,-0.101,0.006,0.10117806086301516,6,4.927640346666671,Medium
35.75,-140.0,-2.8282013,-4.32843,5.170496,273.126,9.774149,1.6104898,-0.096,-0.006,0.09618731725128839,6,4.690518186666669,Medium
35.75,-139.75,-2.8301544,-4.444641,5.2692137,273.126,9.774149,1.6104898,-0.091,0.001,0.09100549433962765,6,4.765913338333336,Medium
35.75,-139.5,-2.8662872,-4.510071,5.3438134,275.11038,9.784403,1.6187906,-0.09,0.008,0.09035485598461214,6,4.609540711666669,Medium
35.75,-139.25,-3.1885529,-4.4885864,5.5058403,275.11038,9.784403,1.6187906,-0.097,-0.007,0.09725224933131367,6,4.260747953333334,Medium
35.75,-139.0,-3.636795,-4.4348755,5.735364,277.61038,9.753885,1.6290445,-0.105,-0.042,0.11308846094982458,6,3.5167315916666695,Medium
35.75,-138.75,-3.730545,-4.302063,5.69427,277.61038,9.753885,1.6290445,-0.11,-0.069,0.12984991336154214,6,3.671042333888891,Medium
35.75,-138.5,-3.6338654,-4.1536255,5.518839,280.51663,9.716532,1.6412516,-0.11,-0.067,0.1287982919141399,6,3.9493664683333374,Medium
35.75,-138.25,-3.5694122,-4.1741333,5.4921846,280.51663,9.716532,1.6412516,-0.11,-0.038,0.11637869220780925,6,3.7658468183333387,Medium
35.75,-138.0,-3.4102325,-4.2991333,5.4874616,284.67288,9.648172,1.6590738,-0.11800000000000001,-0.004,0.11806777714516355,6,3.8348833122222246,Medium
35.75,-137.75,-3.4512482,-4.9710083,6.0516148,284.67288,9.648172,1.6590738,-0.139,0.016,0.13991783303067556,6,3.837000323333334,Medium
35.75,-137.5,-3.4658966,-5.687805,6.6605983,294.28226,9.411844,1.7008219,-0.167,0.016,0.1677647161950331,6,3.9450960266666684,Medium
35.75,-137.25,-3.458084,-6.3518677,7.2321897,294.28226,9.411844,1.7008219,-0.186,0.005,0.18606719216455114,6,3.8927218466666673,Medium
35.75,-137.0,-3.43367,-6.708313,7.536017,312.73538,8.974588,1.7787027,-0.188,0.001,0.1880026595556563,6,3.6472213400000015,Medium
35.75,-136.75,-3.4844513,-6.656555,7.5133963,312.73538,8.974588,1.7787027,-0.178,0.003,0.17802527910383964,6,3.6477968900000017,Medium
35.75,-136.5,-3.5069122,-6.6731567,7.5385313,328.35257,8.674051,1.845109,-0.162,-0.008,0.1621974105835232,6,3.6526170600000016,Medium
35.75,-136.25,-3.5010529,-6.6985474,7.5583005,328.35257,8.674051,1.845109,-0.15,-0.042,0.15576905982896605,6,3.4264146833333355,Medium
35.75,-136.0,-3.5371857,-6.760071,7.629564,339.45413,8.501444,1.8966227,-0.146,-0.079,0.16600301202086665,6,3.5132678533333372,Medium
35.75,-135.75,-3.6416779,-6.965149,7.859715,339.45413,8.501444,1.8966227,-0.14300000000000002,-0.083,0.16534206966165632,6,3.770559826666671,Medium
35.75,-135.5,-3.7813263,-7.1936646,8.1269455,351.58694,8.244608,1.9764566,-0.14,-0.038,0.14506550244630873,6,4.250951036666669,Medium
35.75,-135.25,-3.8916779,-7.45636,8.410853,351.58694,8.244608,1.9764566,-0.131,0.018000000000000002,0.13223085872821067,6,5.332401356666671,Medium
35.75,-135.0,-4.0059357,-7.7922974,8.761702,359.57913,8.051249,2.0531168,-0.127,0.033,0.1312173768980313,6,8.31234745333333,Medium
35.75,-134.75,-4.072342,-8.094055,9.060779,359.57913,8.051249,2.0531168,-0.127,-0.012,0.1275656693628815,6,8.559655906666665,Medium
35.75,-134.5,-4.0713654,-8.349915,9.289622,3.9619303,7.8898716,2.1266031,-0.13,-0.08,0.15264337522473748,6,8.975186659999997,Medium
35.75,-134.25,-4.0176544,-8.556946,9.453194,3.9619303,7.8898716,2.1266031,-0.134,-0.121,0.18054639292990596,6,9.883008446666656,Medium
35.75,-134.0,-3.9766388,-8.889954,9.738836,5.5088053,7.8083286,2.1795816,-0.137,-0.11900000000000001,0.18146625030566982,6,3.4084388999999997,Medium
35.75,-133.75,-3.598709,-8.520813,9.249593,5.5088053,7.8083286,2.1795816,-0.14,-0.101,0.1726296614142541,6,3.239899079999998,Medium
35.75,-133.5,-3.4444122,-8.601868,9.265857,6.172868,7.7736607,2.2213297,-0.14400000000000002,-0.098,0.17418381095842406,6,3.375718186666666,Medium
35.75,-133.25,-3.2735138,-8.695618,9.291376,6.172868,7.7736607,2.2213297,-0.154,-0.11,0.1892511558749378,6,3.398423400000001,Medium
35.75,-133.0,-3.1631622,-8.971008,9.512339,6.829118,7.7262974,2.2750406,-0.159,-0.113,0.1950640920313116,6,2.4645822033333316,Medium
35.75,-132.75,-2.8760529,-8.979797,9.429127,6.829118,7.7262974,2.2750406,-0.159,-0.1,0.18783237207680684,6,2.3804113199999986,Medium
35.75,-132.5,-2.909256,-9.409485,9.8489685,7.3525553,7.6865025,2.3404703,-0.158,-0.083,0.1784740877550576,6,2.3161158666666655,Medium
35.75,-132.25,-2.994217,-9.866516,10.3108425,7.3525553,7.6865025,2.3404703,-0.149,-0.077,0.16772000476985444,6,2.8846636733333324,Medium
35.75,-132.0,-3.1319122,-10.593079,11.046366,8.008805,7.5929966,2.4444742,-0.136,-0.089,0.16253307355735325,6,4.876555539999993,Medium
35.75,-131.75,-2.8838654,-10.701477,11.083244,8.008805,7.5929966,2.4444742,-0.116,-0.113,0.1619413474070165,6,4.889492096666658,Medium
35.75,-131.5,-2.6240997,-10.799133,11.113379,7.641618,7.5473423,2.541398,-0.085,-0.14300000000000002,0.16635504200354134,6,5.819830223333328,Medium
35.75,-131.25,-2.4082794,-10.926086,11.18835,7.641618,7.5473423,2.541398,-0.047,-0.181,0.18700267377767624,6,6.338905296666657,Medium
35.75,-131.0,-2.355545,-11.540344,11.778292,6.719743,7.536356,2.6339273,-0.015,-0.221,0.22150846484954023,6,7.781208943333331,Medium
35.75,-130.75,-2.0078888,-11.712219,11.883084,6.719743,7.536356,2.6339273,-0.001,-0.255,0.2550019607767752,6,7.812977669999996,Medium
35.75,-130.5,-1.5703888,-11.882141,11.985466,5.610368,7.5563755,2.7276773,-0.013000000000000001,-0.269,0.2693139431964116,6,8.15314636666667,Medium
35.75,-130.25,-1.1319122,-12.048157,12.101211,5.610368,7.5563755,2.7276773,-0.054,-0.253,0.2586986664055306,6,8.10482083666667,Medium
36.0,-156.25,-1.9258575,5.2858276,5.6257358,250.15724,9.081034,1.4112711,0.023,0.14200000000000002,0.14385061696079027,6,2.2878169333333327,Medium
36.0,-156.0,-2.2324982,5.333679,5.782057,249.16505,8.871073,1.4139566,0.034,0.135,0.1392156600386609,6,2.137500706666667,Medium
36.0,-155.75,-2.4375763,5.2008667,5.743761,249.16505,8.871073,1.4139566,0.049,0.107,0.1176860229593982,6,2.1438770299999996,Medium
36.0,-155.5,-2.650467,5.052429,5.7054377,249.66505,8.74827,1.4102945,0.057,0.073,0.09261749294814667,6,2.1622916233333322,Medium
36.0,-155.25,-2.8282013,4.8600464,5.6230574,249.66505,8.74827,1.4102945,0.054,0.049,0.07291776189653656,6,2.096172813333333,Medium
36.0,-155.0,-3.0244904,4.635437,5.534873,251.16505,8.682108,1.4019938,0.042,0.037,0.055973207876626116,6,2.0666585533333346,Medium
36.0,-154.75,-3.2158966,4.445984,5.4871454,251.16505,8.682108,1.4019938,0.03,0.038,0.048414873747640814,6,1.967050223333334,Medium
36.0,-154.5,-3.3389435,4.246765,5.4021807,253.24318,8.65452,1.3878336,0.021,0.053,0.057008771254956896,6,1.8913271400000005,Medium
36.0,-154.25,-3.4756622,4.0543823,5.3402476,253.24318,8.65452,1.3878336,0.012,0.08600000000000001,0.08683317338436965,6,1.88430323,Medium
36.0,-154.0,-3.5576935,3.8883667,5.270349,255.16505,8.651346,1.3766031,-0.002,0.13,0.13001538370516008,6,1.8108533099999995,Medium
36.0,-153.75,-3.6485138,3.7731323,5.248636,255.16505,8.651346,1.3766031,-0.024,0.164,0.1657467948408053,6,1.6837258866666678,Medium
36.0,-153.5,-3.7198029,3.6237183,5.193098,256.83694,8.682108,1.3685465,-0.048,0.165,0.17184004189943625,6,1.8533256000000007,Medium
36.0,-153.25,-3.8125763,3.4782104,5.1607833,256.83694,8.682108,1.3685465,-0.066,0.123,0.13958868148958212,6,1.9583148266666672,Medium
36.0,-153.0,-3.878006,3.3356323,5.11521,258.251,8.751932,1.3639078,-0.07100000000000001,0.054,0.08920201791439475,6,2.0509685766666674,Medium
36.0,-152.75,-3.916092,3.180359,5.0448446,258.251,8.751932,1.3639078,-0.065,0.003,0.06506919393998976,6,2.1255745633333336,Medium
36.0,-152.5,-3.9639435,3.008484,4.976326,258.90726,8.815409,1.3665934,-0.054,0.003,0.054083269131959835,6,2.0152695800000013,Medium
36.0,-152.25,-4.029373,2.8952026,4.9616575,258.90726,8.815409,1.3665934,-0.044,0.051000000000000004,0.06735725647619564,6,1.79270233,Medium
36.0,-152.0,-4.1094513,2.7545776,4.9472504,259.0557,8.869608,1.3736734,-0.037,0.108,0.11416216536138406,6,1.730681800000001,Medium
36.0,-151.75,-4.2188263,2.666687,4.9909635,259.0557,8.869608,1.3736734,-0.032,0.135,0.13874076545846215,6,1.6955731933333338,Medium
36.0,-151.5,-4.3545685,2.5787964,5.060875,258.94632,8.910379,1.3831949,-0.028,0.121,0.1241974234837422,6,1.7643560633333326,Medium
36.0,-151.25,-4.5059357,2.5436401,5.1743174,258.94632,8.910379,1.3831949,-0.022,0.093,0.09556673061269806,6,1.7614949333333345,Medium
36.0,-151.0,-4.6114044,2.4977417,5.2444034,258.95413,8.95286,1.3922281,-0.009000000000000001,0.074,0.07454528824815154,6,1.763901530000002,Medium
36.0,-150.75,-4.6426544,2.3659058,5.210734,258.95413,8.95286,1.3922281,0.012,0.066,0.0670820393249937,6,1.6223494866666686,Medium
36.0,-150.5,-4.617264,2.197937,5.113712,259.42288,9.027079,1.3966227,0.037,0.059000000000000004,0.0696419413859206,6,1.807784466666667,Medium
36.0,-150.25,-4.5108185,1.9420776,4.911125,259.42288,9.027079,1.3966227,0.059000000000000004,0.05,0.07733692520394124,6,2.24168849,Medium
36.0,-150.0,-4.379959,1.6647339,4.685657,260.14163,9.119852,1.3997965,0.07100000000000001,0.048,0.08570297544426332,6,2.4162089033333345,Medium
36.0,-149.75,-4.270584,1.4401245,4.506867,260.14163,9.119852,1.3997965,0.07100000000000001,0.056,0.0904267659490264,6,2.4649896500000006,Medium
36.0,-149.5,-4.2071075,1.2897339,4.40036,260.54007,9.179911,1.407609,0.059000000000000004,0.067,0.08927485648266258,6,2.467595973333333,Medium
36.0,-149.25,-4.2002716,1.1676636,4.3595552,260.54007,9.179911,1.407609,0.039,0.076,0.08542247947700886,6,2.2623119266666665,Medium
36.0,-149.0,-4.273514,1.0563354,4.402132,260.72757,9.218973,1.4178629,0.01,0.091,0.09154780172128657,6,2.2823167600000005,Medium
36.0,-148.75,-4.442459,0.9869995,4.5507812,260.72757,9.218973,1.4178629,-0.025,0.124,0.12649505919204906,6,2.3389504633333327,Medium
36.0,-148.5,-4.5645294,1.0045776,4.6737676,260.82132,9.2512,1.4310465,-0.059000000000000004,0.164,0.17428998823799377,6,2.284905130000001,Medium
36.0,-148.25,-4.748123,1.001648,4.8526254,260.82132,9.2512,1.4310465,-0.081,0.17400000000000002,0.19192967462067975,6,1.9816480566666674,Medium
36.0,-148.0,-4.8272247,1.119812,4.955409,260.84476,9.274881,1.4471598,-0.079,0.127,0.14956603892595405,6,2.187245593333335,Medium
36.0,-147.75,-4.817459,1.3571167,5.0049653,260.84476,9.274881,1.4471598,-0.055,0.051000000000000004,0.07500666637039671,6,2.24799456,Medium
36.0,-147.5,-4.8282013,1.5680542,5.0764475,260.78226,9.321512,1.4637613,-0.025,0.005,0.025495097567963927,6,2.2345357433333333,Medium
36.0,-147.25,-4.6739044,1.8834839,5.0391364,260.78226,9.321512,1.4637613,-0.007,0.026000000000000002,0.026925824035672525,6,2.2437031633333326,Medium
36.0,-147.0,-4.4883575,2.081726,4.9476194,260.69632,9.396708,1.4771891,-0.003,0.091,0.0910494371207203,6,2.4284144733333344,Medium
36.0,-146.75,-4.2139435,2.164734,4.737446,260.69632,9.396708,1.4771891,-0.003,0.14400000000000002,0.14403124660989367,6,2.528341316666665,Medium
36.0,-146.5,-3.9551544,2.133484,4.4938846,260.66507,9.484354,1.4879313,0.003,0.148,0.1480304022827743,6,2.883027143333334,Medium
36.0,-146.25,-3.619217,2.0914917,4.18008,260.66507,9.484354,1.4879313,0.011,0.114,0.11452947218947619,6,4.060868099999999,Medium
36.0,-146.0,-3.348709,2.0006714,3.9008384,260.41507,9.545877,1.503068,0.016,0.085,0.08649277426467486,6,4.835180413333334,Medium
36.0,-145.75,-3.2559357,1.9977417,3.8199592,260.41507,9.545877,1.503068,0.02,0.093,0.0951262319236918,6,5.039805943333335,Medium
36.0,-145.5,-3.08992,2.0309448,3.697613,259.83694,9.558817,1.5211344,0.031,0.122,0.12587692401707312,6,6.075514960000003,Medium
36.0,-145.25,-3.1865997,2.111023,3.8224123,259.83694,9.558817,1.5211344,0.046,0.138,0.14546477236774547,6,7.633357106666669,Medium
36.0,-145.0,-3.1006622,2.1989136,3.801227,259.3135,9.555399,1.5382242,0.052000000000000005,0.11900000000000001,0.12986531484580477,6,7.940827306666673,Medium
36.0,-144.75,-3.0235138,2.3121948,3.806295,259.3135,9.555399,1.5382242,0.039,0.083,0.091706052144883,6,7.881799490000006,Medium
36.0,-144.5,-3.1328888,2.282898,3.8764179,259.19632,9.554911,1.5540934,0.01,0.062,0.06280127387243033,6,8.324312796666664,Medium
36.0,-144.25,-3.190506,2.3463745,3.9604042,259.19632,9.554911,1.5540934,-0.018000000000000002,0.067,0.0693757882838098,6,8.090596443333338,Medium
36.0,-144.0,-3.3164825,2.236023,3.999857,259.75882,9.575907,1.5650797,-0.035,0.076,0.0836719785830358,6,7.775599583333337,Medium
36.0,-143.75,-3.5176544,2.041687,4.067232,259.75882,9.575907,1.5650797,-0.047,0.065,0.08021221852062191,6,8.143768250000003,Medium
36.0,-143.5,-3.6729279,1.8444214,4.110023,261.00882,9.62327,1.5704508,-0.064,0.036000000000000004,0.07343023900274327,6,8.25877411666667,Medium
36.0,-143.25,-3.7813263,1.6149292,4.1117425,261.00882,9.62327,1.5704508,-0.085,0.017,0.08668333173107735,6,7.798348943333337,Medium
36.0,-143.0,-3.7451935,1.329773,3.9742634,262.65726,9.700174,1.5704508,-0.098,0.03,0.10248902380255166,6,7.561524403333338,Medium
36.0,-142.75,-3.4190216,1.048523,3.5761864,262.65726,9.700174,1.5704508,-0.089,0.061,0.10789810007595128,6,7.945889833333336,Medium
36.0,-142.5,-3.05867,0.7379761,3.146438,264.35257,9.790262,1.5680094,-0.061,0.075,0.09667471230885562,6,8.840107786666666,Medium
36.0,-142.25,-2.674881,0.40301514,2.705071,264.35257,9.790262,1.5680094,-0.033,0.053,0.06243396511515186,6,13.404629679999994,High
36.0,-142.0,-2.3145294,0.042663574,2.3149226,265.77444,9.855448,1.5680094,-0.023,0.011,0.025495097567963924,6,13.132933250000008,High
36.0,-141.75,-2.1475372,-0.5042114,2.205934,265.77444,9.855448,1.5680094,-0.035,-0.022,0.041340053217188776,6,13.883849393333337,High
36.0,-141.5,-2.3516388,-1.232727,2.65515,267.0557,9.892069,1.5709391,-0.057,-0.03,0.06441273166075166,6,14.326159439999996,High
36.0,-141.25,-2.3506622,-1.8938599,3.0186617,267.0557,9.892069,1.5709391,-0.073,-0.014,0.07433034373659253,6,15.82066638333331,High
36.0,-141.0,-2.7032013,-2.723938,3.837595,268.51663,9.895243,1.577775,-0.074,0.01,0.07467261881037787,6,8.982360043333339,Medium
36.0,-140.75,-2.9190216,-3.380188,4.4661345,268.51663,9.895243,1.577775,-0.06,0.022,0.06390618123468184,6,7.878188383333341,Medium
36.0,-140.5,-3.0039825,-3.9192505,4.93806,270.39163,9.856668,1.5902262,-0.044,0.012,0.045607017003965515,6,6.902935470000008,Medium
36.0,-140.25,-3.0713654,-4.3811646,5.3505034,270.39163,9.856668,1.5902262,-0.032,-0.008,0.03298484500494128,6,6.424127866666668,Medium
36.0,-140.0,-3.0996857,-4.739563,5.6631713,272.64944,9.797586,1.6060953,-0.026000000000000002,-0.016,0.0305286750449475,6,5.353518611666668,Medium
36.0,-139.75,-3.05867,-4.791321,5.684384,272.64944,9.797586,1.6060953,-0.026000000000000002,-0.004,0.026305892875931814,6,5.587310066666668,Medium
36.0,-139.5,-3.134842,-4.7385864,5.6816754,274.5635,9.769754,1.6173258,-0.029,0.009000000000000001,0.030364452901377955,6,5.102694810000001,Medium
36.0,-139.25,-3.4414825,-4.7053833,5.829617,274.5635,9.769754,1.6173258,-0.038,0.001,0.03801315561749642,6,4.992599893333337,Medium
36.0,-139.0,-3.761795,-4.616516,5.955109,277.14944,9.691141,1.6309977,-0.054,-0.029,0.061294371682887816,6,3.892142033888892,Medium
36.0,-138.75,-3.8506622,-4.623352,6.0168915,277.14944,9.691141,1.6309977,-0.074,-0.058,0.09402127418834526,6,3.6975433450000015,Medium
36.0,-138.5,-3.7500763,-4.500305,5.8579707,280.02444,9.619852,1.6446695,-0.093,-0.061,0.11122050170719426,6,3.551657645000002,Medium
36.0,-138.25,-3.5352325,-4.5667114,5.775182,280.02444,9.619852,1.6446695,-0.106,-0.033,0.11101801655587258,6,3.5031642316666685,Medium
36.0,-138.0,-3.346756,-4.696594,5.767042,283.65726,9.545877,1.661027,-0.116,0.008,0.11627553482998906,6,3.790418793333335,Medium
36.0,-137.75,-3.384842,-5.3010864,6.2895684,283.65726,9.545877,1.661027,-0.129,0.036000000000000004,0.13392908571329828,6,4.117282953333331,Medium
36.0,-137.5,-3.3994904,-5.85968,6.774392,293.4932,9.265604,1.7081461,-0.146,0.033,0.14968299836654794,6,3.971913690000002,Medium
36.0,-137.25,-3.3916779,-6.4817505,7.3155017,293.4932,9.265604,1.7081461,-0.156,0.01,0.15632018423735305,6,3.860231893333335,Medium
36.0,-137.0,-3.4033966,-6.5169067,7.352087,309.23538,8.883036,1.7777262,-0.159,-0.009000000000000001,0.15925451327984397,6,3.8003559750000013,Medium
36.0,-136.75,-3.4356232,-6.522766,7.372244,309.23538,8.883036,1.7777262,-0.154,-0.014,0.15463505424062166,6,3.734927046666668,Medium
36.0,-136.5,-3.4551544,-6.538391,7.3951774,322.39944,8.641825,1.8324137,-0.147,-0.02,0.14835430563350696,6,3.638133633333335,Medium
36.0,-136.25,-3.4658966,-6.6272583,7.478836,322.39944,8.641825,1.8324137,-0.14200000000000002,-0.047,0.14957606760441325,6,3.7020967300000023,Medium
36.0,-136.0,-3.525467,-6.7317505,7.599038,333.41507,8.4782505,1.8785563,-0.14300000000000002,-0.083,0.16534206966165632,6,3.5078464566666714,Medium
36.0,-135.75,-3.5801544,-6.885071,7.7602644,333.41507,8.4782505,1.8785563,-0.14300000000000002,-0.09,0.1689644933114647,6,3.7166474533333362,Medium
36.0,-135.5,-3.6240997,-6.9856567,7.869784,344.89163,8.277567,1.9408121,-0.138,-0.05,0.1467787450552702,6,4.14637770666667,Medium
36.0,-135.25,-3.730545,-7.2337036,8.139008,344.89163,8.277567,1.9408121,-0.128,0.009000000000000001,0.12831601614763452,6,4.267867303333335,Medium
36.0,-135.0,-3.940506,-7.6760864,8.628435,353.376,8.086405,2.006486,-0.122,0.032,0.12612692020342048,6,5.1956868266666705,Medium
36.0,-134.75,-4.0147247,-7.978821,8.931943,353.376,8.086405,2.006486,-0.127,-0.001,0.12700393694685216,6,5.584584683333337,Medium
36.0,-134.5,-4.0000763,-8.2317505,9.152176,357.82132,7.9745884,2.05507,-0.139,-0.063,0.15261061562027722,6,6.612963756666668,Medium
36.0,-134.25,-3.846756,-8.395813,9.235107,357.82132,7.9745884,2.05507,-0.157,-0.105,0.18887562044901401,6,7.849361609999996,Medium
36.0,-134.0,-3.7198029,-8.568665,9.341249,0.21974277,7.9118443,2.0941324,-0.165,-0.108,0.19720294115453754,6,4.297096653333333,Medium
36.0,-133.75,-3.4365997,-8.345032,9.024953,0.21974277,7.9118443,2.0941324,-0.161,-0.091,0.1849378273907207,6,4.192658470000001,Medium
36.0,-133.5,-3.333084,-8.458313,9.091343,2.4306803,7.8412876,2.143937,-0.154,-0.085,0.17590054007876157,6,4.248092586666669,Medium
36.0,-133.25,-3.1778107,-8.5755005,9.145364,2.4306803,7.8412876,2.143937,-0.149,-0.098,0.17833956375409243,6,4.3081431266666685,Medium
36.0,-133.0,-3.049881,-8.811829,9.324703,3.8134928,7.784891,2.195695,-0.14200000000000002,-0.109,0.1790111728356641,6,2.9658723966666645,Medium
36.0,-132.75,-2.9990997,-9.214172,9.689973,3.8134928,7.784891,2.195695,-0.137,-0.106,0.17321951391226106,6,3.055757806666666,Medium
36.0,-132.5,-2.994217,-9.596008,10.052299,4.891618,7.7319126,2.2591715,-0.134,-0.096,0.16483931569865243,6,3.137185083333332,Medium
36.0,-132.25,-2.8770294,-9.895813,10.3055525,4.891618,7.7319126,2.2591715,-0.127,-0.092,0.15682155464093575,6,3.417527643333331,Medium
36.0,-132.0,-2.90242,-10.491516,10.885585,6.3213053,7.610819,2.3636637,-0.11900000000000001,-0.106,0.15936436239009022,6,5.123493736666659,Medium
36.0,-131.75,-2.6709747,-10.554993,10.887698,6.3213053,7.610819,2.3636637,-0.11,-0.137,0.17569575976670582,6,5.1295111033333285,Medium
36.0,-131.5,-2.4258575,-10.448547,10.7264595,6.8369303,7.5480747,2.4725504,-0.092,-0.176,0.19859506539690253,6,4.889379556666662,Medium
36.0,-131.25,-2.221756,-10.57843,10.809227,6.8369303,7.5480747,2.4725504,-0.069,-0.212,0.22294618184665105,6,5.692982966666663,Medium
36.0,-131.0,-2.3965607,-11.542297,11.788474,6.563493,7.4838657,2.5958414,-0.051000000000000004,-0.23700000000000002,0.24242524621004308,6,7.753663379999996,Medium
36.0,-130.75,-2.134842,-11.8567505,12.04741,6.563493,7.4838657,2.5958414,-0.059000000000000004,-0.244,0.2510318704865978,6,7.749218663333331,Medium
36.0,-130.5,-1.7158966,-12.043274,12.164899,5.594743,7.456522,2.7171793,-0.094,-0.225,0.24384626304292628,6,7.640445406666663,Medium
36.0,-130.25,-1.3252716,-12.26593,12.337317,5.594743,7.456522,2.7171793,-0.15,-0.181,0.23507658326596462,6,7.237298209999998,Medium
36.25,-156.25,-1.7637482,5.227234,5.5167727,250.15724,9.081034,1.4112711,0.045,0.136,0.1432515270424717,6,2.491527149999999,Medium
36.25,-156.0,-2.0752716,5.411804,5.7960653,249.16505,8.871073,1.4139566,0.05,0.121,0.13092364186807515,6,2.3217403866666673,Medium
36.25,-155.75,-2.3321075,5.361023,5.846306,249.16505,8.871073,1.4139566,0.056,0.098,0.1128716084761797,6,2.13689408,Medium
36.25,-155.5,-2.5440216,5.2145386,5.802022,249.66505,8.74827,1.4102945,0.053,0.077,0.09347726996441434,6,2.2077110366666655,Medium
36.25,-155.25,-2.759842,5.0426636,5.7484937,249.66505,8.74827,1.4102945,0.044,0.061,0.07521303078589507,6,2.242691819999999,Medium
36.25,-155.0,-2.9698029,4.822937,5.663961,251.16505,8.682108,1.4019938,0.033,0.049,0.05907622195096772,6,1.9637429133333337,Medium
36.25,-154.75,-3.1826935,4.644226,5.630131,251.16505,8.682108,1.4019938,0.028,0.045,0.053,6,1.9188591000000008,Medium
36.25,-154.5,-3.3907013,4.459656,5.602266,253.24318,8.65452,1.3878336,0.028,0.059000000000000004,0.06530696746902279,6,1.9104201766666673,Medium
36.25,-154.25,-3.5264435,4.2682495,5.536584,253.24318,8.65452,1.3878336,0.027,0.098,0.10165136496870075,6,1.8553860366666675,Medium
36.25,-154.0,-3.6426544,4.072937,5.4642243,255.16505,8.651346,1.3766031,0.02,0.15,0.15132745950421556,6,1.7077335433333334,Medium
36.25,-153.75,-3.7188263,3.8844604,5.377611,255.16505,8.651346,1.3766031,0.007,0.188,0.18813027401245128,6,1.709144253333333,Medium
36.25,-153.5,-3.7901154,3.736023,5.321921,256.83694,8.682108,1.3685465,-0.007,0.186,0.1861316738225926,6,1.6581839666666671,Medium
36.25,-153.25,-3.8457794,3.572937,5.249371,256.83694,8.682108,1.3685465,-0.019,0.133,0.13435028842544405,6,1.8146445200000005,Medium
36.25,-153.0,-3.9063263,3.439148,5.2045293,258.251,8.751932,1.3639078,-0.027,0.054,0.06037383539249432,6,1.919158256666667,Medium
36.25,-152.75,-3.942459,3.3180542,5.152909,258.251,8.751932,1.3639078,-0.031,-0.005,0.031400636936215164,6,1.9628502900000009,Medium
36.25,-152.5,-3.9824982,3.2477417,5.138883,258.90726,8.815409,1.3665934,-0.031,-0.009000000000000001,0.03228002478313795,6,1.941621423333334,Medium
36.25,-152.25,-4.047928,3.1344604,5.119625,258.90726,8.815409,1.3665934,-0.023,0.037,0.043566041821583926,6,1.8912071566666673,Medium
36.25,-152.0,-4.119217,3.0065308,5.099723,259.0557,8.869608,1.3736734,-0.007,0.091,0.09126883367283709,6,1.7069976266666689,Medium
36.25,-151.75,-4.208084,2.894226,5.1073003,259.0557,8.869608,1.3736734,0.016,0.115,0.1161077086157504,6,1.6616864633333353,Medium
36.25,-151.5,-4.3438263,2.805359,5.170964,258.94632,8.910379,1.3831949,0.036000000000000004,0.10300000000000001,0.10911003620199199,6,1.813014590000002,Medium
36.25,-151.25,-4.4307404,2.6784058,5.1773853,258.94632,8.910379,1.3831949,0.05,0.076,0.09097252332435328,6,1.9814282733333357,Medium
36.25,-151.0,-4.5196075,2.611023,5.2196064,258.95413,8.95286,1.3922281,0.057,0.056,0.07990619500389191,6,2.190870850000001,Medium
36.25,-150.75,-4.543045,2.445984,5.1596603,258.95413,8.95286,1.3922281,0.059000000000000004,0.049,0.07669419795525605,6,2.185629643333334,Medium
36.25,-150.5,-4.501053,2.211609,5.0150466,259.42288,9.027079,1.3966227,0.053,0.047,0.07083784299369934,6,2.290661606666668,Medium
36.25,-150.25,-4.395584,1.9557495,4.811041,259.42288,9.027079,1.3966227,0.039,0.047,0.06107372593840988,6,2.1164692266666667,Medium
36.25,-150.0,-4.2715607,1.6725464,4.587335,260.14163,9.119852,1.3997965,0.021,0.054,0.0579396237474839,6,2.249379643333335,Medium
36.25,-149.75,-4.1582794,1.4401245,4.400596,260.14163,9.119852,1.3997965,0.004,0.068,0.06811754546370562,6,2.241906680000001,Medium
36.25,-149.5,-4.094803,1.2897339,4.2931137,260.54007,9.179911,1.407609,-0.01,0.085,0.08558621384311846,6,4.606569423333334,Medium
36.25,-149.25,-4.145584,1.1842651,4.311421,260.54007,9.179911,1.407609,-0.021,0.097,0.09924716620639605,6,4.598214923333335,Medium
36.25,-149.0,-4.248123,1.0836792,4.384166,260.72757,9.218973,1.4178629,-0.03,0.114,0.117881296226331,6,2.339591676666668,Medium
36.25,-148.75,-4.414139,1.0094604,4.528094,260.72757,9.218973,1.4178629,-0.034,0.14400000000000002,0.14795945390545345,6,2.319661023333334,Medium
36.25,-148.5,-4.543045,0.9332886,4.637918,260.82132,9.2512,1.4310465,-0.03,0.171,0.17361163555476344,6,2.193694573333335,Medium
36.25,-148.25,-4.726639,0.9303589,4.8173313,260.82132,9.2512,1.4310465,-0.015,0.162,0.16269296235547498,6,1.7904814433333354,Medium
36.25,-148.0,-4.8740997,0.93621826,4.9631996,260.84476,9.274881,1.4471598,0.006,0.098,0.09818350166906863,6,2.0023135933333354,Medium
36.25,-147.75,-5.0264435,1.0270386,5.1302967,260.84476,9.274881,1.4471598,0.022,0.02,0.02973213749463701,6,2.094409939999999,Medium
36.25,-147.5,-5.038162,1.2379761,5.1880307,260.78226,9.321512,1.4637613,0.022,-0.011,0.024596747752497684,6,2.2163889566666652,Medium
36.25,-147.25,-5.1778107,1.3463745,5.349995,260.78226,9.321512,1.4637613,0.005,0.029,0.02942787793912432,6,2.2158640199999984,Medium
36.25,-147.0,-5.0733185,1.4889526,5.2872996,260.69632,9.396708,1.4771891,-0.017,0.1,0.10143470806385751,6,2.0832028100000017,Medium
36.25,-146.75,-4.8321075,1.5397339,5.071493,260.69632,9.396708,1.4771891,-0.029,0.14300000000000002,0.1459109317357682,6,2.2241263266666684,Medium
36.25,-146.5,-4.596756,1.4645386,4.824421,260.66507,9.484354,1.4879313,-0.028,0.138,0.14081193131265546,6,2.7238092533333327,Medium
36.25,-146.25,-4.2627716,1.4215698,4.4935603,260.66507,9.484354,1.4879313,-0.023,0.10400000000000001,0.10651291001564084,6,3.1495766599999997,Medium
36.25,-146.0,-3.9922638,1.3483276,4.2138057,260.41507,9.545877,1.503068,-0.021,0.078,0.08077747210701756,6,5.181315880000001,Medium
36.25,-145.75,-3.7383575,1.2780151,3.950777,260.41507,9.545877,1.503068,-0.016,0.076,0.0776659513557904,6,5.192050733333335,Medium
36.25,-145.5,-3.5733185,1.3112183,3.8062973,259.83694,9.558817,1.5211344,0.001,0.092,0.09200543462209175,6,6.248610590000005,Medium
36.25,-145.25,-3.2588654,1.2662964,3.496242,259.83694,9.558817,1.5211344,0.027,0.106,0.10938464243210744,6,8.301893456666667,Medium
36.25,-145.0,-3.049881,1.3317261,3.3279526,259.3135,9.555399,1.5382242,0.045,0.107,0.11607756027760059,6,8.841291516666663,Medium
36.25,-144.75,-2.8418732,1.4489136,3.1899207,259.3135,9.555399,1.5382242,0.045,0.095,0.1051189802081432,6,8.623675549999998,Medium
36.25,-144.5,-2.5703888,1.5934448,3.0242298,259.19632,9.554911,1.5540934,0.025,0.083,0.08668333173107735,6,13.008176009999996,High
36.25,-144.25,-2.628006,1.6559448,3.1062145,259.19632,9.554911,1.5540934,0.002,0.077,0.07702596964660685,6,8.761986003333334,Medium
36.25,-144.0,-2.6260529,1.7926636,3.1795907,259.75882,9.575907,1.5650797,-0.01,0.069,0.06972087205421344,6,8.914329349999997,Medium
36.25,-143.75,-2.77742,1.8405151,3.3319001,259.75882,9.575907,1.5650797,-0.012,0.053,0.0543415126767741,6,9.140003406666663,Medium
36.25,-143.5,-2.9326935,1.6452026,3.3626451,261.00882,9.62327,1.5704508,-0.011,0.033,0.034785054261852175,6,8.657746299999994,Medium
36.25,-143.25,-3.018631,1.4508667,3.349201,261.00882,9.62327,1.5704508,-0.015,0.019,0.024207436873820407,6,9.12297802333333,Medium
36.25,-143.0,-2.994217,1.1334839,3.201581,262.65726,9.700174,1.5704508,-0.019,0.023,0.029832867780352594,6,8.778899836666659,Medium
36.25,-142.75,-2.7032013,0.7692261,2.810517,262.65726,9.700174,1.5704508,-0.015,0.034,0.03716180835212409,6,12.471467300000008,High
36.25,-142.5,-2.5010529,0.26141357,2.5146773,264.35257,9.790262,1.5680094,-0.004,0.04,0.04019950248448356,6,12.36638577666667,High
36.25,-142.25,-2.119217,-0.0725708,2.120459,264.35257,9.790262,1.5680094,0.001,0.033,0.03301514803843836,6,13.93339939000001,High
36.25,-142.0,-2.0733185,-0.5413208,2.1428201,265.77444,9.855448,1.5680094,-0.011,0.019,0.02195449840010015,6,14.112064693333345,High
36.25,-141.75,-2.2989044,-1.1087036,2.5522902,265.77444,9.855448,1.5680094,-0.039,0.004,0.03920459156782532,6,13.71767893666667,High
36.25,-141.5,-2.5020294,-1.8352661,3.1029587,267.0557,9.892069,1.5709391,-0.07,-0.008,0.07045565981523415,6,9.979732320000002,Medium
36.25,-141.25,-2.8653107,-2.4124146,3.7456307,267.0557,9.892069,1.5709391,-0.08600000000000001,-0.013000000000000001,0.08697700845625815,6,8.86880736666667,Medium
36.25,-141.0,-3.2276154,-3.1897583,4.5378475,268.51663,9.895243,1.577775,-0.079,-0.012,0.07990619500389191,6,7.800328435000009,Medium
36.25,-140.75,-3.3740997,-3.786438,5.071653,268.51663,9.895243,1.577775,-0.06,-0.01,0.0608276253029822,6,6.939900608333338,Medium
36.25,-140.5,-3.3350372,-4.2337036,5.3895006,270.39163,9.856668,1.5902262,-0.041,-0.014,0.04332435804486894,6,6.68609307166667,Medium
36.25,-140.25,-3.40242,-4.694641,5.7979407,270.39163,9.856668,1.5902262,-0.031,-0.023,0.03860051813123756,6,6.002308569000007,Medium
36.25,-140.0,-3.3389435,-4.978821,5.9947643,272.64944,9.797586,1.6060953,-0.03,-0.023,0.037802116342871596,6,5.349100008333338,Medium
36.25,-139.75,-3.206131,-5.0335083,5.9678707,272.64944,9.797586,1.6060953,-0.031,-0.008,0.032015621187164243,6,5.372058903333336,Medium
36.25,-139.5,-3.2813263,-4.9817505,5.9653115,274.5635,9.769754,1.6173258,-0.029,0.008,0.03008321791298265,6,5.074091483333335,Medium
36.25,-139.25,-3.3770294,-4.9573364,5.9982924,274.5635,9.769754,1.6173258,-0.028,0.007,0.028861739379323625,6,4.922440833333337,Medium
36.25,-139.0,-3.6240997,-4.9085083,6.1014385,277.14944,9.691141,1.6309977,-0.034,-0.012,0.0360555127546399,6,4.479472455000002,Medium
36.25,-138.75,-3.6514435,-4.998352,6.1900373,277.14944,9.691141,1.6309977,-0.054,-0.033,0.06328506932918695,6,3.862996110555557,Medium
36.25,-138.5,-3.456131,-5.2053833,6.248268,280.02444,9.619852,1.6446695,-0.083,-0.036000000000000004,0.09047098982546838,6,3.9134723700000005,Medium
36.25,-138.25,-3.2422638,-5.2717896,6.189026,280.02444,9.619852,1.6446695,-0.111,-0.012,0.11164676439557038,6,3.8922873783333323,Medium
36.25,-138.0,-3.1699982,-5.39386,6.256406,283.65726,9.545877,1.661027,-0.132,0.024,0.1341640786499874,6,4.088961776666665,Medium
36.25,-137.75,-3.2432404,-5.647766,6.512747,283.65726,9.545877,1.661027,-0.149,0.048,0.15654072952429984,6,4.008758343333335,Medium
36.25,-137.5,-3.2578888,-6.2044067,7.0077457,293.4932,9.265604,1.7081461,-0.162,0.042,0.16735590817177623,6,3.9244934400000036,Medium
36.25,-137.25,-3.299881,-6.284485,7.0981665,293.4932,9.265604,1.7081461,-0.169,0.012,0.16942549985170474,6,3.9092657233333354,Medium
36.25,-137.0,-3.3115997,-6.255188,7.0777164,309.23538,8.883036,1.7777262,-0.17,-0.016,0.17075128110793197,6,3.7873606750000013,Medium
36.25,-136.75,-3.3164825,-6.3206177,7.1378756,309.23538,8.883036,1.7777262,-0.164,-0.026000000000000002,0.16604818577750255,6,3.7519103766666686,Medium
36.25,-136.5,-3.3272247,-6.415344,7.2268295,322.39944,8.641825,1.8324137,-0.154,-0.031,0.15708914666519772,6,3.5824480033333326,Medium
36.25,-136.25,-3.337967,-6.503235,7.3098626,322.39944,8.641825,1.8324137,-0.147,-0.049,0.1549516053482506,6,3.5786470233333314,Medium
36.25,-136.0,-3.40242,-6.67218,7.489623,333.41507,8.4782505,1.8785563,-0.148,-0.078,0.16729614460590536,6,3.6143373733333357,Medium
36.25,-135.75,-3.4082794,-6.7766724,7.5854897,333.41507,8.4782505,1.8785563,-0.154,-0.088,0.1773696704625681,6,3.510080890000004,Medium
36.25,-135.5,-3.4532013,-6.8772583,7.695536,344.89163,8.277567,1.9408121,-0.157,-0.058,0.16737084572887836,6,4.118897813333337,Medium
36.25,-135.25,-3.5244904,-7.0647583,7.895115,344.89163,8.277567,1.9408121,-0.15,-0.005,0.15008331019803633,6,4.345315546666668,Medium
36.25,-135.0,-3.699295,-7.427063,8.297352,353.376,8.086405,2.006486,-0.14200000000000002,0.028,0.14473423921104503,6,5.124021430000001,Medium
36.25,-134.75,-3.7676544,-7.732727,8.601761,353.376,8.086405,2.006486,-0.14400000000000002,0.015,0.14477914214416385,6,5.5097562266666715,Medium
36.25,-134.5,-3.6699982,-7.92511,8.733627,357.82132,7.9745884,2.05507,-0.155,-0.031,0.15806960492137634,6,6.562964073333335,Medium
36.25,-134.25,-3.5176544,-8.088196,8.820024,357.82132,7.9745884,2.05507,-0.17200000000000001,-0.075,0.1876406139405859,6,7.86053697333333,Medium
36.25,-134.0,-3.2168732,-7.913391,8.54225,0.21974277,7.9118443,2.0941324,-0.179,-0.095,0.20264747716169573,6,4.1949243,Medium
36.25,-133.75,-3.2940216,-8.314758,8.943478,0.21974277,7.9118443,2.0941324,-0.17300000000000001,-0.096,0.19785095400325975,6,4.166379163333335,Medium
36.25,-133.5,-3.190506,-8.427063,9.010811,2.4306803,7.8412876,2.143937,-0.159,-0.096,0.1857336803059693,6,4.182123950000002,Medium
36.25,-133.25,-3.2539825,-8.83136,9.411765,2.4306803,7.8412876,2.143937,-0.147,-0.10400000000000001,0.18006943105369105,6,4.444295493333335,Medium
36.25,-133.0,-3.1387482,-9.073547,9.601093,3.8134928,7.784891,2.195695,-0.14,-0.113,0.17991386828146408,6,2.9978647533333307,Medium
36.25,-132.75,-3.1407013,-9.517883,10.022679,3.8134928,7.784891,2.195695,-0.136,-0.113,0.17681911661356076,6,3.4036641133333334,Medium
36.25,-132.5,-2.9395294,-9.657532,10.094987,4.891618,7.7319126,2.2591715,-0.13,-0.105,0.16710774967068404,6,3.145833813333333,Medium
36.25,-132.25,-2.8213654,-9.95636,10.348392,4.891618,7.7319126,2.2591715,-0.122,-0.1,0.157746632293688,6,3.424504599999997,Medium
36.25,-132.0,-2.5313263,-10.103821,10.416084,6.3213053,7.610819,2.3636637,-0.11,-0.112,0.15698407562552325,6,2.9707959699999997,Medium
36.25,-131.75,-2.2256622,-9.92218,10.168738,6.3213053,7.610819,2.3636637,-0.107,-0.145,0.1802054383197133,6,2.6373610499999987,Medium
36.25,-131.5,-1.9815216,-9.816711,10.014702,6.8369303,7.5480747,2.4725504,-0.108,-0.187,0.21594675269612182,6,4.963549309999999,Medium
36.25,-131.25,-2.098709,-10.493469,10.701284,6.8369303,7.5480747,2.4725504,-0.112,-0.219,0.24597764126033894,6,5.2975840399999985,Medium
36.25,-131.0,-2.3096466,-11.509094,11.738557,6.563493,7.4838657,2.5958414,-0.12,-0.228,0.25765092664300665,6,7.684760393333329,Medium
36.25,-130.75,-2.0752716,-11.819641,12.000444,6.563493,7.4838657,2.5958414,-0.15,-0.20800000000000002,0.2564449258612851,6,7.621940166666665,Medium
36.25,-130.5,-1.8975372,-12.256165,12.402185,5.594743,7.456522,2.7171793,-0.198,-0.165,0.2577382393049196,6,7.394587309999996,Medium
36.25,-130.25,-1.5088654,-12.477844,12.568742,5.594743,7.456522,2.7171793,-0.25,-0.109,0.2727288030260097,6,7.136449709999997,Medium
36.5,-156.25,-1.7539825,5.1012573,5.394375,250.61037,9.110086,1.4171305,0.026000000000000002,0.131,0.13355523202031436,6,2.442905850000002,Medium
36.5,-156.0,-2.0547638,5.3571167,5.737661,249.87599,8.927225,1.4161539,0.035,0.112,0.11734138229968148,6,2.4277635866666682,Medium
36.5,-155.75,-2.333084,5.3668823,5.852069,249.87599,8.927225,1.4161539,0.042,0.096,0.10478549517943789,6,2.296543023333334,Medium
36.5,-155.5,-2.6016388,5.3463745,5.9457755,249.61818,8.774149,1.4166422,0.041,0.08600000000000001,0.09527329111561121,6,2.100668283333333,Medium
36.5,-155.25,-2.817459,5.1744995,5.8918185,249.61818,8.774149,1.4166422,0.036000000000000004,0.07200000000000001,0.08049844718999244,6,1.981201023333334,Medium
36.5,-155.0,-3.018631,4.9938354,5.835283,250.33693,8.676493,1.4142008,0.034,0.052000000000000005,0.062128898268036276,6,1.9508692833333339,Medium
36.5,-154.75,-3.21492,4.8239136,5.7970552,250.33693,8.676493,1.4142008,0.037,0.04,0.05448853090330111,6,2.075018176666667,Medium
36.5,-154.5,-3.4219513,4.64032,5.765615,251.61818,8.613993,1.407609,0.043000000000000003,0.054,0.06902897942168927,6,2.1896048233333327,Medium
36.5,-154.25,-3.619217,4.4645386,5.747246,251.61818,8.613993,1.407609,0.048,0.098,0.10912378292562992,6,2.068911443333333,Medium
36.5,-154.0,-3.754959,4.267273,5.68413,253.61037,8.6171665,1.3956461,0.05,0.155,0.1628649747490233,6,1.9024424199999994,Medium
36.5,-153.75,-3.8272247,4.0446167,5.5683546,253.61037,8.6171665,1.3956461,0.054,0.194,0.20137527157027002,6,1.928416156666666,Medium
36.5,-153.5,-3.8819122,3.8248901,5.4496813,255.92287,8.685526,1.3827066,0.057,0.19,0.19836582366930045,6,1.9473931999999994,Medium
36.5,-153.25,-3.9375763,3.6627808,5.3777757,255.92287,8.685526,1.3827066,0.056,0.139,0.1498565981196691,6,1.9426278733333338,Medium
36.5,-153.0,-3.9678497,3.5280151,5.3094935,257.76663,8.779276,1.3748941,0.046,0.064,0.07881624198095212,6,2.073453743333334,Medium
36.5,-152.75,-4.0059357,3.4625854,5.294999,257.76663,8.779276,1.3748941,0.03,0.006,0.03059411708155671,6,1.9730765999999997,Medium
36.5,-152.5,-4.0459747,3.392273,5.2799077,258.38382,8.840555,1.3773355,0.015,-0.006,0.016155494421403512,6,2.9012903666666667,Medium
36.5,-152.25,-4.079178,3.3327026,5.267504,258.38382,8.840555,1.3773355,0.014,0.023,0.026925824035672518,6,1.9435242699999995,Medium
36.5,-152.0,-4.134842,3.2194214,5.240381,258.42288,8.897196,1.3841715,0.028,0.063,0.06894200461257273,6,1.8930627766666672,Medium
36.5,-151.75,-4.199295,3.0983276,5.218593,258.42288,8.897196,1.3841715,0.05,0.083,0.09689685237405807,6,2.0094507333333342,Medium
36.5,-151.5,-4.230545,2.9450073,5.154666,258.45413,8.962381,1.3910074,0.068,0.079,0.10423531071570709,6,2.120713710000002,Medium
36.5,-151.25,-4.315506,2.8170776,5.1535926,258.45413,8.962381,1.3910074,0.073,0.065,0.09774456506629921,6,2.122809990000002,Medium
36.5,-151.0,-4.373123,2.6950073,5.136854,258.51663,9.023172,1.3985758,0.065,0.058,0.08711486669908874,6,2.183859540000001,Medium
36.5,-150.75,-4.3926544,2.4987183,5.053613,258.51663,9.023172,1.3985758,0.048,0.062,0.07840918313565064,6,2.287836426666668,Medium
36.5,-150.5,-4.351639,2.2643433,4.905508,258.876,9.095682,1.4039469,0.024,0.07100000000000001,0.07494664769020694,6,2.0777508333333348,Medium
36.5,-150.25,-4.315506,2.0133667,4.7620625,258.876,9.095682,1.4039469,-0.004,0.077,0.07710382610480494,6,2.103049260000002,Medium
36.5,-150.0,-4.2158966,1.7272339,4.5559983,259.35257,9.1657505,1.4090738,-0.03,0.08,0.08544003745317531,6,2.321248003333335,Medium
36.5,-149.75,-4.1289825,1.4938354,4.3909044,259.35257,9.1657505,1.4090738,-0.046,0.085,0.09664884893261794,6,2.4504922733333356,Medium
36.5,-149.5,-4.1533966,1.3082886,4.3545747,259.6885,9.218485,1.4166422,-0.051000000000000004,0.091,0.10431682510506156,6,3.035480040000001,Medium
36.5,-149.25,-4.204178,1.2018433,4.3725896,259.6885,9.218485,1.4166422,-0.049,0.095,0.10689246933250256,6,2.5619815666666685,Medium
36.5,-149.0,-4.331131,1.1432495,4.4794774,259.9385,9.265116,1.4259195,-0.042,0.10400000000000001,0.11216059914247963,6,2.4852183766666687,Medium
36.5,-148.75,-4.4239044,1.0963745,4.5577374,259.9385,9.265116,1.4259195,-0.026000000000000002,0.121,0.1237618681177688,6,2.4670259533333336,Medium
36.5,-148.5,-4.551834,1.0202026,4.6647625,260.1182,9.309793,1.4366617,0.001,0.136,0.1360036764208968,6,2.5022120533333343,Medium
36.5,-148.25,-4.543045,0.96746826,4.644917,260.1182,9.309793,1.4366617,0.035,0.12,0.125,6,2.548246336666668,Medium
36.5,-148.0,-4.6602325,0.94403076,4.754888,260.20413,9.346659,1.4505777,0.061,0.068,0.09135097153287425,6,2.594269333333334,Medium
36.5,-147.75,-4.8389435,0.9801636,4.9372153,260.20413,9.346659,1.4505777,0.061,0.019,0.06389053137985315,6,2.5706567299999987,Medium
36.5,-147.5,-5.072342,1.0231323,5.1745005,260.1182,9.369364,1.4679117,0.033,0.017,0.037121422386541175,6,2.158495029999999,Medium
36.5,-147.25,-5.21492,1.1305542,5.3360605,260.1182,9.369364,1.4679117,-0.012,0.069,0.07003570517957251,6,2.109288206666666,Medium
36.5,-147.0,-5.3633575,1.1715698,5.4898252,260.0557,9.399149,1.4854898,-0.051000000000000004,0.128,0.13778606605894517,6,2.3518598099999997,Medium
36.5,-146.75,-5.3028107,1.1315308,5.4221916,260.0557,9.399149,1.4854898,-0.069,0.148,0.16329421300217592,6,2.429664309999999,Medium
36.5,-146.5,-5.070389,1.0543823,5.178858,260.26663,9.478006,1.4984293,-0.063,0.124,0.13908630414242806,6,2.6344627433333327,Medium
36.5,-146.25,-4.87117,0.9088745,4.955235,260.26663,9.478006,1.4984293,-0.047,0.088,0.09976472322419383,6,2.7225757333333336,Medium
36.5,-146.0,-4.6270294,0.81903076,4.6989584,260.54007,9.571756,1.5086832,-0.033,0.065,0.07289718787443039,6,4.061183156666667,Medium
36.5,-145.75,-4.3614044,0.7086792,4.4186053,260.54007,9.571756,1.5086832,-0.021,0.057,0.06074537019394976,6,4.366570570000001,Medium
36.5,-145.5,-4.112381,0.59051514,4.154562,260.72757,9.642069,1.5201578,-0.005,0.059000000000000004,0.059211485372349854,6,6.672786206666667,Medium
36.5,-145.25,-3.7959747,0.5446167,3.8348444,260.72757,9.642069,1.5201578,0.018000000000000002,0.067,0.0693757882838098,6,7.8961022366666676,Medium
36.5,-145.0,-3.4707794,0.4616089,3.5013413,260.89163,9.685526,1.5309,0.041,0.078,0.08811923740024082,6,9.019674719999996,Medium
36.5,-144.75,-3.145584,0.43133545,3.1750195,260.89163,9.685526,1.5309,0.052000000000000005,0.089,0.1030776406404415,6,8.614095349999996,Medium
36.5,-144.5,-2.87117,0.5758667,2.928351,261.21194,9.728739,1.5421305,0.05,0.091,0.10383159442096611,6,10.203192106666666,High
36.5,-144.25,-2.681717,0.6412964,2.7573297,261.21194,9.728739,1.5421305,0.039,0.082,0.0908019823572151,6,11.455460363333339,High
36.5,-144.0,-2.5977325,0.8366089,2.729126,261.71194,9.767069,1.5518961,0.027,0.06,0.06579513659838392,6,11.607071123333332,High
36.5,-143.75,-2.6963654,0.9821167,2.8696585,261.71194,9.767069,1.5518961,0.025,0.036000000000000004,0.043829214001622256,6,10.735200896666663,High
36.5,-143.5,-2.7725372,1.0006714,2.9475932,262.42288,9.802225,1.5592203,0.03,0.016,0.033999999999999996,6,10.737536216666662,High
36.5,-143.25,-2.8584747,0.80926514,2.9708228,262.42288,9.802225,1.5592203,0.036000000000000004,0.009000000000000001,0.037107950630558946,6,12.05536377666666,High
36.5,-143.0,-2.9346466,0.51727295,2.9798863,263.32132,9.841776,1.5636148,0.038,0.013000000000000001,0.0401621712560464,6,14.247204729999988,High
36.5,-142.75,-2.8633575,0.066101074,2.8641205,263.32132,9.841776,1.5636148,0.039,0.021,0.0442944691807002,6,11.50837066333333,High
36.5,-142.5,-2.6651154,-0.4446411,2.7019522,264.32132,9.878641,1.5663004,0.036000000000000004,0.029,0.046227697325304885,6,13.22375415666668,High
36.5,-142.25,-2.65242,-0.8440552,2.7834802,264.32132,9.878641,1.5663004,0.025,0.04,0.04716990566028302,6,13.210936646666683,High
36.5,-142.0,-2.7266388,-1.3342896,3.0356033,265.32132,9.899881,1.5694742,-0.002,0.049,0.04904079934095692,6,13.203503179999998,High
36.5,-141.75,-3.0703888,-1.8723755,3.5962586,265.32132,9.899881,1.5694742,-0.039,0.043000000000000003,0.05805170109479998,6,10.027521156666662,High
36.5,-141.5,-3.275467,-2.340149,4.025541,266.47757,9.8845005,1.576066,-0.07100000000000001,0.017,0.07300684899377594,6,9.367060440000007,Medium
36.5,-141.25,-3.6387482,-2.911438,4.6601458,266.47757,9.8845005,1.576066,-0.08600000000000001,-0.016,0.08747571091451616,6,8.185562573333339,Medium
36.5,-141.0,-3.6797638,-3.4124146,5.0184894,267.96976,9.845438,1.5855875,-0.082,-0.035,0.08915716460273959,6,5.873684197333344,Medium
36.5,-140.75,-3.5860138,-3.8518677,5.262735,267.96976,9.845438,1.5855875,-0.07,-0.037,0.07917701686727027,6,5.73737705900001,Medium
36.5,-140.5,-3.5449982,-4.295227,5.5692,270.09476,9.770243,1.6002359,-0.064,-0.03,0.07068238818828916,6,4.36339689055556,Medium
36.5,-140.25,-3.3301544,-4.6672974,5.7335496,270.09476,9.770243,1.6002359,-0.069,-0.026000000000000002,0.07373601562330312,6,4.389817428333337,Medium
36.5,-140.0,-3.2002716,-4.9544067,5.8981256,272.57913,9.684549,1.6173258,-0.079,-0.022,0.08200609733428363,6,4.324940095000001,Medium
36.5,-139.75,-3.0576935,-5.0686646,5.919531,272.57913,9.684549,1.6173258,-0.082,-0.015,0.08336066218546972,6,4.2755400166666675,Medium
36.5,-139.5,-3.0733185,-5.17218,6.016372,274.89944,9.617411,1.6322184,-0.074,-0.007,0.07433034373659253,6,4.059748769999998,Medium
36.5,-139.25,-3.1670685,-5.1487427,6.044822,274.89944,9.617411,1.6322184,-0.061,-0.005,0.06120457499239742,6,4.199322303333331,Medium
36.5,-139.0,-3.2471466,-5.2405396,6.1649995,277.39163,9.533182,1.645402,-0.053,-0.01,0.0539351462406472,6,4.253003521666665,Medium
36.5,-138.75,-3.136795,-5.413391,6.2565393,277.39163,9.533182,1.645402,-0.062,-0.011,0.06296824596572466,6,4.244809311666661,Medium
36.5,-138.5,-2.942459,-5.6223755,6.3457994,280.6807,9.430399,1.661027,-0.089,0.0,0.089,6,4.042664638333332,Medium
36.5,-138.25,-2.924881,-5.739563,6.4418564,280.6807,9.430399,1.661027,-0.124,0.024,0.12630122723077555,6,3.8344955300000017,Medium
36.5,-138.0,-2.9463654,-5.842102,6.543029,284.22757,9.346659,1.6761637,-0.155,0.051000000000000004,0.16317475294910055,6,4.015998286666669,Medium
36.5,-137.75,-3.0420685,-5.9368286,6.6708407,284.22757,9.346659,1.6761637,-0.17500000000000002,0.064,0.1863357185297548,6,4.042493983333335,Medium
36.5,-137.5,-3.1328888,-5.982727,6.7533703,290.89163,9.163309,1.7071695,-0.187,0.049,0.1933132173442882,6,4.037835276666669,Medium
36.5,-137.25,-3.174881,-6.0549927,6.836871,290.89163,9.163309,1.7071695,-0.194,0.012,0.1943707796969493,6,4.017359770000002,Medium
36.5,-137.0,-3.15242,-6.036438,6.810017,300.75882,8.940653,1.7494059,-0.193,-0.025,0.1946124353683495,6,3.941093875000002,Medium
36.5,-136.75,-3.1465607,-6.2112427,6.9627852,300.75882,8.940653,1.7494059,-0.182,-0.045,0.18748066566982313,6,3.884100543333335,Medium
36.5,-136.5,-3.159256,-6.305969,7.053095,312.17288,8.725321,1.7967691,-0.165,-0.052000000000000005,0.17300000000000001,6,3.779665973333333,Medium
36.5,-136.25,-3.1719513,-6.4553833,7.192583,312.17288,8.725321,1.7967691,-0.152,-0.058,0.16268988905276197,6,3.612839183333334,Medium
36.5,-136.0,-3.212967,-6.6360474,7.3729424,323.3682,8.53953,1.8431559,-0.153,-0.069,0.16783920876839237,6,3.474380723333333,Medium
36.5,-135.75,-3.237381,-6.7561646,7.491755,323.3682,8.53953,1.8431559,-0.167,-0.07200000000000001,0.18185983613761453,6,3.6329815000000023,Medium
36.5,-135.5,-3.3604279,-7.029602,7.79152,333.59476,8.3705845,1.8897867,-0.183,-0.053,0.1905203401214684,6,3.935610060000003,Medium
36.5,-135.25,-3.431717,-7.2180786,7.99233,333.59476,8.3705845,1.8897867,-0.184,-0.016,0.18469434208984312,6,3.8459922733333376,Medium
36.5,-135.0,-3.400467,-7.232727,7.992216,341.71976,8.206522,1.9366617,-0.17400000000000002,0.015,0.17464535493393463,6,3.8580753833333383,Medium
36.5,-134.75,-3.3076935,-7.3587036,8.067922,341.71976,8.206522,1.9366617,-0.164,0.021,0.16533904560024532,6,4.679935100000003,Medium
36.5,-134.5,-3.2090607,-7.5491333,8.202895,344.3682,8.193094,1.9486246,-0.162,-0.004,0.1620493751916372,6,5.844328016666668,Medium
36.5,-134.25,-3.098709,-7.727844,8.325958,344.3682,8.193094,1.9486246,-0.168,-0.047,0.17445056606385662,6,7.8691122666666695,Medium
36.5,-134.0,-2.7871857,-7.5178833,8.017916,349.39163,8.103739,1.9854898,-0.17200000000000001,-0.08600000000000001,0.19230184606498194,6,2.1437254566666697,Medium
36.5,-133.75,-2.9756622,-8.119446,8.647541,349.39163,8.103739,1.9854898,-0.171,-0.107,0.20171762441591465,6,2.9351551366666655,Medium
36.5,-133.5,-3.0713654,-8.492493,9.03082,355.9385,7.923319,2.0594645,-0.163,-0.11,0.1966443490161871,6,2.7713736933333317,Medium
36.5,-133.25,-3.136795,-8.899719,9.436338,355.9385,7.923319,2.0594645,-0.161,-0.108,0.19386851214160591,6,3.0787631566666662,Medium
36.5,-133.0,-3.0791779,-9.193665,9.695607,0.102555275,7.7961216,2.1307535,-0.167,-0.11,0.199972498109115,6,3.5309172533333313,Medium
36.5,-132.75,-3.136795,-9.55304,10.0548525,0.102555275,7.7961216,2.1307535,-0.171,-0.115,0.2060728026693479,6,3.7582524599999996,Medium
36.5,-132.5,-2.93367,-9.688782,10.123187,2.4541178,7.697977,2.204484,-0.158,-0.117,0.1966036622242831,6,3.676184826666667,Medium
36.5,-132.25,-2.728592,-9.954407,10.3216,2.4541178,7.697977,2.204484,-0.133,-0.117,0.1771383639983163,6,3.913522076666665,Medium
36.5,-132.0,-2.3418732,-9.949524,10.221418,3.2588053,7.6589146,2.2679605,-0.111,-0.123,0.1656804152578089,6,3.5651659999999983,Medium
36.5,-131.75,-1.9629669,-9.620422,9.818644,3.2588053,7.6589146,2.2679605,-0.107,-0.145,0.1802054383197133,6,3.4423725299999988,Medium
36.5,-131.5,-1.8662872,-9.920227,10.094253,4.579118,7.523905,2.3900309,-0.122,-0.176,0.2141494805036893,6,3.2161823399999996,Medium
36.5,-131.25,-1.9893341,-10.605774,10.790731,4.579118,7.523905,2.3900309,-0.147,-0.198,0.24660291969074494,6,3.945386876666664,Medium
36.5,-131.0,-2.1631622,-11.620422,11.820045,4.5400553,7.4850864,2.4862223,-0.184,-0.194,0.2673798795721174,6,7.654264463333329,Medium
36.5,-130.75,-2.0401154,-11.983704,12.156118,4.5400553,7.4850864,2.4862223,-0.221,-0.163,0.27460881267723364,6,7.465731049999996,Medium
36.5,-130.5,-1.8662872,-12.42218,12.561592,4.547868,7.422098,2.6248941,-0.26,-0.114,0.28389434654462564,6,7.777667446666665,Medium
36.5,-130.25,-1.52742,-12.5286255,12.621389,4.547868,7.422098,2.6248941,-0.28600000000000003,-0.069,0.29420571034566956,6,7.593039040000002,Medium
36.75,-156.25,-1.9610138,4.7682495,5.155752,250.61037,9.110086,1.4171305,0.01,0.116,0.11643023662262308,6,2.3982401566666676,Medium
36.75,-156.0,-2.1865997,5.151062,5.59595,249.87599,8.927225,1.4161539,0.027,0.095,0.09876234100101111,6,2.3423915999999996,Medium
36.75,-155.75,-2.4883575,5.3512573,5.901515,249.87599,8.927225,1.4161539,0.039,0.09,0.09808669634563089,6,2.2000176000000002,Medium
36.75,-155.5,-2.7637482,5.3414917,6.0141363,249.61818,8.774149,1.4166422,0.042,0.088,0.09750897394599124,6,2.1080118033333335,Medium
36.75,-155.25,-2.9981232,5.289734,6.0802984,249.61818,8.774149,1.4166422,0.042,0.076,0.08683317338436963,6,2.086490916666667,Medium
36.75,-155.0,-3.1807404,5.128601,6.03487,250.33693,8.676493,1.4142008,0.041,0.051000000000000004,0.06543699259593155,6,2.0509732499999997,Medium
36.75,-154.75,-3.3457794,4.963562,5.9859157,250.33693,8.676493,1.4142008,0.043000000000000003,0.034,0.05481788029466299,6,2.04760953,Medium
36.75,-154.5,-3.4844513,4.79364,5.926245,251.61818,8.613993,1.407609,0.046,0.047,0.06576473218982952,6,2.0408110733333333,Medium
36.75,-154.25,-3.68367,4.6237183,5.9117,251.61818,8.613993,1.407609,0.05,0.092,0.1047091209016674,6,1.9684152033333335,Medium
36.75,-154.0,-3.8516388,4.434265,5.873485,253.61037,8.6171665,1.3956461,0.058,0.145,0.1561697794069006,6,1.8772121833333344,Medium
36.75,-153.75,-3.9414825,4.195984,5.756871,253.61037,8.6171665,1.3956461,0.07200000000000001,0.179,0.19293781381574737,6,1.8838107866666671,Medium
36.75,-153.5,-3.9922638,3.9733276,5.6325397,255.92287,8.685526,1.3827066,0.088,0.176,0.19677398201998147,6,2.013679023333333,Medium
36.75,-153.25,-4.023514,3.7789917,5.519913,255.92287,8.685526,1.3827066,0.095,0.138,0.16753805537847216,6,2.135056283333333,Medium
36.75,-153.0,-4.029373,3.6325073,5.4250307,257.76663,8.779276,1.3748941,0.08600000000000001,0.081,0.11813974775662932,6,2.154724789999999,Medium
36.75,-152.75,-4.072342,3.581726,5.4233503,257.76663,8.779276,1.3748941,0.062,0.034,0.07071067811865475,6,2.1024495866666673,Medium
36.75,-152.5,-4.110428,3.5202026,5.4117875,258.38382,8.840555,1.3773355,0.035,0.015,0.03807886552931954,6,2.0134700200000006,Medium
36.75,-152.25,-4.1446075,3.4664917,5.403178,258.38382,8.840555,1.3773355,0.019,0.022,0.029068883707497266,6,1.956846673333333,Medium
36.75,-152.0,-4.1358185,3.3688354,5.3342333,258.42288,8.897196,1.3841715,0.02,0.043000000000000003,0.04742362280551751,6,1.9669642166666672,Medium
36.75,-151.75,-4.129959,3.220398,5.237129,258.42288,8.897196,1.3841715,0.029,0.062,0.06844705983459042,6,1.907172303333334,Medium
36.75,-151.5,-4.150467,3.0631714,5.1584296,258.45413,8.962381,1.3910074,0.032,0.069,0.07605918747922567,6,1.9345036233333348,Medium
36.75,-151.25,-4.1426544,2.8961792,5.054645,258.45413,8.962381,1.3910074,0.023,0.07,0.07368174807915459,6,1.9666930100000022,Medium
36.75,-151.0,-4.176834,2.7545776,5.003363,258.51663,9.023172,1.3985758,0.007,0.073,0.07333484846919641,6,1.973088323333335,Medium
36.75,-150.75,-4.192459,2.5690308,4.916974,258.51663,9.023172,1.3985758,-0.008,0.082,0.08238931969618393,6,2.0394288800000013,Medium
36.75,-150.5,-4.1963654,2.3981323,4.833272,258.876,9.095682,1.4039469,-0.02,0.093,0.0951262319236918,6,2.0336353666666676,Medium
36.75,-150.25,-4.1690216,2.151062,4.691248,258.876,9.095682,1.4039469,-0.027,0.098,0.10165136496870075,6,2.2021447800000016,Medium
36.75,-150.0,-4.1494904,1.8815308,4.556142,259.35257,9.1657505,1.4090738,-0.03,0.094,0.09867117106835208,6,2.2728365700000017,Medium
36.75,-149.75,-4.1533966,1.6461792,4.4677296,259.35257,9.1657505,1.4090738,-0.028,0.08700000000000001,0.09139474820797966,6,2.286661040000001,Medium
36.75,-149.5,-4.18367,1.4528198,4.428745,259.6885,9.218485,1.4166422,-0.022,0.084,0.08683317338436965,6,2.372732570000001,Medium
36.75,-149.25,-4.2588654,1.2682495,4.4436913,259.6885,9.218485,1.4166422,-0.017,0.08600000000000001,0.08766413177577248,6,2.3559412833333346,Medium
36.75,-149.0,-4.3809357,1.2164917,4.5466967,259.9385,9.265116,1.4259195,-0.013000000000000001,0.088,0.08895504482602434,6,2.3878209366666683,Medium
36.75,-148.75,-4.440506,1.1842651,4.595713,259.9385,9.265116,1.4259195,-0.003,0.093,0.09304837451562493,6,2.473039510000001,Medium
36.75,-148.5,-4.400467,1.1412964,4.5460606,260.1182,9.309793,1.4366617,0.016,0.093,0.09436630754670863,6,2.534325310000002,Medium
36.75,-148.25,-4.3633575,1.0924683,4.498041,260.1182,9.309793,1.4366617,0.043000000000000003,0.076,0.0873212459828649,6,2.7668666433333344,Medium
36.75,-148.0,-4.3252716,1.072937,4.4563627,260.20413,9.346659,1.4505777,0.06,0.046,0.07560423268574319,6,2.8923765366666654,Medium
36.75,-147.75,-4.428787,1.0670776,4.5555253,260.20413,9.346659,1.4505777,0.054,0.034,0.06381222453417527,6,2.9669266466666646,Medium
36.75,-147.5,-4.6807404,1.0983276,4.807874,260.1182,9.369364,1.4679117,0.023,0.064,0.06800735254367722,6,2.1909882800000005,Medium
36.75,-147.25,-4.8907013,1.1305542,5.0196724,260.1182,9.369364,1.4679117,-0.021,0.121,0.12280879447336009,6,2.1160369066666687,Medium
36.75,-147.0,-5.1289825,1.1491089,5.256131,260.0557,9.399149,1.4854898,-0.054,0.157,0.16602710622064096,6,2.2578819500000007,Medium
36.75,-146.75,-5.1553497,1.0924683,5.269831,260.0557,9.399149,1.4854898,-0.063,0.14200000000000002,0.15534799644668743,6,2.3827085866666673,Medium
36.75,-146.5,-5.0996857,1.0045776,5.197689,260.26663,9.478006,1.4984293,-0.045,0.093,0.10331505214633538,6,2.584889566666666,Medium
36.75,-146.25,-4.9190216,0.8512573,4.992135,260.26663,9.478006,1.4984293,-0.015,0.052000000000000005,0.05412023651093924,6,2.6179326066666646,Medium
36.75,-146.0,-4.732498,0.72039795,4.787015,260.54007,9.571756,1.5086832,0.012,0.036000000000000004,0.03794733192202056,6,3.3651351466666672,Medium
36.75,-145.75,-4.5196075,0.57489014,4.5560236,260.54007,9.571756,1.5086832,0.027,0.036000000000000004,0.045000000000000005,6,4.29525230666667,Medium
36.75,-145.5,-4.2783966,0.44989014,4.3019853,260.72757,9.642069,1.5201578,0.032,0.036000000000000004,0.048166378315169185,6,8.215852456666665,Medium
36.75,-145.25,-4.105545,0.30340576,4.1167407,260.72757,9.642069,1.5201578,0.035,0.039,0.05240229002629561,6,8.337319053333331,Medium
36.75,-145.0,-3.824295,0.14715576,3.8271253,260.89163,9.685526,1.5309,0.043000000000000003,0.051000000000000004,0.06670832032063168,6,8.472114036666659,Medium
36.75,-144.75,-3.556717,0.014343262,3.5567458,260.89163,9.685526,1.5309,0.054,0.069,0.0876184911990614,6,8.240115056666665,Medium
36.75,-144.5,-3.4395294,-0.12530518,3.441811,261.21194,9.728739,1.5421305,0.063,0.084,0.105,6,8.57611938333333,Medium
36.75,-144.25,-3.2500763,-0.08917236,3.2512994,261.21194,9.728739,1.5421305,0.065,0.083,0.10542295765154762,6,8.458341549999998,Medium
36.75,-144.0,-3.1797638,-0.050109863,3.1801586,261.71194,9.767069,1.5518961,0.056,0.061,0.08280700453464067,6,8.55409642666666,Medium
36.75,-143.75,-3.199295,0.043640137,3.1995926,261.71194,9.767069,1.5518961,0.047,0.03,0.055758407437802596,6,9.094970206666657,Medium
36.75,-143.5,-3.2715607,0.07489014,3.2724175,262.42288,9.802225,1.5592203,0.04,0.009000000000000001,0.041,6,9.210367273333327,Medium
36.75,-143.25,-3.3809357,0.04852295,3.381284,262.42288,9.802225,1.5592203,0.036000000000000004,0.002,0.0360555127546399,6,8.999272816666663,Medium
36.75,-143.0,-3.5088654,-0.16534424,3.5127587,263.32132,9.841776,1.5636148,0.032,0.006,0.032557641192199414,6,9.530144563333321,Medium
36.75,-142.75,-3.5323029,-0.5393677,3.573245,263.32132,9.841776,1.5636148,0.027,0.017,0.03190611226708764,6,9.255335859999995,Medium
36.75,-142.5,-3.511795,-0.7805786,3.5975,264.32132,9.878641,1.5663004,0.02,0.036000000000000004,0.04118252056394801,6,10.155432599999994,High
36.75,-142.25,-3.5293732,-1.1585083,3.714649,264.32132,9.878641,1.5663004,0.005,0.063,0.06319810123729984,6,9.94052262333333,Medium
36.75,-142.0,-3.614334,-1.4973755,3.91223,265.32132,9.899881,1.5694742,-0.019,0.084,0.08612200647918046,6,9.622256606666667,Medium
36.75,-141.75,-3.784256,-1.9192505,4.243126,265.32132,9.899881,1.5694742,-0.045,0.077,0.08918520056601319,6,10.099180116666673,High
36.75,-141.5,-3.9326935,-2.366516,4.5898232,266.47757,9.8845005,1.576066,-0.063,0.035,0.07206941098690901,6,9.06376884666667,Medium
36.75,-141.25,-3.7901154,-2.7805786,4.700701,266.47757,9.8845005,1.576066,-0.069,-0.019,0.07156814934033157,6,8.54185442333334,Medium
36.75,-141.0,-3.6328888,-3.183899,4.8306413,267.96976,9.845438,1.5855875,-0.066,-0.051000000000000004,0.08340863264674707,6,6.836287889000015,Medium
36.75,-140.75,-3.4610138,-3.5881958,4.985355,267.96976,9.845438,1.5855875,-0.063,-0.049,0.07981227975693966,6,6.367435065666678,Medium
36.75,-140.5,-3.2539825,-4.029602,5.1793914,270.09476,9.770243,1.6002359,-0.068,-0.029,0.07392563831310488,6,4.695999531666674,Medium
36.75,-140.25,-3.011795,-4.3948364,5.327804,270.09476,9.770243,1.6002359,-0.081,-0.015,0.0823771813064759,6,4.751945735000004,Medium
36.75,-140.0,-2.7344513,-4.6887817,5.4278817,272.57913,9.684549,1.6173258,-0.095,-0.015,0.09617692030835673,6,4.594956138333336,Medium
36.75,-139.75,-2.645584,-4.906555,5.574352,272.57913,9.684549,1.6173258,-0.10200000000000001,-0.021,0.1041393297462587,6,4.0726933216666685,Medium
36.75,-139.5,-2.661209,-5.0335083,5.6937017,274.89944,9.617411,1.6322184,-0.098,-0.026000000000000002,0.1013903348450926,6,3.6471165150000022,Medium
36.75,-139.25,-2.7354279,-5.2005005,5.876034,274.89944,9.617411,1.6322184,-0.088,-0.026000000000000002,0.09176055797563569,6,3.860065020000001,Medium
36.75,-139.0,-2.761795,-5.352844,6.023326,277.39163,9.533182,1.645402,-0.082,-0.017,0.08374365647617735,6,4.0070894533333306,Medium
36.75,-138.75,-2.6621857,-5.505188,6.11509,277.39163,9.533182,1.645402,-0.08700000000000001,0.004,0.08709190547921203,6,4.00027770833333,Medium
36.75,-138.5,-2.6758575,-5.6174927,6.2222533,280.6807,9.430399,1.661027,-0.108,0.033,0.11292918134831227,6,3.8523291266666675,Medium
36.75,-138.25,-2.6895294,-5.7200317,6.3207855,280.6807,9.430399,1.661027,-0.136,0.061,0.1490536816049842,6,3.890298703333336,Medium
36.75,-138.0,-2.799881,-5.7698364,6.4132943,284.22757,9.346659,1.6761637,-0.16,0.077,0.17756407294269863,6,4.01417709666667,Medium
36.75,-137.75,-2.895584,-5.80011,6.482722,284.22757,9.346659,1.6761637,-0.171,0.075,0.18672439583514522,6,4.010733803333337,Medium
36.75,-137.5,-2.9903107,-5.8274536,6.549899,290.89163,9.163309,1.7071695,-0.17500000000000002,0.052000000000000005,0.18256231812726306,6,4.013905046666669,Medium
36.75,-137.25,-3.0225372,-5.9055786,6.634123,290.89163,9.163309,1.7071695,-0.178,0.011,0.17833956375409243,6,3.987051433333336,Medium
36.75,-137.0,-2.9883575,-5.937805,6.6473913,300.75882,8.940653,1.7494059,-0.177,-0.034,0.18023595645708432,6,3.802747358333334,Medium
36.75,-136.75,-3.009842,-6.1360474,6.834488,300.75882,8.940653,1.7494059,-0.17,-0.067,0.1827265716856747,6,3.807172886666667,Medium
36.75,-136.5,-3.0215607,-6.326477,7.0110016,312.17288,8.725321,1.7967691,-0.157,-0.078,0.17530829986055993,6,3.706776406666666,Medium
36.75,-136.25,-3.0323029,-6.4885864,7.1621656,312.17288,8.725321,1.7967691,-0.146,-0.07,0.16191355718407277,6,3.600585753333334,Medium
36.75,-136.0,-3.0176544,-6.681946,7.3317556,323.3682,8.53953,1.8431559,-0.152,-0.056,0.16198765385053268,6,3.5790116833333316,Medium
36.75,-135.75,-3.0703888,-6.838196,7.4958797,323.3682,8.53953,1.8431559,-0.176,-0.042,0.18094197965093672,6,3.7473268500000025,Medium
36.75,-135.5,-3.206131,-7.137024,7.82409,333.59476,8.3705845,1.8897867,-0.201,-0.033,0.2036909423612155,6,3.815289250000003,Medium
36.75,-135.25,-3.286209,-7.3674927,8.0671625,333.59476,8.3705845,1.8897867,-0.212,-0.019,0.2128497122384712,6,4.764782206666669,Medium
36.75,-135.0,-3.168045,-7.248352,7.910444,341.71976,8.206522,1.9366617,-0.20500000000000002,0.0,0.20500000000000002,6,4.025033123333337,Medium
36.75,-134.75,-2.956131,-7.232727,7.813517,341.71976,8.206522,1.9366617,-0.187,0.013000000000000001,0.18745132701584163,6,3.8525956100000047,Medium
36.75,-134.5,-2.8858185,-7.4553833,7.994416,344.3682,8.193094,1.9486246,-0.169,0.002,0.16901183390520322,6,6.059785416666667,Medium
36.75,-134.25,-2.7959747,-7.6575317,8.15201,344.3682,8.193094,1.9486246,-0.158,-0.037,0.16227445886522007,6,7.645526610000002,Medium
36.75,-134.0,-2.6739044,-7.791321,8.237381,349.39163,8.103739,1.9854898,-0.151,-0.085,0.17328012003689286,6,2.426573500000002,Medium
36.75,-133.75,-2.7383575,-8.111633,8.5613785,349.39163,8.103739,1.9854898,-0.147,-0.112,0.18480530295421718,6,2.932864953333332,Medium
36.75,-133.5,-2.8213654,-8.451477,8.90997,355.9385,7.923319,2.0594645,-0.15,-0.109,0.18542114226808115,6,2.738189086666665,Medium
36.75,-133.25,-2.7627716,-8.588196,9.021642,355.9385,7.923319,2.0594645,-0.16,-0.094,0.18556939402821793,6,2.7618298233333323,Medium
36.75,-133.0,-2.7295685,-8.900696,9.30983,0.102555275,7.7961216,2.1307535,-0.17400000000000002,-0.094,0.19776754030932378,6,3.438046206666664,Medium
36.75,-132.75,-2.8262482,-9.2317505,9.654683,0.102555275,7.7961216,2.1307535,-0.183,-0.115,0.2161342175593675,6,3.5450043733333327,Medium
36.75,-132.5,-2.869217,-9.7317505,10.145905,2.4541178,7.697977,2.204484,-0.17300000000000001,-0.138,0.22129844102478446,6,3.6889729033333327,Medium
36.75,-132.25,-2.706131,-10.079407,10.436358,2.4541178,7.697977,2.204484,-0.15,-0.14400000000000002,0.20793268141396148,6,4.105177979999999,Medium
36.75,-132.0,-2.3448029,-10.1223755,10.3904085,3.2588053,7.6589146,2.2679605,-0.124,-0.14,0.18701871564097536,6,3.987084519999997,Medium
36.75,-131.75,-1.9219513,-9.812805,9.999252,3.2588053,7.6589146,2.2679605,-0.122,-0.138,0.18419554826325202,6,3.718557906666666,Medium
36.75,-131.5,-1.8321075,-10.1536255,10.317594,4.579118,7.523905,2.3900309,-0.145,-0.145,0.20506096654409878,6,3.5641879233333325,Medium
36.75,-131.25,-1.7637482,-10.741516,10.885356,4.579118,7.523905,2.3900309,-0.181,-0.151,0.23571593073019056,6,5.67655519333333,Medium
36.75,-131.0,-1.8858185,-11.73761,11.888137,4.5400553,7.4850864,2.4862223,-0.222,-0.145,0.2651584431995331,6,7.464926059999996,Medium
36.75,-130.75,-1.8448029,-12.204407,12.343048,4.5400553,7.4850864,2.4862223,-0.254,-0.124,0.28265172916506276,6,7.542983053333329,Medium
36.75,-130.5,-1.6514435,-12.440735,12.549867,4.547868,7.422098,2.6248941,-0.266,-0.097,0.2831342437784593,6,7.466382303333335,Medium
36.75,-130.25,-1.2969513,-12.499329,12.566436,4.547868,7.422098,2.6248941,-0.257,-0.077,0.26828715958837834,6,7.558840330000002,Medium
37.0,-156.25,-2.324295,4.475281,5.042865,250.46974,9.113016,1.4244547,0.031,0.094,0.09897979591815695,6,2.4296851200000007,Medium
37.0,-156.0,-2.46492,4.905945,5.4903665,249.83693,8.940409,1.4200602,0.044,0.077,0.08868483523128405,6,2.4606090633333326,Medium
37.0,-155.75,-2.7676544,5.1969604,5.88798,249.83693,8.940409,1.4200602,0.051000000000000004,0.082,0.09656603957913984,6,2.331887976666667,Medium
37.0,-155.5,-3.0713654,5.319031,6.1420984,249.29787,8.788309,1.421525,0.05,0.091,0.10383159442096611,6,2.07260147,Medium
37.0,-155.25,-3.3203888,5.3063354,6.259567,249.29787,8.788309,1.421525,0.047,0.08,0.09278469701410896,6,2.0909153500000004,Medium
37.0,-155.0,-3.409256,5.225281,6.239117,250.18068,8.723124,1.4195719,0.044,0.053,0.06888396039717809,6,2.0911030733333345,Medium
37.0,-154.75,-3.518631,5.07489,6.1753764,250.18068,8.723124,1.4195719,0.041,0.035,0.05390732788777423,6,2.0957449866666678,Medium
37.0,-154.5,-3.6240997,4.901062,6.0954494,251.36818,8.670389,1.4161539,0.039,0.047,0.06107372593840988,6,2.014524063333333,Medium
37.0,-154.25,-3.7032013,4.737976,6.0134945,251.36818,8.670389,1.4161539,0.038,0.08700000000000001,0.09493682109698007,6,1.9291501766666674,Medium
37.0,-154.0,-3.853592,4.562195,5.971917,252.75099,8.642801,1.4080973,0.044,0.131,0.13819189556555045,6,1.890566166666667,Medium
37.0,-153.75,-3.9522247,4.3571167,5.8825626,252.75099,8.642801,1.4080973,0.056,0.156,0.1657467948408053,6,1.7947874666666679,Medium
37.0,-153.5,-4.0000763,4.175476,5.782319,254.68849,8.693094,1.3975992,0.07100000000000001,0.155,0.17048753620133056,6,1.8886154433333342,Medium
37.0,-153.25,-4.029373,3.9811401,5.664391,254.68849,8.693094,1.3975992,0.08,0.134,0.15606408939919522,6,2.039878719999999,Medium
37.0,-153.0,-4.0625763,3.8219604,5.577805,256.47757,8.784647,1.3895426,0.07200000000000001,0.101,0.12403628501370074,6,1.9905136933333325,Medium
37.0,-152.75,-4.110428,3.729187,5.549996,256.47757,8.784647,1.3895426,0.048,0.07,0.08487638069569178,6,1.9763677166666662,Medium
37.0,-152.5,-4.141678,3.6569214,5.5250854,257.19632,8.8549595,1.390275,0.019,0.047,0.0506951674225463,6,1.9550427233333323,Medium
37.0,-152.25,-4.136795,3.557312,5.455964,257.19632,8.8549595,1.390275,-0.002,0.035,0.03505709628591621,6,1.9963182233333323,Medium
37.0,-152.0,-4.0957794,3.4596558,5.3614016,257.45413,8.934061,1.3944254,-0.012,0.04,0.0417612260356422,6,2.049002486666667,Medium
37.0,-151.75,-4.051834,3.3024292,5.227179,257.45413,8.934061,1.3944254,-0.015,0.057,0.0589406481131655,6,2.0214714800000024,Medium
37.0,-151.5,-4.001053,3.1217651,5.0748243,257.64163,9.021219,1.3997965,-0.022,0.076,0.07912016177940993,6,2.0068182833333363,Medium
37.0,-151.25,-3.9756622,2.9537964,4.952858,257.64163,9.021219,1.3997965,-0.035,0.08600000000000001,0.09284934033152849,6,1.982139993333336,Medium
37.0,-151.0,-3.9590607,2.7858276,4.8409705,257.70413,9.091776,1.4061441,-0.047,0.085,0.09712878049270464,6,2.1157256733333365,Medium
37.0,-150.75,-3.9434357,2.6500854,4.7511725,257.70413,9.091776,1.4061441,-0.048,0.083,0.09588013350011566,6,2.3570985900000014,Medium
37.0,-150.5,-3.9639435,2.5045776,4.688897,257.79788,9.151346,1.4134684,-0.037,0.084,0.0917877987534291,6,2.243710400000002,Medium
37.0,-150.25,-4.003006,2.3756714,4.654876,257.79788,9.151346,1.4134684,-0.019,0.083,0.08514693182963201,6,2.2606571666666686,Medium
37.0,-150.0,-4.023514,2.1461792,4.560126,257.96976,9.201395,1.4203043,-0.001,0.076,0.07600657866263946,6,2.235844950000001,Medium
37.0,-149.75,-4.0596466,1.8971558,4.4810634,257.96976,9.201395,1.4203043,0.014,0.07,0.071386273190299,6,2.2268857,Medium
37.0,-149.5,-4.1250763,1.6207886,4.432066,258.22757,9.248514,1.4281168,0.024,0.07200000000000001,0.07589466384404112,6,2.3242425433333334,Medium
37.0,-149.25,-4.2051544,1.4127808,4.4361324,258.22757,9.248514,1.4281168,0.028,0.08,0.08475848040166836,6,2.3829492833333346,Medium
37.0,-149.0,-4.3164825,1.2643433,4.4978423,258.53226,9.2907505,1.43715,0.026000000000000002,0.084,0.08793179174792244,6,2.4944630033333346,Medium
37.0,-148.75,-4.3614044,1.1764526,4.5172877,258.53226,9.2907505,1.43715,0.026000000000000002,0.081,0.08507055894961547,6,2.600231203333334,Medium
37.0,-148.5,-4.3057404,1.1500854,4.4566913,258.85257,9.340311,1.4466715,0.031,0.069,0.07564390259630978,6,2.5925879233333338,Medium
37.0,-148.25,-4.235428,1.1373901,4.385488,258.85257,9.340311,1.4466715,0.039,0.05,0.06341135544995076,6,2.6778711066666663,Medium
37.0,-148.0,-4.159256,1.1295776,4.3099136,259.13382,9.402323,1.456193,0.043000000000000003,0.037,0.05672741841473134,6,5.301669596666666,Medium
37.0,-147.75,-4.179764,1.142273,4.3330374,259.13382,9.402323,1.456193,0.035,0.05,0.06103277807866852,6,5.249528619999998,Medium
37.0,-147.5,-4.221756,1.1930542,4.387095,259.251,9.452372,1.4703531,0.015,0.098,0.09914131328563285,6,2.663080553333335,Medium
37.0,-147.25,-4.3877716,1.2223511,4.5548525,259.251,9.452372,1.4703531,-0.006,0.152,0.15211837495845135,6,2.5896610800000017,Medium
37.0,-147.0,-4.523514,1.2321167,4.688314,259.29007,9.489725,1.4862223,-0.015,0.165,0.1656804152578089,6,2.469333033333334,Medium
37.0,-146.75,-4.5596466,1.2321167,4.7231865,259.29007,9.489725,1.4862223,-0.007,0.11900000000000001,0.11920570456148481,6,2.6868151733333323,Medium
37.0,-146.5,-4.5371857,1.1627808,4.683814,259.4932,9.5563755,1.5003824,0.017,0.048,0.05092150822589606,6,3.0845328266666643,Medium
37.0,-146.25,-4.4434357,1.1090698,4.579755,259.4932,9.5563755,1.5003824,0.047,0.005,0.047265209192385894,6,3.4815707833333316,Medium
37.0,-146.0,-4.3008575,1.0006714,4.4157352,259.76663,9.624979,1.5138102,0.069,0.004,0.0691158447825099,6,4.381863580000002,Medium
37.0,-145.75,-4.1182404,0.8746948,4.2101064,259.76663,9.624979,1.5138102,0.075,0.024,0.07874642849044013,6,5.614761146666672,Medium
37.0,-145.5,-3.9922638,0.78289795,4.068304,260.08694,9.686258,1.525773,0.062,0.039,0.07324616030891995,6,6.556507650000007,Medium
37.0,-145.25,-3.8506622,0.63446045,3.9025812,260.08694,9.686258,1.525773,0.039,0.045,0.05954829972383762,6,8.14249374666666,Medium
37.0,-145.0,-3.7403107,0.43133545,3.7650995,260.44632,9.732401,1.5367594,0.02,0.047,0.051078371156488535,6,8.456346233333322,Medium
37.0,-144.75,-3.6631622,0.20574951,3.6689358,260.44632,9.732401,1.5367594,0.017,0.056,0.05852349955359813,6,8.278851729999992,Medium
37.0,-144.5,-3.5996857,0.009460449,3.599698,260.88382,9.771952,1.5475016,0.025,0.07,0.07433034373659253,6,8.046419946666665,Medium
37.0,-144.25,-3.6006622,-0.17901611,3.6051095,260.88382,9.771952,1.5475016,0.037,0.076,0.08452810183601664,6,8.059544116666668,Medium
37.0,-144.0,-3.6270294,-0.2522583,3.635791,261.38382,9.80784,1.5572672,0.039,0.066,0.07666159403508382,6,8.800569186666666,Medium
37.0,-143.75,-3.6407013,-0.24249268,3.6487682,261.38382,9.80784,1.5572672,0.028,0.043000000000000003,0.05131276644267,6,8.918948096666657,Medium
37.0,-143.5,-3.6865997,-0.26690674,3.696249,261.9307,9.833231,1.5658121,0.011,0.022,0.024596747752497684,6,9.472097459999995,Medium
37.0,-143.25,-3.7940216,-0.2835083,3.8045993,261.9307,9.833231,1.5658121,-0.006,0.01,0.0116619037896906,6,10.001556843333333,High
37.0,-143.0,-3.9219513,-0.33721924,3.936422,262.54788,9.850565,1.5719156,-0.018000000000000002,0.01,0.020591260281974003,6,9.568188626666664,Medium
37.0,-142.75,-3.8653107,-0.49053955,3.896313,262.54788,9.850565,1.5719156,-0.025,0.022,0.03330165161069343,6,9.359272139999996,Medium
37.0,-142.5,-3.8574982,-0.67510986,3.9161289,263.26663,9.876444,1.5750895,-0.032,0.048,0.05768882040742383,6,10.30909615666666,High
37.0,-142.25,-3.8594513,-0.8772583,3.9578967,263.26663,9.876444,1.5750895,-0.043000000000000003,0.083,0.09347726996441436,6,9.545176483333336,Medium
37.0,-142.0,-3.911209,-1.1428833,4.0747685,264.03226,9.885965,1.5780191,-0.054,0.10400000000000001,0.11718361660232203,6,10.133776713333338,High
37.0,-141.75,-3.879959,-1.498352,4.1592236,264.03226,9.885965,1.5780191,-0.059000000000000004,0.088,0.10594810050208545,6,9.808380606666669,Medium
37.0,-141.5,-3.7256622,-1.8284302,4.1501465,264.91507,9.883768,1.581193,-0.057,0.034,0.06637017402418047,6,10.024349346666666,High
37.0,-141.25,-3.4981232,-2.2288208,4.147832,264.91507,9.883768,1.581193,-0.052000000000000005,-0.028,0.059059292240933606,6,10.626435296666658,High
37.0,-141.0,-3.1895294,-2.6028442,4.116782,265.92288,9.887674,1.5843668,-0.046,-0.061,0.07640026177965623,6,9.744252560000005,Medium
37.0,-140.75,-3.0440216,-3.0911255,4.338332,265.92288,9.887674,1.5843668,-0.045,-0.054,0.07029224708315988,6,10.90806328,High
37.0,-140.5,-2.8428497,-3.5442505,4.5435123,267.34476,9.8549595,1.591691,-0.046,-0.028,0.053851648071345036,6,7.257290738333345,Medium
37.0,-140.25,-2.7168732,-4.012024,4.8453827,267.34476,9.8549595,1.591691,-0.049,-0.01,0.05000999900019995,6,6.469174491666674,Medium
37.0,-140.0,-2.4346466,-4.30011,4.9415026,269.29788,9.786844,1.6043863,-0.054,-0.009000000000000001,0.05474486277268398,6,5.727242743888893,Medium
37.0,-139.75,-2.3828888,-4.5530396,5.1389036,269.29788,9.786844,1.6043863,-0.063,-0.019,0.0658027355054484,6,5.205589021666673,Medium
37.0,-139.5,-2.424881,-4.802063,5.3795776,271.71194,9.690653,1.6207438,-0.073,-0.03,0.07892401408950256,6,4.352230758333335,Medium
37.0,-139.25,-2.503006,-5.010071,5.600522,271.71194,9.690653,1.6207438,-0.083,-0.032,0.08895504482602436,6,3.8670321866666693,Medium
37.0,-139.0,-2.5440216,-5.181946,5.772747,274.28226,9.579081,1.6346598,-0.093,-0.016,0.09436630754670863,6,3.902891241666666,Medium
37.0,-138.75,-2.5840607,-5.3186646,5.9131684,274.28226,9.579081,1.6346598,-0.106,0.017,0.10735455276791944,6,3.8509082566666653,Medium
37.0,-138.5,-2.6182404,-5.415344,6.0150757,277.09476,9.468485,1.6466227,-0.122,0.056,0.13423859355639867,6,3.935886843333333,Medium
37.0,-138.25,-2.6533966,-5.500305,6.1068707,277.09476,9.468485,1.6466227,-0.137,0.081,0.15915401345866212,6,3.9348280033333336,Medium
37.0,-138.0,-2.744217,-5.54718,6.1888556,280.96194,9.332254,1.6651773,-0.14200000000000002,0.084,0.16498484778912276,6,3.9598564600000032,Medium
37.0,-137.75,-2.846756,-5.621399,6.3011227,280.96194,9.332254,1.6651773,-0.137,0.07,0.15384732691860462,6,4.008486836666669,Medium
37.0,-137.5,-2.8858185,-5.70636,6.3945675,286.3135,9.172098,1.6917887,-0.129,0.045,0.1366235704408284,6,3.999379510000002,Medium
37.0,-137.25,-2.9073029,-5.7942505,6.482727,286.3135,9.172098,1.6917887,-0.128,0.009000000000000001,0.12831601614763452,6,3.968476600000001,Medium
37.0,-137.0,-2.8565216,-5.920227,6.5733404,292.9385,9.016336,1.7215738,-0.13,-0.037,0.1351628647225265,6,3.799551405000002,Medium
37.0,-136.75,-2.8584747,-6.152649,6.7842436,292.9385,9.016336,1.7215738,-0.133,-0.077,0.15368148880070107,6,3.789515146666669,Medium
37.0,-136.5,-2.862381,-6.3587036,6.973259,302.15726,8.817118,1.7608805,-0.134,-0.091,0.16197839362087774,6,3.612077,Medium
37.0,-136.25,-2.848709,-6.555969,7.148138,302.15726,8.817118,1.7608805,-0.137,-0.07200000000000001,0.15476756766196206,6,3.657551076666668,Medium
37.0,-136.0,-2.8438263,-6.748352,7.323087,312.1885,8.625467,1.8018961,-0.151,-0.034,0.1547804897265802,6,3.6171058133333327,Medium
37.0,-135.75,-2.8291779,-6.89386,7.451815,312.1885,8.625467,1.8018961,-0.178,-0.006,0.17810109488714548,6,4.129838613333336,Medium
37.0,-135.5,-2.8731232,-7.152649,7.708127,321.3135,8.467264,1.8392496,-0.209,-0.001,0.20900239233080561,6,3.9962677700000033,Medium
37.0,-135.25,-2.9356232,-7.373352,7.936259,321.3135,8.467264,1.8392496,-0.225,-0.008,0.22514217730136662,6,4.880134026666669,Medium
37.0,-135.0,-2.924881,-7.382141,7.9404616,327.501,8.366922,1.8651285,-0.224,-0.009000000000000001,0.2241807306616695,6,4.875419163333335,Medium
37.0,-134.75,-2.659256,-7.2630005,7.7345214,327.501,8.366922,1.8651285,-0.20500000000000002,-0.006,0.20508778608196054,6,4.009946930000004,Medium
37.0,-134.5,-2.6240997,-7.538391,7.982057,329.13382,8.389139,1.8636637,-0.179,-0.017,0.17980545041794477,6,5.302546020000001,Medium
37.0,-134.25,-2.692459,-7.963196,8.406058,329.13382,8.389139,1.8636637,-0.151,-0.056,0.1610496817755316,6,7.770377783333337,Medium
37.0,-134.0,-2.699295,-8.287415,8.71593,335.57913,8.261942,1.8990641,-0.126,-0.10200000000000001,0.16211107303327557,6,2.6499826633333314,Medium
37.0,-133.75,-2.6699982,-8.355774,8.771992,335.57913,8.261942,1.8990641,-0.112,-0.121,0.1648787433236923,6,2.7242274066666643,Medium
37.0,-133.5,-2.6026154,-8.405579,8.799282,342.36038,8.12327,1.9464273,-0.107,-0.101,0.14713938969562163,6,2.758704846666664,Medium
37.0,-133.25,-2.4883575,-8.470032,8.827988,342.36038,8.12327,1.9464273,-0.115,-0.073,0.13621306838919678,6,2.6171228799999975,Medium
37.0,-133.0,-2.355545,-8.516907,8.836644,348.46194,8.002176,2.001359,-0.131,-0.07200000000000001,0.1494824404403407,6,1.9765195766666643,Medium
37.0,-132.75,-2.5000763,-8.962219,9.304395,348.46194,8.002176,2.001359,-0.148,-0.105,0.18146349495146397,6,2.0260498199999986,Medium
37.0,-132.5,-2.5684357,-9.476868,9.818751,354.91507,7.8146763,2.0902262,-0.157,-0.14400000000000002,0.21303755537463342,6,2.1127030533333326,Medium
37.0,-132.25,-2.4707794,-9.811829,10.118138,354.91507,7.8146763,2.0902262,-0.158,-0.157,0.22273975846265076,6,2.3544561133333333,Medium
37.0,-132.0,-2.1358185,-9.923157,10.150407,358.376,7.6847935,2.176652,-0.157,-0.145,0.21371476317746513,6,4.3231057266666655,Medium
37.0,-131.75,-1.831131,-9.976868,10.143517,358.376,7.6847935,2.176652,-0.167,-0.126,0.2092008604188807,6,4.440792156666667,Medium
37.0,-131.5,-1.5635529,-10.130188,10.250142,0.13380527,7.555887,2.2752848,-0.191,-0.11,0.22041097976280583,6,3.695366326666667,Medium
37.0,-131.25,-1.3994904,-10.54718,10.639624,0.13380527,7.555887,2.2752848,-0.22,-0.10300000000000001,0.2429176815301842,6,4.159246733333331,Medium
37.0,-131.0,-1.2696075,-11.313782,11.384795,0.41505527,7.520731,2.3480387,-0.247,-0.10200000000000001,0.26723210884921744,6,6.141933393333332,Medium
37.0,-130.75,-1.3526154,-11.98761,12.06368,0.41505527,7.520731,2.3480387,-0.265,-0.105,0.2850438562747845,6,6.141615993333332,Medium
37.0,-130.5,-1.1133575,-12.083313,12.134497,1.4072428,7.473612,2.459855,-0.26,-0.108,0.2815386296762844,6,6.181571149999999,Medium
37.0,-130.25,-0.81941223,-11.998352,12.026299,1.4072428,7.473612,2.459855,-0.234,-0.113,0.2598557292037257,6,6.194652013333333,Medium
37.25,-156.25,-2.7451935,4.178406,4.999516,250.46974,9.113016,1.4244547,0.062,0.08,0.10121264743103996,6,2.6122031866666657,Medium
37.25,-156.0,-2.8545685,4.6276245,5.43723,249.83693,8.940409,1.4200602,0.06,0.073,0.09449338601193207,6,2.4223286466666667,Medium
37.25,-155.75,-3.2324982,4.8952026,5.8661785,249.83693,8.940409,1.4200602,0.054,0.085,0.10070253224224304,6,2.2499542000000003,Medium
37.25,-155.5,-3.4951935,5.0289917,6.1243067,249.29787,8.788309,1.421525,0.047,0.096,0.10688779163215975,6,2.0275951866666677,Medium
37.25,-155.25,-3.6094513,5.0895386,6.2395144,249.29787,8.788309,1.421525,0.045,0.085,0.09617692030835673,6,2.0465984466666676,Medium
37.25,-155.0,-3.5860138,5.111023,6.2435603,250.18068,8.723124,1.4195719,0.044,0.058,0.07280109889280519,6,2.088969513333334,Medium
37.25,-154.75,-3.7002716,5.0475464,6.258573,250.18068,8.723124,1.4195719,0.042,0.04,0.058,6,2.0898773633333345,Medium
37.25,-154.5,-3.721756,4.9313354,6.1781497,251.36818,8.670389,1.4161539,0.037,0.052000000000000005,0.0638200595424354,6,1.9649052666666667,Medium
37.25,-154.25,-3.7383575,4.7799683,6.0682297,251.36818,8.670389,1.4161539,0.032,0.08600000000000001,0.0917605579756357,6,1.8825615166666683,Medium
37.25,-154.0,-3.7979279,4.655945,6.0085006,252.75099,8.642801,1.4080973,0.03,0.121,0.12466354719804823,6,1.8211770133333345,Medium
37.25,-153.75,-3.8682404,4.5387573,5.9635224,252.75099,8.642801,1.4080973,0.033,0.14,0.1438367129769031,6,1.7248828166666688,Medium
37.25,-153.5,-3.9121857,4.3893433,5.8797565,254.68849,8.693094,1.3975992,0.04,0.14,0.14560219778561037,6,1.7393939566666687,Medium
37.25,-153.25,-3.9541779,4.2438354,5.800488,254.68849,8.693094,1.3975992,0.045,0.131,0.13851353724455961,6,1.9361855700000001,Medium
37.25,-153.0,-4.006912,4.0983276,5.7316346,256.47757,8.784647,1.3895426,0.041,0.117,0.12397580409095962,6,1.8762165766666674,Medium
37.25,-152.75,-4.044998,3.9586792,5.6597834,256.47757,8.784647,1.3895426,0.027,0.101,0.10454664030948102,6,1.8319026966666672,Medium
37.25,-152.5,-4.072342,3.820984,5.5842533,257.19632,8.8549595,1.390275,0.007,0.078,0.07831347265956223,6,1.8459067499999995,Medium
37.25,-152.25,-4.065506,3.689148,5.489823,257.19632,8.8549595,1.390275,-0.01,0.055,0.05590169943749474,6,1.9063688233333338,Medium
37.25,-152.0,-4.0059357,3.5436401,5.3483553,257.45413,8.934061,1.3944254,-0.02,0.047,0.051078371156488535,6,2.0012657566666676,Medium
37.25,-151.75,-3.9278107,3.338562,5.154968,257.45413,8.934061,1.3944254,-0.025,0.062,0.06685057965343308,6,1.9614196133333353,Medium
37.25,-151.5,-3.855545,3.1344604,4.96891,257.64163,9.021219,1.3997965,-0.03,0.08600000000000001,0.0910823802938856,6,2.0461600866666685,Medium
37.25,-151.25,-3.791092,2.9469604,4.8017654,257.64163,9.021219,1.3997965,-0.037,0.096,0.10288342918079665,6,2.0153148733333355,Medium
37.25,-151.0,-3.7403107,2.7936401,4.668442,257.70413,9.091776,1.4061441,-0.041,0.08600000000000001,0.09527329111561121,6,2.4073985233333373,Medium
37.25,-150.75,-3.6846466,2.722351,4.581246,257.70413,9.091776,1.4061441,-0.036000000000000004,0.067,0.07605918747922569,6,2.320154363333335,Medium
37.25,-150.5,-3.6807404,2.6744995,4.549813,257.79788,9.151346,1.4134684,-0.025,0.056,0.061326992425847854,6,2.3086868366666673,Medium
37.25,-150.25,-3.721756,2.6032104,4.541825,257.79788,9.151346,1.4134684,-0.012,0.054,0.05531726674375732,6,2.278384336666667,Medium
37.25,-150.0,-3.799881,2.4899292,4.5429993,257.96976,9.201395,1.4203043,-0.004,0.053,0.05315072906367325,6,2.2865807133333336,Medium
37.25,-149.75,-3.869217,2.2184448,4.4600825,257.96976,9.201395,1.4203043,0.001,0.052000000000000005,0.05200961449578338,6,2.2492786899999997,Medium
37.25,-149.5,-3.9385529,1.8991089,4.3725066,258.22757,9.248514,1.4281168,0.005,0.059000000000000004,0.059211485372349854,6,2.3729281600000007,Medium
37.25,-149.25,-4.0420685,1.5758667,4.3383956,258.22757,9.248514,1.4281168,0.012,0.07,0.07102112361825882,6,4.717510946666668,Medium
37.25,-149.0,-4.194412,1.3180542,4.396631,258.53226,9.2907505,1.43715,0.02,0.077,0.07955501241279521,6,2.4826168500000003,Medium
37.25,-148.75,-4.317459,1.1412964,4.4657598,258.53226,9.2907505,1.43715,0.029,0.07200000000000001,0.07762087348130012,6,2.5925225233333333,Medium
37.25,-148.5,-4.3721466,1.0494995,4.4963446,258.85257,9.340311,1.4466715,0.035,0.058,0.0677421582177598,6,2.6670365533333333,Medium
37.25,-148.25,-4.3438263,1.0221558,4.462469,258.85257,9.340311,1.4466715,0.038,0.042,0.05663920903402518,6,2.6674142,Medium
37.25,-148.0,-4.2627716,1.0143433,4.3817935,259.13382,9.402323,1.456193,0.034,0.039,0.05173973328110612,6,2.7367022233333325,Medium
37.25,-147.75,-4.141678,1.0817261,4.2806106,259.13382,9.402323,1.456193,0.024,0.063,0.0674166151627327,6,5.375898949999999,Medium
37.25,-147.5,-4.072342,1.1481323,4.2310967,259.251,9.452372,1.4703531,0.015,0.111,0.11200892821556682,6,3.6529402900000005,Medium
37.25,-147.25,-4.018631,1.2008667,4.1942196,259.251,9.452372,1.4703531,0.013000000000000001,0.152,0.15255490814785344,6,3.5327438733333345,Medium
37.25,-147.0,-4.009842,1.2467651,4.199197,259.29007,9.489725,1.4862223,0.024,0.145,0.146972786596703,6,3.627107249999999,Medium
37.25,-146.75,-3.971756,1.2907104,4.1762156,259.29007,9.489725,1.4862223,0.043000000000000003,0.082,0.09259049627256569,6,3.863500139999997,Medium
37.25,-146.5,-3.8887482,1.3287964,4.1095085,259.4932,9.5563755,1.5003824,0.062,0.008,0.06251399843235113,6,4.7250733533333324,Medium
37.25,-146.25,-3.786209,1.3424683,4.0171633,259.4932,9.5563755,1.5003824,0.075,-0.027,0.07971198153351854,6,4.587460883333333,Medium
37.25,-146.0,-3.6416779,1.3532104,3.8849707,259.76663,9.624979,1.5138102,0.077,-0.01,0.07764663547121665,6,5.231486093333339,Medium
37.25,-145.75,-3.5088654,1.3200073,3.7489405,259.76663,9.624979,1.5138102,0.067,0.033,0.07468600939935137,6,5.417400306666672,Medium
37.25,-145.5,-3.4385529,1.2623901,3.6629598,260.08694,9.686258,1.525773,0.043000000000000003,0.07,0.0821522975941635,6,6.261944720000007,Medium
37.25,-145.25,-3.4053497,1.1705933,3.6009297,260.08694,9.686258,1.525773,0.009000000000000001,0.082,0.08249242389456138,6,7.454716793333334,Medium
37.25,-145.0,-3.3701935,0.99383545,3.5136752,260.44632,9.732401,1.5367594,-0.022,0.073,0.07624303246854758,6,8.76820389666666,Medium
37.25,-144.75,-3.3545685,0.7653198,3.4407623,260.44632,9.732401,1.5367594,-0.039,0.059000000000000004,0.07072481884034769,6,8.75304649666666,Medium
37.25,-144.5,-3.3682404,0.5075073,3.40626,260.88382,9.771952,1.5475016,-0.037,0.053,0.06463745044476925,6,8.883992086666659,Medium
37.25,-144.25,-3.4053497,0.26531982,3.41567,260.88382,9.771952,1.5475016,-0.024,0.057,0.06184658438426491,6,8.994440209999993,Medium
37.25,-144.0,-3.4688263,0.0836792,3.4698355,261.38382,9.80784,1.5572672,-0.014,0.063,0.06453681120105022,6,9.271989563333328,Medium
37.25,-143.75,-3.4707794,-0.05303955,3.4711847,261.38382,9.80784,1.5572672,-0.018000000000000002,0.061,0.06360031446463138,6,9.436871649999992,Medium
37.25,-143.5,-3.473709,-0.09991455,3.4751458,261.9307,9.833231,1.5658121,-0.034,0.049,0.05964059020499378,6,9.97248017666665,Medium
37.25,-143.25,-3.4981232,-0.1194458,3.500162,261.9307,9.833231,1.5658121,-0.054,0.032,0.06276941930590087,6,10.228182069999987,High
37.25,-143.0,-3.5948029,-0.13311768,3.5972667,262.54788,9.850565,1.5719156,-0.065,0.023,0.0689492567037528,6,9.309190629999996,Medium
37.25,-142.75,-3.5283966,-0.25128174,3.5373333,262.54788,9.850565,1.5719156,-0.07,0.03,0.07615773105863909,6,9.755829923333327,Medium
37.25,-142.5,-3.4727325,-0.4006958,3.4957728,263.26663,9.876444,1.5750895,-0.073,0.055,0.09140021881811881,6,9.618839279999998,Medium
37.25,-142.25,-3.4346466,-0.5823364,3.4836638,263.26663,9.876444,1.5750895,-0.078,0.089,0.1183427226321923,6,9.641712163333333,Medium
37.25,-142.0,-3.440506,-0.79522705,3.5312133,264.03226,9.885965,1.5780191,-0.079,0.10200000000000001,0.12901550294441363,6,10.063555560000003,High
37.25,-141.75,-3.4033966,-1.0344849,3.5571432,264.03226,9.885965,1.5780191,-0.07100000000000001,0.075,0.10327632836231157,6,9.520341660000007,Medium
37.25,-141.5,-3.2246857,-1.2776489,3.468571,264.91507,9.883768,1.581193,-0.058,0.017,0.060440052945046306,6,10.807231403333322,High
37.25,-141.25,-2.9414825,-1.5159302,3.3091335,264.91507,9.883768,1.581193,-0.046,-0.042,0.06228964600958974,6,11.322400333333322,High
37.25,-141.0,-2.5684357,-1.802063,3.1375616,265.92288,9.887674,1.5843668,-0.038,-0.07100000000000001,0.08052949770115297,6,10.799568589999993,High
37.25,-140.75,-2.5664825,-2.3372192,3.4712284,265.92288,9.887674,1.5843668,-0.031,-0.066,0.07291776189653656,6,10.566783453333327,High
37.25,-140.5,-2.674881,-2.911438,3.953664,267.34476,9.8549595,1.591691,-0.024,-0.043000000000000003,0.04924428900898053,6,9.036201366666667,Medium
37.25,-140.25,-2.7324982,-3.4778442,4.4228888,267.34476,9.8549595,1.591691,-0.013000000000000001,-0.022,0.025553864678361272,6,7.878954775000007,Medium
37.25,-140.0,-2.629959,-3.9856567,4.7751594,269.29788,9.786844,1.6043863,-0.009000000000000001,-0.01,0.01345362404707371,6,6.624453605000003,Medium
37.25,-139.75,-2.5840607,-4.310852,5.026014,269.29788,9.786844,1.6043863,-0.019,-0.008,0.0206155281280883,6,6.412457338888891,Medium
37.25,-139.5,-2.6172638,-4.5686646,5.2652416,271.71194,9.690653,1.6207438,-0.04,-0.013000000000000001,0.042059481689626185,6,5.616051015000004,Medium
37.25,-139.25,-2.6651154,-4.788391,5.480103,271.71194,9.690653,1.6207438,-0.066,-0.015,0.06768308503607087,6,4.320313155000002,Medium
37.25,-139.0,-2.6690216,-4.9485474,5.622437,274.28226,9.579081,1.6346598,-0.09,0.0,0.09,6,3.915570861666666,Medium
37.25,-138.75,-2.6690216,-5.096985,5.7535143,274.28226,9.579081,1.6346598,-0.107,0.033,0.1119732110819369,6,3.8699609100000005,Medium
37.25,-138.5,-2.6582794,-5.2249146,5.8622675,277.09476,9.468485,1.6466227,-0.12,0.068,0.13792751719653334,6,3.947950596666667,Medium
37.25,-138.25,-2.6758575,-5.3294067,5.9634547,277.09476,9.468485,1.6466227,-0.126,0.083,0.15088074761214568,6,3.9689644233333334,Medium
37.25,-138.0,-2.739334,-5.4172974,6.0705075,280.96194,9.332254,1.6651773,-0.122,0.07200000000000001,0.14166156853571826,6,4.034182356666667,Medium
37.25,-137.75,-2.7510529,-5.510071,6.1586666,280.96194,9.332254,1.6651773,-0.112,0.051000000000000004,0.12306502346320827,6,3.9561565833333336,Medium
37.25,-137.5,-2.7412872,-5.60968,6.24365,286.3135,9.172098,1.6917887,-0.10300000000000001,0.031,0.10756393447619886,6,4.090999819999999,Medium
37.25,-137.25,-2.7188263,-5.7356567,6.3474226,286.3135,9.172098,1.6917887,-0.101,0.007,0.10124228365658294,6,3.9682084066666654,Medium
37.25,-137.0,-2.7041779,-5.9016724,6.491711,292.9385,9.016336,1.7215738,-0.107,-0.031,0.11140017953306897,6,3.777422768333335,Medium
37.25,-136.75,-2.681717,-6.1643677,6.7224274,292.9385,9.016336,1.7215738,-0.116,-0.073,0.13705838172107535,6,3.688544806666668,Medium
37.25,-136.5,-2.6446075,-6.4016724,6.9264245,302.15726,8.817118,1.7608805,-0.124,-0.088,0.1520526224699857,6,3.6558679966666676,Medium
37.25,-136.25,-2.6084747,-6.6067505,7.1030483,302.15726,8.817118,1.7608805,-0.133,-0.06,0.14590750494748378,6,3.5336396266666665,Medium
37.25,-136.0,-2.5801544,-6.788391,7.262193,312.1885,8.625467,1.8018961,-0.148,-0.008,0.14821605850919123,6,3.7917327766666684,Medium
37.25,-135.75,-2.5196075,-6.9817505,7.4224834,312.1885,8.625467,1.8018961,-0.17,0.028,0.1722904524342542,6,4.105450040000003,Medium
37.25,-135.5,-2.5381622,-7.1936646,7.628308,321.3135,8.467264,1.8392496,-0.194,0.028,0.19601020381602588,6,3.9465193900000055,Medium
37.25,-135.25,-2.5791779,-7.3772583,7.8151197,321.3135,8.467264,1.8392496,-0.209,0.007,0.20911719202399404,6,4.857520290000001,Medium
37.25,-135.0,-2.5889435,-7.451477,7.888418,327.501,8.366922,1.8651285,-0.21,-0.014,0.2104661492972207,6,4.8830994666666685,Medium
37.25,-134.75,-2.2881622,-7.2229614,7.5767317,327.501,8.366922,1.8651285,-0.194,-0.028,0.19601020381602588,6,3.831000606666671,Medium
37.25,-134.5,-2.2041779,-7.416321,7.7369385,329.13382,8.389139,1.8636637,-0.166,-0.052000000000000005,0.1739540169125163,6,5.768008580000004,Medium
37.25,-134.25,-2.259842,-7.8274536,8.147141,329.13382,8.389139,1.8636637,-0.136,-0.094,0.16532392446346053,6,7.586597136666666,Medium
37.25,-134.0,-2.4102325,-8.2473755,8.592347,335.57913,8.261942,1.8990641,-0.105,-0.134,0.1702380685980665,6,2.6672908333333307,Medium
37.25,-133.75,-2.4512482,-8.284485,8.639521,335.57913,8.261942,1.8990641,-0.082,-0.138,0.16052414148656893,6,2.754956376666664,Medium
37.25,-133.5,-2.3975372,-8.332336,8.67041,342.36038,8.12327,1.9464273,-0.069,-0.1,0.12149485585818028,6,2.6039184766666663,Medium
37.25,-133.25,-2.2725372,-8.323547,8.628202,342.36038,8.12327,1.9464273,-0.073,-0.058,0.09323625904121206,6,2.981296269999998,Medium
37.25,-133.0,-2.0821075,-8.180969,8.441768,348.46194,8.002176,2.001359,-0.085,-0.051000000000000004,0.09912618221237011,6,2.4378330166666635,Medium
37.25,-132.75,-2.1914825,-8.779602,9.048979,348.46194,8.002176,2.001359,-0.10400000000000001,-0.081,0.13182184947875675,6,1.9221828066666644,Medium
37.25,-132.5,-2.1739044,-9.128235,9.383524,354.91507,7.8146763,2.0902262,-0.129,-0.11900000000000001,0.17550498568416797,6,1.905195203333334,Medium
37.25,-132.25,-2.0469513,-9.308899,9.531297,354.91507,7.8146763,2.0902262,-0.157,-0.135,0.20706037766796428,6,2.101473133333333,Medium
37.25,-132.0,-1.7959747,-9.371399,9.541942,358.376,7.6847935,2.176652,-0.187,-0.125,0.22493110056192764,6,4.662601343333333,Medium
37.25,-131.75,-1.6660919,-9.873352,10.0129385,358.376,7.6847935,2.176652,-0.216,-0.10200000000000001,0.2388723508487326,6,4.971795386666669,Medium
37.25,-131.5,-1.2735138,-9.85968,9.941586,0.13380527,7.555887,2.2752848,-0.23500000000000001,-0.081,0.24856789816868952,6,3.9092544866666654,Medium
37.25,-131.25,-0.82624817,-9.854797,9.889374,0.13380527,7.555887,2.2752848,-0.251,-0.07,0.26057820323273395,6,3.920593776666667,Medium
37.25,-131.0,-0.5362091,-10.413391,10.427187,0.41505527,7.520731,2.3480387,-0.259,-0.078,0.2704902955745363,6,4.355971713333334,Medium
37.25,-130.75,-0.5576935,-10.907532,10.92178,0.41505527,7.520731,2.3480387,-0.264,-0.1,0.2823047998175022,6,6.199890199999998,Medium
37.25,-130.5,-0.38191223,-10.965149,10.971798,1.4072428,7.473612,2.459855,-0.259,-0.128,0.28890309794116087,6,6.158299533333332,Medium
37.25,-130.25,-0.18855286,-10.954407,10.956029,1.4072428,7.473612,2.459855,-0.244,-0.14400000000000002,0.2833231370714365,6,6.171194639999999,Medium
37.5,-156.25,-3.2334747,3.805359,4.9936075,250.3213,9.114725,1.4344645,0.066,0.085,0.10761505470890215,6,2.4904439266666656,Medium
37.5,-156.0,-3.2959747,4.048523,5.2205353,249.80568,8.941629,1.4244547,0.051000000000000004,0.08600000000000001,0.09998499887483123,6,2.337188833333333,Medium
37.5,-155.75,-3.6426544,4.35907,5.680706,249.80568,8.941629,1.4244547,0.037,0.094,0.10101980003939821,6,2.1273141533333337,Medium
37.5,-155.5,-3.8301544,4.566101,5.959812,249.60255,8.823221,1.4222574,0.032,0.096,0.10119288512538814,6,1.798412870000002,Medium
37.5,-155.25,-3.846756,4.693054,6.068137,249.60255,8.823221,1.4222574,0.036000000000000004,0.08,0.08772684879784524,6,1.8660630033333352,Medium
37.5,-155.0,-3.7295685,4.7282104,6.022097,250.95412,8.813211,1.416398,0.044,0.055,0.07043436661176133,6,2.00782639,Medium
37.5,-154.75,-3.793045,4.7321167,6.0646615,250.95412,8.813211,1.416398,0.046,0.043000000000000003,0.06296824596572466,6,2.006364076666667,Medium
37.5,-154.5,-3.7432404,4.7106323,6.016802,252.64162,8.816385,1.4090738,0.041,0.058,0.07102816342831905,6,1.9451760533333338,Medium
37.5,-154.25,-3.668045,4.6539917,5.925723,252.64162,8.816385,1.4090738,0.033,0.092,0.09773944955850733,6,1.8387091566666678,Medium
37.5,-154.0,-3.5908966,4.6168823,5.8489437,253.71193,8.795633,1.4059,0.025,0.122,0.12453513560437472,6,1.8010903000000007,Medium
37.5,-153.75,-3.5860138,4.593445,5.8274546,253.71193,8.795633,1.4059,0.021,0.135,0.1366235704408284,6,1.8100609266666674,Medium
37.5,-153.5,-3.6250763,4.5446167,5.8133225,254.33693,8.780252,1.4054117,0.023,0.131,0.1330037593453659,6,1.8927928866666677,Medium
37.5,-153.25,-3.6934357,4.4938354,5.816874,254.33693,8.780252,1.4054117,0.03,0.125,0.1285496013218244,6,1.866758206666667,Medium
37.5,-153.0,-3.784256,4.4000854,5.803563,254.8838,8.801249,1.4056559,0.034,0.122,0.1266491215919005,6,1.8424969700000011,Medium
37.5,-152.75,-3.8545685,4.244812,5.733771,254.8838,8.801249,1.4056559,0.031,0.117,0.12103718436910205,6,1.8003230266666674,Medium
37.5,-152.5,-3.8946075,4.059265,5.625442,255.37599,8.861551,1.4068766,0.021,0.098,0.10022474744293448,6,1.85042806,Medium
37.5,-152.25,-3.886795,3.8571167,5.4758124,255.37599,8.861551,1.4068766,0.01,0.07100000000000001,0.07170076708097342,6,1.87729523,Medium
37.5,-152.0,-3.8115997,3.602234,5.244462,255.8213,8.957499,1.4080973,0.003,0.055,0.055081757415681644,6,2.053760533333334,Medium
37.5,-151.75,-3.7559357,3.362976,5.041494,255.8213,8.957499,1.4080973,0.001,0.064,0.06400781202322103,6,2.050128336666668,Medium
37.5,-151.5,-3.6914825,3.1461792,4.850308,256.0557,9.053202,1.4120035,0.003,0.08600000000000001,0.08605230967266365,6,2.0528895866666685,Medium
37.5,-151.25,-3.6162872,2.954773,4.6699266,256.0557,9.053202,1.4120035,0.006,0.096,0.09618731725128839,6,2.2214215833333353,Medium
37.5,-151.0,-3.5244904,2.8043823,4.504064,256.001,9.12327,1.4185953,0.008,0.082,0.08238931969618393,6,2.2080742833333344,Medium
37.5,-150.75,-3.458084,2.7662964,4.4284015,256.001,9.12327,1.4185953,0.008,0.061,0.061522353661088096,6,2.2468761966666673,Medium
37.5,-150.5,-3.4532013,2.7702026,4.427033,255.9463,9.180155,1.4254313,0.0,0.052000000000000005,0.052000000000000005,6,2.228835473333333,Medium
37.5,-150.25,-3.5020294,2.7711792,4.465831,255.9463,9.180155,1.4254313,-0.016,0.056,0.05824087911424415,6,2.2528569633333344,Medium
37.5,-150.0,-3.603592,2.7750854,4.5482936,255.96974,9.222879,1.4329996,-0.037,0.058,0.06879680225126747,6,2.4066295766666683,Medium
37.5,-149.75,-3.708084,2.5700073,4.511632,255.96974,9.222879,1.4329996,-0.055,0.053,0.07638062581571324,6,2.5999520566666674,Medium
37.5,-149.5,-3.8028107,2.242859,4.4149504,256.16507,9.26243,1.440568,-0.059000000000000004,0.048,0.07605918747922567,6,2.6524458900000014,Medium
37.5,-149.25,-3.940506,1.8659058,4.359953,256.16507,9.26243,1.440568,-0.047,0.048,0.06717886572427373,6,2.5247865633333357,Medium
37.5,-149.0,-4.154373,1.517273,4.4227743,256.501,9.301249,1.449357,-0.025,0.052000000000000005,0.05769748694700663,6,2.6015750366666675,Medium
37.5,-148.75,-4.3946075,1.3180542,4.588011,256.501,9.301249,1.449357,-0.002,0.051000000000000004,0.05103920062069939,6,2.678744786666667,Medium
37.5,-148.5,-4.5371857,1.1832886,4.688947,256.86038,9.341288,1.4598551,0.014,0.044,0.04617358552246078,6,2.6284642333333346,Medium
37.5,-148.25,-4.5615997,1.0983276,4.6919627,256.86038,9.341288,1.4598551,0.021,0.037,0.042544094772365294,6,2.5533417466666677,Medium
37.5,-148.0,-4.478592,1.010437,4.5911617,257.23538,9.395243,1.4698648,0.02,0.044,0.04833218389437829,6,2.6469139800000003,Medium
37.5,-147.75,-4.3184357,0.97528076,4.427195,257.23538,9.395243,1.4698648,0.015,0.07,0.07158910531638177,6,2.612794036666667,Medium
37.5,-147.5,-4.1533966,0.9557495,4.2619433,257.5635,9.454325,1.4808512,0.013000000000000001,0.109,0.10977249200050074,6,5.297221613333335,Medium
37.5,-147.25,-3.9590607,0.95184326,4.071875,257.5635,9.454325,1.4808512,0.021,0.132,0.1336600164596728,6,3.5374213800000005,Medium
37.5,-147.0,-3.775467,1.0153198,3.9096067,257.89163,9.527323,1.4933023,0.039,0.11,0.11670903992407786,6,3.6909094399999973,Medium
37.5,-146.75,-3.6104279,1.088562,3.7709622,257.89163,9.527323,1.4933023,0.057,0.049,0.07516648189186455,6,3.893484209999997,Medium
37.5,-146.5,-3.4229279,1.213562,3.6316893,258.16507,9.591288,1.5072184,0.062,-0.01,0.06280127387243033,6,4.615765019999999,Medium
37.5,-146.25,-3.2471466,1.3395386,3.5125952,258.16507,9.591288,1.5072184,0.051000000000000004,-0.028,0.05818075283115543,6,5.023895729999998,Medium
37.5,-146.0,-3.072342,1.4879761,3.4137015,258.44632,9.64744,1.5223551,0.033,0.001,0.03301514803843836,6,5.278673363333331,Medium
37.5,-145.75,-2.9532013,1.5905151,3.3542714,258.44632,9.64744,1.5223551,0.016,0.054,0.05632051136131489,6,5.786334723333329,Medium
37.5,-145.5,-2.8965607,1.6286011,3.3230114,258.76663,9.697489,1.5367594,0.0,0.099,0.099,6,6.6826138700000035,Medium
37.5,-145.25,-2.8858185,1.6149292,3.306954,258.76663,9.697489,1.5367594,-0.015,0.117,0.11795761950802501,6,8.24789609666667,Medium
37.5,-145.0,-2.8975372,1.4938354,3.259949,259.126,9.740946,1.5501871,-0.034,0.10300000000000001,0.10846658471621573,6,8.436431913333337,Medium
37.5,-144.75,-2.9346466,1.2994995,3.2094936,259.126,9.740946,1.5501871,-0.05,0.07100000000000001,0.08683893136145793,6,8.430559236666669,Medium
37.5,-144.5,-2.9707794,1.0348511,3.1458619,259.57132,9.777811,1.5589762,-0.057,0.044,0.07200694410957877,6,8.803128776666663,Medium
37.5,-144.25,-3.0020294,0.760437,3.0968442,259.57132,9.777811,1.5589762,-0.054,0.041,0.06780117993073573,6,8.88599750333333,Medium
37.5,-144.0,-3.0176544,0.5182495,3.061833,260.07913,9.8137,1.5670328,-0.05,0.057,0.07582216034906945,6,9.731725869999995,Medium
37.5,-143.75,-2.9698029,0.29071045,2.9839976,260.07913,9.8137,1.5670328,-0.052000000000000005,0.073,0.08962700485902672,6,13.319636636666656,High
37.5,-143.5,-2.8877716,0.16278076,2.892356,260.60257,9.845682,1.5746012,-0.064,0.069,0.09411163583744574,6,10.562096516666662,High
37.5,-143.25,-2.8340607,0.0680542,2.8348775,260.60257,9.845682,1.5746012,-0.078,0.046,0.09055385138137416,6,12.13784752333333,High
37.5,-143.0,-2.9199982,-0.006164551,2.9200046,261.14163,9.872049,1.579484,-0.084,0.024,0.08736131867136622,6,10.64360762666666,High
37.5,-142.75,-2.9668732,-0.13018799,2.9697282,261.14163,9.872049,1.579484,-0.084,0.025,0.08764131445842195,6,11.762658209999994,High
37.5,-142.5,-2.9307404,-0.29522705,2.9455726,261.71976,9.893534,1.5821695,-0.08,0.052000000000000005,0.09541488353501251,6,10.914716379999996,High
37.5,-142.25,-2.8701935,-0.4661255,2.9077969,261.71976,9.893534,1.5821695,-0.079,0.083,0.11458621208504975,6,11.077787303333333,High
37.5,-142.0,-2.8360138,-0.5901489,2.8967655,262.32132,9.911356,1.5831461,-0.075,0.08700000000000001,0.1148651383144599,6,11.692455163333335,High
37.5,-141.75,-2.833084,-0.6995239,2.918167,262.32132,9.911356,1.5831461,-0.065,0.054,0.08450443775329199,6,12.420942169999995,High
37.5,-141.5,-2.6934357,-0.8323364,2.8191097,262.96194,9.927469,1.5831461,-0.054,-0.004,0.05414794548272353,6,15.963760489999986,High
37.5,-141.25,-2.462967,-0.95635986,2.642126,262.96194,9.927469,1.5831461,-0.048,-0.054,0.07224956747275377,6,15.326642326666642,High
37.5,-141.0,-2.1573029,-1.1194458,2.4304557,263.67288,9.945536,1.5826578,-0.045,-0.081,0.092660671268883,6,15.015143249999985,High
37.5,-140.75,-2.2041779,-1.5979614,2.722477,263.67288,9.945536,1.5826578,-0.042,-0.084,0.09391485505499117,6,15.112562669999988,High
37.5,-140.5,-2.4102325,-2.161438,3.2374427,264.47757,9.952127,1.5836344,-0.035,-0.069,0.0773692445355388,6,10.929263813333328,High
37.5,-140.25,-2.6162872,-2.7717896,3.811532,264.47757,9.952127,1.5836344,-0.025,-0.045,0.051478150704935,6,10.032696940000001,High
37.5,-140.0,-2.7725372,-3.4329224,4.4126997,265.67288,9.925272,1.5892496,-0.02,-0.016,0.025612496949731396,6,8.812906455000006,Medium
37.5,-139.75,-2.786209,-3.8674927,4.766598,265.67288,9.925272,1.5892496,-0.027,0.006,0.02765863337187866,6,7.780465120000013,Medium
37.5,-139.5,-2.8008575,-4.2112427,5.057605,267.25882,9.8705845,1.5980387,-0.045,0.012,0.04657252408878007,6,6.494066556666674,Medium
37.5,-139.25,-2.817459,-4.524719,5.330212,267.25882,9.8705845,1.5980387,-0.066,0.009000000000000001,0.06661080993352356,6,5.84044986666667,Medium
37.5,-139.0,-2.833084,-4.8010864,5.5746565,269.48538,9.759012,1.6085367,-0.085,0.018000000000000002,0.08688498144098324,6,4.316339741666668,Medium
37.5,-138.75,-2.8106232,-4.977844,5.716514,269.48538,9.759012,1.6085367,-0.099,0.045,0.10874741376235114,6,4.179227279999999,Medium
37.5,-138.5,-2.7569122,-5.1174927,5.812856,272.04007,9.631083,1.6185465,-0.107,0.074,0.13009611831257686,6,3.9119136100000014,Medium
37.5,-138.25,-2.7119904,-5.232727,5.893753,272.04007,9.631083,1.6185465,-0.113,0.08,0.138452157801892,6,3.913868566666666,Medium
37.5,-138.0,-2.6739044,-5.3518677,5.9826627,275.27444,9.487284,1.6349039,-0.115,0.062,0.13064838307457158,6,3.842014463333334,Medium
37.5,-137.75,-2.6358185,-5.4436646,6.048225,275.27444,9.487284,1.6349039,-0.116,0.039,0.12238055401083948,6,3.8575496733333337,Medium
37.5,-137.5,-2.6084747,-5.5667114,6.1475534,279.33694,9.332743,1.6566324,-0.11800000000000001,0.024,0.12041594578792296,6,3.7863991166666686,Medium
37.5,-137.25,-2.5733185,-5.7161255,6.2686567,279.33694,9.332743,1.6566324,-0.122,0.008,0.12226201372462339,6,3.849072633333335,Medium
37.5,-137.0,-2.5332794,-5.878235,6.400871,284.35257,9.177225,1.682023,-0.126,-0.027,0.12886038956948717,6,3.680381175000002,Medium
37.5,-136.75,-2.4639435,-6.1311646,6.6077375,284.35257,9.177225,1.682023,-0.129,-0.069,0.14629422408283932,6,3.616504943333335,Medium
37.5,-136.5,-2.4151154,-6.411438,6.8512278,291.6182,8.974344,1.7164469,-0.129,-0.083,0.15339491516996254,6,3.7079054466666683,Medium
37.5,-136.25,-2.3740997,-6.661438,7.071853,291.6182,8.974344,1.7164469,-0.131,-0.05,0.14021768789992226,6,3.645835803333336,Medium
37.5,-136.0,-2.3184357,-6.844055,7.2260804,300.78226,8.750956,1.7577066,-0.134,0.008,0.1342385935563987,6,4.002598713333335,Medium
37.5,-135.75,-2.284256,-7.0178833,7.3802786,300.78226,8.750956,1.7577066,-0.14200000000000002,0.047,0.14957606760441325,6,4.185402810000003,Medium
37.5,-135.5,-2.2832794,-7.2024536,7.5557065,310.1885,8.554422,1.7975016,-0.153,0.045,0.15948040632002414,6,3.978221206666672,Medium
37.5,-135.25,-2.3008575,-7.420227,7.7687654,310.1885,8.554422,1.7975016,-0.161,0.014,0.16160754932861277,6,4.765363600000004,Medium
37.5,-135.0,-2.3291779,-7.6936646,8.038504,316.90726,8.433573,1.824357,-0.162,-0.018000000000000002,0.1629969324864735,6,4.7472681700000035,Medium
37.5,-134.75,-2.192459,-7.623352,7.9323626,316.90726,8.433573,1.824357,-0.15,-0.047,0.15719096666157378,6,4.66305817666667,Medium
37.5,-134.5,-2.1602325,-7.784485,8.078664,319.126,8.432108,1.8265543,-0.132,-0.079,0.1538343264684446,6,5.7900429166666685,Medium
37.5,-134.25,-2.2090607,-8.068665,8.3656025,319.126,8.432108,1.8265543,-0.11,-0.124,0.16575886099994774,6,7.891251949999999,Medium
37.5,-134.0,-2.324295,-8.296204,8.615645,323.61038,8.36326,1.8436441,-0.094,-0.156,0.1821318203939114,6,2.748995199999998,Medium
37.5,-133.75,-2.2783966,-8.26593,8.574187,323.61038,8.36326,1.8436441,-0.088,-0.148,0.17218594600024706,6,2.848136843333331,Medium
37.5,-133.5,-2.2481232,-8.32843,8.626517,331.71194,8.197733,1.8878336,-0.08600000000000001,-0.10300000000000001,0.13418271125595876,6,2.6097231366666636,Medium
37.5,-133.25,-2.1885529,-8.3567505,8.638579,331.71194,8.197733,1.8878336,-0.08700000000000001,-0.056,0.10346496991735898,6,2.748094719999996,Medium
37.5,-133.0,-2.0489044,-8.227844,8.479117,339.47757,8.047586,1.9391031,-0.093,-0.041,0.1016366075781753,6,1.7809607233333327,Medium
37.5,-132.75,-1.9639435,-8.614563,8.835596,339.47757,8.047586,1.9391031,-0.101,-0.058,0.11646887996370534,6,1.693628216666667,Medium
37.5,-132.5,-1.8653107,-8.864563,9.05869,346.04788,7.9050083,1.9998941,-0.12,-0.082,0.14534097839219332,6,1.9678739166666666,Medium
37.5,-132.25,-1.7725372,-9.096008,9.267106,346.04788,7.9050083,1.9998941,-0.151,-0.091,0.17630087918101825,6,1.941377273333333,Medium
37.5,-132.0,-1.7344513,-9.476868,9.634279,352.14163,7.70286,2.095109,-0.184,-0.085,0.20268448386593385,6,2.340690660000001,Medium
37.5,-131.75,-1.58992,-9.895813,10.022722,352.14163,7.70286,2.095109,-0.213,-0.073,0.22516216378423795,6,2.701476510000001,Medium
37.5,-131.5,-1.1563263,-9.904602,9.971872,355.34476,7.5307407,2.1949625,-0.231,-0.063,0.239436839270819,6,2.612801216666669,Medium
37.5,-131.25,-0.68074036,-9.888977,9.91238,355.34476,7.5307407,2.1949625,-0.23700000000000002,-0.058,0.2439938523815713,6,2.8380765733333364,Medium
37.5,-131.0,-0.42878723,-10.256165,10.265124,356.07913,7.514139,2.2501383,-0.231,-0.07,0.24137315509393337,6,2.4152332900000038,Medium
37.5,-130.75,-0.33406067,-10.522766,10.528068,356.07913,7.514139,2.2501383,-0.227,-0.099,0.24764894508154078,6,2.6375565933333363,Medium
37.5,-130.5,-0.2188263,-10.770813,10.773036,358.5557,7.444803,2.370988,-0.225,-0.134,0.26187974339379516,6,5.122868116666669,Medium
37.5,-130.25,-0.13386536,-11.037415,11.038226,358.5557,7.444803,2.370988,-0.221,-0.156,0.2705124766069026,6,6.660445276666665,Medium
37.75,-156.25,-3.6914825,3.5758667,5.139442,250.3213,9.114725,1.4344645,0.047,0.10400000000000001,0.11412712210513329,6,2.2591720100000012,Medium
37.75,-156.0,-3.6885529,3.776062,5.2786427,249.80568,8.941629,1.4244547,0.031,0.10400000000000001,0.10852188719332152,6,2.1054184100000004,Medium
37.75,-155.75,-3.9131622,3.9987183,5.5948715,249.80568,8.941629,1.4244547,0.02,0.101,0.10296115772464877,6,2.0829688266666677,Medium
37.75,-155.5,-4.029373,4.1862183,5.810359,249.60255,8.823221,1.4222574,0.02,0.088,0.0902441133814278,6,1.8689705400000018,Medium
37.75,-155.25,-4.039139,4.314148,5.909866,249.60255,8.823221,1.4222574,0.028,0.065,0.070774289116882,6,1.7462449466666685,Medium
37.75,-155.0,-3.8770294,4.319031,5.803911,250.95412,8.813211,1.416398,0.038,0.044,0.05813776741499453,6,2.0447663633333337,Medium
37.75,-154.75,-3.8047638,4.320984,5.7573543,250.95412,8.813211,1.416398,0.042,0.042,0.05939696961967,6,2.1107611,Medium
37.75,-154.5,-3.7344513,4.3327026,5.720003,252.64162,8.816385,1.4090738,0.037,0.066,0.07566372975210778,6,1.9501959233333337,Medium
37.75,-154.25,-3.583084,4.374695,5.654772,252.64162,8.816385,1.4090738,0.029,0.10200000000000001,0.10604244433244643,6,1.9300824233333345,Medium
37.75,-154.0,-3.4043732,4.3981323,5.561774,253.71193,8.795633,1.4059,0.022,0.128,0.12987686476043375,6,1.8504219600000007,Medium
37.75,-153.75,-3.3145294,4.4518433,5.5502267,253.71193,8.795633,1.4059,0.023,0.131,0.1330037593453659,6,1.8685431000000006,Medium
37.75,-153.5,-3.286209,4.536804,5.601943,254.33693,8.780252,1.4054117,0.032,0.11900000000000001,0.12322743201089602,6,1.8365259700000005,Medium
37.75,-153.25,-3.3369904,4.550476,5.6429014,254.33693,8.780252,1.4054117,0.046,0.11,0.11923086848631104,6,1.93873439,Medium
37.75,-153.0,-3.4326935,4.572937,5.717966,254.8838,8.801249,1.4056559,0.058,0.115,0.1287982919141399,6,2.043418323333333,Medium
37.75,-152.75,-3.5508575,4.489929,5.7243385,254.8838,8.801249,1.4056559,0.062,0.121,0.13595955280891445,6,1.9657222466666664,Medium
37.75,-152.5,-3.6104279,4.3112183,5.623326,255.37599,8.861551,1.4068766,0.055,0.112,0.12477579893553077,6,1.9732593799999998,Medium
37.75,-152.25,-3.6465607,4.0758667,5.4690123,255.37599,8.861551,1.4068766,0.042,0.085,0.09481033698917013,6,1.9179191500000001,Medium
37.75,-152.0,-3.6240997,3.7868042,5.2415633,255.8213,8.957499,1.4080973,0.032,0.063,0.07066116330771806,6,1.990619136666668,Medium
37.75,-151.75,-3.587967,3.4918823,5.0066705,255.8213,8.957499,1.4080973,0.029,0.061,0.06754257916307313,6,2.0713274133333344,Medium
37.75,-151.5,-3.536209,3.2155151,4.7795725,256.0557,9.053202,1.4120035,0.034,0.076,0.0832586331859946,6,2.0620241966666684,Medium
37.75,-151.25,-3.4619904,3.0045776,4.583979,256.0557,9.053202,1.4120035,0.043000000000000003,0.085,0.09525754563287887,6,2.381399416666668,Medium
37.75,-151.0,-3.3545685,2.8649292,4.4114566,256.001,9.12327,1.4185953,0.051000000000000004,0.078,0.0931933474020544,6,2.441122500000001,Medium
37.75,-150.75,-3.2852325,2.862976,4.3576813,256.001,9.12327,1.4185953,0.049,0.07,0.08544588931013593,6,2.813713033333333,Medium
37.75,-150.5,-3.27742,2.8971558,4.3743563,255.9463,9.180155,1.4254313,0.033,0.078,0.08469356528095863,6,2.2789805333333337,Medium
37.75,-150.25,-3.3291779,2.9762573,4.4655943,255.9463,9.180155,1.4254313,0.004,0.095,0.09508417323613852,6,2.164013173333334,Medium
37.75,-150.0,-3.4375763,3.0319214,4.5836096,255.96974,9.222879,1.4329996,-0.031,0.096,0.10088111815399352,6,2.3397757833333346,Medium
37.75,-149.75,-3.5908966,2.9137573,4.62434,255.96974,9.222879,1.4329996,-0.057,0.07200000000000001,0.0918313671900838,6,2.5828924633333354,Medium
37.75,-149.5,-3.7627716,2.6813354,4.620391,256.16507,9.26243,1.440568,-0.064,0.04,0.07547184905645282,6,2.6363242833333347,Medium
37.75,-149.25,-3.9326935,2.3405151,4.5764713,256.16507,9.26243,1.440568,-0.053,0.021,0.057008771254956896,6,2.5595347600000022,Medium
37.75,-149.0,-4.1465607,1.9743042,4.5925856,256.501,9.301249,1.449357,-0.034,0.019,0.03894868418830089,6,2.606088293333335,Medium
37.75,-148.75,-4.367264,1.7584839,4.707999,256.501,9.301249,1.449357,-0.018000000000000002,0.024,0.030000000000000002,6,2.6528978366666682,Medium
37.75,-148.5,-4.5147247,1.611023,4.7935514,256.86038,9.341288,1.4598551,-0.01,0.028,0.029732137494637014,6,2.4613307933333357,Medium
37.75,-148.25,-4.5615997,1.479187,4.795434,256.86038,9.341288,1.4598551,-0.006,0.03,0.03059411708155671,6,2.367769153333335,Medium
37.75,-148.0,-4.487381,1.354187,4.68726,257.23538,9.395243,1.4698648,-0.003,0.041,0.041109609582188934,6,2.594064740000002,Medium
37.75,-147.75,-4.3096466,1.213562,4.477252,257.23538,9.395243,1.4698648,0.002,0.066,0.06603029607687672,6,2.5887694100000007,Medium
37.75,-147.5,-4.1045685,1.0358276,4.233252,257.5635,9.454325,1.4808512,0.013000000000000001,0.094,0.09489467845985886,6,3.6582344200000003,Medium
37.75,-147.25,-3.900467,0.9557495,4.0158563,257.5635,9.454325,1.4808512,0.03,0.10300000000000001,0.1072800074571213,6,3.6130740299999986,Medium
37.75,-147.0,-3.6944122,0.8786011,3.7974494,257.89163,9.527323,1.4933023,0.05,0.079,0.09349331526906082,6,3.7538690166666635,Medium
37.75,-146.75,-3.4668732,0.8512573,3.5698528,257.89163,9.527323,1.4933023,0.058,0.036000000000000004,0.06826419266350406,6,4.1690234333333285,Medium
37.75,-146.5,-3.230545,0.9489136,3.3670251,258.16507,9.591288,1.5072184,0.046,0.002,0.04604345773288535,6,4.733722699999997,Medium
37.75,-146.25,-2.9483185,1.0807495,3.1401594,258.16507,9.591288,1.5072184,0.017,0.0,0.017,6,5.209427399999994,Medium
37.75,-146.0,-2.7110138,1.2496948,2.9851856,258.44632,9.64744,1.5223551,-0.012,0.025,0.027730849247724097,6,10.903580083333335,High
37.75,-145.75,-2.5625763,1.4508667,2.944794,258.44632,9.64744,1.5223551,-0.025,0.063,0.06777905281132218,6,7.901693629999998,Medium
37.75,-145.5,-2.5020294,1.6315308,2.986979,258.76663,9.697489,1.5367594,-0.02,0.099,0.101,6,11.68166983333333,High
37.75,-145.25,-2.4990997,1.682312,3.0125859,258.76663,9.697489,1.5367594,-0.007,0.11800000000000001,0.11820744477400737,6,12.978970006666666,High
37.75,-145.0,-2.549881,1.6959839,3.0623934,259.126,9.740946,1.5501871,-0.002,0.111,0.1110180165558726,6,9.142788760000002,Medium
37.75,-144.75,-2.551834,1.5856323,3.0043447,259.126,9.740946,1.5501871,-0.007,0.08,0.08030566605165541,6,13.075099896666659,High
37.75,-144.5,-2.5557404,1.3483276,2.8896015,259.57132,9.777811,1.5589762,-0.018000000000000002,0.048,0.05126402247190519,6,10.791340943333326,High
37.75,-144.25,-2.518631,1.0993042,2.748085,259.57132,9.777811,1.5589762,-0.027,0.039,0.04743416490252569,6,12.550086559999999,High
37.75,-144.0,-2.4834747,0.8649292,2.6297812,260.07913,9.8137,1.5670328,-0.033,0.056,0.065,6,11.965711276666655,High
37.75,-143.75,-2.4453888,0.6119995,2.5208073,260.07913,9.8137,1.5670328,-0.038,0.079,0.08766413177577247,6,11.38698855666666,High
37.75,-143.5,-2.400467,0.34832764,2.425608,260.60257,9.845682,1.5746012,-0.044,0.079,0.0904267659490264,6,11.564350346666659,High
37.75,-143.25,-2.3789825,0.16082764,2.3844125,260.60257,9.845682,1.5746012,-0.051000000000000004,0.049,0.0707248188403477,6,12.096500273333316,High
37.75,-143.0,-2.4658966,-0.12823486,2.4692287,261.14163,9.872049,1.579484,-0.055,0.016,0.05728001396647874,6,13.28232316,High
37.75,-142.75,-2.49617,-0.29229736,2.5132256,261.14163,9.872049,1.579484,-0.055,0.011,0.05608921464952063,6,13.173857196666665,High
37.75,-142.5,-2.4356232,-0.4505005,2.4769356,261.71976,9.893534,1.5821695,-0.051000000000000004,0.039,0.06420280367709809,6,12.422190199999989,High
37.75,-142.25,-2.3321075,-0.58135986,2.4034777,261.71976,9.893534,1.5821695,-0.045,0.07,0.0832165848854662,6,12.043846493333321,High
37.75,-142.0,-2.2852325,-0.6663208,2.380393,262.32132,9.911356,1.5831461,-0.038,0.07,0.07964923100695952,6,13.283508259999989,High
37.75,-141.75,-2.3389435,-0.7268677,2.449284,262.32132,9.911356,1.5831461,-0.031,0.035,0.04675467891024384,6,14.867021499999982,High
37.75,-141.5,-2.3516388,-0.786438,2.4796553,262.96194,9.927469,1.5831461,-0.03,-0.013000000000000001,0.03269556544854363,6,14.573537766666671,High
37.75,-141.25,-2.21492,-0.8850708,2.3852088,262.96194,9.927469,1.5831461,-0.039,-0.049,0.0626258732474047,6,15.490995976666643,High
37.75,-141.0,-2.0713654,-0.97003174,2.2872508,263.67288,9.945536,1.5826578,-0.055,-0.07200000000000001,0.09060353193998566,6,15.037863143333313,High
37.75,-140.75,-2.0078888,-1.2278442,2.3535545,263.67288,9.945536,1.5826578,-0.07,-0.085,0.11011357772772622,6,15.018103789999975,High
37.75,-140.5,-2.119217,-1.6282349,2.672495,264.47757,9.952127,1.5836344,-0.08,-0.084,0.116,6,15.371951213333316,High
37.75,-140.25,-2.2451935,-1.9573364,2.9786003,264.47757,9.952127,1.5836344,-0.082,-0.063,0.10340696301506974,6,16.12450644333332,High
37.75,-140.0,-2.4258575,-2.429016,3.432915,265.67288,9.925272,1.5892496,-0.078,-0.027,0.08254089895318563,6,9.387806240000002,Medium
37.75,-139.75,-2.4639435,-2.8391724,3.7592442,265.67288,9.925272,1.5892496,-0.074,0.006,0.07424284477308234,6,8.952543286666673,Medium
37.75,-139.5,-2.5615997,-3.3362427,4.2062225,267.25882,9.8705845,1.5980387,-0.074,0.019,0.07640026177965623,6,8.137784650000006,Medium
37.75,-139.25,-2.643631,-3.7756958,4.6091933,267.25882,9.8705845,1.5980387,-0.077,0.018000000000000002,0.07907591289387686,6,6.731314686666678,Medium
37.75,-139.0,-2.831131,-4.378235,5.213851,269.48538,9.759012,1.6085367,-0.083,0.025,0.08668333173107735,6,4.656104848333339,Medium
37.75,-138.75,-2.8584747,-4.7561646,5.5490522,269.48538,9.759012,1.6085367,-0.09,0.051000000000000004,0.10344563789740001,6,4.191371863333334,Medium
37.75,-138.5,-2.8203888,-4.9368286,5.6856723,272.04007,9.631083,1.6185465,-0.096,0.078,0.12369316876852982,6,3.7914640966666693,Medium
37.75,-138.25,-2.7578888,-5.1155396,5.8116,272.04007,9.631083,1.6185465,-0.10300000000000001,0.084,0.13290974381135495,6,3.8950996700000005,Medium
37.75,-138.0,-2.6778107,-5.295227,5.9338098,275.27444,9.487284,1.6349039,-0.113,0.067,0.13136970731489053,6,3.8219641800000006,Medium
37.75,-137.75,-2.5762482,-5.4260864,6.0066185,275.27444,9.487284,1.6349039,-0.125,0.045,0.13285330255586422,6,3.8325761,Medium
37.75,-137.5,-2.4610138,-5.565735,6.085556,279.33694,9.332743,1.6566324,-0.137,0.03,0.14024621207005916,6,3.7816280300000025,Medium
37.75,-137.25,-2.3926544,-5.7141724,6.194882,279.33694,9.332743,1.6566324,-0.14300000000000002,0.009000000000000001,0.14328293687665677,6,3.607189630000001,Medium
37.75,-137.0,-2.362381,-5.89386,6.3496795,284.35257,9.177225,1.682023,-0.14200000000000002,-0.032,0.1455609837834301,6,3.691564125000003,Medium
37.75,-136.75,-2.2989044,-6.1262817,6.5434155,284.35257,9.177225,1.682023,-0.136,-0.077,0.15628499608087784,6,3.6758660500000033,Medium
37.75,-136.5,-2.2364044,-6.3928833,6.7727733,291.6182,8.974344,1.7164469,-0.128,-0.092,0.15763248396190424,6,3.571858923333334,Medium
37.75,-136.25,-2.1690216,-6.6331177,6.9787464,291.6182,8.974344,1.7164469,-0.122,-0.056,0.13423859355639867,6,3.5783698666666686,Medium
37.75,-136.0,-2.1074982,-6.815735,7.1341286,300.78226,8.750956,1.7577066,-0.11800000000000001,0.006,0.11815244390193544,6,3.8197050400000028,Medium
37.75,-135.75,-2.1016388,-7.056946,7.3632445,300.78226,8.750956,1.7577066,-0.115,0.047,0.12423365083583433,6,4.244585893333335,Medium
37.75,-135.5,-2.1153107,-7.2717896,7.573207,310.1885,8.554422,1.7975016,-0.114,0.045,0.12256018929489298,6,4.087411020000004,Medium
37.75,-135.25,-2.136795,-7.489563,7.7884173,310.1885,8.554422,1.7975016,-0.113,0.012,0.11363538181394033,6,4.74482163666667,Medium
37.75,-135.0,-2.174881,-7.730774,8.030876,316.90726,8.433573,1.824357,-0.11,-0.026000000000000002,0.11303096920755833,6,4.900538406666671,Medium
37.75,-134.75,-2.1416779,-7.8899536,8.17546,316.90726,8.433573,1.824357,-0.106,-0.058,0.12083045973594572,6,4.967558060000004,Medium
37.75,-134.5,-2.0996857,-8.055969,8.325102,319.126,8.432108,1.8265543,-0.101,-0.092,0.13661991070118587,6,5.937902513333335,Medium
37.75,-134.25,-2.0889435,-8.224915,8.486042,319.126,8.432108,1.8265543,-0.094,-0.129,0.1596151621870554,6,7.8981502899999985,Medium
37.75,-134.0,-2.134842,-8.3098755,8.57972,323.61038,8.36326,1.8436441,-0.098,-0.149,0.17833956375409243,6,2.666609753333333,Medium
37.75,-133.75,-2.0635529,-8.266907,8.520563,323.61038,8.36326,1.8436441,-0.105,-0.137,0.1726093856080833,6,2.954124453333333,Medium
37.75,-133.5,-2.105545,-8.36261,8.623605,331.71194,8.197733,1.8878336,-0.123,-0.096,0.1560288434873501,6,2.7825518066666644,Medium
37.75,-133.25,-2.119217,-8.458313,8.719756,331.71194,8.197733,1.8878336,-0.131,-0.059000000000000004,0.14367324037551324,6,2.7509800233333297,Medium
37.75,-133.0,-2.1690216,-8.730774,8.996169,339.47757,8.047586,1.9391031,-0.131,-0.046,0.13884163640637487,6,1.58313549,Medium
37.75,-132.75,-1.9698029,-8.806946,9.024546,339.47757,8.047586,1.9391031,-0.127,-0.055,0.13839797686382557,6,1.8328286133333336,Medium
37.75,-132.5,-1.80867,-8.936829,9.118014,346.04788,7.9050083,1.9998941,-0.124,-0.064,0.13954210834009925,6,2.027853016666667,Medium
37.75,-132.25,-1.6758575,-9.090149,9.243339,346.04788,7.9050083,1.9998941,-0.133,-0.062,0.14674126890551276,6,2.001965710000001,Medium
37.75,-132.0,-1.6963654,-9.555969,9.70537,352.14163,7.70286,2.095109,-0.146,-0.055,0.15601602481796542,6,2.4956871933333353,Medium
37.75,-131.75,-1.4903107,-9.715149,9.828792,352.14163,7.70286,2.095109,-0.164,-0.053,0.17235138525698018,6,2.5160198866666685,Medium
37.75,-131.5,-1.0528107,-9.722961,9.779796,355.34476,7.5307407,2.1949625,-0.17400000000000002,-0.057,0.18309833423600555,6,2.3294097333333346,Medium
37.75,-131.25,-0.6065216,-9.76886,9.78767,355.34476,7.5307407,2.1949625,-0.165,-0.065,0.17734147850968202,6,2.077721146666669,Medium
37.75,-131.0,-0.43562317,-10.005188,10.0146675,356.07913,7.514139,2.2501383,-0.145,-0.079,0.16512419568312817,6,2.2986835600000033,Medium
37.75,-130.75,-0.31159973,-10.395813,10.400482,356.07913,7.514139,2.2501383,-0.127,-0.10400000000000001,0.16414932226482082,6,2.4089051533333374,Medium
37.75,-130.5,-0.2110138,-10.696594,10.698675,358.5557,7.444803,2.370988,-0.125,-0.133,0.18252123164169148,6,5.009630330000002,Medium
37.75,-130.25,-0.1299591,-10.989563,10.990332,358.5557,7.444803,2.370988,-0.128,-0.156,0.20179197209007102,6,6.615780423333332,Medium
38.0,-156.25,-3.8233185,3.0133667,4.868074,250.58693,9.163309,1.449357,0.03,0.115,0.11884864324004712,6,2.187647760000002,Medium
38.0,-156.0,-3.9678497,3.3268433,5.1780033,250.48537,9.015604,1.433732,0.026000000000000002,0.114,0.11692732785794774,6,1.994184893333336,Medium
38.0,-155.75,-4.0303497,3.5934448,5.399682,250.48537,9.015604,1.433732,0.023,0.1,0.10261091559868278,6,2.034903546666668,Medium
38.0,-155.5,-4.136795,3.798523,5.6162133,250.48537,8.918924,1.4315348,0.025,0.075,0.07905694150420949,6,1.928121923333333,Medium
38.0,-155.25,-4.1407013,3.9782104,5.7420874,250.48537,8.918924,1.4315348,0.031,0.049,0.0579827560572969,6,2.006918773333334,Medium
38.0,-155.0,-4.0303497,4.008484,5.6843348,251.3838,8.896708,1.4271402,0.034,0.035,0.04879549159502341,6,2.011629996666667,Medium
38.0,-154.75,-3.9278107,3.9811401,5.5926,251.3838,8.896708,1.4271402,0.032,0.043000000000000003,0.053600373133029594,6,1.9525738100000005,Medium
38.0,-154.5,-3.784256,3.9586792,5.476471,252.72755,8.90867,1.4203043,0.025,0.07200000000000001,0.07621679604916493,6,2.0456175733333337,Medium
38.0,-154.25,-3.6240997,3.986023,5.3872514,252.72755,8.90867,1.4203043,0.021,0.106,0.10806016842481785,6,2.0222227900000003,Medium
38.0,-154.0,-3.3350372,4.0446167,5.2422705,253.73537,8.912577,1.4171305,0.024,0.122,0.12433824833895642,6,1.9524104600000003,Medium
38.0,-153.75,-3.15242,4.177429,5.233418,253.73537,8.912577,1.4171305,0.036000000000000004,0.113,0.11859595271340419,6,1.974036486666668,Medium
38.0,-153.5,-3.0908966,4.2799683,5.279372,254.14943,8.896708,1.4166422,0.056,0.093,0.10855873986004075,6,2.1467457833333325,Medium
38.0,-153.25,-3.0440216,4.4225464,5.3688903,254.14943,8.896708,1.4166422,0.077,0.08600000000000001,0.11543396380615197,6,2.1744010666666647,Medium
38.0,-153.0,-3.1162872,4.51239,5.483877,254.06349,8.882303,1.419816,0.091,0.101,0.1359485196682921,6,2.2189999833333323,Medium
38.0,-152.75,-3.2324982,4.4977417,5.538838,254.06349,8.882303,1.419816,0.094,0.123,0.15480633061990715,6,2.156654566666665,Medium
38.0,-152.5,-3.3213654,4.4401245,5.5449233,253.9463,8.906717,1.4234781,0.08600000000000001,0.125,0.15172672803431833,6,2.190251903333332,Medium
38.0,-152.25,-3.362381,4.2350464,5.4075155,253.9463,8.906717,1.4234781,0.07100000000000001,0.101,0.12345849504995597,6,2.0780211566666664,Medium
38.0,-152.0,-3.43367,4.030945,5.2951493,253.87599,8.96702,1.4271402,0.056,0.073,0.09200543462209175,6,2.1657408633333337,Medium
38.0,-151.75,-3.4170685,3.7155151,5.0479116,253.87599,8.96702,1.4271402,0.046,0.063,0.07800640999302558,6,2.179116953333334,Medium
38.0,-151.5,-3.3672638,3.4352417,4.810338,253.79787,9.04368,1.4315348,0.044,0.068,0.08099382692526634,6,2.1383495300000015,Medium
38.0,-151.25,-3.2949982,3.2086792,4.5991993,253.79787,9.04368,1.4315348,0.048,0.07200000000000001,0.08653323061113576,6,2.411937233333335,Medium
38.0,-151.0,-3.190506,3.0739136,4.430381,253.73537,9.119852,1.4361734,0.057,0.068,0.0887299273075325,6,2.4793160733333344,Medium
38.0,-150.75,-3.136795,3.0494995,4.3748064,253.73537,9.119852,1.4361734,0.065,0.074,0.09849365461794989,6,2.5258500966666677,Medium
38.0,-150.5,-3.1602325,3.0778198,4.411354,253.54005,9.170389,1.4434977,0.065,0.1,0.11926860441876563,6,2.4634930766666674,Medium
38.0,-150.25,-3.221756,3.1500854,4.5058575,253.54005,9.170389,1.4434977,0.055,0.13,0.14115594213493105,6,2.46184847,Medium
38.0,-150.0,-3.3565216,3.2389526,4.6644454,253.41505,9.207254,1.451066,0.037,0.131,0.13612494260788505,6,2.3436414100000005,Medium
38.0,-149.75,-3.5303497,3.2457886,4.795676,253.41505,9.207254,1.451066,0.022,0.093,0.09556673061269806,6,2.1387928700000014,Medium
38.0,-149.5,-3.7002716,3.0543823,4.7980475,253.46193,9.237284,1.4593668,0.014,0.04,0.04237924020083418,6,2.298653773333334,Medium
38.0,-149.25,-3.8731232,2.8580933,4.8135,253.46193,9.237284,1.4593668,0.015,0.008,0.016999999999999998,6,3.1247855033333347,Medium
38.0,-149.0,-4.0645294,2.557312,4.8021083,253.79787,9.273172,1.4674234,0.016,0.008,0.017888543819998316,6,3.1104628166666695,Medium
38.0,-148.75,-4.2490997,2.3414917,4.851539,253.79787,9.273172,1.4674234,0.01,0.023,0.025079872407968905,6,2.493591123333335,Medium
38.0,-148.5,-4.341873,2.1637573,4.8511553,254.3213,9.32078,1.4759684,-0.003,0.032,0.03214031735997639,6,2.460899033333335,Medium
38.0,-148.25,-4.3750763,2.024109,4.820613,254.3213,9.32078,1.4759684,-0.013000000000000001,0.03,0.03269556544854363,6,2.421250653333336,Medium
38.0,-148.0,-4.303787,1.8571167,4.687373,254.86818,9.373514,1.4854898,-0.013000000000000001,0.032,0.03453983207834109,6,2.5958244866666687,Medium
38.0,-147.75,-4.1465607,1.6168823,4.450649,254.86818,9.373514,1.4854898,0.0,0.046,0.046,6,2.6203397033333347,Medium
38.0,-147.5,-3.9483185,1.4186401,4.195445,255.46193,9.441629,1.4947672,0.024,0.064,0.06835202996254025,6,3.6213303299999984,Medium
38.0,-147.25,-3.7432404,1.1774292,3.9240525,255.46193,9.441629,1.4947672,0.053,0.069,0.08700574693662483,6,3.6715206866666636,Medium
38.0,-147.0,-3.5264435,1.0114136,3.6686184,256.00882,9.512918,1.5059977,0.074,0.057,0.09340770846134702,6,3.832139059999994,Medium
38.0,-146.75,-3.3008575,0.90496826,3.422664,256.00882,9.512918,1.5059977,0.075,0.042,0.08595929269136642,6,4.334014093333329,Medium
38.0,-146.5,-3.096756,0.7868042,3.1951458,256.4307,9.568827,1.5208902,0.051000000000000004,0.037,0.06300793600809346,6,5.178432889999995,Medium
38.0,-146.25,-2.8448029,0.85809326,2.9714017,256.4307,9.568827,1.5208902,0.014,0.043000000000000003,0.04522167621838006,6,8.850864193333338,Medium
38.0,-146.0,-2.6739044,0.8278198,2.7991161,256.83694,9.6262,1.5357828,-0.019,0.05,0.053488316481265334,6,10.45562665333334,High
38.0,-145.75,-2.574295,0.96551514,2.7494025,256.83694,9.6262,1.5357828,-0.029,0.056,0.06306346010171025,6,10.033547986666663,High
38.0,-145.5,-2.5137482,1.1559448,2.766792,257.23538,9.675028,1.5501871,-0.016,0.07,0.07180529228406497,6,9.73068931666666,Medium
38.0,-145.25,-2.5088654,1.3356323,2.8422384,257.23538,9.675028,1.5501871,0.009000000000000001,0.08600000000000001,0.08646964785403027,6,10.03727435333333,High
38.0,-145.0,-2.534256,1.4381714,2.913896,257.626,9.721659,1.5641031,0.029,0.093,0.09741663102366044,6,9.849420406666669,Medium
38.0,-144.75,-2.4903107,1.3707886,2.8426588,257.626,9.721659,1.5641031,0.035,0.079,0.0864060183089118,6,10.458916619999993,High
38.0,-144.5,-2.3701935,1.2311401,2.6708655,258.08694,9.765604,1.5736246,0.029,0.055,0.062177166226839255,6,12.495750370000005,High
38.0,-144.25,-2.3008575,1.0026245,2.509821,258.08694,9.765604,1.5736246,0.02,0.045,0.04924428900898052,6,12.774817266666668,High
38.0,-144.0,-2.168045,0.8024292,2.3117769,258.58694,9.803202,1.5792398,0.017,0.057,0.05948108943185221,6,12.654335113333333,High
38.0,-143.75,-2.1641388,0.54364014,2.2313766,258.58694,9.803202,1.5792398,0.018000000000000002,0.077,0.07907591289387686,6,11.500515206666659,High
38.0,-143.5,-2.1416779,0.27508545,2.1592722,259.08694,9.838602,1.5853434,0.022,0.077,0.0800812087820857,6,12.02530034999999,High
38.0,-143.25,-2.1826935,-0.027648926,2.1828685,259.08694,9.838602,1.5853434,0.025,0.047,0.05323532661682466,6,13.897751226666669,High
38.0,-143.0,-2.254959,-0.34991455,2.281947,259.6182,9.868387,1.5897379,0.021,0.012,0.02418677324489565,6,12.316512216666673,High
38.0,-142.75,-2.3057404,-0.55010986,2.3704555,259.6182,9.868387,1.5897379,0.014,0.004,0.014560219778561038,6,12.275180230000013,High
38.0,-142.5,-2.2647247,-0.7288208,2.3791087,260.16507,9.884745,1.5921793,0.011,0.028,0.03008321791298265,6,12.634574033333347,High
38.0,-142.25,-2.1729279,-0.8587036,2.3364475,260.16507,9.884745,1.5921793,0.012,0.055,0.05629387178015028,6,13.516624583333343,High
38.0,-142.0,-2.1133575,-0.9690552,2.3249404,260.7432,9.902079,1.5921793,0.017,0.054,0.056612719418872644,6,14.624402616666663,High
38.0,-141.75,-2.237381,-1.0725708,2.4811857,260.7432,9.902079,1.5921793,0.019,0.027,0.03301514803843835,6,13.623379626666685,High
38.0,-141.5,-2.275467,-1.1399536,2.545043,261.36038,9.915018,1.5912027,0.01,-0.006,0.0116619037896906,6,14.778839486666678,High
38.0,-141.25,-2.2725372,-1.2317505,2.5848858,261.36038,9.915018,1.5912027,-0.011,-0.024,0.02640075756488817,6,14.491012576666678,High
38.0,-141.0,-2.1221466,-1.3147583,2.4964166,262.00882,9.9330845,1.5894938,-0.043000000000000003,-0.037,0.05672741841473134,6,16.32074445333332,High
38.0,-140.75,-1.9971466,-1.489563,2.491464,262.00882,9.9330845,1.5894938,-0.077,-0.056,0.0952102935611481,6,14.667792316666649,High
38.0,-140.5,-1.855545,-1.6057739,2.4538863,262.71976,9.945047,1.5885172,-0.10400000000000001,-0.073,0.12706297651164955,6,14.757206423333313,High
38.0,-140.25,-1.9170685,-1.8840942,2.6879292,262.71976,9.945047,1.5885172,-0.117,-0.07,0.13634148304899724,6,14.687603819999993,High
38.0,-140.0,-1.8760529,-2.0032349,2.7445445,263.46194,9.960184,1.5877848,-0.113,-0.046,0.1220040982918197,6,14.625119019999996,High
38.0,-139.75,-1.8916779,-2.1331177,2.8510764,263.46194,9.960184,1.5877848,-0.097,-0.016,0.0983107318658548,6,13.11593547,High
38.0,-139.5,-2.0088654,-2.5794067,3.269385,264.35257,9.959208,1.5877848,-0.082,0.002,0.08202438661763951,6,9.819116580000001,Medium
38.0,-139.25,-2.223709,-2.9973755,3.7321765,264.35257,9.959208,1.5877848,-0.076,0.011,0.07679192665899195,6,9.307944580000006,Medium
38.0,-139.0,-2.4600372,-3.5442505,4.314336,265.71976,9.895731,1.5880289,-0.081,0.026000000000000002,0.08507055894961547,6,9.367706423333342,Medium
38.0,-138.75,-2.5957794,-3.9934692,4.7629685,265.71976,9.895731,1.5880289,-0.09,0.054,0.10495713410721541,6,5.831705916666674,Medium
38.0,-138.5,-2.7412872,-4.4485474,5.225345,267.64944,9.795877,1.5929117,-0.096,0.081,0.12560652849274992,6,4.85803061333334,Medium
38.0,-138.25,-2.7266388,-4.7024536,5.435773,267.64944,9.795877,1.5929117,-0.099,0.088,0.13245754036671525,6,4.8458850366666715,Medium
38.0,-138.0,-2.6690216,-5.1292114,5.7820835,270.04788,9.683573,1.6036539,-0.101,0.075,0.12580143083447023,6,4.21456494,Medium
38.0,-137.75,-2.5283966,-5.3274536,5.896995,270.04788,9.683573,1.6036539,-0.107,0.054,0.11985407794480753,6,4.208395663333333,Medium
38.0,-137.5,-2.409256,-5.4729614,5.9797845,273.04007,9.555155,1.619523,-0.113,0.035,0.11829623831720094,6,3.886047996666666,Medium
38.0,-137.25,-2.3194122,-5.6360474,6.0946455,273.04007,9.555155,1.619523,-0.114,0.006,0.11415778554264269,6,3.6688086500000017,Medium
38.0,-137.0,-2.299881,-5.8137817,6.25216,276.66507,9.4116,1.6392984,-0.113,-0.041,0.12020815280171308,6,3.562592045000002,Medium
38.0,-136.75,-2.1758575,-5.9592896,6.3440905,276.66507,9.4116,1.6392984,-0.11,-0.088,0.14086873322352267,6,3.5303065966666676,Medium
38.0,-136.5,-2.0606232,-6.180969,6.5154085,282.21194,9.203104,1.6695719,-0.109,-0.101,0.14860013458944107,6,3.5508827466666686,Medium
38.0,-136.25,-1.9864044,-6.4260864,6.7260976,282.21194,9.203104,1.6695719,-0.11,-0.064,0.12726350615946427,6,3.5130203866666663,Medium
38.0,-136.0,-2.0088654,-6.777649,7.0690923,290.626,8.924295,1.7137613,-0.11,-0.004,0.1100727032465361,6,3.767008883333335,Medium
38.0,-135.75,-2.0283966,-7.1135864,7.397128,290.626,8.924295,1.7137613,-0.106,0.035,0.1116288493177279,6,4.062986396666669,Medium
38.0,-135.5,-2.0615997,-7.3655396,7.6486187,299.82132,8.674051,1.7579508,-0.096,0.032,0.10119288512538814,6,5.447269070000006,Medium
38.0,-135.25,-2.12117,-7.6604614,7.948713,299.82132,8.674051,1.7579508,-0.08600000000000001,-0.001,0.08600581375697809,6,5.166190947333339,Medium
38.0,-135.0,-2.1397247,-7.899719,8.184375,307.84476,8.480936,1.7943277,-0.077,-0.037,0.08542833253669417,6,5.1358597173333385,Medium
38.0,-134.75,-2.081131,-8.089172,8.352593,307.84476,8.480936,1.7943277,-0.07200000000000001,-0.067,0.09835141076771599,6,5.241139343333337,Medium
38.0,-134.5,-2.0108185,-8.252258,8.493712,313.23538,8.364481,1.8175211,-0.073,-0.094,0.11901680553602503,6,6.229082476666667,Medium
38.0,-134.25,-1.9893341,-8.394836,8.627325,313.23538,8.364481,1.8175211,-0.077,-0.11800000000000001,0.14090067423543437,6,7.8975684333333325,Medium
38.0,-134.0,-1.9707794,-8.32843,8.55843,317.4932,8.293924,1.8324137,-0.085,-0.127,0.1528201557386983,6,2.720950816666666,Medium
38.0,-133.75,-2.004959,-8.465149,8.699345,317.4932,8.293924,1.8324137,-0.099,-0.109,0.14724808997063427,6,2.7244338699999986,Medium
38.0,-133.5,-2.0489044,-8.57843,8.819721,326.3135,8.099344,1.8802652,-0.11800000000000001,-0.078,0.14144963768069538,6,2.584115593333332,Medium
38.0,-133.25,-2.1446075,-8.878235,9.133586,326.3135,8.099344,1.8802652,-0.14100000000000001,-0.056,0.1517135458685216,6,2.9983638666666654,Medium
38.0,-133.0,-2.2022247,-9.255188,9.513585,334.7432,7.9089146,1.9356852,-0.147,-0.058,0.15802847844613324,6,1.9240906766666672,Medium
38.0,-132.75,-2.0449982,-9.318665,9.540415,334.7432,7.9089146,1.9356852,-0.14300000000000002,-0.067,0.15791770008456937,6,1.8994555200000016,Medium
38.0,-132.5,-1.8125763,-9.264954,9.440593,338.82132,7.8547153,1.9630289,-0.127,-0.068,0.14405901568454507,6,1.907453880000002,Medium
38.0,-132.25,-1.6612091,-9.391907,9.537689,338.82132,7.8547153,1.9630289,-0.11800000000000001,-0.057,0.13104579352272244,6,1.898146610000002,Medium
38.0,-132.0,-1.6807404,-9.822571,9.965329,343.79788,7.7507114,2.0150309,-0.113,-0.047,0.12238463955905578,6,2.743076220000001,Medium
38.0,-131.75,-1.4278107,-9.80011,9.903575,343.79788,7.7507114,2.0150309,-0.112,-0.052000000000000005,0.12348279232346505,6,2.769050783333334,Medium
38.0,-131.5,-1.0059357,-9.785461,9.83703,348.39944,7.5995884,2.0953531,-0.1,-0.07,0.12206555615733704,6,2.1822524166666684,Medium
38.0,-131.25,-0.6192169,-9.759094,9.778719,348.39944,7.5995884,2.0953531,-0.076,-0.088,0.11627553482998906,6,2.1404638100000017,Medium
38.0,-131.0,-0.44831848,-9.933899,9.94401,351.57913,7.525858,2.171525,-0.047,-0.10200000000000001,0.11230761327710603,6,2.584571316666671,Medium
38.0,-130.75,-0.32136536,-10.313782,10.318788,351.57913,7.525858,2.171525,-0.025,-0.115,0.1176860229593982,6,2.7145260466666694,Medium
38.0,-130.5,-0.20906067,-10.4817505,10.483835,355.51663,7.4089146,2.2979898,-0.02,-0.131,0.13251792331605564,6,2.4430624533333387,Medium
38.0,-130.25,-0.12312317,-10.696594,10.697303,355.51663,7.4089146,2.2979898,-0.021,-0.153,0.154434452114805,6,2.458038993333336,Medium
38.25,-156.25,-3.6758575,2.597351,4.500907,250.58693,9.163309,1.449357,0.034,0.106,0.11131936040060597,6,2.5765905566666674,Medium
38.25,-156.0,-3.8496857,2.8893433,4.813355,250.48537,9.015604,1.433732,0.043000000000000003,0.107,0.11531695452100701,6,2.180948580000001,Medium
38.25,-155.75,-3.9746857,3.1920776,5.097792,250.48537,9.015604,1.433732,0.05,0.093,0.10558882516630252,6,2.2134635066666677,Medium
38.25,-155.5,-4.0889435,3.4264526,5.334795,250.48537,8.918924,1.4315348,0.052000000000000005,0.067,0.08481155581640984,6,2.2091617133333328,Medium
38.25,-155.25,-4.138748,3.611023,5.492606,250.48537,8.918924,1.4315348,0.05,0.044,0.06660330322138686,6,2.1969144233333338,Medium
38.25,-155.0,-4.107498,3.6813354,5.5157747,251.3838,8.896708,1.4271402,0.04,0.037,0.05448853090330111,6,2.114078626666667,Medium
38.25,-154.75,-3.99617,3.689148,5.438675,251.3838,8.896708,1.4271402,0.027,0.051000000000000004,0.057706152185014035,6,2.004506336666668,Medium
38.25,-154.5,-3.862381,3.6832886,5.3370967,252.72755,8.90867,1.4203043,0.016,0.077,0.07864477096412704,6,2.0204878300000004,Medium
38.25,-154.25,-3.6641388,3.6989136,5.2065225,252.72755,8.90867,1.4203043,0.015,0.099,0.10012991560967181,6,2.0001927800000003,Medium
38.25,-154.0,-3.416092,3.729187,5.0573235,253.73537,8.912577,1.4171305,0.026000000000000002,0.1,0.10332473082471592,6,2.037783036666667,Medium
38.25,-153.75,-3.2324982,3.8268433,5.0093684,253.73537,8.912577,1.4171305,0.047,0.081,0.09364827814754524,6,2.20409688,Medium
38.25,-153.5,-3.096756,3.9342651,5.0068293,254.14943,8.896708,1.4166422,0.069,0.06,0.09143850392476903,6,2.3245127499999985,Medium
38.25,-153.25,-2.978592,4.050476,5.0277596,254.14943,8.896708,1.4166422,0.08600000000000001,0.061,0.10543718509140881,6,2.4259171899999976,Medium
38.25,-153.0,-2.9922638,4.197937,5.1552224,254.06349,8.882303,1.419816,0.093,0.091,0.13011533345459328,6,2.256733723333333,Medium
38.25,-152.75,-3.049881,4.278015,5.2538733,254.06349,8.882303,1.419816,0.092,0.125,0.1552063143045411,6,2.1556257233333325,Medium
38.25,-152.5,-3.0791779,4.3043823,5.292357,253.9463,8.906717,1.4234781,0.08700000000000001,0.134,0.1597654530867046,6,2.1762861933333326,Medium
38.25,-152.25,-3.1397247,4.3512573,5.3657537,253.9463,8.906717,1.4234781,0.08,0.113,0.138452157801892,6,2.2244333799999993,Medium
38.25,-152.0,-3.208084,4.2369995,5.3145056,253.87599,8.96702,1.4271402,0.07100000000000001,0.08600000000000001,0.11152129841424913,6,2.1533897433333333,Medium
38.25,-151.75,-3.2227325,4.021179,5.1532407,253.87599,8.96702,1.4271402,0.058,0.075,0.09481033698917013,6,2.1752668766666674,Medium
38.25,-151.5,-3.2198029,3.7868042,4.9706154,253.79787,9.04368,1.4315348,0.043000000000000003,0.076,0.0873212459828649,6,2.125544663333335,Medium
38.25,-151.25,-3.1309357,3.5211792,4.7118425,253.79787,9.04368,1.4315348,0.032,0.07,0.07696752561957543,6,2.1219047300000016,Medium
38.25,-151.0,-3.0489044,3.3746948,4.548009,253.73537,9.119852,1.4361734,0.032,0.056,0.0644980619863884,6,2.300340023333334,Medium
38.25,-150.75,-3.004959,3.289734,4.4555726,253.73537,9.119852,1.4361734,0.047,0.056,0.07310950690573696,6,2.4852830133333343,Medium
38.25,-150.5,-3.0694122,3.3043823,4.5100145,253.54005,9.170389,1.4434977,0.07100000000000001,0.08600000000000001,0.11152129841424913,6,2.498293680000002,Medium
38.25,-150.25,-3.1494904,3.352234,4.599648,253.54005,9.170389,1.4434977,0.092,0.128,0.15763248396190424,6,2.4061879633333336,Medium
38.25,-150.0,-3.2832794,3.4176636,4.739235,253.41505,9.207254,1.451066,0.101,0.14,0.1726296614142541,6,2.518401616666667,Medium
38.25,-149.75,-3.4483185,3.4450073,4.874318,253.41505,9.207254,1.451066,0.097,0.106,0.14368368035375487,6,2.4560145366666664,Medium
38.25,-149.5,-3.605545,3.3883667,4.9478264,253.46193,9.237284,1.4593668,0.08600000000000001,0.051000000000000004,0.09998499887483123,6,2.6193583366666657,Medium
38.25,-149.25,-3.7383575,3.242859,4.948884,253.46193,9.237284,1.4593668,0.074,0.016,0.0757099729229908,6,2.5694384399999994,Medium
38.25,-149.0,-3.878006,3.041687,4.928569,253.79787,9.273172,1.4674234,0.061,0.022,0.0648459713474939,6,2.7176740233333323,Medium
38.25,-148.75,-3.9824982,2.8756714,4.9122066,253.79787,9.273172,1.4674234,0.045,0.047,0.06506919393998976,6,2.607849596666668,Medium
38.25,-148.5,-4.039139,2.7057495,4.8616586,254.3213,9.32078,1.4759684,0.025,0.057,0.062241465278381744,6,2.415696636666668,Medium
38.25,-148.25,-4.049881,2.539734,4.780354,254.3213,9.32078,1.4759684,0.007,0.044,0.044553338819890924,6,2.434958586666668,Medium
38.25,-148.0,-3.9844513,2.3649292,4.6334376,254.86818,9.373514,1.4854898,0.002,0.025,0.025079872407968908,6,2.6189708366666684,Medium
38.25,-147.75,-3.8418732,2.1227417,4.3893075,254.86818,9.373514,1.4854898,0.014,0.018000000000000002,0.02280350850198276,6,2.644588386666667,Medium
38.25,-147.5,-3.6709747,1.8746948,4.121958,255.46193,9.441629,1.4947672,0.041,0.023,0.047010637094172636,6,3.6541560033333327,Medium
38.25,-147.25,-3.4776154,1.6295776,3.8404858,255.46193,9.441629,1.4947672,0.07200000000000001,0.031,0.07839005038906405,6,3.778034826666663,Medium
38.25,-147.0,-3.3194122,1.3532104,3.5846446,256.00882,9.512918,1.5059977,0.092,0.039,0.09992497185388645,6,3.705212286666664,Medium
38.25,-146.75,-3.1631622,1.1315308,3.359458,256.00882,9.512918,1.5059977,0.09,0.055,0.10547511554864493,6,4.200344739999997,Medium
38.25,-146.5,-3.0352325,0.93426514,3.1757658,256.4307,9.568827,1.5208902,0.066,0.077,0.10141498903022177,6,4.78531306333333,Medium
38.25,-146.25,-3.003006,0.65301514,3.0731862,256.4307,9.568827,1.5208902,0.033,0.088,0.09398404119849284,6,5.4372345166666625,Medium
38.25,-146.0,-2.9395294,0.50946045,2.983351,256.83694,9.6262,1.5357828,0.004,0.077,0.07710382610480494,6,11.049689416666668,High
38.25,-145.75,-2.8965607,0.5162964,2.9422143,256.83694,9.6262,1.5357828,-0.009000000000000001,0.054,0.05474486277268398,6,8.681038419999998,Medium
38.25,-145.5,-2.9102325,0.5553589,2.9627483,257.23538,9.675028,1.5501871,-0.005,0.042,0.0422965719651132,6,9.18184272666666,Medium
38.25,-145.25,-2.9073029,0.6754761,2.984741,257.23538,9.675028,1.5501871,0.008,0.05,0.05063595560468866,6,13.386154466666664,High
38.25,-145.0,-2.9014435,0.81121826,3.0127146,257.626,9.721659,1.5641031,0.022,0.065,0.06862215385719105,6,13.52059666999999,High
38.25,-144.75,-2.8418732,0.8258667,2.9594424,257.626,9.721659,1.5641031,0.03,0.068,0.07432361670424818,6,10.532835386666662,High
38.25,-144.5,-2.7012482,0.73895264,2.8004987,258.08694,9.765604,1.5736246,0.033,0.054,0.06328506932918695,6,11.98372559,High
38.25,-144.25,-2.5293732,0.55633545,2.5898335,258.08694,9.765604,1.5736246,0.037,0.042,0.055973207876626116,6,13.037076116666675,High
38.25,-144.0,-2.4073029,0.3571167,2.4336474,258.58694,9.803202,1.5792398,0.045,0.046,0.06435060217278467,6,12.10315886333332,High
38.25,-143.75,-2.3672638,0.12371826,2.3704944,258.58694,9.803202,1.5792398,0.058,0.06,0.08345058418010026,6,11.661359313333326,High
38.25,-143.5,-2.3946075,-0.07647705,2.3958285,259.08694,9.838602,1.5853434,0.073,0.061,0.09513148795220223,6,11.819869813333332,High
38.25,-143.25,-2.3770294,-0.34503174,2.40194,259.08694,9.838602,1.5853434,0.083,0.038,0.09128526715741155,6,11.750088783333327,High
38.25,-143.0,-2.3819122,-0.6477661,2.468422,259.6182,9.868387,1.5897379,0.082,0.013000000000000001,0.08302409288875127,6,11.836566719999995,High
38.25,-142.75,-2.3584747,-0.8928833,2.5218334,259.6182,9.868387,1.5897379,0.07100000000000001,0.009000000000000001,0.07156814934033157,6,11.99092484666666,High
38.25,-142.5,-2.3037872,-1.083313,2.5457814,260.16507,9.884745,1.5921793,0.058,0.031,0.06576473218982952,6,12.832413403333328,High
38.25,-142.25,-2.2959747,-1.2092896,2.5949724,260.16507,9.884745,1.5921793,0.047,0.052000000000000005,0.07009279563550024,6,12.25154453333333,High
38.25,-142.0,-2.315506,-1.310852,2.6608083,260.7432,9.902079,1.5921793,0.041,0.049,0.06389053137985315,6,14.171280060000003,High
38.25,-141.75,-2.4795685,-1.4251099,2.8599296,260.7432,9.902079,1.5921793,0.035,0.028,0.044821869662029945,6,12.987945523333341,High
38.25,-141.5,-2.5401154,-1.5598755,2.9808385,261.36038,9.915018,1.5912027,0.024,0.01,0.026000000000000002,6,16.08524184666665,High
38.25,-141.25,-2.534256,-1.6594849,3.029248,261.36038,9.915018,1.5912027,0.005,0.008,0.009433981132056603,6,14.052514183333342,High
38.25,-141.0,-2.3057404,-1.7835083,2.9150198,262.00882,9.9330845,1.5894938,-0.021,0.005,0.021587033144922906,6,13.345319266666666,High
38.25,-140.75,-2.0938263,-1.904602,2.83048,262.00882,9.9330845,1.5894938,-0.05,-0.014,0.05192301994298868,6,15.254228989999996,High
38.25,-140.5,-1.9004669,-2.0198364,2.7733579,262.71976,9.945047,1.5885172,-0.076,-0.047,0.08935882720806042,6,14.325211899999992,High
38.25,-140.25,-1.7158966,-2.147766,2.7490363,262.71976,9.945047,1.5885172,-0.088,-0.07,0.11244554237496478,6,15.367514706666652,High
38.25,-140.0,-1.6153107,-2.1965942,2.726583,263.46194,9.960184,1.5877848,-0.084,-0.068,0.10807404868885037,6,15.365932253333316,High
38.25,-139.75,-1.574295,-2.2737427,2.765558,263.46194,9.960184,1.5877848,-0.07100000000000001,-0.045,0.08405950273467004,6,15.803872446666647,High
38.25,-139.5,-1.6084747,-2.458313,2.9377701,264.35257,9.959208,1.5877848,-0.062,-0.017,0.06428841264178171,6,13.653292269999989,High
38.25,-139.25,-1.6387482,-2.5725708,3.050183,264.35257,9.959208,1.5877848,-0.067,0.01,0.0677421582177598,6,10.96914212666666,High
38.25,-139.0,-1.9053497,-2.9016724,3.4713197,265.71976,9.895731,1.5880289,-0.083,0.036000000000000004,0.09047098982546838,6,8.357341173333342,Medium
38.25,-138.75,-2.1475372,-3.2766724,3.9177158,265.71976,9.895731,1.5880289,-0.1,0.06,0.11661903789690602,6,7.242046170000011,Medium
38.25,-138.5,-2.416092,-3.6956177,4.4153247,267.64944,9.795877,1.5929117,-0.10400000000000001,0.077,0.12940247292845683,6,6.00096769000001,Medium
38.25,-138.25,-2.518631,-4.243469,4.934626,267.64944,9.795877,1.5929117,-0.097,0.078,0.12447088012864696,6,5.263864490000006,Medium
38.25,-138.0,-2.4932404,-4.6428833,5.269973,270.04788,9.683573,1.6036539,-0.084,0.064,0.10560303025955269,6,4.5531537766666705,Medium
38.25,-137.75,-2.4141388,-4.895813,5.4586673,270.04788,9.683573,1.6036539,-0.07200000000000001,0.047,0.0859825563704639,6,4.494601606666669,Medium
38.25,-137.5,-2.3350372,-5.100891,5.609946,273.04007,9.555155,1.619523,-0.065,0.029,0.07117583859709697,6,4.127108176666667,Medium
38.25,-137.25,-2.2315216,-5.2786255,5.7309313,273.04007,9.555155,1.619523,-0.061,0.002,0.06103277807866851,6,4.2039648666666665,Medium
38.25,-137.0,-2.134842,-5.3518677,5.7619476,276.66507,9.4116,1.6392984,-0.064,-0.041,0.07600657866263946,6,3.7947685345555593,Medium
38.25,-136.75,-1.909256,-5.2581177,5.59402,276.66507,9.4116,1.6392984,-0.073,-0.082,0.10978615577567147,6,3.7710846600000036,Medium
38.25,-136.5,-1.7754669,-5.465149,5.746315,282.21194,9.203104,1.6695719,-0.088,-0.093,0.12803515142334934,6,3.7874033366666717,Medium
38.25,-136.25,-1.8057404,-5.9700317,6.237145,282.21194,9.203104,1.6695719,-0.10200000000000001,-0.061,0.11884864324004714,6,3.654651340000004,Medium
38.25,-136.0,-1.8770294,-6.473938,6.740557,290.626,8.924295,1.7137613,-0.108,-0.012,0.108664621657649,6,3.769979046666667,Medium
38.25,-135.75,-1.9199982,-6.960266,7.220228,290.626,8.924295,1.7137613,-0.1,0.015,0.10111874208078343,6,4.129462600000002,Medium
38.25,-135.5,-2.02742,-7.3928833,7.6658435,299.82132,8.674051,1.7579508,-0.081,0.006,0.0812219182240853,6,5.657938157333341,Medium
38.25,-135.25,-2.0557404,-7.6585083,7.9296165,299.82132,8.674051,1.7579508,-0.061,-0.025,0.06592419889539804,6,5.113685820666671,Medium
38.25,-135.0,-2.020584,-7.8479614,8.103904,307.84476,8.480936,1.7943277,-0.046,-0.053,0.070178344238091,6,5.233346567333339,Medium
38.25,-134.75,-1.9209747,-7.9905396,8.218204,307.84476,8.480936,1.7943277,-0.04,-0.073,0.08324061508662703,6,4.8638070006666725,Medium
38.25,-134.5,-1.83992,-8.127258,8.332925,313.23538,8.364481,1.8175211,-0.045,-0.092,0.10241581909060728,6,6.23945016,Medium
38.25,-134.25,-1.855545,-8.387024,8.589832,313.23538,8.364481,1.8175211,-0.054,-0.109,0.12164292005702593,6,7.998487786666666,Medium
38.25,-134.0,-1.8457794,-8.451477,8.650686,317.4932,8.293924,1.8324137,-0.064,-0.11,0.12726350615946427,6,2.536213836666667,Medium
38.25,-133.75,-1.886795,-8.617493,8.821631,317.4932,8.293924,1.8324137,-0.073,-0.08700000000000001,0.11356936206565571,6,2.6032692799999997,Medium
38.25,-133.5,-1.9727325,-8.842102,9.059494,326.3135,8.099344,1.8802652,-0.09,-0.056,0.106,6,2.858384009999998,Medium
38.25,-133.25,-2.003006,-9.039368,9.258628,326.3135,8.099344,1.8802652,-0.117,-0.043000000000000003,0.12465151423067432,6,2.888186276666667,Medium
38.25,-133.0,-2.0176544,-9.394836,9.609053,334.7432,7.9089146,1.9356852,-0.14,-0.055,0.15041608956491323,6,1.9522651633333348,Medium
38.25,-132.75,-1.9160919,-9.529602,9.720325,334.7432,7.9089146,1.9356852,-0.14100000000000001,-0.073,0.1587765725792064,6,1.8740012566666677,Medium
38.25,-132.5,-1.7324982,-9.571594,9.727125,338.82132,7.8547153,1.9630289,-0.13,-0.075,0.15008331019803636,6,1.8796154500000015,Medium
38.25,-132.25,-1.6475372,-9.777649,9.9154825,338.82132,7.8547153,1.9630289,-0.11800000000000001,-0.063,0.1337647188162858,6,2.260714666666668,Medium
38.25,-132.0,-1.6172638,-10.034485,10.163977,343.79788,7.7507114,2.0150309,-0.107,-0.058,0.12170866854912184,6,2.637978613333334,Medium
38.25,-131.75,-1.4121857,-10.02179,10.120797,343.79788,7.7507114,2.0150309,-0.088,-0.07100000000000001,0.11307077429645558,6,2.4527749866666673,Medium
38.25,-131.5,-0.9297638,-9.772766,9.816895,348.39944,7.5995884,2.0953531,-0.063,-0.097,0.11566330446602328,6,2.1869253600000023,Medium
38.25,-131.25,-0.62409973,-9.715149,9.735174,348.39944,7.5995884,2.0953531,-0.034,-0.11800000000000001,0.12280065146407003,6,2.1845706200000024,Medium
38.25,-131.0,-0.45222473,-9.875305,9.885654,351.57913,7.525858,2.171525,-0.009000000000000001,-0.127,0.1273184982632139,6,2.5119940200000044,Medium
38.25,-130.75,-0.3125763,-10.20636,10.211145,351.57913,7.525858,2.171525,0.007,-0.128,0.128191263352851,6,2.4209973666666698,Medium
38.25,-130.5,-0.2393341,-10.3723755,10.375136,355.51663,7.4089146,2.2979898,0.015,-0.134,0.1348369385591352,6,2.4498776933333373,Medium
38.25,-130.25,-0.13874817,-10.660461,10.661365,355.51663,7.4089146,2.2979898,0.018000000000000002,-0.153,0.15405518491761322,6,2.4627077766666696,Medium
38.5,-156.25,-3.2901154,2.6071167,4.1978464,250.60255,9.225077,1.4747477,0.061,0.08700000000000001,0.10625441167311596,6,3.8129737000000006,Medium
38.5,-156.0,-3.4678497,2.6471558,4.36273,250.96974,9.132303,1.4600992,0.07200000000000001,0.088,0.11370136322841516,6,2.8157355133333324,Medium
38.5,-155.75,-3.6494904,2.8981323,4.660252,250.96974,9.132303,1.4600992,0.079,0.081,0.11314592347937243,6,2.82668311,Medium
38.5,-155.5,-3.786209,3.1139526,4.9022527,251.18849,9.046854,1.4535074,0.078,0.065,0.1015332457867865,6,2.51990017,Medium
38.5,-155.25,-3.9073029,3.3092651,5.120376,251.18849,9.046854,1.4535074,0.066,0.052000000000000005,0.08402380615040003,6,2.4064054933333345,Medium
38.5,-155.0,-3.9395294,3.423523,5.219234,251.46974,8.985331,1.4517984,0.046,0.054,0.0709365914038728,6,2.2403503166666683,Medium
38.5,-154.75,-3.8740997,3.4743042,5.2037907,251.46974,8.985331,1.4517984,0.024,0.068,0.0721110255092798,6,2.133780743333335,Medium
38.5,-154.5,-3.817459,3.5045776,5.1821866,252.04787,8.963602,1.4513102,0.008,0.083,0.08338465086573188,6,2.141018296666668,Medium
38.5,-154.25,-3.645584,3.519226,5.067074,252.04787,8.963602,1.4513102,0.005,0.08600000000000001,0.0861452262171271,6,2.1970557366666688,Medium
38.5,-154.0,-3.4619904,3.5075073,4.928284,252.77443,8.965311,1.4474039,0.018000000000000002,0.07,0.07227724399837061,6,2.138179953333335,Medium
38.5,-153.75,-3.3184357,3.4957886,4.820016,252.77443,8.965311,1.4474039,0.036000000000000004,0.047,0.05920304046246274,6,2.2605946600000015,Medium
38.5,-153.5,-3.1485138,3.581726,4.768847,253.17287,8.960184,1.4420328,0.051000000000000004,0.035,0.061854668376768465,6,2.5390648166666656,Medium
38.5,-153.25,-3.0371857,3.6276245,4.7311897,253.17287,8.960184,1.4420328,0.055,0.05,0.07433034373659253,6,2.565497673333333,Medium
38.5,-153.0,-3.0020294,3.742859,4.7980385,253.10255,8.956278,1.4420328,0.052000000000000005,0.09,0.10394229168149027,6,2.322972276666667,Medium
38.5,-152.75,-2.9932404,3.8805542,4.9008355,253.10255,8.956278,1.4420328,0.048,0.125,0.13389921583041478,6,2.154807260000001,Medium
38.5,-152.5,-2.90242,4.0807495,5.00765,252.72755,8.967752,1.4447184,0.051000000000000004,0.131,0.14057738082636198,6,2.335330243333334,Medium
38.5,-152.25,-2.9190216,4.224304,5.134728,252.72755,8.967752,1.4447184,0.06,0.11,0.12529964086141668,6,2.200942453333335,Medium
38.5,-152.0,-2.9727325,4.242859,5.1806364,252.07912,8.988504,1.4503336,0.065,0.09,0.11101801655587258,6,2.237553400000001,Medium
38.5,-151.75,-3.0391388,4.362976,5.317135,252.07912,8.988504,1.4503336,0.057,0.091,0.10737783756436893,6,2.233122086666668,Medium
38.5,-151.5,-3.0684357,4.191101,5.194288,251.40724,9.023661,1.4569254,0.035,0.1,0.10594810050208546,6,2.0458121833333354,Medium
38.5,-151.25,-2.9795685,3.9430542,4.9422164,251.40724,9.023661,1.4569254,0.01,0.08700000000000001,0.08757282683572572,6,2.087268276666668,Medium
38.5,-151.0,-2.9170685,3.736023,4.739953,251.21974,9.098124,1.4605875,-0.003,0.05,0.050089919145472776,6,2.333469786666667,Medium
38.5,-150.75,-2.8965607,3.6295776,4.6436944,251.21974,9.098124,1.4605875,0.009000000000000001,0.024,0.025632011235952594,6,2.464721176666668,Medium
38.5,-150.5,-2.9453888,3.5924683,4.6455507,251.06349,9.156961,1.4654703,0.041,0.041,0.0579827560572969,6,2.576845103333334,Medium
38.5,-150.25,-3.0479279,3.5758667,4.6985836,251.06349,9.156961,1.4654703,0.077,0.091,0.11920570456148481,6,2.5182086766666667,Medium
38.5,-150.0,-3.1709747,3.6159058,4.809351,250.85255,9.188944,1.4732828,0.1,0.127,0.16164467204334326,6,2.4736731,Medium
38.5,-149.75,-3.3115997,3.604187,4.894574,250.85255,9.188944,1.4732828,0.1,0.116,0.15315351775261318,6,2.479813866666667,Medium
38.5,-149.5,-3.426834,3.5299683,4.9197426,250.8213,9.212381,1.4813395,0.084,0.07,0.10934349546269317,6,2.50801785,Medium
38.5,-149.25,-3.5459747,3.4244995,4.929618,250.8213,9.212381,1.4813395,0.067,0.034,0.07513321502504734,6,2.563174889999999,Medium
38.5,-149.0,-3.5703888,3.3121948,4.870145,251.15724,9.249002,1.4881754,0.056,0.036000000000000004,0.06657326790837295,6,2.6341814399999994,Medium
38.5,-148.75,-3.6250763,3.189148,4.828234,251.15724,9.249002,1.4881754,0.049,0.063,0.07981227975693966,6,2.56474743,Medium
38.5,-148.5,-3.6582794,3.0436401,4.7588606,251.71193,9.295633,1.4957438,0.042,0.077,0.08770974860299167,6,2.5450731133333337,Medium
38.5,-148.25,-3.6475372,2.9205933,4.6727285,251.71193,9.295633,1.4957438,0.032,0.059000000000000004,0.06711929677819933,6,2.5860898033333344,Medium
38.5,-148.0,-3.5908966,2.7467651,4.52098,252.43068,9.355204,1.503068,0.027,0.024,0.036124783736376884,6,2.6303140066666675,Medium
38.5,-147.75,-3.4678497,2.517273,4.285166,252.43068,9.355204,1.503068,0.033,-0.004,0.03324154027718933,6,5.13609433,Medium
38.5,-147.5,-3.3496857,2.2868042,4.055844,253.18068,9.419413,1.5116129,0.048,-0.013000000000000001,0.049729267036625426,6,3.5533444499999995,Medium
38.5,-147.25,-3.1826935,2.024109,3.7718105,253.18068,9.419413,1.5116129,0.066,0.0,0.066,6,3.844846469999997,Medium
38.5,-147.0,-3.1114044,1.7223511,3.5563087,253.8838,9.483133,1.5230875,0.074,0.029,0.07947955712005446,6,4.185023843333328,Medium
38.5,-146.75,-3.1602325,1.3825073,3.4494052,253.8838,9.483133,1.5230875,0.067,0.07,0.09689685237405807,6,4.175849489999995,Medium
38.5,-146.5,-3.12117,1.0758667,3.3013923,254.48537,9.540506,1.5372477,0.051000000000000004,0.107,0.11853269591129698,6,4.6860558233333265,Medium
38.5,-146.25,-3.212967,0.7086792,3.2901947,254.48537,9.540506,1.5372477,0.034,0.11800000000000001,0.12280065146407003,6,4.644007333333328,Medium
38.5,-146.0,-3.286209,0.4244995,3.3135133,255.00099,9.588602,1.5514078,0.022,0.096,0.09848857801796104,6,5.29899796,Medium
38.5,-145.75,-3.3047638,0.30828857,3.3191123,255.00099,9.588602,1.5514078,0.014,0.06,0.06161168720299745,6,5.835175619999996,Medium
38.5,-145.5,-3.3389435,0.120788574,3.3411276,255.51662,9.640604,1.5648355,0.01,0.037,0.038327535793473595,6,6.368158396666665,Medium
38.5,-145.25,-3.3291779,0.13348389,3.3318527,255.51662,9.640604,1.5648355,0.005,0.039,0.039319206502675,6,7.915400066666663,Medium
38.5,-145.0,-3.3125763,0.23504639,3.3209047,256.00882,9.690653,1.577775,0.003,0.053,0.05308483775994799,6,8.91765799666666,Medium
38.5,-144.75,-3.2871857,0.23406982,3.2955089,256.00882,9.690653,1.577775,0.003,0.057,0.057078892771321346,6,8.787507253333322,Medium
38.5,-144.5,-3.1729279,0.20574951,3.179592,256.50882,9.736063,1.5885172,0.009000000000000001,0.043000000000000003,0.043931765272977596,6,8.446327469999993,Medium
38.5,-144.25,-3.0225372,0.047546387,3.022911,256.50882,9.736063,1.5885172,0.018000000000000002,0.028,0.033286633954186476,6,13.162583746666662,High
38.5,-144.0,-2.9326935,-0.061828613,2.933345,257.02444,9.777323,1.5963297,0.03,0.026000000000000002,0.039698866482558416,6,10.503654176666661,High
38.5,-143.75,-2.8682404,-0.25323486,2.8793976,257.02444,9.777323,1.5963297,0.043000000000000003,0.037,0.05672741841473134,6,11.11426802666666,High
38.5,-143.5,-2.846756,-0.42022705,2.877605,257.54007,9.802469,1.5982828,0.056,0.04,0.06881860213634101,6,10.756088789999989,High
38.5,-143.25,-2.74617,-0.6087036,2.8128223,257.54007,9.802469,1.5982828,0.063,0.029,0.06935416353759881,6,11.959599383333332,High
38.5,-143.0,-2.6895294,-0.8674927,2.825971,258.07913,9.832254,1.6024332,0.06,0.015,0.06184658438426491,6,13.127475196666671,High
38.5,-142.75,-2.5996857,-1.092102,2.819761,258.07913,9.832254,1.6024332,0.05,0.021,0.054230987451824995,6,12.708465173333344,High
38.5,-142.5,-2.4854279,-1.3098755,2.8094707,258.64163,9.856913,1.603898,0.036000000000000004,0.044,0.05685068161420758,6,12.728462926666673,High
38.5,-142.25,-2.4981232,-1.4417114,2.8842938,258.64163,9.856913,1.603898,0.021,0.061,0.06451356446515724,6,10.953475366666659,High
38.5,-142.0,-2.614334,-1.536438,3.0323894,259.22757,9.871317,1.6036539,0.009000000000000001,0.054,0.05474486277268398,6,12.325268123333325,High
38.5,-141.75,-2.7510529,-1.6370239,3.2012713,259.22757,9.871317,1.6036539,0.0,0.031,0.031,6,9.279493676666663,Medium
38.5,-141.5,-2.8233185,-1.7747192,3.3347797,259.85257,9.880594,1.6021891,-0.006,0.018000000000000002,0.01897366596101028,6,10.102575549999997,High
38.5,-141.25,-2.6729279,-1.9397583,3.3026059,259.85257,9.880594,1.6021891,-0.011,0.022,0.024596747752497684,6,10.316950316666668,High
38.5,-141.0,-2.4082794,-2.1018677,3.196507,260.50882,9.900858,1.5990152,-0.016,0.026000000000000002,0.0305286750449475,6,10.09259618,High
38.5,-140.75,-2.145584,-2.2385864,3.1007743,260.50882,9.900858,1.5990152,-0.024,0.009000000000000001,0.025632011235952594,6,10.120137233333335,High
38.5,-140.5,-1.956131,-2.4417114,3.1286423,261.19632,9.920389,1.5955973,-0.033,-0.029,0.043931765272977596,6,10.048753956666662,High
38.5,-140.25,-1.7676544,-2.5774536,3.125359,261.19632,9.920389,1.5955973,-0.038,-0.067,0.07702596964660685,6,9.957934483333332,Medium
38.5,-140.0,-1.6338654,-2.616516,3.0847485,261.86038,9.942606,1.5919352,-0.038,-0.079,0.08766413177577247,6,9.917054550000003,Medium
38.5,-139.75,-1.4854279,-2.7473755,3.1232305,261.86038,9.942606,1.5919352,-0.037,-0.057,0.06795586803212803,6,10.214892076666667,High
38.5,-139.5,-1.4239044,-2.7962036,3.1378748,262.57913,9.947489,1.5855875,-0.045,-0.015,0.04743416490252569,6,10.278985710000002,High
38.5,-139.25,-1.3594513,-2.8743286,3.1796026,262.57913,9.947489,1.5855875,-0.063,0.027,0.06854195795277518,6,9.547418293333338,Medium
38.5,-139.0,-1.4463654,-2.9006958,3.2412972,263.4385,9.941385,1.5799723,-0.085,0.055,0.10124228365658294,6,8.168472736666677,Medium
38.5,-138.75,-1.7432404,-3.1819458,3.6281767,263.4385,9.941385,1.5799723,-0.101,0.066,0.12065239326262867,6,7.295906060000008,Medium
38.5,-138.5,-1.9746857,-3.2366333,3.7914612,264.50882,9.918436,1.5772867,-0.101,0.062,0.11851160280748886,6,7.246460050000009,Medium
38.5,-138.25,-2.1133575,-3.5549927,4.135729,264.50882,9.918436,1.5772867,-0.08700000000000001,0.05,0.10034440691936947,6,7.254847493333344,Medium
38.5,-138.0,-2.1407013,-3.960266,4.501812,265.876,9.878153,1.5792398,-0.067,0.035,0.07559100475585703,6,6.5136209700000105,Medium
38.5,-137.75,-2.114334,-4.0706177,4.586975,265.876,9.878153,1.5792398,-0.052000000000000005,0.026000000000000002,0.05813776741499454,6,6.925225333333343,Medium
38.5,-137.5,-2.0440216,-4.29718,4.7585483,267.40726,9.837137,1.5836344,-0.044,0.018000000000000002,0.04753945729601885,6,6.5546221288888935,Medium
38.5,-137.25,-1.9668732,-4.512024,4.922088,267.40726,9.837137,1.5836344,-0.043000000000000003,0.002,0.04304648650006177,6,7.12630829000001,Medium
38.5,-137.0,-1.8926544,-4.7405396,5.104396,269.45413,9.75828,1.5924234,-0.051000000000000004,-0.029,0.05866856057549052,6,5.094801523444452,Medium
38.5,-136.75,-1.6612091,-4.602844,4.8934436,269.45413,9.75828,1.5924234,-0.065,-0.063,0.09052071586106686,6,5.10218654622223,Medium
38.5,-136.5,-1.5352325,-4.8430786,5.0805855,273.16507,9.569803,1.6143961,-0.081,-0.074,0.10971326264403952,6,4.429198710000006,Medium
38.5,-136.25,-1.4990997,-5.2717896,5.4807906,273.16507,9.569803,1.6143961,-0.093,-0.055,0.10804628637764466,6,4.020567753333335,Medium
38.5,-136.0,-1.6162872,-5.931946,6.1482,279.4307,9.265604,1.652482,-0.091,-0.026000000000000002,0.09464142856064674,6,3.5245506540000004,Medium
38.5,-135.75,-1.6446075,-6.4817505,6.6871386,279.4307,9.265604,1.652482,-0.076,-0.014,0.07727871634544663,6,3.7190903640000026,Medium
38.5,-135.5,-1.7051544,-6.9641724,7.1698847,286.6885,8.977762,1.6925211,-0.051000000000000004,-0.03,0.059169248769948064,6,4.15367814288889,Medium
38.5,-135.25,-1.753006,-7.293274,7.5009913,286.6885,8.977762,1.6925211,-0.03,-0.054,0.061773780845922,6,4.088871387333336,Medium
38.5,-135.0,-1.6407013,-7.3391724,7.520329,291.751,8.821268,1.7147379,-0.018000000000000002,-0.068,0.0703420215802759,6,3.6097391073333354,Medium
38.5,-134.75,-1.5137482,-7.3655396,7.5194817,291.751,8.821268,1.7147379,-0.02,-0.07200000000000001,0.07472616676907763,6,4.961316080666674,Medium
38.5,-134.5,-1.4776154,-7.6116333,7.753729,296.79788,8.679422,1.7364664,-0.035,-0.081,0.08823831367382312,6,5.459324494000004,Medium
38.5,-134.25,-1.6221466,-8.167297,8.326831,296.79788,8.679422,1.7364664,-0.055,-0.095,0.10977249200050074,6,8.04072163333333,Medium
38.5,-134.0,-1.6807404,-8.439758,8.605488,307.11038,8.374247,1.7916422,-0.073,-0.097,0.12140016474453402,6,2.5393097333333325,Medium
38.5,-133.75,-1.7256622,-8.64386,8.814433,307.11038,8.374247,1.7916422,-0.082,-0.074,0.11045361017187261,6,2.613957969999998,Medium
38.5,-133.5,-1.7608185,-8.937805,9.109602,319.2432,8.064676,1.8602457,-0.092,-0.04,0.10031948963187562,6,2.779528079999999,Medium
38.5,-133.25,-1.7920685,-9.127258,9.301524,319.2432,8.064676,1.8602457,-0.116,-0.028,0.11933147112141039,6,3.0001294433333348,Medium
38.5,-133.0,-1.7588654,-9.386047,9.549423,328.02444,7.855448,1.9159098,-0.139,-0.042,0.14520674915443843,6,1.845425290000001,Medium
38.5,-132.75,-1.6670685,-9.560852,9.705102,328.02444,7.855448,1.9159098,-0.149,-0.063,0.16177144370994528,6,1.8039358533333352,Medium
38.5,-132.5,-1.5547638,-9.715149,9.838771,330.1885,7.8571568,1.9225016,-0.14200000000000002,-0.074,0.16012495120998477,6,1.796523363333336,Medium
38.5,-132.25,-1.5293732,-9.968079,10.08472,330.1885,7.8571568,1.9225016,-0.129,-0.074,0.1487178536692888,6,2.1247750966666685,Medium
38.5,-132.0,-1.3633575,-9.867493,9.961232,334.94632,7.791483,1.9552164,-0.114,-0.079,0.13869751259485513,6,2.292391220000002,Medium
38.5,-131.75,-1.1416779,-9.806946,9.873177,334.94632,7.791483,1.9552164,-0.096,-0.099,0.13790213921473443,6,2.306334836666669,Medium
38.5,-131.5,-0.7754669,-9.664368,9.69543,340.89944,7.6572056,2.020402,-0.07200000000000001,-0.122,0.14166156853571826,6,1.8225621666666691,Medium
38.5,-131.25,-0.63874817,-9.76593,9.786797,340.89944,7.6572056,2.020402,-0.058,-0.136,0.14785127662620975,6,1.8306879900000024,Medium
38.5,-131.0,-0.45417786,-9.9036255,9.914034,346.27444,7.5287876,2.1063395,-0.053,-0.139,0.1487615541731129,6,2.5067495466666725,Medium
38.5,-130.75,-0.2969513,-10.0755005,10.079875,346.27444,7.5287876,2.1063395,-0.049,-0.139,0.14738385257551115,6,2.4064864933333383,Medium
38.5,-130.5,-0.25593567,-10.256165,10.259357,351.4385,7.409891,2.222062,-0.037,-0.147,0.15158495967608393,6,2.330143536666673,Medium
38.5,-130.25,-0.16706848,-10.629211,10.630524,351.4385,7.409891,2.222062,-0.02,-0.167,0.16819334112859524,6,2.5434983500000037,Medium
38.75,-156.25,-2.862381,2.626648,3.8849072,250.60255,9.225077,1.4747477,0.088,0.075,0.11562439189029276,6,3.9186832466666677,Medium
38.75,-156.0,-3.0391388,2.666687,4.0432143,250.96974,9.132303,1.4600992,0.089,0.076,0.1170341830406826,6,3.7233991100000003,Medium
38.75,-155.75,-3.1739044,2.7409058,4.1935945,250.96974,9.132303,1.4600992,0.08600000000000001,0.076,0.11476933388322859,6,3.7273799566666668,Medium
38.75,-155.5,-3.2696075,2.8893433,4.363329,251.18849,9.046854,1.4535074,0.076,0.073,0.10538026380684383,6,2.8063679733333324,Medium
38.75,-155.25,-3.3897247,3.0836792,4.5825005,251.18849,9.046854,1.4535074,0.058,0.07200000000000001,0.09245539465060977,6,2.795048916666667,Medium
38.75,-155.0,-3.478592,3.2496948,4.7603693,251.46974,8.985331,1.4517984,0.034,0.08,0.08692525524840293,6,2.265402920000002,Medium
38.75,-154.75,-3.5010529,3.3493042,4.8451223,251.46974,8.985331,1.4517984,0.011,0.09,0.0906697303403953,6,2.1777843266666683,Medium
38.75,-154.5,-3.4483185,3.3795776,4.8282967,252.04787,8.963602,1.4513102,-0.006,0.09,0.09019977827023745,6,2.1710839700000024,Medium
38.75,-154.25,-3.4307404,3.409851,4.8370514,252.04787,8.963602,1.4513102,-0.01,0.073,0.07368174807915458,6,2.193746503333336,Medium
38.75,-154.0,-3.3028107,3.3776245,4.724077,252.77443,8.965311,1.4474039,-0.002,0.045,0.045044422518220835,6,2.404964133333334,Medium
38.75,-153.75,-3.1778107,3.3395386,4.6098804,252.77443,8.965311,1.4474039,0.01,0.023,0.025079872407968905,6,2.6424265100000004,Medium
38.75,-153.5,-3.129959,3.2565308,4.516817,253.17287,8.960184,1.4420328,0.017,0.024,0.029410882339705485,6,2.4823843933333336,Medium
38.75,-153.25,-3.0283966,3.284851,4.467822,253.17287,8.960184,1.4420328,0.014,0.052000000000000005,0.05385164807134505,6,2.3714313566666663,Medium
38.75,-153.0,-2.978592,3.354187,4.48582,253.10255,8.956278,1.4420328,0.007,0.095,0.09525754563287887,6,2.3065314633333345,Medium
38.75,-152.75,-2.8946075,3.4733276,4.5213666,253.10255,8.956278,1.4420328,0.005,0.121,0.12110326172320876,6,2.2330108133333337,Medium
38.75,-152.5,-2.8037872,3.6725464,4.620478,252.72755,8.967752,1.4447184,0.014,0.114,0.11485643212288983,6,2.294625336666667,Medium
38.75,-152.25,-2.7158966,3.9225464,4.7710023,252.72755,8.967752,1.4447184,0.03,0.09,0.09486832980505137,6,2.1366818133333334,Medium
38.75,-152.0,-2.6778107,4.2077026,4.9875274,252.07912,8.988504,1.4503336,0.041,0.083,0.09257429448826494,6,2.234645650000002,Medium
38.75,-151.75,-2.7432404,4.32782,5.1240015,252.07912,8.988504,1.4503336,0.037,0.106,0.11227199116431488,6,2.0672991300000008,Medium
38.75,-151.5,-2.8672638,4.4830933,5.321591,251.40724,9.023661,1.4569254,0.017,0.13,0.13110682667199294,6,2.02495024,Medium
38.75,-151.25,-2.822342,4.365906,5.1987257,251.40724,9.023661,1.4569254,-0.009000000000000001,0.114,0.11435471131527551,6,2.0201030333333354,Medium
38.75,-151.0,-2.759842,4.159851,4.9921026,251.21974,9.098124,1.4605875,-0.025,0.055,0.06041522986797286,6,2.2627447466666677,Medium
38.75,-150.75,-2.6885529,3.9957886,4.8160815,251.21974,9.098124,1.4605875,-0.023,-0.002,0.02308679276123039,6,2.4090057500000013,Medium
38.75,-150.5,-2.699295,3.9069214,4.7487082,251.06349,9.156961,1.4654703,-0.004,-0.005,0.006403124237432849,6,3.3578675300000005,Medium
38.75,-150.25,-2.8047638,3.878601,4.786465,251.06349,9.156961,1.4654703,0.024,0.048,0.05366563145999496,6,2.2581560500000006,Medium
38.75,-150.0,-2.9199982,3.8327026,4.8182983,250.85255,9.188944,1.4732828,0.044,0.107,0.11569356075426152,6,2.3246284,Medium
38.75,-149.75,-3.0547638,3.8024292,4.8775043,250.85255,9.188944,1.4732828,0.048,0.121,0.13017296186228536,6,2.297767250000001,Medium
38.75,-149.5,-3.1426544,3.7037964,4.857405,250.8213,9.212381,1.4813395,0.04,0.088,0.09666436778875657,6,2.214661933333335,Medium
38.75,-149.25,-3.1377716,3.5309448,4.7236834,250.8213,9.212381,1.4813395,0.03,0.048,0.056603886792339624,6,2.3770962233333344,Medium
38.75,-149.0,-3.1573029,3.4196167,4.6542816,251.15724,9.249002,1.4881754,0.026000000000000002,0.038,0.04604345773288536,6,2.5105260700000014,Medium
38.75,-148.75,-3.1602325,3.3112183,4.577252,251.15724,9.249002,1.4881754,0.031,0.058,0.06576473218982952,6,2.5930077300000005,Medium
38.75,-148.5,-3.1778107,3.2164917,4.5215373,251.71193,9.295633,1.4957438,0.039,0.075,0.08453401682163222,6,2.7221887400000004,Medium
38.75,-148.25,-3.1670685,3.0944214,4.4278398,251.71193,9.295633,1.4957438,0.042,0.062,0.07488658090739622,6,2.770325633333332,Medium
38.75,-148.0,-3.1416779,2.972351,4.324929,252.43068,9.355204,1.503068,0.041,0.024,0.04750789408087881,6,5.09944498333333,Medium
38.75,-147.75,-3.0684357,2.798523,4.152954,252.43068,9.355204,1.503068,0.039,-0.013000000000000001,0.041109609582188934,6,3.468856616666667,Medium
38.75,-147.5,-2.9512482,2.5680542,3.9121308,253.18068,9.419413,1.5116129,0.037,-0.026000000000000002,0.04522167621838005,6,3.6178310166666656,Medium
38.75,-147.25,-2.9326935,2.3346558,3.7485075,253.18068,9.419413,1.5116129,0.034,-0.007,0.034713109915419565,6,3.4438192866666677,Medium
38.75,-147.0,-2.9610138,2.034851,3.5928013,253.8838,9.483133,1.5230875,0.026000000000000002,0.036000000000000004,0.044407206622349045,6,3.6117932933333337,Medium
38.75,-146.75,-3.0264435,1.689148,3.465917,253.8838,9.483133,1.5230875,0.013000000000000001,0.08600000000000001,0.08697700845625815,6,4.2008342399999945,Medium
38.75,-146.5,-3.1778107,1.3424683,3.4497395,254.48537,9.540506,1.5372477,0.004,0.121,0.12106609764917675,6,4.539278269999994,Medium
38.75,-146.25,-3.315506,0.9606323,3.451868,254.48537,9.540506,1.5372477,0.003,0.122,0.12203687967167957,6,4.598127276666663,Medium
38.75,-146.0,-3.409256,0.6461792,3.4699528,255.00099,9.588602,1.5514078,0.011,0.094,0.09464142856064674,6,5.46610868666667,Medium
38.75,-145.75,-3.4239044,0.3493042,3.4416761,255.00099,9.588602,1.5514078,0.019,0.059000000000000004,0.06198386886924695,6,5.9703614533333305,Medium
38.75,-145.5,-3.4600372,0.14129639,3.4629211,255.51662,9.640604,1.5648355,0.02,0.041,0.04561797891182818,6,6.374423536666669,Medium
38.75,-145.25,-3.4307404,0.022155762,3.430812,255.51662,9.640604,1.5648355,0.011,0.047,0.04827007354458868,6,8.336670646666661,Medium
38.75,-145.0,-3.4063263,-0.11065674,3.4081233,256.00882,9.690653,1.577775,0.0,0.059000000000000004,0.059000000000000004,6,9.033147723333323,Medium
38.75,-144.75,-3.3809357,-0.11065674,3.3827462,256.00882,9.690653,1.577775,-0.006,0.054,0.0543323108288245,6,8.844325896666657,Medium
38.75,-144.5,-3.3408966,-0.11846924,3.3429966,256.50882,9.736063,1.5885172,-0.006,0.033,0.03354101966249685,6,8.408231146666656,Medium
38.75,-144.25,-3.291092,-0.20440674,3.2974336,256.50882,9.736063,1.5885172,-0.001,0.014,0.0140356688476182,6,8.959774886666658,Medium
38.75,-144.0,-3.2002716,-0.31280518,3.2155225,257.02444,9.777323,1.5963297,0.004,0.012,0.012649110640673518,6,9.068812363333327,Medium
38.75,-143.75,-3.0908966,-0.3880005,3.1151543,257.02444,9.777323,1.5963297,0.005,0.024,0.024515301344262524,6,8.942445076666656,Medium
38.75,-143.5,-3.0166779,-0.520813,3.0613055,257.54007,9.802469,1.5982828,0.002,0.032,0.03206243908376279,6,9.43256144999999,Medium
38.75,-143.25,-2.9141388,-0.70440674,2.998065,257.54007,9.802469,1.5982828,-0.005,0.028,0.028442925306655785,6,13.324241806666656,High
38.75,-143.0,-2.9014435,-0.8665161,3.0280726,258.07913,9.832254,1.6024332,-0.016,0.023,0.028017851452243798,6,11.180512296666656,High
38.75,-142.75,-2.8350372,-1.0706177,3.030455,258.07913,9.832254,1.6024332,-0.028,0.033,0.0432781700167648,6,11.25486462666666,High
38.75,-142.5,-2.708084,-1.3001099,3.0039983,258.64163,9.856913,1.603898,-0.036000000000000004,0.053,0.06407027391856539,6,14.051777449999982,High
38.75,-142.25,-2.581131,-1.4924927,2.981572,258.64163,9.856913,1.603898,-0.039,0.064,0.07494664769020692,6,13.89129920333332,High
38.75,-142.0,-2.699295,-1.5901489,3.132853,259.22757,9.871317,1.6036539,-0.038,0.052000000000000005,0.06440496875241848,6,9.548332779999992,Medium
38.75,-141.75,-2.786209,-1.6790161,3.2530072,259.22757,9.871317,1.6036539,-0.035,0.027,0.04420407221060069,6,9.491540443333326,Medium
38.75,-141.5,-2.7539825,-1.8196411,3.3008354,259.85257,9.880594,1.6021891,-0.032,0.011,0.03383784863137726,6,9.953371536666666,Medium
38.75,-141.25,-2.603592,-1.9837036,3.2731898,259.85257,9.880594,1.6021891,-0.027,0.015,0.030886890422961,6,10.095853723333331,High
38.75,-141.0,-2.362381,-2.2122192,3.236473,260.50882,9.900858,1.5990152,-0.022,0.022,0.03111269837220809,6,10.15997826,High
38.75,-140.75,-2.1709747,-2.442688,3.268005,260.50882,9.900858,1.5990152,-0.019,0.009000000000000001,0.02102379604162864,6,9.720115963333336,Medium
38.75,-140.5,-1.9824982,-2.645813,3.3061495,261.19632,9.920389,1.5955973,-0.017,-0.027,0.03190611226708764,6,9.58084988,Medium
38.75,-140.25,-1.8897247,-2.9163208,3.4750519,261.19632,9.920389,1.5955973,-0.02,-0.065,0.06800735254367722,6,9.730092989999997,Medium
38.75,-140.0,-1.7744904,-3.060852,3.5380266,261.86038,9.942606,1.5919352,-0.024,-0.076,0.07969943538068511,6,9.540421353333329,Medium
38.75,-139.75,-1.6270294,-3.1897583,3.5807517,261.86038,9.942606,1.5919352,-0.032,-0.049,0.058523499553598125,6,10.041228840000004,High
38.75,-139.5,-1.5088654,-3.4846802,3.7973242,262.57913,9.947489,1.5855875,-0.045,0.001,0.045011109739707594,6,9.585663576666667,Medium
38.75,-139.25,-1.3916779,-3.6282349,3.885982,262.57913,9.947489,1.5855875,-0.059000000000000004,0.047,0.07543208866258444,6,8.755920053333336,Medium
38.75,-139.0,-1.4424591,-3.621399,3.8981044,263.4385,9.941385,1.5799723,-0.07,0.069,0.09829038610159185,6,7.326483116666679,Medium
38.75,-138.75,-1.409256,-3.4846802,3.7588558,263.4385,9.941385,1.5799723,-0.074,0.063,0.09718538984847465,6,7.277152413333343,Medium
38.75,-138.5,-1.5957794,-3.4036255,3.759146,264.50882,9.918436,1.5772867,-0.068,0.042,0.07992496481075234,6,7.5388367066666735,Medium
38.75,-138.25,-1.7422638,-3.512024,3.920433,264.50882,9.918436,1.5772867,-0.057,0.022,0.06109828148156051,6,8.112876646666672,Medium
38.75,-138.0,-1.7295685,-3.3460083,3.766587,265.876,9.878153,1.5792398,-0.047,0.012,0.04850773134253961,6,7.916614290000002,Medium
38.75,-137.75,-1.7032013,-3.4417114,3.8400877,265.876,9.878153,1.5792398,-0.044,0.015,0.04648655719667783,6,7.947963926666673,Medium
38.75,-137.5,-1.6582794,-3.6087036,3.9714773,267.40726,9.837137,1.5836344,-0.048,0.02,0.052000000000000005,6,7.5497630266666755,Medium
38.75,-137.25,-1.6699982,-3.9251099,4.2656045,267.40726,9.837137,1.5836344,-0.057,0.01,0.05787054518492114,6,9.494580660000006,Medium
38.75,-137.0,-1.596756,-4.1516724,4.4481473,269.45413,9.75828,1.5924234,-0.068,-0.018000000000000002,0.0703420215802759,6,6.042789791222233,Medium
38.75,-136.75,-1.543045,-4.402649,4.665223,269.45413,9.75828,1.5924234,-0.074,-0.053,0.09102197536858887,6,6.095490734000008,Medium
38.75,-136.5,-1.43367,-4.6887817,4.903069,273.16507,9.569803,1.6143961,-0.076,-0.07200000000000001,0.1046900186264192,6,4.805937250000005,Medium
38.75,-136.25,-1.3975372,-5.1155396,5.3030043,273.16507,9.569803,1.6143961,-0.07100000000000001,-0.065,0.09626006440887104,6,4.303108030666673,Medium
38.75,-136.0,-1.3028107,-5.458313,5.6116395,279.4307,9.265604,1.652482,-0.06,-0.048,0.07683749084919418,6,3.7421089628888953,Medium
38.75,-135.75,-1.2725372,-5.977844,6.1117897,279.4307,9.265604,1.652482,-0.043000000000000003,-0.044,0.061522353661088096,6,3.6804073728888937,Medium
38.75,-135.5,-1.3252716,-6.458313,6.5928864,286.6885,8.977762,1.6925211,-0.028,-0.057,0.06350590523722971,6,3.555567982888888,Medium
38.75,-135.25,-1.284256,-6.7454224,6.8665886,286.6885,8.977762,1.6925211,-0.021,-0.07,0.07308214556237386,6,3.563499657333334,Medium
38.75,-135.0,-1.1787872,-6.779602,6.8813186,291.751,8.821268,1.7147379,-0.024,-0.067,0.07116881339463235,6,3.5240654506666678,Medium
38.75,-134.75,-1.0596466,-6.7981567,6.880246,291.751,8.821268,1.7147379,-0.036000000000000004,-0.056,0.06657326790837295,6,3.668782694000002,Medium
38.75,-134.5,-1.0332794,-6.9710083,7.047171,296.79788,8.679422,1.7364664,-0.058,-0.057,0.0813203541556479,6,4.997098517333339,Medium
38.75,-134.25,-1.1944122,-7.555969,7.6497903,296.79788,8.679422,1.7364664,-0.083,-0.073,0.1105350623105628,6,7.2654942200000034,Medium
38.75,-134.0,-1.3164825,-7.937805,8.046233,307.11038,8.374247,1.7916422,-0.105,-0.083,0.133843191832831,6,1.9539222933333344,Medium
38.75,-133.75,-1.409256,-8.358704,8.476669,307.11038,8.374247,1.7916422,-0.11900000000000001,-0.065,0.1355949851580065,6,2.6506654899999984,Medium
38.75,-133.5,-1.4444122,-8.651672,8.771418,319.2432,8.064676,1.8602457,-0.127,-0.034,0.13147243057006286,6,2.5136109999999996,Medium
38.75,-133.25,-1.5303497,-9.05304,9.181476,319.2432,8.064676,1.8602457,-0.14300000000000002,-0.018000000000000002,0.14412841496387868,6,2.9425679266666687,Medium
38.75,-133.0,-1.46492,-9.3098755,9.424424,328.02444,7.855448,1.9159098,-0.155,-0.031,0.15806960492137634,6,1.819108346666668,Medium
38.75,-132.75,-1.3740997,-9.483704,9.582734,328.02444,7.855448,1.9159098,-0.154,-0.057,0.16421023110634733,6,1.8192101066666684,Medium
38.75,-132.5,-1.3135529,-9.64386,9.732905,330.1885,7.8571568,1.9225016,-0.145,-0.077,0.16417673403987545,6,1.7817094300000023,Medium
38.75,-132.25,-1.3174591,-9.901672,9.9889345,330.1885,7.8571568,1.9225016,-0.129,-0.089,0.1567226850203888,6,2.1401254700000023,Medium
38.75,-132.0,-1.1446075,-9.786438,9.853147,334.94632,7.791483,1.9552164,-0.116,-0.1,0.15315351775261318,6,1.8923572966666693,Medium
38.75,-131.75,-0.94636536,-9.617493,9.663941,334.94632,7.791483,1.9552164,-0.10300000000000001,-0.115,0.15438264151127873,6,1.9280426766666687,Medium
38.75,-131.5,-0.6797638,-9.593079,9.617133,340.89944,7.6572056,2.020402,-0.101,-0.125,0.16070469812671936,6,1.8021411433333359,Medium
38.75,-131.25,-0.57624817,-9.752258,9.769268,340.89944,7.6572056,2.020402,-0.109,-0.127,0.16736188335460378,6,1.8112705166666692,Medium
38.75,-131.0,-0.43659973,-9.866516,9.876171,346.27444,7.5287876,2.1063395,-0.124,-0.13,0.179655225362359,6,2.3804191466666706,Medium
38.75,-130.75,-0.2735138,-10.008118,10.011854,346.27444,7.5287876,2.1063395,-0.128,-0.146,0.194164878389476,6,2.461122540000005,Medium
38.75,-130.5,-0.24324036,-10.212219,10.215116,351.4385,7.409891,2.222062,-0.112,-0.17400000000000002,0.20692993983471797,6,2.4084201600000057,Medium
38.75,-130.25,-0.16511536,-10.473938,10.475239,351.4385,7.409891,2.222062,-0.08600000000000001,-0.201,0.21862525014279574,6,3.135851053333338,Medium
39.0,-156.25,-2.7334747,2.3014526,3.5733132,249.96974,9.2299595,1.4986734,0.08600000000000001,0.077,0.11543396380615197,6,4.116327023333332,Medium
39.0,-156.0,-2.681717,2.5934448,3.730625,250.5088,9.170633,1.487443,0.079,0.081,0.11314592347937243,6,3.8862162100000006,Medium
39.0,-155.75,-2.7364044,2.6432495,3.80456,250.5088,9.170633,1.487443,0.066,0.08700000000000001,0.10920164833920779,6,3.8856542166666674,Medium
39.0,-155.5,-2.7783966,2.776062,3.9275956,250.97755,9.117411,1.4813395,0.049,0.09,0.10247438704378768,6,3.7962549233333336,Medium
39.0,-155.25,-2.7119904,2.8932495,3.965575,250.97755,9.117411,1.4813395,0.032,0.092,0.09740636529508737,6,3.7202753666666664,Medium
39.0,-155.0,-2.8047638,3.039734,4.1360226,251.34474,9.068094,1.4793863,0.016,0.1,0.10127191120937731,6,3.6550609533333334,Medium
39.0,-154.75,-2.8614044,3.1696167,4.270141,251.34474,9.068094,1.4793863,0.003,0.106,0.10604244433244643,6,5.344869570000003,Medium
39.0,-154.5,-2.846756,3.269226,4.3349576,251.6338,9.024881,1.4793863,-0.008,0.096,0.09633275663033837,6,5.053075260000003,Medium
39.0,-154.25,-2.8369904,3.305359,4.3559055,251.6338,9.024881,1.4793863,-0.013000000000000001,0.066,0.06726812023536856,6,3.2514120833333315,Medium
39.0,-154.0,-2.824295,3.2965698,4.3409696,251.96974,9.005106,1.4771891,-0.012,0.029,0.031384709652950434,6,3.8150495566666676,Medium
39.0,-153.75,-2.799881,3.244812,4.2858067,251.96974,9.005106,1.4771891,-0.006,0.006,0.00848528137423857,6,6.094269856666669,Medium
39.0,-153.5,-2.753006,3.1618042,4.19238,252.09474,8.995096,1.4742594,0.0,0.015,0.015,6,4.201493793333335,Medium
39.0,-153.25,-2.737381,3.0924683,4.1299653,252.09474,8.995096,1.4742594,0.003,0.052000000000000005,0.05208646657242168,6,3.4997966366666673,Medium
39.0,-153.0,-2.721756,3.1012573,4.1262274,251.89162,8.993143,1.4732828,0.005,0.094,0.09413288479590966,6,3.2393873633333348,Medium
39.0,-152.75,-2.6397247,3.213562,4.158741,251.89162,8.993143,1.4732828,0.009000000000000001,0.111,0.11136426715962351,6,3.118753163333334,Medium
39.0,-152.5,-2.5850372,3.338562,4.2223706,251.43068,9.007303,1.4740152,0.017,0.095,0.0965090669315583,6,3.1498657100000016,Medium
39.0,-152.25,-2.4532013,3.5905151,4.3485627,251.43068,9.007303,1.4740152,0.024,0.073,0.07684399781375251,6,3.549842576666667,Medium
39.0,-152.0,-2.3877716,3.9196167,4.589646,250.70412,9.029032,1.4771891,0.023,0.079,0.08228000972289685,6,2.440064666666668,Medium
39.0,-151.75,-2.3975372,4.237976,4.8691506,250.70412,9.029032,1.4771891,0.014,0.11900000000000001,0.11982069938036584,6,2.138230623333334,Medium
39.0,-151.5,-2.5332794,4.4782104,5.1450825,249.79787,9.050272,1.4830484,-0.001,0.153,0.15300326793895613,6,2.0732794266666676,Medium
39.0,-151.25,-2.5332794,4.5094604,5.172305,249.79787,9.050272,1.4830484,-0.013000000000000001,0.134,0.13462912017836262,6,2.1678100733333348,Medium
39.0,-151.0,-2.5088654,4.5387573,5.1860123,249.11818,9.089823,1.4879313,-0.021,0.062,0.06545991139621257,6,2.222839083333335,Medium
39.0,-150.75,-2.43367,4.3825073,5.0128956,249.11818,9.089823,1.4879313,-0.025,-0.008,0.026248809496813377,6,2.4418847700000015,Medium
39.0,-150.5,-2.3545685,4.2457886,4.854968,248.81349,9.14451,1.4918375,-0.027,-0.024,0.036124783736376884,6,2.483462860000001,Medium
39.0,-150.25,-2.4082794,4.1920776,4.8345966,248.81349,9.14451,1.4918375,-0.024,0.023,0.03324154027718933,6,2.3539501800000013,Medium
39.0,-150.0,-2.5235138,4.1452026,4.8529196,248.64162,9.188211,1.4967203,-0.014,0.08700000000000001,0.08811923740024083,6,2.2674681033333353,Medium
39.0,-149.75,-2.6328888,4.0582886,4.8375416,248.64162,9.188211,1.4967203,-0.002,0.112,0.11201785571952358,6,2.213353613333335,Medium
39.0,-149.5,-2.7139435,3.9108276,4.7602587,248.61818,9.218973,1.5025797,0.008,0.08700000000000001,0.08736704184073077,6,2.270771773333335,Medium
39.0,-149.25,-2.7002716,3.729187,4.6041617,248.61818,9.218973,1.5025797,0.012,0.048,0.04947726750741193,6,2.526425733333334,Medium
39.0,-149.0,-2.6221466,3.5182495,4.3879075,249.11037,9.271219,1.5062418,0.014,0.031,0.034014702703389896,6,2.571450270000001,Medium
39.0,-148.75,-2.5869904,3.378601,4.2552867,249.11037,9.271219,1.5062418,0.018000000000000002,0.045,0.04846648326421053,6,5.020010043333333,Medium
39.0,-148.5,-2.6084747,3.2907104,4.1991563,249.59474,9.307596,1.5128336,0.026000000000000002,0.061,0.06630987860040162,6,3.4424172433333333,Medium
39.0,-148.25,-2.6543732,3.2018433,4.159026,249.59474,9.307596,1.5128336,0.033,0.055,0.0641404708432983,6,3.5858136399999974,Medium
39.0,-148.0,-2.6494904,3.102234,4.0796633,250.20412,9.350565,1.5216227,0.031,0.025,0.03982461550347976,6,3.401993186666667,Medium
39.0,-147.75,-2.6104279,2.9596558,3.9463775,250.20412,9.350565,1.5216227,0.021,-0.007,0.02213594362117866,6,3.2014979066666682,Medium
39.0,-147.5,-2.661209,2.7926636,3.8575904,250.91505,9.401346,1.5311441,0.006,-0.016,0.017088007490635063,6,4.262251953333331,Medium
39.0,-147.25,-2.668045,2.5670776,3.7024791,250.91505,9.401346,1.5311441,-0.008,0.006,0.01,6,4.230708156666666,Medium
39.0,-147.0,-2.784256,2.2780151,3.5974207,251.64162,9.452372,1.5416422,-0.02,0.052000000000000005,0.055713553108736484,6,3.786925046666666,Medium
39.0,-146.75,-2.924881,1.954773,3.5179634,251.64162,9.452372,1.5416422,-0.028,0.1,0.10384603988597736,6,4.07839036333333,Medium
39.0,-146.5,-3.0801544,1.611023,3.4760246,252.33693,9.503153,1.5543375,-0.03,0.124,0.1275774274705365,6,4.575729556666664,Medium
39.0,-146.25,-3.174881,1.2789917,3.422819,252.33693,9.503153,1.5543375,-0.023,0.111,0.11335784048754634,6,4.611859039999997,Medium
39.0,-146.0,-3.1807404,1.0026245,3.335021,253.0088,9.55662,1.5680094,-0.008,0.075,0.07542545989253231,6,5.36904856,Medium
39.0,-145.75,-3.1934357,0.70477295,3.2702808,253.0088,9.55662,1.5680094,0.007,0.043000000000000003,0.04356604182158393,6,5.55515675333333,Medium
39.0,-145.5,-3.161209,0.4401245,3.1917007,253.64943,9.611551,1.5802164,0.015,0.038,0.040853396431630995,6,6.419413556666668,Medium
39.0,-145.25,-3.096756,0.23309326,3.105516,253.64943,9.611551,1.5802164,0.013000000000000001,0.056,0.057489129407219244,6,8.338173333333328,Medium
39.0,-145.0,-3.0684357,0.06707764,3.0691688,254.26662,9.672342,1.5914469,0.005,0.068,0.06818357573492315,6,9.168368103333329,Medium
39.0,-144.75,-3.0235138,-0.10675049,3.0253978,254.26662,9.672342,1.5914469,-0.001,0.057,0.0570087712549569,6,13.689823683333325,High
39.0,-144.5,-3.0039825,-0.14581299,3.0075192,254.8213,9.716043,1.6012125,-0.003,0.03,0.030149626863362672,6,12.926637329999993,High
39.0,-144.25,-2.9619904,-0.21221924,2.9695833,254.8213,9.716043,1.6012125,-0.003,0.01,0.01044030650891055,6,11.673270259999999,High
39.0,-144.0,-2.8721466,-0.29815674,2.887581,255.3838,9.757303,1.6095133,-0.005,0.01,0.011180339887498949,6,10.581754226666668,High
39.0,-143.75,-2.7588654,-0.35479736,2.7815857,255.3838,9.757303,1.6095133,-0.011,0.027,0.0291547594742265,6,11.457798700000001,High
39.0,-143.5,-2.7012482,-0.4661255,2.7411702,255.9463,9.780252,1.6112223,-0.023,0.042,0.047885279575251516,6,12.433625236666666,High
39.0,-143.25,-2.6797638,-0.56085205,2.7378256,255.9463,9.780252,1.6112223,-0.041,0.044,0.06014149981501958,6,12.616484363333328,High
39.0,-143.0,-2.6739044,-0.7131958,2.7673838,256.53226,9.8080845,1.6143961,-0.06,0.039,0.07156116265125938,6,11.548963693333329,High
39.0,-142.75,-2.7676544,-0.90753174,2.9126492,256.53226,9.8080845,1.6143961,-0.076,0.04,0.08588364221433555,6,10.117017573333333,High
39.0,-142.5,-2.650467,-1.1399536,2.8852155,257.13382,9.830301,1.6161051,-0.079,0.048,0.09243916918709298,6,10.038061346666671,High
39.0,-142.25,-2.5244904,-1.3313599,2.8540447,257.13382,9.830301,1.6161051,-0.067,0.047,0.0818413098624405,6,10.609347199999997,High
39.0,-142.0,-2.4287872,-1.505188,2.857376,257.75882,9.8491,1.6151285,-0.048,0.032,0.05768882040742383,6,12.620547966666669,High
39.0,-141.75,-2.4385529,-1.6243286,2.9300144,257.75882,9.8491,1.6151285,-0.031,0.011,0.03289376840679705,6,11.348898576666663,High
39.0,-141.5,-2.4141388,-1.7669067,2.9916594,258.39163,9.862528,1.6126871,-0.021,0.001,0.02102379604162864,6,14.871337849999994,High
39.0,-141.25,-2.3809357,-1.9788208,3.0958984,258.39163,9.862528,1.6126871,-0.019,0.008,0.0206155281280883,6,9.605077190000001,Medium
39.0,-141.0,-2.212967,-2.2337036,3.144305,259.07913,9.874491,1.609025,-0.02,0.015,0.025,6,9.642109743333332,Medium
39.0,-140.75,-2.056717,-2.475891,3.2187142,259.07913,9.874491,1.609025,-0.02,0.003,0.020223748416156685,6,9.11642977,Medium
39.0,-140.5,-1.9844513,-2.7063599,3.3559544,259.79007,9.887918,1.6043863,-0.019,-0.03,0.035510561809129405,6,9.52534642,Medium
39.0,-140.25,-1.9121857,-3.020813,3.5751595,259.79007,9.887918,1.6043863,-0.023,-0.062,0.06612866246946175,6,9.036726823333332,Medium
39.0,-140.0,-1.8369904,-3.2600708,3.7420042,260.5557,9.88743,1.5982828,-0.03,-0.068,0.07432361670424818,6,8.783234539999999,Medium
39.0,-139.75,-1.7432404,-3.6194458,4.0173717,260.5557,9.88743,1.5982828,-0.038,-0.039,0.054451813560247926,6,9.211345843333339,Medium
39.0,-139.5,-1.6358185,-3.9465942,4.2721786,261.48538,9.873026,1.5921793,-0.044,0.01,0.0451220566907139,6,10.525289960000002,High
39.0,-139.25,-1.5078888,-4.2630005,4.5218253,261.48538,9.873026,1.5921793,-0.044,0.05,0.06660330322138686,6,7.367953173333344,Medium
39.0,-139.0,-1.4610138,-4.4036255,4.6396637,262.46976,9.865213,1.588273,-0.039,0.064,0.07494664769020692,6,7.096361156666678,Medium
39.0,-138.75,-1.4278107,-4.2669067,4.4994597,262.46976,9.865213,1.588273,-0.032,0.05,0.05936328831862332,6,7.007618440000007,Medium
39.0,-138.5,-1.4746857,-4.0579224,4.3175726,263.26663,9.881815,1.5833902,-0.024,0.025,0.034655446902326914,6,9.901164366666675,Medium
39.0,-138.25,-1.5381622,-3.949524,4.2384768,263.26663,9.881815,1.5833902,-0.02,0.007,0.02118962010041709,6,9.239982586666674,Medium
39.0,-138.0,-1.5176544,-3.7503052,4.0457463,263.9307,9.911112,1.5780191,-0.02,0.007,0.02118962010041709,6,8.563688370000007,Medium
39.0,-137.75,-1.4463654,-3.5286255,3.813551,263.9307,9.911112,1.5780191,-0.027,0.022,0.034828149534535995,6,8.255627530000009,Medium
39.0,-137.5,-1.4375763,-3.5471802,3.827416,264.53226,9.946024,1.572648,-0.038,0.034,0.05099019513592785,6,8.116917120000007,Medium
39.0,-137.25,-1.4698029,-3.866516,4.136456,264.53226,9.946024,1.572648,-0.05,0.023,0.05503635162326806,6,7.916865313333342,Medium
39.0,-137.0,-1.487381,-4.088196,4.350362,265.6807,9.924295,1.572648,-0.059000000000000004,-0.014,0.060638271743182134,6,8.085589177888897,Medium
39.0,-136.75,-1.49617,-4.482727,4.725819,265.6807,9.924295,1.572648,-0.06,-0.06,0.08485281374238571,6,6.976649523555563,Medium
39.0,-136.5,-1.393631,-4.770813,4.9701977,267.91507,9.808329,1.5821695,-0.056,-0.088,0.10430723848324237,6,5.705502732888894,Medium
39.0,-136.25,-1.2334747,-5.060852,5.209,267.91507,9.808329,1.5821695,-0.048,-0.08600000000000001,0.09848857801796106,6,5.396873536222227,Medium
39.0,-136.0,-1.1026154,-5.3342896,5.447055,271.23538,9.6188755,1.6004801,-0.038,-0.067,0.07702596964660685,6,4.400626456222229,Medium
39.0,-135.75,-0.99128723,-5.770813,5.855334,271.23538,9.6188755,1.6004801,-0.031,-0.056,0.06400781202322103,6,3.9921960862222265,Medium
39.0,-135.5,-0.87409973,-6.0637817,6.1264586,275.98538,9.367655,1.628068,-0.033,-0.059000000000000004,0.06760177512462229,6,3.521516679555559,Medium
39.0,-135.25,-0.8252716,-6.342102,6.395571,275.98538,9.367655,1.628068,-0.043000000000000003,-0.062,0.07545197147855051,6,3.5861885940000016,Medium
39.0,-135.0,-0.86628723,-6.5842896,6.641033,281.15726,9.128885,1.6568766,-0.056,-0.051000000000000004,0.0757429864739964,6,3.6204869640000017,Medium
39.0,-134.75,-0.82722473,-6.721985,6.7726936,281.15726,9.128885,1.6568766,-0.07,-0.036000000000000004,0.07871467461661771,6,3.6625465673333375,Medium
39.0,-134.5,-0.7910919,-6.871399,6.9167876,285.2432,8.974344,1.6754313,-0.084,-0.036000000000000004,0.09138927727036691,6,5.168684555666674,Medium
39.0,-134.25,-0.75886536,-6.9797974,7.0209293,285.2432,8.974344,1.6754313,-0.099,-0.054,0.11276967677527501,6,6.900525026666672,Medium
39.0,-134.0,-0.878006,-7.2473755,7.300366,291.16507,8.763163,1.7047281,-0.114,-0.069,0.13325539388707686,6,1.5356073499999978,Medium
39.0,-133.75,-0.99128723,-7.7112427,7.7746973,291.16507,8.763163,1.7047281,-0.127,-0.061,0.14089002803605372,6,2.122336829999999,Medium
39.0,-133.5,-1.0225372,-7.9993286,8.064419,300.69632,8.464579,1.7562418,-0.133,-0.035,0.13752817893071953,6,2.0988698633333343,Medium
39.0,-133.25,-1.1416779,-8.549133,8.625028,300.69632,8.464579,1.7562418,-0.14,-0.02,0.14142135623730953,6,2.773717576666666,Medium
39.0,-133.0,-1.0801544,-8.866516,8.932068,309.90726,8.210428,1.807023,-0.14300000000000002,-0.034,0.14698639392814564,6,2.0936704099999996,Medium
39.0,-132.75,-1.0596466,-9.173157,9.234157,309.90726,8.210428,1.807023,-0.135,-0.065,0.14983324063771697,6,2.388777039999999,Medium
39.0,-132.5,-1.0137482,-9.310852,9.365877,316.7432,8.059061,1.8419352,-0.122,-0.091,0.15220052562327108,6,2.2511919166666665,Medium
39.0,-132.25,-1.0391388,-9.649719,9.705508,316.7432,8.059061,1.8419352,-0.11,-0.10400000000000001,0.1513803157613301,6,2.286719436666667,Medium
39.0,-132.0,-0.940506,-9.621399,9.667257,324.97757,7.881571,1.8932047,-0.108,-0.11,0.1541557653803451,6,2.2424573333333337,Medium
39.0,-131.75,-0.74324036,-9.441711,9.47092,324.97757,7.881571,1.8932047,-0.114,-0.112,0.15981239000778383,6,2.2605596466666666,Medium
39.0,-131.5,-0.62409973,-9.571594,9.59192,334.0557,7.6557407,1.9749918,-0.126,-0.107,0.1653027525481654,6,1.827679983333336,Medium
39.0,-131.25,-0.58503723,-9.9036255,9.92089,334.0557,7.6557407,1.9749918,-0.14200000000000002,-0.10200000000000001,0.17483706700811474,6,2.2068495833333364,Medium
39.0,-131.0,-0.4453888,-10.016907,10.026804,340.86038,7.477274,2.0645914,-0.157,-0.112,0.19285486771144772,6,2.242320203333337,Medium
39.0,-130.75,-0.2549591,-9.971985,9.975244,340.86038,7.477274,2.0645914,-0.16,-0.15,0.2193171219946131,6,2.1863798066666704,Medium
39.0,-130.5,-0.19734192,-10.215149,10.217054,346.1182,7.4003696,2.1500406,-0.146,-0.203,0.2500499950009997,6,2.7632456000000047,Medium
39.0,-130.25,-0.11824036,-10.437805,10.438475,346.1182,7.4003696,2.1500406,-0.126,-0.23900000000000002,0.2701795699160098,6,3.166051033333336,Medium
39.25,-156.25,-2.8389435,1.6412964,3.279246,249.96974,9.2299595,1.4986734,0.055,0.083,0.09956907150315303,6,4.42498066333333,Medium
39.25,-156.0,-2.753006,2.048523,3.431543,250.5088,9.170633,1.487443,0.051000000000000004,0.096,0.10870602559196063,6,4.404133239999998,Medium
39.25,-155.75,-2.6319122,2.3327026,3.5168827,250.5088,9.170633,1.487443,0.04,0.106,0.11329607230614837,6,4.232402756666667,Medium
39.25,-155.5,-2.4766388,2.5299683,3.5404067,250.97755,9.117411,1.4813395,0.028,0.105,0.10866922287382016,6,4.148573686666667,Medium
39.25,-155.25,-2.3682404,2.6383667,3.545355,250.97755,9.117411,1.4813395,0.023,0.101,0.10358571330062849,6,4.0365028500000015,Medium
39.25,-155.0,-2.2041779,2.782898,3.5500593,251.34474,9.068094,1.4793863,0.024,0.10400000000000001,0.10673331251301069,6,3.9687645566666676,Medium
39.25,-154.75,-2.12117,2.9430542,3.6277997,251.34474,9.068094,1.4793863,0.027,0.109,0.11229425630903835,6,3.7181847900000005,Medium
39.25,-154.5,-2.1065216,3.048523,3.7055264,251.6338,9.024881,1.4793863,0.024,0.1,0.10283968105745954,6,3.6904810033333333,Medium
39.25,-154.25,-2.0440216,3.157898,3.7616942,251.6338,9.024881,1.4793863,0.016,0.066,0.06791170738539859,6,3.867625720000001,Medium
39.25,-154.0,-2.0664825,3.191101,3.8017728,251.96974,9.005106,1.4771891,0.009000000000000001,0.022,0.023769728648009424,6,3.741092823333334,Medium
39.25,-153.75,-2.0684357,3.1784058,3.792188,251.96974,9.005106,1.4771891,0.008,-0.006,0.01,6,4.588186983333332,Medium
39.25,-153.5,-2.0850372,3.1686401,3.793107,252.09474,8.995096,1.4742594,0.014,0.001,0.0140356688476182,6,4.330717683333334,Medium
39.25,-153.25,-2.1016388,3.1071167,3.751141,252.09474,8.995096,1.4742594,0.024,0.039,0.04579301256742124,6,3.400155896666667,Medium
39.25,-153.0,-2.1231232,3.0827026,3.743088,251.89162,8.993143,1.4732828,0.036000000000000004,0.08,0.08772684879784524,6,3.4299837300000005,Medium
39.25,-152.75,-2.1416779,3.1071167,3.7737193,251.89162,8.993143,1.4732828,0.047,0.097,0.10778682665335314,6,3.2233967133333343,Medium
39.25,-152.5,-2.1153107,3.2037964,3.8391209,251.43068,9.007303,1.4740152,0.053,0.08600000000000001,0.10101980003939823,6,3.336361900000001,Medium
39.25,-152.25,-2.0664825,3.376648,3.9588006,251.43068,9.007303,1.4740152,0.046,0.076,0.08883692925805124,6,3.2978369933333345,Medium
39.25,-152.0,-2.0039825,3.6237183,4.1409273,250.70412,9.029032,1.4771891,0.028,0.094,0.09808159868191382,6,3.165383356666667,Medium
39.25,-151.75,-2.003006,3.945984,4.425248,250.70412,9.029032,1.4771891,0.009000000000000001,0.135,0.13529966740535618,6,2.446077270000001,Medium
39.25,-151.5,-2.0772247,4.282898,4.7600503,249.79787,9.050272,1.4830484,0.0,0.159,0.159,6,2.204834366666667,Medium
39.25,-151.25,-2.1446075,4.5289917,5.0110984,249.79787,9.050272,1.4830484,0.005,0.131,0.13109538512091112,6,2.2321115266666682,Medium
39.25,-151.0,-2.128006,4.60907,5.0766068,249.11818,9.089823,1.4879313,0.013000000000000001,0.062,0.06334824385884742,6,2.340775393333334,Medium
39.25,-150.75,-2.0694122,4.6383667,5.0790663,249.11818,9.089823,1.4879313,0.009000000000000001,0.0,0.009000000000000001,6,3.321389203333333,Medium
39.25,-150.5,-1.9502716,4.5319214,4.933748,248.81349,9.14451,1.4918375,-0.008,-0.012,0.014422205101855958,6,3.241918146666668,Medium
39.25,-150.25,-1.96492,4.4508667,4.8652983,248.81349,9.14451,1.4918375,-0.024,0.024,0.03394112549695428,6,2.4063405366666673,Medium
39.25,-150.0,-2.0176544,4.3727417,4.8157864,248.64162,9.188211,1.4967203,-0.025,0.069,0.0733893725276351,6,2.364656980000001,Medium
39.25,-149.75,-2.1201935,4.271179,4.768458,248.64162,9.188211,1.4967203,-0.006,0.082,0.08221921916437787,6,2.386872730000001,Medium
39.25,-149.5,-2.2227325,4.142273,4.7009535,248.61818,9.218973,1.5025797,0.018000000000000002,0.063,0.06552098900352467,6,2.4354477133333345,Medium
39.25,-149.25,-2.190506,3.9528198,4.5191927,248.61818,9.218973,1.5025797,0.031,0.037,0.048270073544588676,6,2.5592924400000006,Medium
39.25,-149.0,-2.0938263,3.727234,4.2750883,249.11037,9.271219,1.5062418,0.03,0.028,0.041036569057366384,6,5.062075556666665,Medium
39.25,-148.75,-2.0303497,3.5280151,4.0705295,249.11037,9.271219,1.5062418,0.024,0.04,0.0466476151587624,6,3.2724025366666663,Medium
39.25,-148.5,-2.0332794,3.3815308,3.945754,249.59474,9.307596,1.5128336,0.02,0.054,0.05758472019555187,6,3.5421050266666656,Medium
39.25,-148.25,-2.0821075,3.2868042,3.890791,249.59474,9.307596,1.5128336,0.017,0.053,0.055659680200302986,6,3.6126720933333307,Medium
39.25,-148.0,-2.1846466,3.2350464,3.9036143,250.20412,9.350565,1.5216227,0.005,0.036000000000000004,0.0363455636907725,6,3.3027923066666682,Medium
39.25,-147.75,-2.2627716,3.1227417,3.8563778,250.20412,9.350565,1.5216227,-0.016,0.014,0.0212602916254693,6,3.3321875433333346,Medium
39.25,-147.5,-2.3389435,2.9586792,3.77153,250.91505,9.401346,1.5311441,-0.038,0.003,0.03811823710509183,6,3.427614720000003,Medium
39.25,-147.25,-2.4532013,2.7321167,3.671874,250.91505,9.401346,1.5311441,-0.049,0.016,0.05154609587543949,6,3.727268396666669,Medium
39.25,-147.0,-2.6172638,2.4284058,3.5703256,251.64162,9.452372,1.5416422,-0.046,0.052000000000000005,0.06942621983083913,6,3.922669416666665,Medium
39.25,-146.75,-2.7315216,2.1139526,3.453984,251.64162,9.452372,1.5416422,-0.032,0.095,0.10024470060806208,6,4.142703556666664,Medium
39.25,-146.5,-2.761795,1.8121948,3.3032653,252.33693,9.503153,1.5543375,-0.019,0.116,0.11754573577973809,6,4.618862529999997,Medium
39.25,-146.25,-2.7793732,1.5162964,3.1660812,252.33693,9.503153,1.5543375,-0.01,0.099,0.09950376877284599,6,4.705545976666664,Medium
39.25,-146.0,-2.7383575,1.2887573,3.0264661,253.0088,9.55662,1.5680094,-0.004,0.057,0.05714017850864661,6,7.6209123133333305,Medium
39.25,-145.75,-2.674881,1.0534058,2.8748307,253.0088,9.55662,1.5680094,0.001,0.028,0.0280178514522438,6,7.993859500000002,Medium
39.25,-145.5,-2.629959,0.80926514,2.7516532,253.64943,9.611551,1.5802164,0.004,0.032,0.0322490309931942,6,10.332736153333334,High
39.25,-145.25,-2.5293732,0.5778198,2.5945334,253.64943,9.611551,1.5802164,0.005,0.057,0.05721887800367987,6,12.067149743333346,High
39.25,-145.0,-2.480545,0.37860107,2.5092714,254.26662,9.672342,1.5914469,0.004,0.073,0.07310950690573696,6,11.007744403333328,High
39.25,-144.75,-2.4278107,0.19696045,2.435787,254.26662,9.672342,1.5914469,0.0,0.061,0.061,6,12.072684556666665,High
39.25,-144.5,-2.3721466,0.02508545,2.3722792,254.8213,9.716043,1.6012125,-0.004,0.031,0.031256999216175564,6,11.48522774666667,High
39.25,-144.25,-2.3028107,-0.10772705,2.305329,254.8213,9.716043,1.6012125,-0.008,0.01,0.012806248474865698,6,11.868981406666673,High
39.25,-144.0,-2.21492,-0.20147705,2.2240648,255.3838,9.757303,1.6095133,-0.013000000000000001,0.012,0.01769180601295413,6,12.159546526666674,High
39.25,-143.75,-2.1182404,-0.2913208,2.1381793,255.3838,9.757303,1.6095133,-0.018000000000000002,0.032,0.036715119501371636,6,13.62510276666668,High
39.25,-143.5,-2.0782013,-0.36846924,2.1106136,255.9463,9.780252,1.6112223,-0.024,0.052000000000000005,0.05727128425310542,6,13.536396946666677,High
39.25,-143.25,-2.0782013,-0.442688,2.1248279,255.9463,9.780252,1.6112223,-0.036000000000000004,0.062,0.07169379331573969,6,12.365242316666663,High
39.25,-143.0,-2.1319122,-0.5237427,2.1953032,256.53226,9.8080845,1.6143961,-0.054,0.059000000000000004,0.07998124780221924,6,11.755663749999997,High
39.25,-142.75,-2.270584,-0.708313,2.3784995,256.53226,9.8080845,1.6143961,-0.073,0.05,0.08848163651289458,6,11.129940296666668,High
39.25,-142.5,-2.1787872,-0.9192505,2.3647697,257.13382,9.830301,1.6161051,-0.08,0.037,0.08814193099768124,6,11.442410226666661,High
39.25,-142.25,-2.0889435,-1.1253052,2.3727612,257.13382,9.830301,1.6161051,-0.07,0.02,0.07280109889280519,6,11.973498936666656,High
39.25,-142.0,-1.9932404,-1.3352661,2.3991547,257.75882,9.8491,1.6151285,-0.049,0.0,0.049,6,14.06412513333333,High
39.25,-141.75,-1.9688263,-1.520813,2.4878001,257.75882,9.8491,1.6151285,-0.028,-0.011,0.03008321791298265,6,12.967062700000005,High
39.25,-141.5,-1.9541779,-1.7376099,2.614976,258.39163,9.862528,1.6126871,-0.017,-0.007,0.018384776310850236,6,13.354476910000008,High
39.25,-141.25,-1.9278107,-1.9661255,2.753562,258.39163,9.862528,1.6126871,-0.015,0.008,0.016999999999999998,6,13.51110730666668,High
39.25,-141.0,-1.8994904,-2.2112427,2.9150743,259.07913,9.874491,1.609025,-0.017,0.015,0.022671568097509268,6,12.46641099666666,High
39.25,-140.75,-1.878006,-2.3792114,3.0310977,259.07913,9.874491,1.609025,-0.017,0.001,0.017029386365926404,6,12.25363097,High
39.25,-140.5,-1.8184357,-2.5930786,3.1671383,259.79007,9.887918,1.6043863,-0.015,-0.03,0.03354101966249685,6,9.547765723333333,Medium
39.25,-140.25,-1.7637482,-2.8528442,3.3540316,259.79007,9.887918,1.6043863,-0.018000000000000002,-0.057,0.05977457653551383,6,9.996435853333335,Medium
39.25,-140.0,-1.706131,-3.138977,3.5726824,260.5557,9.88743,1.5982828,-0.024,-0.059000000000000004,0.06369458375717672,6,8.94722195,Medium
39.25,-139.75,-1.6045685,-3.5256958,3.8736508,260.5557,9.88743,1.5982828,-0.031,-0.033,0.045276925690687087,6,9.46697663666667,Medium
39.25,-139.5,-1.4795685,-3.9417114,4.210251,261.48538,9.873026,1.5921793,-0.032,0.004,0.0322490309931942,6,8.958885156666671,Medium
39.25,-139.25,-1.3789825,-4.3342896,4.548369,261.48538,9.873026,1.5921793,-0.025,0.035,0.04301162633521314,6,8.341272843333346,Medium
39.25,-139.0,-1.3946075,-4.5686646,4.77678,262.46976,9.865213,1.588273,-0.014,0.045,0.047127486671792715,6,6.676839850000006,Medium
39.25,-138.75,-1.471756,-4.694641,4.919931,262.46976,9.865213,1.588273,-0.005,0.035,0.03535533905932738,6,6.719705893333337,Medium
39.25,-138.5,-1.5323029,-4.614563,4.8623185,263.26663,9.881815,1.5833902,0.0,0.015,0.015,6,7.45186740333334,Medium
39.25,-138.25,-1.5547638,-4.5393677,4.7982445,263.26663,9.881815,1.5833902,0.001,0.001,0.001414213562373095,6,7.512223096666674,Medium
39.25,-138.0,-1.5362091,-4.4348755,4.693406,263.9307,9.911112,1.5780191,0.0,0.007,0.007,6,8.756155740000011,Medium
39.25,-137.75,-1.4610138,-4.210266,4.4565573,263.9307,9.911112,1.5780191,-0.002,0.028,0.0280713376952364,6,8.28218504333335,Medium
39.25,-137.5,-1.4102325,-4.054016,4.292296,264.53226,9.946024,1.572648,-0.004,0.043000000000000003,0.04318564576337837,6,10.019960053333346,High
39.25,-137.25,-1.3496857,-3.9778442,4.200583,264.53226,9.946024,1.572648,-0.008,0.03,0.031048349392520047,6,8.245790866666677,Medium
39.25,-137.0,-1.3574982,-4.1292114,4.3466296,265.6807,9.924295,1.572648,-0.013000000000000001,-0.014,0.0191049731745428,6,9.474161102333348,Medium
39.25,-136.75,-1.3760529,-4.4436646,4.6518464,265.6807,9.924295,1.572648,-0.019,-0.066,0.0686804193347711,6,7.421446633555564,Medium
39.25,-136.5,-1.2500763,-4.7786255,4.9394283,267.91507,9.808329,1.5821695,-0.027,-0.097,0.10068763578513501,6,5.79858371955556,Medium
39.25,-136.25,-1.0733185,-5.0794067,5.191569,267.91507,9.808329,1.5821695,-0.034,-0.094,0.0999599919967984,6,5.353188182888894,Medium
39.25,-136.0,-0.878006,-5.3587036,5.430156,271.23538,9.6188755,1.6004801,-0.039,-0.07100000000000001,0.08100617260431454,6,4.489468746222229,Medium
39.25,-135.75,-0.7364044,-5.774719,5.8214836,271.23538,9.6188755,1.6004801,-0.044,-0.052000000000000005,0.0681175454637056,6,4.016973326222227,Medium
39.25,-135.5,-0.6035919,-6.0081177,6.0383606,275.98538,9.367655,1.628068,-0.052000000000000005,-0.046,0.06942621983083913,6,3.777531876222228,Medium
39.25,-135.25,-0.5440216,-6.295227,6.31869,275.98538,9.367655,1.628068,-0.065,-0.045,0.07905694150420949,6,3.61228820066667,Medium
39.25,-135.0,-0.6201935,-6.590149,6.6192675,281.15726,9.128885,1.6568766,-0.079,-0.038,0.08766413177577247,6,3.5455689006666686,Medium
39.25,-134.75,-0.62312317,-6.791321,6.8198476,281.15726,9.128885,1.6568766,-0.08600000000000001,-0.028,0.09044335243676012,6,3.6511188240000045,Medium
39.25,-134.5,-0.5782013,-6.8987427,6.9229307,285.2432,8.974344,1.6754313,-0.089,-0.031,0.0942443632266673,6,5.003249884000005,Medium
39.25,-134.25,-0.5049591,-6.931946,6.950313,285.2432,8.974344,1.6754313,-0.09,-0.049,0.10247438704378768,6,6.989139156666674,Medium
39.25,-134.0,-0.60261536,-7.0647583,7.0904126,291.16507,8.763163,1.7047281,-0.095,-0.063,0.11399122773266371,6,1.5118667566666644,Medium
39.25,-133.75,-0.65534973,-7.181946,7.211784,291.16507,8.763163,1.7047281,-0.101,-0.057,0.11597413504743202,6,1.5789050666666644,Medium
39.25,-133.5,-0.6719513,-7.387024,7.4175224,300.69632,8.464579,1.7562418,-0.10400000000000001,-0.038,0.11072488428533128,6,1.4240743033333323,Medium
39.25,-133.25,-0.628006,-7.614563,7.640416,300.69632,8.464579,1.7562418,-0.10400000000000001,-0.029,0.10796758772891057,6,1.726458443333333,Medium
39.25,-133.0,-0.60749817,-7.9749146,7.998019,309.90726,8.210428,1.807023,-0.10200000000000001,-0.047,0.11230761327710603,6,1.1438444533333334,Medium
39.25,-132.75,-0.6016388,-8.318665,8.340393,309.90726,8.210428,1.807023,-0.099,-0.08,0.127283148923964,6,2.0029753899999987,Medium
39.25,-132.5,-0.60847473,-8.601868,8.623362,316.7432,8.059061,1.8419352,-0.095,-0.10200000000000001,0.13938794782907166,6,1.8878863333333327,Medium
39.25,-132.25,-0.70222473,-9.179993,9.206812,316.7432,8.059061,1.8419352,-0.099,-0.105,0.1443121616496683,6,2.2403001733333334,Medium
39.25,-132.0,-0.65242004,-9.218079,9.2411375,324.97757,7.881571,1.8932047,-0.113,-0.1,0.15089400253157845,6,2.2048509000000016,Medium
39.25,-131.75,-0.6221466,-9.330383,9.351103,324.97757,7.881571,1.8932047,-0.129,-0.095,0.16020611723651504,6,2.2221840100000008,Medium
39.25,-131.5,-0.5283966,-9.501282,9.515964,334.0557,7.6557407,1.9749918,-0.14200000000000002,-0.089,0.16758579892103032,6,1.8363816333333363,Medium
39.25,-131.25,-0.5176544,-9.898743,9.912269,334.0557,7.6557407,1.9749918,-0.146,-0.088,0.17046993869888027,6,2.21960436666667,Medium
39.25,-131.0,-0.4219513,-10.045227,10.054085,340.86038,7.477274,2.0645914,-0.145,-0.106,0.17961347388211163,6,2.0651074166666694,Medium
39.25,-130.75,-0.24031067,-9.948547,9.951449,340.86038,7.477274,2.0645914,-0.14,-0.153,0.20738611332488008,6,2.186112820000004,Medium
39.25,-130.5,-0.16316223,-10.213196,10.214499,346.1182,7.4003696,2.1500406,-0.138,-0.216,0.2563201123595259,6,2.7675396233333385,Medium
39.25,-130.25,-0.08894348,-10.389954,10.390334,346.1182,7.4003696,2.1500406,-0.138,-0.256,0.29082640870457416,6,3.168034900000003,Medium
39.5,-156.25,-3.2071075,0.0836792,3.208199,249.18068,9.195047,1.5201578,0.026000000000000002,0.079,0.083168503653727,6,4.32211016333333,Medium
39.5,-156.0,-3.0684357,0.8356323,3.1801853,249.73537,9.170145,1.5162516,0.032,0.10300000000000001,0.10785638599545232,6,4.326722686666665,Medium
39.5,-155.75,-2.8565216,1.4352417,3.1968162,249.73537,9.170145,1.5162516,0.035,0.112,0.11734138229968148,6,4.396833913333331,Medium
39.5,-155.5,-2.605545,1.8600464,3.2013495,250.27443,9.14329,1.5130777,0.04,0.10200000000000001,0.10956276739841872,6,4.404636149999997,Medium
39.5,-155.25,-2.3448029,2.2077026,3.220567,250.27443,9.14329,1.5130777,0.05,0.08700000000000001,0.10034440691936947,6,4.312052856666665,Medium
39.5,-155.0,-2.0752716,2.4293823,3.195098,250.72755,9.111551,1.5116129,0.065,0.08700000000000001,0.10860018416190648,6,4.352435783333331,Medium
39.5,-154.75,-1.8067169,2.602234,3.1679404,250.72755,9.111551,1.5116129,0.077,0.1,0.12621014222319854,6,4.275539933333332,Medium
39.5,-154.5,-1.5821075,2.7731323,3.192699,251.01662,9.074442,1.511857,0.08,0.10200000000000001,0.12963024338479043,6,4.2671190833333315,Medium
39.5,-154.25,-1.4278107,2.916687,3.2474153,251.01662,9.074442,1.511857,0.07100000000000001,0.076,0.10400480758118828,6,4.251435876666666,Medium
39.5,-154.0,-1.3135529,3.0719604,3.3410122,251.11037,9.044413,1.5121012,0.056,0.03,0.06352952069707436,6,4.428396096666665,Medium
39.5,-153.75,-1.2715607,3.142273,3.3898003,251.11037,9.044413,1.5121012,0.044,-0.008,0.04472135954999579,6,4.203602656666664,Medium
39.5,-153.5,-1.2989044,3.173523,3.4290526,251.02443,9.026346,1.5113688,0.04,-0.012,0.0417612260356422,6,3.917950769999998,Medium
39.5,-153.25,-1.3506622,3.1930542,3.4669702,251.02443,9.026346,1.5113688,0.047,0.019,0.0506951674225463,6,3.811735909999999,Medium
39.5,-153.0,-1.4043732,3.1744995,3.4712694,250.70412,9.020975,1.5094156,0.059000000000000004,0.057,0.08203657720797473,6,3.8512825933333312,Medium
39.5,-152.75,-1.4512482,3.1744995,3.4904969,250.70412,9.020975,1.5094156,0.073,0.079,0.10756393447619886,6,3.644530199999998,Medium
39.5,-152.5,-1.4922638,3.2096558,3.5395963,250.14943,9.03367,1.5084391,0.078,0.084,0.1146298390472568,6,3.6159881233333326,Medium
39.5,-152.25,-1.5166779,3.3151245,3.6455948,250.14943,9.03367,1.5084391,0.069,0.094,0.11660617479361889,6,3.273233633333333,Medium
39.5,-152.0,-1.4864044,3.4899292,3.793284,249.37599,9.059793,1.5089273,0.047,0.122,0.13074020039758238,6,3.289565563333335,Medium
39.5,-151.75,-1.4981232,3.7194214,4.0097966,249.37599,9.059793,1.5089273,0.027,0.151,0.15339491516996254,6,3.106851433333334,Medium
39.5,-151.5,-1.5449982,4.0202026,4.306861,248.46974,9.088602,1.5113688,0.023,0.15,0.15175308893067055,6,4.57365676,Medium
39.5,-151.25,-1.6494904,4.3112183,4.6159964,248.46974,9.088602,1.5113688,0.038,0.107,0.11354734695271396,6,2.5449047266666684,Medium
39.5,-151.0,-1.6787872,4.506531,4.809069,247.60255,9.120829,1.5147867,0.057,0.047,0.07387827826905552,6,2.683430049999999,Medium
39.5,-150.75,-1.6407013,4.6100464,4.8933043,247.60255,9.120829,1.5147867,0.059000000000000004,0.011,0.060016664352494635,6,2.751435133333332,Medium
39.5,-150.5,-1.5313263,4.5963745,4.844752,247.04787,9.16453,1.5174723,0.043000000000000003,0.014,0.04522167621838006,6,2.538817443333333,Medium
39.5,-150.25,-1.5088654,4.541687,4.78577,247.04787,9.16453,1.5174723,0.025,0.037,0.04465422712353222,6,2.3869029033333335,Medium
39.5,-150.0,-1.5440216,4.472351,4.7313766,246.75099,9.20701,1.5208902,0.023,0.051000000000000004,0.05594640292279746,6,2.451582103333334,Medium
39.5,-149.75,-1.6348419,4.403015,4.6967278,246.75099,9.20701,1.5208902,0.041,0.044,0.06014149981501958,6,2.6143696266666665,Medium
39.5,-149.5,-1.7276154,4.29364,4.628175,246.75099,9.246073,1.5240641,0.064,0.031,0.0711125867902441,6,2.8734982566666636,Medium
39.5,-149.25,-1.7032013,4.114929,4.453486,246.75099,9.246073,1.5240641,0.07100000000000001,0.029,0.07669419795525605,6,2.8197689699999984,Medium
39.5,-149.0,-1.6309357,3.9137573,4.239982,246.98537,9.280741,1.5282145,0.06,0.039,0.07156116265125938,6,3.993580883333331,Medium
39.5,-148.75,-1.5752716,3.727234,4.046449,246.98537,9.280741,1.5282145,0.041,0.053,0.06700746227100382,6,3.517772539999998,Medium
39.5,-148.5,-1.5576935,3.5592651,3.8851998,247.4463,9.316141,1.5333414,0.025,0.062,0.06685057965343308,6,3.4667658799999987,Medium
39.5,-148.25,-1.6309357,3.4469604,3.8133302,247.4463,9.316141,1.5333414,0.012,0.066,0.0670820393249937,6,3.3863276066666668,Medium
39.5,-148.0,-1.793045,3.3981323,3.8421757,248.00099,9.348124,1.5411539,-0.006,0.062,0.06228964600958974,6,3.589994279999999,Medium
39.5,-147.75,-1.9639435,3.2721558,3.816291,248.00099,9.348124,1.5411539,-0.034,0.048,0.05882176467941097,6,3.649331683333333,Medium
39.5,-147.5,-2.129959,3.0993042,3.76064,248.65724,9.382547,1.5504313,-0.059000000000000004,0.025,0.06407807737440317,6,3.8274107266666655,Medium
39.5,-147.25,-2.286209,2.8707886,3.6699018,248.65724,9.382547,1.5504313,-0.066,0.012,0.0670820393249937,6,3.751407743333334,Medium
39.5,-147.0,-2.4033966,2.5475464,3.5023289,249.45412,9.426981,1.5599527,-0.048,0.024,0.05366563145999496,6,4.234852836666666,Medium
39.5,-146.75,-2.4239044,2.2467651,3.3050365,249.45412,9.426981,1.5599527,-0.017,0.061,0.06332456079595025,6,4.243858696666664,Medium
39.5,-146.5,-2.4073029,1.9537964,3.1003914,250.30568,9.479227,1.5714273,0.011,0.091,0.0916624241442479,6,4.586743326666664,Medium
39.5,-146.25,-2.3457794,1.6686401,2.878722,250.30568,9.479227,1.5714273,0.024,0.088,0.09121403400793103,6,7.114279089999998,Medium
39.5,-146.0,-2.24617,1.4254761,2.6603124,251.11818,9.547342,1.582902,0.022,0.056,0.0601664358259653,6,10.592801226666673,High
39.5,-145.75,-2.1514435,1.2008667,2.4638972,251.11818,9.547342,1.582902,0.013000000000000001,0.028,0.030870698080866264,6,10.021953386666665,High
39.5,-145.5,-2.0733185,0.98114014,2.293749,251.82912,9.601297,1.5948648,0.007,0.031,0.03178049716414141,6,10.505770489999996,High
39.5,-145.25,-2.0039825,0.7711792,2.1472456,251.82912,9.601297,1.5948648,0.004,0.057,0.05714017850864661,6,13.45818652333335,High
39.5,-145.0,-1.9795685,0.5709839,2.0602703,252.50099,9.655985,1.6058512,0.004,0.074,0.07410802925459561,6,11.89081046333334,High
39.5,-144.75,-1.9463654,0.3619995,1.9797429,252.50099,9.655985,1.6058512,0.002,0.065,0.06503076195155644,6,12.048120053333335,High
39.5,-144.5,-1.8692169,0.14715576,1.8750005,253.14162,9.700663,1.6146402,-0.004,0.038,0.0382099463490856,6,13.146082800000018,High
39.5,-144.25,-1.7832794,-0.024719238,1.7834507,253.14162,9.700663,1.6146402,-0.016,0.018000000000000002,0.024083189157584593,6,13.25014851333335,High
39.5,-144.0,-1.6865997,-0.18878174,1.697132,253.76662,9.742655,1.6222086,-0.028,0.018000000000000002,0.033286633954186476,6,13.326413603333348,High
39.5,-143.75,-1.5918732,-0.317688,1.623264,253.76662,9.742655,1.6222086,-0.036000000000000004,0.032,0.048166378315169185,6,14.312950160000007,High
39.5,-143.5,-1.5489044,-0.3977661,1.5991632,254.39162,9.770975,1.6256266,-0.037,0.052000000000000005,0.0638200595424354,6,12.893319536666668,High
39.5,-143.25,-1.5684357,-0.4680786,1.6367921,254.39162,9.770975,1.6256266,-0.04,0.069,0.07975587752636165,6,11.924442673333333,High
39.5,-143.0,-1.6309357,-0.5305786,1.7150699,255.01662,9.794168,1.626359,-0.051000000000000004,0.076,0.09152595260361948,6,11.824286190000002,High
39.5,-142.75,-1.7207794,-0.60284424,1.8233219,255.01662,9.794168,1.626359,-0.069,0.066,0.09548298277703729,6,11.763560456666669,High
39.5,-142.5,-1.643631,-0.7346802,1.8003548,255.64943,9.818338,1.628068,-0.083,0.039,0.091706052144883,6,12.428433643333335,High
39.5,-142.25,-1.5762482,-0.9348755,1.8326348,255.64943,9.818338,1.628068,-0.08600000000000001,0.004,0.08609297300012354,6,12.737429796666673,High
39.5,-142.0,-1.5332794,-1.1624146,1.924098,256.29788,9.83494,1.6273355,-0.076,-0.024,0.07969943538068511,6,13.245010600000006,High
39.5,-141.75,-1.4922638,-1.3870239,2.0373235,256.29788,9.83494,1.6273355,-0.06,-0.032,0.06799999999999999,6,13.683553556666675,High
39.5,-141.5,-1.5010529,-1.6038208,2.1966796,256.97757,9.843241,1.62465,-0.045,-0.019,0.04884669896727925,6,15.23260892999999,High
39.5,-141.25,-1.5352325,-1.8128052,2.3755424,256.97757,9.843241,1.62465,-0.033,0.002,0.03306055050963308,6,14.535455966666659,High
39.5,-141.0,-1.5782013,-2.0237427,2.5663698,257.67288,9.851297,1.6197672,-0.021,0.009000000000000001,0.02284731931759173,6,13.666797140000005,High
39.5,-140.75,-1.6348419,-2.2073364,2.746824,257.67288,9.851297,1.6197672,-0.011,-0.006,0.012529964086141668,6,14.169758900000016,High
39.5,-140.5,-1.6602325,-2.402649,2.9204612,258.376,9.856424,1.6129313,-0.003,-0.034,0.03413209633175202,6,12.04865461,High
39.5,-140.25,-1.6407013,-2.6262817,3.0966525,258.376,9.856424,1.6129313,-0.002,-0.054,0.054037024344425186,6,9.641090776666669,Medium
39.5,-140.0,-1.5176544,-2.902649,3.2754612,259.1807,9.852762,1.605607,-0.007,-0.051000000000000004,0.051478150704935006,6,9.241155753333334,Medium
39.5,-139.75,-1.3477325,-3.263977,3.5312788,259.1807,9.852762,1.605607,-0.015,-0.029,0.03264965543462902,6,8.83800796666667,Medium
39.5,-139.5,-1.1963654,-3.668274,3.8584354,260.13382,9.843973,1.5997477,-0.018000000000000002,-0.001,0.01802775637731995,6,9.57731814333334,Medium
39.5,-139.25,-1.1309357,-4.055969,4.2106886,260.13382,9.843973,1.5997477,-0.014,0.019,0.023600847442411893,6,9.286445526666673,Medium
39.5,-139.0,-1.1953888,-4.3606567,4.5215354,261.32132,9.819803,1.598527,-0.006,0.028,0.02863564212655271,6,7.912184363333343,Medium
39.5,-138.75,-1.3096466,-4.5442505,4.7292056,261.32132,9.819803,1.598527,0.002,0.022,0.02209072203437452,6,7.604358330000009,Medium
39.5,-138.5,-1.4532013,-4.6155396,4.838905,262.38382,9.808573,1.5955973,0.007,0.006,0.009219544457292887,6,7.283322270000006,Medium
39.5,-138.25,-1.5479279,-4.647766,4.898756,262.38382,9.808573,1.5955973,0.007,-0.005,0.008602325267042627,6,7.264706570000006,Medium
39.5,-138.0,-1.5606232,-4.661438,4.915745,263.11038,9.82493,1.5894938,0.007,0.0,0.007,6,7.440738646666673,Medium
39.5,-137.75,-1.5283966,-4.661438,4.905609,263.11038,9.82493,1.5894938,0.009000000000000001,0.02,0.02193171219946131,6,6.995067100000003,Medium
39.5,-137.5,-1.4522247,-4.5823364,4.8069496,263.58694,9.867655,1.5816813,0.014,0.035,0.03769615364994153,6,7.027720983333338,Medium
39.5,-137.25,-1.33992,-4.3616333,4.5628095,263.58694,9.867655,1.5816813,0.02,0.023,0.03047950130825634,6,7.887203000000012,Medium
39.5,-137.0,-1.2246857,-4.2854614,4.4570208,264.04007,9.912577,1.5736246,0.022,-0.015,0.026627053911388695,6,8.60423248455557,Medium
39.5,-136.75,-1.1338654,-4.4573364,4.599293,264.04007,9.912577,1.5736246,0.014,-0.058,0.059665735560705195,6,7.692341053555563,Medium
39.5,-136.5,-0.98054504,-4.7424927,4.842799,265.1885,9.890116,1.5716715,-0.004,-0.082,0.08209750300709517,6,6.307496716888893,Medium
39.5,-136.25,-0.831131,-5.005188,5.073725,265.1885,9.890116,1.5716715,-0.024,-0.08,0.0835224520712844,6,5.863410980222227,Medium
39.5,-136.0,-0.6660919,-5.2669067,5.308859,267.04007,9.799295,1.5765543,-0.041,-0.061,0.07349829930005183,6,5.33442965022223,Medium
39.5,-135.75,-0.47077942,-5.602844,5.622588,267.04007,9.799295,1.5765543,-0.048,-0.043000000000000003,0.0644437739428721,6,5.081539096888897,Medium
39.5,-135.5,-0.3125763,-5.882141,5.8904405,270.46976,9.588602,1.5958414,-0.053,-0.036000000000000004,0.06407027391856539,6,4.20635875955556,Medium
39.5,-135.25,-0.24128723,-6.2210083,6.2256856,270.46976,9.588602,1.5958414,-0.067,-0.033,0.07468600939935137,6,4.168974360666671,Medium
39.5,-135.0,-0.2783966,-6.6887817,6.6945724,275.85257,9.272684,1.6309977,-0.08,-0.031,0.08579627031520659,6,3.5241958706666683,Medium
39.5,-134.75,-0.32136536,-7.0012817,7.008653,275.85257,9.272684,1.6309977,-0.084,-0.029,0.08886506625215558,6,3.8878544090000045,Medium
39.5,-134.5,-0.3018341,-7.118469,7.1248655,281.26663,9.003885,1.6637125,-0.082,-0.037,0.08996110270555825,6,5.072480945666674,Medium
39.5,-134.25,-0.2627716,-7.1087036,7.113559,281.26663,9.003885,1.6637125,-0.082,-0.052000000000000005,0.09709788875150686,6,6.970726296666674,Medium
39.5,-134.0,-0.3594513,-7.1448364,7.1538725,285.90726,8.807352,1.6873941,-0.085,-0.062,0.10520931517693669,6,1.5678453199999967,Medium
39.5,-133.75,-0.40046692,-7.20636,7.2174783,285.90726,8.807352,1.6873941,-0.088,-0.056,0.10430723848324237,6,1.662778699999997,Medium
39.5,-133.5,-0.3877716,-7.250305,7.2606673,288.3682,8.731913,1.690568,-0.091,-0.042,0.10022474744293447,6,1.5940844466666644,Medium
39.5,-133.25,-0.30281067,-7.3206177,7.3268776,288.3682,8.731913,1.690568,-0.084,-0.041,0.09347192091746057,6,1.612665476666664,Medium
39.5,-133.0,-0.31355286,-7.55011,7.5566177,292.78226,8.600321,1.7049723,-0.079,-0.06,0.09920181449953423,6,1.0693662633333312,Medium
39.5,-132.75,-0.30671692,-7.750305,7.756372,292.78226,8.600321,1.7049723,-0.081,-0.08600000000000001,0.11813974775662932,6,1.2291208666666642,Medium
39.5,-132.5,-0.28523254,-7.967102,7.972206,301.69632,8.335672,1.7506266,-0.088,-0.095,0.12949517365523705,6,1.2224803933333337,Medium
39.5,-132.25,-0.33210754,-8.373352,8.379935,301.69632,8.335672,1.7506266,-0.107,-0.08700000000000001,0.13790576492663387,6,2.0114548699999983,Medium
39.5,-132.0,-0.37019348,-8.583313,8.591292,312.97757,8.039774,1.8165445,-0.13,-0.078,0.1516047492659778,6,1.8952622000000001,Medium
39.5,-131.75,-0.41316223,-8.85968,8.869308,312.97757,8.039774,1.8165445,-0.147,-0.079,0.16688319268278634,6,2.0751521566666673,Medium
39.5,-131.5,-0.48249817,-9.386047,9.39844,325.3682,7.715555,1.911027,-0.152,-0.088,0.1756359872008012,6,1.7622247300000027,Medium
39.5,-131.25,-0.5860138,-10.016907,10.034034,325.3682,7.715555,1.911027,-0.14200000000000002,-0.098,0.17253405460951762,6,2.1004831500000027,Medium
39.5,-131.0,-0.49909973,-10.188782,10.200998,334.6182,7.465067,2.0130777,-0.126,-0.115,0.17059015211904818,6,2.058106153333336,Medium
39.5,-130.75,-0.2549591,-9.991516,9.994768,334.6182,7.465067,2.0130777,-0.11900000000000001,-0.151,0.19225503894566717,6,2.180962803333337,Medium
39.5,-130.5,-0.06941223,-10.0130005,10.013241,339.89163,7.380106,2.0868082,-0.126,-0.201,0.23722773868163058,6,2.577020000000006,Medium
39.5,-130.25,0.00090026855,-10.242493,10.242493,339.89163,7.380106,2.0868082,-0.15,-0.23800000000000002,0.2813254343282882,6,2.5044893733333384,Medium
39.75,-156.25,-3.416092,-1.2444458,3.6357021,249.18068,9.195047,1.5201578,0.023,0.065,0.0689492567037528,6,3.9461906100000004,Medium
39.75,-156.0,-3.2979279,-0.57940674,3.3484385,249.73537,9.170145,1.5162516,0.037,0.094,0.10101980003939821,6,4.390193333333332,Medium
39.75,-155.75,-3.1338654,0.14422607,3.1371825,249.73537,9.170145,1.5162516,0.053,0.101,0.11406138698087097,6,4.406431439999996,Medium
39.75,-155.5,-2.926834,0.7692261,3.0262299,250.27443,9.14329,1.5130777,0.067,0.084,0.1074476616776745,6,6.7722828999999996,Medium
39.75,-155.25,-2.668045,1.3053589,2.9702568,250.27443,9.14329,1.5130777,0.084,0.062,0.1044030650891055,6,8.547288833333342,Medium
39.75,-155.0,-2.3653107,1.7125854,2.920213,250.72755,9.111551,1.5116129,0.10200000000000001,0.06,0.11833849753989613,6,7.29816821,Medium
39.75,-154.75,-1.9737091,2.0905151,2.8750272,250.72755,9.111551,1.5116129,0.116,0.081,0.14148144754701938,6,7.244566769999998,Medium
39.75,-154.5,-1.5860138,2.3746948,2.8556287,251.01662,9.074442,1.511857,0.121,0.101,0.15761345120261785,6,7.381245283333331,Medium
39.75,-154.25,-1.2637482,2.6012573,2.8919888,251.01662,9.074442,1.511857,0.114,0.091,0.1458663772087317,6,7.21216301333333,Medium
39.75,-154.0,-0.97566223,2.8180542,2.9821715,251.11037,9.044413,1.5121012,0.097,0.051000000000000004,0.10959014554237986,6,10.367129266666671,High
39.75,-153.75,-0.80574036,2.9674683,3.0749123,251.11037,9.044413,1.5121012,0.075,0.008,0.07542545989253231,6,5.126960206666668,Medium
39.75,-153.5,-0.7237091,3.0856323,3.1693661,251.02443,9.026346,1.5113688,0.057,-0.007,0.057428216061444916,6,4.194597539999997,Medium
39.75,-153.25,-0.6826935,3.1989136,3.2709508,251.02443,9.026346,1.5113688,0.048,0.009000000000000001,0.04883646178829912,6,3.9222203199999983,Medium
39.75,-153.0,-0.71980286,3.2282104,3.3074853,250.70412,9.020975,1.5094156,0.051000000000000004,0.038,0.06360031446463138,6,4.017191649999998,Medium
39.75,-152.75,-0.7735138,3.2457886,3.3366852,250.70412,9.020975,1.5094156,0.061,0.06,0.08556284240252891,6,3.817093646666665,Medium
39.75,-152.5,-0.82917786,3.2750854,3.3784199,250.14943,9.03367,1.5084391,0.07,0.077,0.10406248123122955,6,3.6928402999999963,Medium
39.75,-152.25,-0.87605286,3.3258667,3.4393106,250.14943,9.03367,1.5084391,0.07100000000000001,0.10400000000000001,0.12592458060283546,6,3.6824053433333304,Medium
39.75,-152.0,-0.9239044,3.4489136,3.5705187,249.37599,9.059793,1.5089273,0.063,0.14,0.15352198539622916,6,3.4797675433333324,Medium
39.75,-151.75,-0.98835754,3.604187,3.737247,249.37599,9.059793,1.5089273,0.055,0.158,0.16729913329123974,6,3.336178980000001,Medium
39.75,-151.5,-1.0567169,3.8131714,3.9568834,248.46974,9.088602,1.5113688,0.058,0.134,0.14601369798755184,6,3.2993976866666666,Medium
39.75,-151.25,-1.1563263,4.059265,4.2207494,248.46974,9.088602,1.5113688,0.07200000000000001,0.076,0.1046900186264192,6,3.3011157766666654,Medium
39.75,-151.0,-1.2168732,4.286804,4.456172,247.60255,9.120829,1.5147867,0.08700000000000001,0.026000000000000002,0.0908019823572151,6,2.785292406666666,Medium
39.75,-150.75,-1.2256622,4.447937,4.613718,247.60255,9.120829,1.5147867,0.093,0.013000000000000001,0.09390420650854786,6,2.8594381933333333,Medium
39.75,-150.5,-1.1758575,4.5045776,4.6555195,247.04787,9.16453,1.5174723,0.08700000000000001,0.031,0.09235799911215055,6,2.8142701999999984,Medium
39.75,-150.25,-1.1514435,4.490906,4.6361685,247.04787,9.16453,1.5174723,0.079,0.045,0.09091754506144564,6,2.776900019999998,Medium
39.75,-150.0,-1.1826935,4.4420776,4.596827,246.75099,9.20701,1.5208902,0.081,0.036000000000000004,0.08863972021616494,6,2.8175663133333315,Medium
39.75,-149.75,-1.2735138,4.367859,4.5497284,246.75099,9.20701,1.5208902,0.091,0.017,0.09257429448826493,6,2.782891226666665,Medium
39.75,-149.5,-1.3838654,4.2838745,4.501851,246.75099,9.246073,1.5240641,0.096,0.017,0.09749358953285082,6,2.824623213333332,Medium
39.75,-149.25,-1.3975372,4.151062,4.380003,246.75099,9.246073,1.5240641,0.08600000000000001,0.039,0.09442986815621422,6,2.8232628299999996,Medium
39.75,-149.0,-1.3653107,4.0006714,4.2272267,246.98537,9.280741,1.5282145,0.063,0.065,0.09052071586106686,6,3.533839509999995,Medium
39.75,-148.75,-1.3213654,3.8405151,4.061473,246.98537,9.280741,1.5282145,0.038,0.076,0.084970583144992,6,3.4027315566666654,Medium
39.75,-148.5,-1.3506622,3.6764526,3.9167068,247.4463,9.316141,1.5333414,0.025,0.075,0.07905694150420949,6,3.33146946,Medium
39.75,-148.25,-1.4688263,3.5690308,3.85946,247.4463,9.316141,1.5333414,0.02,0.078,0.08052328855678959,6,3.332276823333333,Medium
39.75,-148.0,-1.6699982,3.526062,3.901539,248.00099,9.348124,1.5411539,0.014,0.085,0.0861452262171271,6,3.3276912266666665,Medium
39.75,-147.75,-1.8369904,3.4039917,3.8680348,248.00099,9.348124,1.5411539,-0.001,0.078,0.07800640999302558,6,3.3685466433333326,Medium
39.75,-147.5,-1.9824982,3.2369995,3.7958484,248.65724,9.382547,1.5504313,-0.021,0.046,0.050566787519082126,6,3.473239933333332,Medium
39.75,-147.25,-2.1026154,3.0162964,3.676824,248.65724,9.382547,1.5504313,-0.032,0.006,0.032557641192199414,6,3.410712643333335,Medium
39.75,-147.0,-2.1387482,2.713562,3.4550922,249.45412,9.426981,1.5599527,-0.027,-0.009000000000000001,0.02846049894151541,6,3.870817629999999,Medium
39.75,-146.75,-2.1133575,2.430359,3.2207026,249.45412,9.426981,1.5599527,-0.005,0.017,0.01772004514666935,6,4.594501466666664,Medium
39.75,-146.5,-2.049881,2.1471558,2.9685502,250.30568,9.479227,1.5714273,0.02,0.059000000000000004,0.06229767250869009,6,8.40825967666667,Medium
39.75,-146.25,-1.9307404,1.8629761,2.6829906,250.30568,9.479227,1.5714273,0.036000000000000004,0.077,0.085,6,9.797964303333334,Medium
39.75,-146.0,-1.8301544,1.5866089,2.4221463,251.11818,9.547342,1.582902,0.036000000000000004,0.061,0.07083078426785913,6,10.045019966666665,High
39.75,-145.75,-1.7559357,1.3170776,2.1949952,251.11818,9.547342,1.582902,0.026000000000000002,0.038,0.04604345773288536,6,11.427852163333336,High
39.75,-145.5,-1.7158966,1.0436401,2.008354,251.82912,9.601297,1.5948648,0.015,0.037,0.039924929555354254,6,12.260602426666676,High
39.75,-145.25,-1.7227325,0.7965698,1.8979808,251.82912,9.601297,1.5948648,0.011,0.056,0.057070132293521106,6,13.313853873333349,High
39.75,-145.0,-1.7227325,0.5621948,1.8121452,252.50099,9.655985,1.6058512,0.013000000000000001,0.07100000000000001,0.07218032973047436,6,11.706209310000007,High
39.75,-144.75,-1.7100372,0.3209839,1.7399017,252.50099,9.655985,1.6058512,0.016,0.065,0.06694027188471825,6,11.979467893333336,High
39.75,-144.5,-1.6612091,0.07977295,1.6631234,253.14162,9.700663,1.6146402,0.013000000000000001,0.048,0.049729267036625426,6,13.717129663333347,High
39.75,-144.25,-1.565506,-0.15655518,1.5733144,253.14162,9.700663,1.6146402,0.0,0.036000000000000004,0.036000000000000004,6,12.759281456666685,High
39.75,-144.0,-1.4658966,-0.39093018,1.5171286,253.76662,9.742655,1.6222086,-0.018000000000000002,0.035,0.03935733730830886,6,12.485253076666677,High
39.75,-143.75,-1.3740997,-0.5940552,1.4970143,253.76662,9.742655,1.6222086,-0.033,0.04,0.051855568649856694,6,13.019559160000009,High
39.75,-143.5,-1.3252716,-0.7415161,1.5186148,254.39162,9.770975,1.6256266,-0.041,0.052000000000000005,0.06621933252457322,6,11.773878446666664,High
39.75,-143.25,-1.2901154,-0.8538208,1.5470642,254.39162,9.770975,1.6256266,-0.043000000000000003,0.07200000000000001,0.08386298349093002,6,11.314799843333331,High
39.75,-143.0,-1.299881,-0.90753174,1.5853405,255.01662,9.794168,1.626359,-0.049,0.089,0.10159724405711013,6,11.268989093333332,High
39.75,-142.75,-1.3594513,-0.84991455,1.6032662,255.01662,9.794168,1.626359,-0.061,0.08600000000000001,0.10543718509140881,6,11.68496860666667,High
39.75,-142.5,-1.3360138,-0.85772705,1.5876487,255.64943,9.818338,1.628068,-0.075,0.053,0.09183681179135086,6,12.103431903333334,High
39.75,-142.25,-1.2959747,-0.9417114,1.6019897,255.64943,9.818338,1.628068,-0.083,0.003,0.08305419917138447,6,12.57390763,High
39.75,-142.0,-1.2588654,-1.0618286,1.6468825,256.29788,9.83494,1.6273355,-0.08,-0.038,0.08856635930193811,6,13.028558020000004,High
39.75,-141.75,-1.2432404,-1.2883911,1.7904185,256.29788,9.83494,1.6273355,-0.069,-0.053,0.08700574693662483,6,13.22667675666667,High
39.75,-141.5,-1.2891388,-1.5071411,1.9832683,256.97757,9.843241,1.62465,-0.053,-0.041,0.06700746227100382,6,14.419035906666668,High
39.75,-141.25,-1.3526154,-1.7073364,2.1782024,256.97757,9.843241,1.62465,-0.034,-0.019,0.03894868418830089,6,15.60551748333333,High
39.75,-141.0,-1.3838654,-1.8713989,2.3274915,257.67288,9.851297,1.6197672,-0.015,-0.01,0.018027756377319945,6,13.488279946666669,High
39.75,-140.75,-1.4629669,-2.0413208,2.5114264,257.67288,9.851297,1.6197672,0.003,-0.021,0.021213203435596427,6,13.514414186666668,High
39.75,-140.5,-1.49617,-2.2063599,2.665811,258.376,9.856424,1.6129313,0.013000000000000001,-0.04,0.042059481689626185,6,14.540451866666666,High
39.75,-140.25,-1.4688263,-2.3850708,2.8010736,258.376,9.856424,1.6129313,0.014,-0.048,0.05,6,14.97699795333333,High
39.75,-140.0,-1.3145294,-2.6575317,2.9648714,259.1807,9.852762,1.605607,0.007,-0.039,0.0396232255123179,6,12.680582929999998,High
39.75,-139.75,-1.1162872,-2.9622192,3.1655712,259.1807,9.852762,1.605607,-0.005,-0.018000000000000002,0.018681541692269408,6,9.52587916000001,Medium
39.75,-139.5,-0.9326935,-3.2991333,3.4284394,260.13382,9.843973,1.5997477,-0.013000000000000001,-0.001,0.013038404810405298,6,9.903984016666675,Medium
39.75,-139.25,-0.81159973,-3.6419067,3.7312436,260.13382,9.843973,1.5997477,-0.012,0.009000000000000001,0.015000000000000001,6,9.872229616666676,Medium
39.75,-139.0,-0.87605286,-3.9553833,4.0512376,261.32132,9.819803,1.598527,-0.005,0.011,0.012083045973594572,6,9.392871613333343,Medium
39.75,-138.75,-1.018631,-4.183899,4.306114,261.32132,9.819803,1.598527,0.006,0.007,0.009219544457292887,6,11.301645880000017,High
39.75,-138.5,-1.2256622,-4.337219,4.5070744,262.38382,9.808573,1.5955973,0.013000000000000001,-0.001,0.013038404810405298,6,8.310247290000012,Medium
39.75,-138.25,-1.2979279,-4.498352,4.681857,262.38382,9.808573,1.5955973,0.012,-0.008,0.014422205101855958,6,8.283030586666676,Medium
39.75,-138.0,-1.3223419,-4.5999146,4.7862096,263.11038,9.82493,1.5894938,0.006,-0.003,0.00670820393249937,6,7.46661417333334,Medium
39.75,-137.75,-1.3252716,-4.6848755,4.8687167,263.11038,9.82493,1.5894938,-0.001,0.013000000000000001,0.013038404810405298,6,7.230221323333338,Medium
39.75,-137.5,-1.3369904,-4.732727,4.9179516,263.58694,9.867655,1.5816813,-0.001,0.022,0.02202271554554524,6,7.033059956666672,Medium
39.75,-137.25,-1.2119904,-4.5667114,4.724804,263.58694,9.867655,1.5816813,0.004,0.01,0.010770329614269008,6,8.088110786666675,Medium
39.75,-137.0,-1.049881,-4.444641,4.566956,264.04007,9.912577,1.5736246,0.01,-0.019,0.021470910553583886,6,8.726418969000013,Medium
39.75,-136.75,-0.87312317,-4.431946,4.5171328,264.04007,9.912577,1.5736246,0.007,-0.048,0.04850773134253961,6,8.060290766888901,Medium
39.75,-136.5,-0.7471466,-4.679016,4.7382927,265.1885,9.890116,1.5716715,-0.005,-0.062,0.06220128616033594,6,6.924328303555561,Medium
39.75,-136.25,-0.62898254,-4.989563,5.0290513,265.1885,9.890116,1.5716715,-0.021,-0.06,0.06356886030125128,6,5.953254556888894,Medium
39.75,-136.0,-0.48738098,-5.3206177,5.3428936,267.04007,9.799295,1.5765543,-0.034,-0.05,0.0604648658313239,6,5.537272033555562,Medium
39.75,-135.75,-0.24031067,-5.616516,5.621655,267.04007,9.799295,1.5765543,-0.036000000000000004,-0.038,0.0523450093132096,6,4.817964136888896,Medium
39.75,-135.5,-0.09284973,-5.95636,5.957083,270.46976,9.588602,1.5958414,-0.038,-0.029,0.047801673610868484,6,4.362836530666673,Medium
39.75,-135.25,-0.035232544,-6.3967896,6.3968863,270.46976,9.588602,1.5958414,-0.052000000000000005,-0.022,0.05646237685397242,6,4.3770809940000035,Medium
39.75,-135.0,-0.082107544,-7.0198364,7.0203166,275.85257,9.272684,1.6309977,-0.07,-0.021,0.07308214556237386,6,4.027439970666671,Medium
39.75,-134.75,-0.10359192,-7.446594,7.4473147,275.85257,9.272684,1.6309977,-0.082,-0.027,0.08633075929238664,6,5.41507983900001,Medium
39.75,-134.5,-0.062576294,-7.6272583,7.627515,281.26663,9.003885,1.6637125,-0.08600000000000001,-0.04,0.09484724561103502,6,5.94080593733334,Medium
39.75,-134.25,0.001876831,-7.632141,7.632141,281.26663,9.003885,1.6637125,-0.091,-0.055,0.10632967600815871,6,7.647006713333337,Medium
39.75,-134.0,-0.04206848,-7.5042114,7.5043297,285.90726,8.807352,1.6873941,-0.096,-0.061,0.11374093370462544,6,1.588591169999997,Medium
39.75,-133.75,-0.08699036,-7.3987427,7.3992543,285.90726,8.807352,1.6873941,-0.1,-0.057,0.11510430052782564,6,1.643564266666664,Medium
39.75,-133.5,-0.09675598,-7.291321,7.2919626,288.3682,8.731913,1.690568,-0.099,-0.05,0.11090987332063815,6,1.6225541233333307,Medium
39.75,-133.25,-0.047927856,-7.241516,7.241675,288.3682,8.731913,1.690568,-0.089,-0.053,0.10358571330062848,6,1.661702599999997,Medium
39.75,-133.0,-0.06159973,-7.388977,7.389234,292.78226,8.600321,1.7049723,-0.085,-0.067,0.10823123393919151,6,1.0383536233333315,Medium
39.75,-132.75,-0.09284973,-7.5667114,7.5672812,292.78226,8.600321,1.7049723,-0.093,-0.079,0.12202458768625281,6,1.0879494899999977,Medium
39.75,-132.5,-0.13191223,-7.790344,7.791461,301.69632,8.335672,1.7506266,-0.109,-0.075,0.13231024147812595,6,1.1407464666666647,Medium
39.75,-132.25,-0.19441223,-8.04718,8.049528,301.69632,8.335672,1.7506266,-0.134,-0.062,0.147648230602334,6,1.6742369666666665,Medium
39.75,-132.0,-0.2657013,-8.308899,8.313147,312.97757,8.039774,1.8165445,-0.154,-0.058,0.1645600194457937,6,2.042187286666667,Medium
39.75,-131.75,-0.33113098,-8.630188,8.6365385,312.97757,8.039774,1.8165445,-0.163,-0.073,0.17860011198204775,6,1.8959363,Medium
39.75,-131.5,-0.38679504,-9.070618,9.078861,325.3682,7.715555,1.911027,-0.158,-0.099,0.18645374761586317,6,1.5058198566666687,Medium
39.75,-131.25,-0.42878723,-9.658508,9.668021,325.3682,7.715555,1.911027,-0.14400000000000002,-0.12,0.1874459922217597,6,1.7901952900000018,Medium
39.75,-131.0,-0.3594513,-9.965149,9.971629,334.6182,7.465067,2.0130777,-0.132,-0.13,0.18526737435393206,6,2.102199923333337,Medium
39.75,-130.75,-0.19831848,-10.036438,10.038397,334.6182,7.465067,2.0130777,-0.126,-0.14300000000000002,0.1905911855254592,6,2.1174775166666704,Medium
39.75,-130.5,-0.05281067,-9.940735,9.940875,339.89163,7.380106,2.0868082,-0.14100000000000001,-0.169,0.2200954338463204,6,2.178178906666672,Medium
39.75,-130.25,0.04386902,-10.154602,10.154696,339.89163,7.380106,2.0868082,-0.167,-0.2,0.2605551764981844,6,2.504198516666671,Medium
40.0,-156.25,-3.353592,-1.8821411,3.8456514,248.30568,9.173075,1.5555582,0.04,0.048,0.062481997407253236,6,4.076507366666668,Medium
40.0,-156.0,-3.3057404,-1.4700317,3.6178603,248.90724,9.160868,1.5526285,0.054,0.078,0.09486832980505137,6,3.9402978733333325,Medium
40.0,-155.75,-3.208084,-0.9456177,3.3445473,248.90724,9.160868,1.5526285,0.069,0.08600000000000001,0.11025878649794764,6,4.363952753333331,Medium
40.0,-155.5,-3.0791779,-0.39190674,3.104018,249.43068,9.15159,1.5501871,0.081,0.069,0.1064048871058092,6,4.476300629999997,Medium
40.0,-155.25,-2.9014435,0.19989014,2.908321,249.43068,9.15159,1.5501871,0.091,0.045,0.10151847122568385,6,7.505729190000002,Medium
40.0,-155.0,-2.6719513,0.7477417,2.7746065,249.89943,9.134256,1.5494547,0.099,0.041,0.1071540946487814,6,9.563835243333338,Medium
40.0,-154.75,-2.3985138,1.2555542,2.7072651,249.89943,9.134256,1.5494547,0.108,0.065,0.1260515767453942,6,9.263719396666664,Medium
40.0,-154.5,-2.0615997,1.6862183,2.6633675,250.25099,9.114969,1.5496988,0.115,0.095,0.14916433890176298,6,9.945443799999998,Medium
40.0,-154.25,-1.6514435,2.0377808,2.6229403,250.25099,9.114969,1.5496988,0.116,0.101,0.15380832227158583,6,9.78695848,Medium
40.0,-154.0,-1.2657013,2.3639526,2.6814682,250.35255,9.094706,1.5511637,0.105,0.077,0.1302075266641679,6,9.835630583333334,Medium
40.0,-153.75,-0.88093567,2.6774292,2.81863,250.35255,9.094706,1.5511637,0.083,0.041,0.09257429448826494,6,9.817275413333334,Medium
40.0,-153.5,-0.66023254,2.9000854,2.9742904,250.1963,9.076883,1.5514078,0.057,0.019,0.06008327554319921,6,8.835919766666672,Medium
40.0,-153.25,-0.50691223,3.064148,3.105795,250.1963,9.076883,1.5514078,0.036000000000000004,0.021,0.04167733196834942,6,3.9443875966666635,Medium
40.0,-153.0,-0.40437317,3.1637573,3.189495,249.74318,9.060526,1.5492105,0.026000000000000002,0.033,0.042011903075200016,6,3.8372935133333295,Medium
40.0,-152.75,-0.34968567,3.2418823,3.260687,249.74318,9.060526,1.5492105,0.029,0.043000000000000003,0.051865209919559764,6,3.8197194133333316,Medium
40.0,-152.5,-0.33992004,3.2868042,3.3043346,249.05568,9.062723,1.5472574,0.041,0.058,0.07102816342831905,6,3.9221124499999975,Medium
40.0,-152.25,-0.34284973,3.331726,3.3493202,249.05568,9.062723,1.5472574,0.056,0.092,0.10770329614269007,6,3.731199376666664,Medium
40.0,-152.0,-0.39753723,3.4030151,3.4261565,248.16505,9.081522,1.5457926,0.07,0.133,0.15029637387508724,6,3.743845086666664,Medium
40.0,-151.75,-0.49421692,3.5202026,3.554726,248.16505,9.081522,1.5457926,0.08,0.149,0.16911830178901394,6,3.621495036666665,Medium
40.0,-151.5,-0.60261536,3.6744995,3.7235858,247.20412,9.112772,1.5450602,0.088,0.117,0.1464001366119581,6,3.4011371799999996,Medium
40.0,-151.25,-0.7344513,3.8649292,3.9340942,247.20412,9.112772,1.5450602,0.094,0.056,0.10941663493271944,6,3.359125689999999,Medium
40.0,-151.0,-0.8125763,4.083679,4.1637383,246.26662,9.146708,1.5450602,0.097,0.012,0.09773944955850734,6,3.346885123333333,Medium
40.0,-150.75,-0.8565216,4.256531,4.3418527,246.26662,9.146708,1.5450602,0.096,0.011,0.09662815324738437,6,3.8336403633333345,Medium
40.0,-150.5,-0.8594513,4.3463745,4.430534,245.49318,9.182352,1.5457926,0.094,0.035,0.1003045362882457,6,2.776182269999999,Medium
40.0,-150.25,-0.88972473,4.3756714,4.465211,245.49318,9.182352,1.5457926,0.093,0.045,0.10331505214633538,6,2.734650233333333,Medium
40.0,-150.0,-0.9424591,4.3424683,4.443564,245.06349,9.225077,1.5462809,0.093,0.03,0.09771898484941399,6,2.787677649999999,Medium
40.0,-149.75,-1.0489044,4.26532,4.3923974,245.06349,9.225077,1.5462809,0.088,0.014,0.08910667763978185,6,2.8233049566666653,Medium
40.0,-149.5,-1.1690216,4.19989,4.3595514,244.85255,9.259012,1.5484781,0.075,0.028,0.08005623023850174,6,2.843566936666665,Medium
40.0,-149.25,-1.2256622,4.0924683,4.2720656,244.85255,9.259012,1.5484781,0.051000000000000004,0.066,0.08340863264674707,6,5.083260899999999,Medium
40.0,-149.0,-1.253006,3.9557495,4.149455,244.91505,9.287577,1.5514078,0.026000000000000002,0.095,0.09849365461794989,6,3.162661206666666,Medium
40.0,-148.75,-1.27742,3.836609,4.0436826,244.91505,9.287577,1.5514078,0.01,0.092,0.09254188241007419,6,3.226328659999999,Medium
40.0,-148.5,-1.3506622,3.7311401,3.9680846,245.26662,9.316385,1.5550699,0.012,0.07200000000000001,0.07299315036357865,6,3.264688333333332,Medium
40.0,-148.25,-1.4854279,3.6686401,3.957956,245.26662,9.316385,1.5550699,0.029,0.065,0.07117583859709697,6,3.419151369999998,Medium
40.0,-148.0,-1.643631,3.6383667,3.992397,245.77443,9.341288,1.5616617,0.05,0.078,0.09264987857520376,6,3.4037463533333323,Medium
40.0,-147.75,-1.7862091,3.5270386,3.9535484,245.77443,9.341288,1.5616617,0.061,0.08700000000000001,0.10625441167311596,6,3.3609528633333325,Medium
40.0,-147.5,-1.9004669,3.367859,3.867072,246.45412,9.3705845,1.5704508,0.054,0.066,0.08527602242131138,6,3.5209927799999963,Medium
40.0,-147.25,-1.9532013,3.1530151,3.7089756,246.45412,9.3705845,1.5704508,0.031,0.021,0.03744329045369811,6,3.443327823333333,Medium
40.0,-147.0,-1.9502716,2.8883667,3.485143,247.33693,9.410624,1.5789957,0.008,-0.011,0.013601470508735444,6,4.411072333333329,Medium
40.0,-146.75,-1.9170685,2.6256714,3.2510462,247.33693,9.410624,1.5789957,0.0,-0.003,0.003,6,4.7096823833333294,Medium
40.0,-146.5,-1.855545,2.3600464,3.0021436,248.26662,9.460428,1.5897379,0.007,0.033,0.033734255586866005,6,10.207788410000001,High
40.0,-146.25,-1.7383575,2.0426636,2.6822307,248.26662,9.460428,1.5897379,0.021,0.061,0.06451356446515724,6,9.888963093333333,Medium
40.0,-146.0,-1.6514435,1.7467651,2.4038415,249.15724,9.520731,1.6002359,0.03,0.06,0.0670820393249937,6,10.06536992333333,High
40.0,-145.75,-1.5918732,1.4596558,2.1597812,249.15724,9.520731,1.6002359,0.029,0.047,0.055226805085936304,6,12.181787526666675,High
40.0,-145.5,-1.5449982,1.1705933,1.9383776,249.93068,9.567362,1.6121988,0.022,0.042,0.047413078364518794,6,12.533342193333342,High
40.0,-145.25,-1.5606232,0.9450073,1.8244407,249.93068,9.567362,1.6121988,0.02,0.051000000000000004,0.05478138369920936,6,13.541854210000015,High
40.0,-145.0,-1.5782013,0.72332764,1.7360651,250.68849,9.617899,1.6244059,0.026000000000000002,0.058,0.06356099432828281,6,12.615882283333343,High
40.0,-144.75,-1.5449982,0.44696045,1.608351,250.68849,9.617899,1.6244059,0.035,0.055,0.0651920240520265,6,12.230702890000003,High
40.0,-144.5,-1.4971466,0.19696045,1.5100467,251.41505,9.6640415,1.6339273,0.04,0.051000000000000004,0.06481512169239521,6,11.65373322000001,High
40.0,-144.25,-1.4160919,-0.06573486,1.4176168,251.41505,9.6640415,1.6339273,0.036000000000000004,0.052000000000000005,0.0632455532033676,6,12.483565166666676,High
40.0,-144.0,-1.2969513,-0.35968018,1.3459021,252.11818,9.70286,1.640275,0.024,0.055,0.06000833275470999,6,12.377036523333343,High
40.0,-143.75,-1.2403107,-0.6253052,1.3890202,252.11818,9.70286,1.640275,0.011,0.055,0.05608921464952063,6,12.479428353333345,High
40.0,-143.5,-1.1621857,-0.8694458,1.4514171,252.80568,9.738504,1.6444254,0.003,0.057,0.057078892771321346,6,12.424907920000013,High
40.0,-143.25,-1.0645294,-1.1057739,1.5349133,252.80568,9.738504,1.6444254,0.0,0.07200000000000001,0.07200000000000001,6,11.452193343333334,High
40.0,-143.0,-1.0157013,-1.2180786,1.5859901,253.47755,9.761942,1.6439371,0.0,0.091,0.091,6,10.98874214,High
40.0,-142.75,-1.0391388,-1.2122192,1.596648,253.47755,9.761942,1.6439371,0.0,0.094,0.094,6,11.47612266666667,High
40.0,-142.5,-1.0547638,-1.1956177,1.594374,254.14943,9.785868,1.643693,-0.001,0.064,0.06400781202322103,6,12.428746336666666,High
40.0,-142.25,-1.0528107,-1.1878052,1.5872276,254.14943,9.785868,1.643693,-0.003,0.009000000000000001,0.00948683298050514,6,13.32218001000002,High
40.0,-142.0,-1.0293732,-1.2688599,1.6338955,254.82912,9.807108,1.6422281,-0.004,-0.041,0.041194659848091966,6,13.199476333333346,High
40.0,-141.75,-1.0264435,-1.3928833,1.7302341,254.82912,9.807108,1.6422281,-0.005,-0.063,0.06319810123729984,6,13.56981290333334,High
40.0,-141.5,-1.0694122,-1.5110474,1.8511906,255.54005,9.822977,1.6388102,-0.005,-0.056,0.05622277118748239,6,15.12851038333333,High
40.0,-141.25,-1.1221466,-1.6165161,1.9678255,255.54005,9.822977,1.6388102,-0.001,-0.039,0.03901281840626232,6,15.229821973333328,High
40.0,-141.0,-1.1768341,-1.7444458,2.1042883,256.29007,9.814432,1.6339273,0.008,-0.03,0.031048349392520047,6,15.133520893333328,High
40.0,-140.75,-1.2559357,-1.9006958,2.2781613,256.29007,9.814432,1.6339273,0.018000000000000002,-0.036000000000000004,0.04024922359499622,6,13.99527275333333,High
40.0,-140.5,-1.2588654,-2.0413208,2.398277,257.04007,9.821756,1.6261148,0.024,-0.046,0.051884487084291386,6,14.570668413333326,High
40.0,-140.25,-1.2168732,-2.2337036,2.543661,257.04007,9.821756,1.6261148,0.022,-0.042,0.047413078364518794,6,15.47303158666666,High
40.0,-140.0,-1.1172638,-2.4749146,2.7154155,257.8135,9.826151,1.6170816,0.012,-0.023,0.025942243542145693,6,14.190184816666667,High
40.0,-139.75,-0.9551544,-2.708313,2.8718076,257.8135,9.826151,1.6170816,-0.002,-0.004,0.004472135954999579,6,13.161545846666682,High
40.0,-139.5,-0.7754669,-2.9729614,3.0724337,258.64163,9.831766,1.609025,-0.014,0.004,0.014560219778561038,6,10.80222577333334,High
40.0,-139.25,-0.65242004,-3.2503052,3.3151374,258.64163,9.831766,1.609025,-0.017,0.0,0.017,6,9.95442052333334,Medium
40.0,-139.0,-0.6504669,-3.527649,3.587118,259.57913,9.833719,1.6034098,-0.013000000000000001,-0.007,0.014764823060233401,6,9.455973946666674,Medium
40.0,-138.75,-0.7344513,-3.7473755,3.81867,259.57913,9.833719,1.6034098,-0.002,-0.011,0.011180339887498947,6,9.154958383333337,Medium
40.0,-138.5,-0.8487091,-3.9378052,4.0282273,260.69632,9.816141,1.6004801,0.007,-0.011,0.013038404810405297,6,9.12281770333334,Medium
40.0,-138.25,-0.93074036,-4.14093,4.2442408,260.69632,9.816141,1.6004801,0.008,-0.006,0.01,6,10.179653290000013,High
40.0,-138.0,-0.96003723,-4.3323364,4.437433,261.76663,9.800028,1.5963297,0.0,0.006,0.006,6,8.734659603333343,Medium
40.0,-137.75,-0.9815216,-4.473938,4.580339,261.76663,9.800028,1.5963297,-0.013000000000000001,0.02,0.023853720883753128,6,8.33510907666668,Medium
40.0,-137.5,-1.0000763,-4.5774536,4.6854277,262.4307,9.821268,1.5890055,-0.023,0.02,0.03047950130825634,6,8.018163133333342,Medium
40.0,-137.25,-0.8926544,-4.48761,4.5755296,262.4307,9.821268,1.5890055,-0.027,0.001,0.027018512172212593,6,8.429234806666681,Medium
40.0,-137.0,-0.76960754,-4.3831177,4.4501705,262.79007,9.873026,1.5789957,-0.026000000000000002,-0.027,0.03748332962798263,6,8.23383729966668,Medium
40.0,-136.75,-0.63386536,-4.3762817,4.4219484,262.79007,9.873026,1.5789957,-0.028,-0.047,0.05470831746635972,6,7.338331403555563,Medium
40.0,-136.5,-0.5078888,-4.649719,4.6773753,263.70413,9.8688755,1.574357,-0.034,-0.054,0.06381222453417527,6,7.088527986888897,Medium
40.0,-136.25,-0.37898254,-4.9866333,5.0010138,263.70413,9.8688755,1.574357,-0.041,-0.053,0.06700746227100382,6,5.748573146888896,Medium
40.0,-136.0,-0.24421692,-5.326477,5.3320727,265.09476,9.812723,1.574357,-0.046,-0.048,0.06648308055437865,6,5.538102313555563,Medium
40.0,-135.75,-0.08113098,-5.6174927,5.6180787,265.09476,9.812723,1.574357,-0.043000000000000003,-0.038,0.057384666941614294,6,4.8997710468888975,Medium
40.0,-135.5,0.054611206,-6.0325317,6.0327787,267.6182,9.653299,1.5858316,-0.04,-0.025,0.04716990566028302,6,4.9022294813333405,Medium
40.0,-135.25,0.1278534,-6.5081177,6.509373,267.6182,9.653299,1.5858316,-0.049,-0.013000000000000001,0.0506951674225463,6,4.4412486751111135,Medium
40.0,-135.0,0.124923706,-7.0930786,7.0941787,272.42288,9.337381,1.6178141,-0.063,-0.008,0.06350590523722971,6,4.528986294000005,Medium
40.0,-134.75,0.097579956,-7.538391,7.5390224,272.42288,9.337381,1.6178141,-0.076,-0.017,0.07787810988975015,6,5.3563237740000105,Medium
40.0,-134.5,0.11125183,-7.82843,7.829221,279.92288,8.915018,1.6710367,-0.085,-0.035,0.09192388155425119,6,6.04884732733334,Medium
40.0,-134.25,0.121017456,-8.035461,8.036373,279.92288,8.915018,1.6710367,-0.096,-0.053,0.10965856099730655,6,7.871472640000003,Medium
40.0,-134.0,0.11906433,-8.005188,8.006074,286.47757,8.604715,1.7142496,-0.106,-0.062,0.12280065146407002,6,2.181394750000001,Medium
40.0,-133.75,0.13957214,-7.8079224,7.80917,286.47757,8.604715,1.7142496,-0.109,-0.062,0.12539936203984453,6,2.131674856666667,Medium
40.0,-133.5,0.1981659,-7.534485,7.5370903,285.98538,8.653055,1.6942301,-0.106,-0.06,0.1218031198286809,6,1.6063813966666647,Medium
40.0,-133.25,0.24797058,-7.2786255,7.2828484,285.98538,8.653055,1.6942301,-0.099,-0.062,0.11681181447096865,6,1.6104767733333312,Medium
40.0,-133.0,0.22843933,-7.310852,7.31442,286.3057,8.678202,1.676652,-0.1,-0.066,0.11981652640600128,6,1.075338329999998,Medium
40.0,-132.75,0.17082214,-7.4387817,7.4407425,286.3057,8.678202,1.676652,-0.115,-0.064,0.13160927019021115,6,1.0586053633333312,Medium
40.0,-132.5,0.024337769,-7.666321,7.6663594,292.01663,8.486795,1.6991129,-0.135,-0.052000000000000005,0.14466858677681207,6,1.2632743566666644,Medium
40.0,-132.25,-0.082107544,-7.9387817,7.939206,292.01663,8.486795,1.6991129,-0.158,-0.043000000000000003,0.16374675569305183,6,1.31758963,Medium
40.0,-132.0,-0.19734192,-8.208313,8.210685,301.7432,8.191385,1.751359,-0.168,-0.052000000000000005,0.17586358349584488,6,2.0089222066666665,Medium
40.0,-131.75,-0.33699036,-8.4817505,8.488442,301.7432,8.191385,1.751359,-0.164,-0.08,0.18247191564731272,6,2.0438976299999987,Medium
40.0,-131.5,-0.33210754,-8.748352,8.754654,313.67288,7.8705845,1.8272867,-0.152,-0.114,0.19,6,1.802545110000001,Medium
40.0,-131.25,-0.33015442,-9.181946,9.18788,313.67288,7.8705845,1.8272867,-0.145,-0.136,0.19879889335708084,6,2.140110053333336,Medium
40.0,-131.0,-0.2813263,-9.595032,9.599155,325.6807,7.542948,1.9325113,-0.139,-0.138,0.19586985475054605,6,1.85465218666667,Medium
40.0,-130.75,-0.18952942,-9.92511,9.926919,325.6807,7.542948,1.9325113,-0.14200000000000002,-0.132,0.19387624919004393,6,2.177448716666671,Medium
40.0,-130.5,-0.07331848,-9.9661255,9.966395,333.20413,7.3657017,2.0199137,-0.154,-0.139,0.20745360927204906,6,2.130381803333338,Medium
40.0,-130.25,0.03703308,-10.046204,10.046272,333.20413,7.3657017,2.0199137,-0.17,-0.166,0.23760471375795558,6,2.0847814133333373,Medium
40.25,-156.25,-3.0772247,-2.0657349,3.706288,248.30568,9.173075,1.5555582,0.049,0.033,0.05907622195096772,6,4.143889306666669,Medium
40.25,-156.0,-3.1573029,-1.8587036,3.6637876,248.90724,9.160868,1.5526285,0.06,0.063,0.08700000000000001,6,3.9200409866666677,Medium
40.25,-155.75,-3.105545,-1.442688,3.4242895,248.90724,9.160868,1.5526285,0.069,0.076,0.10264989040422791,6,4.3652530166666645,Medium
40.25,-155.5,-3.1026154,-1.123352,3.2997184,249.43068,9.15159,1.5501871,0.073,0.065,0.09774456506629921,6,4.387602976666664,Medium
40.25,-155.25,-3.0537872,-0.73565674,3.1411476,249.43068,9.15159,1.5501871,0.07100000000000001,0.045,0.08405950273467004,6,4.6019307666666665,Medium
40.25,-155.0,-2.879959,-0.1975708,2.886728,249.89943,9.134256,1.5494547,0.066,0.04,0.07717512552629896,6,7.430423103333337,Medium
40.25,-154.75,-2.7657013,0.22528076,2.7748613,249.89943,9.134256,1.5494547,0.066,0.057,0.0872066511224918,6,9.711775103333336,Medium
40.25,-154.5,-2.5615997,0.6959839,2.6544654,250.25099,9.114969,1.5496988,0.073,0.084,0.11128791488746656,6,9.473266753333329,Medium
40.25,-154.25,-2.2207794,1.1295776,2.491547,250.25099,9.114969,1.5496988,0.082,0.098,0.1277810627597063,6,9.207978799999994,Medium
40.25,-154.0,-1.9209747,1.604187,2.5027106,250.35255,9.094706,1.5511637,0.085,0.09,0.12379418403139948,6,9.657663229999994,Medium
40.25,-153.75,-1.518631,1.9987183,2.5102022,250.35255,9.094706,1.5511637,0.075,0.07,0.10259142264341595,6,9.79242361333333,Medium
40.25,-153.5,-1.168045,2.3200073,2.597453,250.1963,9.076883,1.5514078,0.054,0.055,0.07707788269017254,6,9.251954626666667,Medium
40.25,-153.25,-0.7393341,2.666687,2.7672791,250.1963,9.076883,1.5514078,0.031,0.05,0.058830264320330915,6,10.245955740000007,High
40.25,-153.0,-0.4346466,2.8883667,2.9208868,249.74318,9.060526,1.5492105,0.014,0.043000000000000003,0.04522167621838006,6,6.814821856666655,Medium
40.25,-152.75,-0.27546692,3.0426636,3.0551078,249.74318,9.060526,1.5492105,0.01,0.034,0.0354400902933387,6,4.472012369999993,Medium
40.25,-152.5,-0.11238098,3.1881714,3.1901515,249.05568,9.062723,1.5472574,0.019,0.035,0.03982461550347976,6,3.7907063399999976,Medium
40.25,-152.25,-0.055740356,3.260437,3.2609134,249.05568,9.062723,1.5472574,0.039,0.062,0.07324616030891995,6,3.838294039999997,Medium
40.25,-152.0,-0.051834106,3.331726,3.3321292,248.16505,9.081522,1.5457926,0.064,0.10400000000000001,0.12211470017979,6,3.7443326566666633,Medium
40.25,-151.75,-0.09577942,3.4205933,3.421934,248.16505,9.081522,1.5457926,0.088,0.126,0.15368799562750501,6,3.746816753333331,Medium
40.25,-151.5,-0.20124817,3.5494995,3.5552,247.20412,9.112772,1.5450602,0.101,0.10300000000000001,0.14425671561490647,6,3.6959255666666633,Medium
40.25,-151.25,-0.33113098,3.7194214,3.734132,247.20412,9.112772,1.5450602,0.10200000000000001,0.052000000000000005,0.1144901742508937,6,3.413901243333333,Medium
40.25,-151.0,-0.43269348,3.9030151,3.9269264,246.26662,9.146708,1.5450602,0.094,0.015,0.09518928511129811,6,3.404046826666666,Medium
40.25,-150.75,-0.48738098,4.066101,4.0952067,246.26662,9.146708,1.5450602,0.083,0.015,0.08434453153583818,6,3.3900777199999976,Medium
40.25,-150.5,-0.5547638,4.194031,4.230562,245.49318,9.182352,1.5457926,0.075,0.036000000000000004,0.08319254774317228,6,3.4635970933333304,Medium
40.25,-150.25,-0.65730286,4.2438354,4.2944365,245.49318,9.182352,1.5457926,0.069,0.045,0.0823771813064759,6,4.894491453333333,Medium
40.25,-150.0,-0.74128723,4.224304,4.288852,245.06349,9.225077,1.5462809,0.062,0.034,0.07071067811865475,6,5.035848926666665,Medium
40.25,-149.75,-0.90730286,4.166687,4.264326,245.06349,9.225077,1.5462809,0.048,0.028,0.05556977595779922,6,5.1282220099999964,Medium
40.25,-149.5,-1.0684357,4.0895386,4.2268047,244.85255,9.259012,1.5484781,0.03,0.051000000000000004,0.059169248769948064,6,3.5154886533333305,Medium
40.25,-149.25,-1.1533966,3.992859,4.1561093,244.85255,9.259012,1.5484781,0.012,0.092,0.09277930803794561,6,3.1473945499999982,Medium
40.25,-149.0,-1.2500763,3.9049683,4.100179,244.91505,9.287577,1.5514078,0.001,0.111,0.11100450441310929,6,3.2055520466666665,Medium
40.25,-148.75,-1.3252716,3.8561401,4.077519,244.91505,9.287577,1.5514078,0.0,0.09,0.09,6,3.2436448666666657,Medium
40.25,-148.5,-1.4082794,3.782898,4.036529,245.26662,9.316385,1.5550699,0.014,0.048,0.05,6,3.3906817399999993,Medium
40.25,-148.25,-1.5088654,3.7526245,4.0446095,245.26662,9.316385,1.5550699,0.041,0.025,0.04802082881417188,6,3.4887038166666646,Medium
40.25,-148.0,-1.6289825,3.7340698,4.0739245,245.77443,9.341288,1.5616617,0.073,0.04,0.08324061508662703,6,3.4806049999999966,Medium
40.25,-147.75,-1.7364044,3.644226,4.0367665,245.77443,9.341288,1.5616617,0.096,0.07200000000000001,0.12000000000000001,6,3.380786823333332,Medium
40.25,-147.5,-1.7764435,3.5143433,3.9378116,246.45412,9.3705845,1.5704508,0.096,0.083,0.12690547663517127,6,3.3595575933333324,Medium
40.25,-147.25,-1.7940216,3.305359,3.760839,246.45412,9.3705845,1.5704508,0.07,0.06,0.09219544457292887,6,3.595776433333327,Medium
40.25,-147.0,-1.7959747,3.0563354,3.5449557,247.33693,9.410624,1.5789957,0.033,0.025,0.041400483088968904,6,3.7851454299999987,Medium
40.25,-146.75,-1.7744904,2.8131714,3.3260713,247.33693,9.410624,1.5789957,0.007,0.008,0.01063014581273465,6,4.474397586666662,Medium
40.25,-146.5,-1.7178497,2.5592651,3.0823443,248.26662,9.460428,1.5897379,0.003,0.019,0.019235384061671346,6,4.73704164666666,Medium
40.25,-146.25,-1.5918732,2.2838745,2.783908,248.26662,9.460428,1.5897379,0.018000000000000002,0.039,0.04295346318982906,6,10.42581641333334,High
40.25,-146.0,-1.4727325,2.0465698,2.5213864,249.15724,9.520731,1.6002359,0.034,0.049,0.05964059020499378,6,11.429313250000003,High
40.25,-145.75,-1.393631,1.7819214,2.2621784,249.15724,9.520731,1.6002359,0.04,0.049,0.06325345840347388,6,11.186362759999998,High
40.25,-145.5,-1.3301544,1.5465698,2.0398993,249.93068,9.567362,1.6121988,0.037,0.046,0.05903388857258176,6,13.445630760000013,High
40.25,-145.25,-1.3535919,1.3639526,1.9216081,249.93068,9.567362,1.6121988,0.034,0.045,0.0564003546088143,6,13.812680426666681,High
40.25,-145.0,-1.37117,1.1481323,1.7883834,250.68849,9.617899,1.6244059,0.036000000000000004,0.043000000000000003,0.05608029957123981,6,14.178608483333345,High
40.25,-144.75,-1.3096466,0.88934326,1.5830685,250.68849,9.617899,1.6244059,0.041,0.041,0.0579827560572969,6,13.201601070000013,High
40.25,-144.5,-1.2344513,0.6481323,1.3942544,251.41505,9.6640415,1.6339273,0.045,0.044,0.06293647591023825,6,12.134325736666673,High
40.25,-144.25,-1.1514435,0.37860107,1.2120895,251.41505,9.6640415,1.6339273,0.046,0.053,0.070178344238091,6,11.907956146666672,High
40.25,-144.0,-1.0694122,0.109069824,1.0749599,252.11818,9.70286,1.640275,0.048,0.06,0.07683749084919418,6,11.774741080000004,High
40.25,-143.75,-1.0469513,-0.16827393,1.0603882,252.11818,9.70286,1.640275,0.05,0.057,0.07582216034906945,6,11.686641626666672,High
40.25,-143.5,-0.95906067,-0.4505005,1.0595981,252.80568,9.738504,1.6444254,0.055,0.055,0.07778174593052023,6,11.697919826666672,High
40.25,-143.25,-0.83406067,-0.76690674,1.1330504,252.80568,9.738504,1.6444254,0.064,0.063,0.08980534505250787,6,11.480126600000013,High
40.25,-143.0,-0.69441223,-1.0003052,1.2177105,253.47755,9.761942,1.6439371,0.077,0.078,0.1096038320497965,6,11.547997423333342,High
40.25,-142.75,-0.6612091,-1.0735474,1.2608336,253.47755,9.761942,1.6439371,0.091,0.082,0.12249489785293101,6,11.647667786666677,High
40.25,-142.5,-0.57136536,-1.2258911,1.3525041,254.14943,9.785868,1.643693,0.10400000000000001,0.057,0.11859595271340419,6,11.529961276666675,High
40.25,-142.25,-0.5567169,-1.2883911,1.4035261,254.14943,9.785868,1.643693,0.107,0.012,0.10767079455451231,6,11.983042926666666,High
40.25,-142.0,-0.54304504,-1.3616333,1.4659274,254.82912,9.807108,1.6422281,0.096,-0.029,0.10028459502834919,6,12.694339356666665,High
40.25,-141.75,-0.55574036,-1.4505005,1.5533187,254.82912,9.807108,1.6422281,0.074,-0.046,0.08713208364316785,6,12.748068606666664,High
40.25,-141.5,-0.61042786,-1.5315552,1.6487217,255.54005,9.822977,1.6388102,0.047,-0.042,0.0630317380372777,6,14.815113636666663,High
40.25,-141.25,-0.6768341,-1.6047974,1.7416885,255.54005,9.822977,1.6388102,0.025,-0.033,0.041400483088968904,6,15.744127203333331,High
40.25,-141.0,-0.7578888,-1.6672974,1.8314682,256.29007,9.814432,1.6339273,0.013000000000000001,-0.034,0.03640054944640259,6,15.251535683333332,High
40.25,-140.75,-0.831131,-1.7688599,1.954391,256.29007,9.814432,1.6339273,0.011,-0.044,0.04535416188179427,6,15.287162573333331,High
40.25,-140.5,-0.83210754,-1.8997192,2.0739663,257.04007,9.821756,1.6261148,0.011,-0.049,0.05021951811795888,6,15.964915543333326,High
40.25,-140.25,-0.85066223,-2.085266,2.2521014,257.04007,9.821756,1.6261148,0.009000000000000001,-0.036000000000000004,0.037107950630558946,6,14.801173199999997,High
40.25,-140.0,-0.80867004,-2.3137817,2.451027,257.8135,9.826151,1.6170816,0.0,-0.01,0.01,6,14.609741390000005,High
40.25,-139.75,-0.73054504,-2.5100708,2.614221,257.8135,9.826151,1.6170816,-0.011,0.01,0.014866068747318505,6,14.433131976666676,High
40.25,-139.5,-0.6719513,-2.725891,2.80749,258.64163,9.831766,1.609025,-0.022,0.012,0.025059928172283336,6,14.511128500000005,High
40.25,-139.25,-0.58406067,-2.975891,3.0326645,258.64163,9.831766,1.609025,-0.031,-0.001,0.031016124838541645,6,12.152858626666674,High
40.25,-139.0,-0.59187317,-3.185852,3.2403653,259.57913,9.833719,1.6034098,-0.036000000000000004,-0.017,0.03981205847478877,6,9.292107316666675,Medium
40.25,-138.75,-0.60749817,-3.4085083,3.462222,259.57913,9.833719,1.6034098,-0.034,-0.027,0.043416586692184816,6,9.125183113333334,Medium
40.25,-138.5,-0.67781067,-3.6155396,3.678526,260.69632,9.816141,1.6004801,-0.026000000000000002,-0.025,0.036069377593742874,6,8.259695326666671,Medium
40.25,-138.25,-0.7002716,-3.808899,3.872737,260.69632,9.816141,1.6004801,-0.019,-0.012,0.022472205054244233,6,8.434726516666672,Medium
40.25,-138.0,-0.6455841,-4.098938,4.1494665,261.76663,9.800028,1.5963297,-0.015,0.009000000000000001,0.017492855684535902,6,9.112460040000006,Medium
40.25,-137.75,-0.6660919,-4.277649,4.3291984,261.76663,9.800028,1.5963297,-0.016,0.026000000000000002,0.0305286750449475,6,10.361756770000017,High
40.25,-137.5,-0.690506,-4.465149,4.5182247,262.4307,9.821268,1.5890055,-0.023,0.026000000000000002,0.034713109915419565,6,8.079757243333345,Medium
40.25,-137.25,-0.67585754,-4.4016724,4.4532576,262.4307,9.821268,1.5890055,-0.033,0.005,0.03337663853655728,6,8.063855370000011,Medium
40.25,-137.0,-0.56062317,-4.321594,4.357806,262.79007,9.873026,1.5789957,-0.043000000000000003,-0.024,0.04924428900898053,6,8.277332305222233,Medium
40.25,-136.75,-0.4424591,-4.3186646,4.341271,262.79007,9.873026,1.5789957,-0.054,-0.044,0.06965629906907199,6,8.5258509128889,Medium
40.25,-136.5,-0.32917786,-4.600891,4.612652,263.70413,9.8688755,1.574357,-0.065,-0.05,0.08200609733428363,6,7.081440083555566,Medium
40.25,-136.25,-0.19636536,-4.98761,4.9914737,263.70413,9.8688755,1.574357,-0.075,-0.051000000000000004,0.09069729874698584,6,5.620577528000007,Medium
40.25,-136.0,-0.051834106,-5.395813,5.396062,265.09476,9.812723,1.574357,-0.081,-0.05,0.09518928511129811,6,5.292077904666672,Medium
40.25,-135.75,0.105392456,-5.6555786,5.6565604,265.09476,9.812723,1.574357,-0.077,-0.044,0.08868483523128405,6,4.852683414666676,Medium
40.25,-135.5,0.21183777,-6.0022583,6.0059953,267.6182,9.653299,1.5858316,-0.069,-0.033,0.07648529270389177,6,4.044877703555559,Medium
40.25,-135.25,0.2372284,-6.382141,6.3865485,267.6182,9.653299,1.5858316,-0.063,-0.019,0.0658027355054484,6,4.347947934000004,Medium
40.25,-135.0,0.20988464,-6.9075317,6.9107194,272.42288,9.337381,1.6178141,-0.058,-0.01,0.05885575587824864,6,4.625379751777784,Medium
40.25,-134.75,0.1717987,-7.39386,7.3958554,272.42288,9.337381,1.6178141,-0.057,-0.014,0.05869412236331675,6,5.919149484000006,Medium
40.25,-134.5,0.19328308,-7.743469,7.745881,279.92288,8.915018,1.6710367,-0.064,-0.028,0.06985699678629192,6,6.097670567333341,Medium
40.25,-134.25,0.23527527,-7.9524536,7.955933,279.92288,8.915018,1.6710367,-0.079,-0.045,0.09091754506144564,6,7.822892070666671,Medium
40.25,-134.0,0.26164246,-8.090149,8.094378,286.47757,8.604715,1.7142496,-0.094,-0.057,0.10993179703798169,6,2.6228404433333328,Medium
40.25,-133.75,0.2997284,-8.057922,8.063495,286.47757,8.604715,1.7142496,-0.10400000000000001,-0.063,0.1215935853571232,6,2.4250305566666666,Medium
40.25,-133.5,0.3514862,-7.808899,7.8168054,285.98538,8.653055,1.6942301,-0.107,-0.066,0.1257179382586272,6,2.1444989700000003,Medium
40.25,-133.25,0.39445496,-7.382141,7.392672,285.98538,8.653055,1.6942301,-0.106,-0.063,0.12330855606972291,6,1.6176107966666644,Medium
40.25,-133.0,0.3934784,-7.310852,7.3214335,286.3057,8.678202,1.676652,-0.112,-0.057,0.12567020331009257,6,1.1015785366666646,Medium
40.25,-132.75,0.32218933,-7.4280396,7.435024,286.3057,8.678202,1.676652,-0.127,-0.046,0.13507405376311174,6,0.9750373433333319,Low
40.25,-132.5,0.1561737,-7.630188,7.6317863,292.01663,8.486795,1.6991129,-0.14400000000000002,-0.034,0.14795945390545345,6,1.220085559999998,Medium
40.25,-132.25,0.013595581,-7.8362427,7.8362546,292.01663,8.486795,1.6991129,-0.156,-0.037,0.16032778923193572,6,1.2960168433333321,Medium
40.25,-132.0,-0.12605286,-8.094055,8.095037,301.7432,8.191385,1.751359,-0.155,-0.061,0.16657130605239306,6,1.9900868966666663,Medium
40.25,-131.75,-0.32624817,-8.3255005,8.33189,301.7432,8.191385,1.751359,-0.14400000000000002,-0.094,0.1719651127409278,6,2.0078683433333326,Medium
40.25,-131.5,-0.26667786,-8.61554,8.619666,313.67288,7.8705845,1.8272867,-0.136,-0.126,0.18539687160251653,6,1.7289648499999999,Medium
40.25,-131.25,-0.25105286,-8.976868,8.980377,313.67288,7.8705845,1.8272867,-0.132,-0.14200000000000002,0.19387624919004393,6,1.9094583033333348,Medium
40.25,-131.0,-0.2188263,-9.314758,9.317328,325.6807,7.542948,1.9325113,-0.133,-0.136,0.1902235526952433,6,1.8138993066666702,Medium
40.25,-130.75,-0.121170044,-9.685852,9.686609,325.6807,7.542948,1.9325113,-0.139,-0.124,0.18627130750601395,6,1.767385540000003,Medium
40.25,-130.5,-0.066482544,-9.846008,9.846232,333.20413,7.3657017,2.0199137,-0.14100000000000001,-0.127,0.18976301009416982,6,1.8049477033333365,Medium
40.25,-130.25,-0.03425598,-9.986633,9.986692,333.20413,7.3657017,2.0199137,-0.136,-0.152,0.2039607805437114,6,2.144027866666671,Medium
40.5,-156.25,-2.6533966,-1.9338989,3.2833638,247.1963,9.193827,1.5958414,0.038,0.03,0.048414873747640814,6,4.537496693333333,Medium
40.5,-156.0,-2.7510529,-1.8215942,3.2994692,247.93849,9.170389,1.5931559,0.041,0.054,0.06780117993073573,6,4.562795593333334,Medium
40.5,-155.75,-2.8858185,-1.7424927,3.3710873,247.93849,9.170389,1.5931559,0.048,0.069,0.0840535543567314,6,4.376632316666666,Medium
40.5,-155.5,-2.9346466,-1.4749146,3.2844367,248.54005,9.155497,1.5924234,0.051000000000000004,0.068,0.085,6,4.5149112566666645,Medium
40.5,-155.25,-2.96492,-1.1555786,3.1821551,248.54005,9.155497,1.5924234,0.046,0.058,0.07402702209328699,6,4.576614309999999,Medium
40.5,-155.0,-3.0088654,-0.8909302,3.1379972,249.03224,9.136454,1.5929117,0.036000000000000004,0.051000000000000004,0.06242595614005444,6,4.779968833333331,Medium
40.5,-154.75,-2.9229279,-0.5042114,2.966098,249.03224,9.136454,1.5929117,0.03,0.056,0.06352952069707436,6,7.948897083333333,Medium
40.5,-154.5,-2.8291779,-0.14385986,2.832833,249.36037,9.117655,1.5943766,0.036000000000000004,0.07,0.07871467461661771,6,9.315836546666668,Medium
40.5,-154.25,-2.7764435,0.19793701,2.7834902,249.36037,9.117655,1.5943766,0.051000000000000004,0.081,0.0957183368012629,6,9.710925283333335,Medium
40.5,-154.0,-2.5010529,0.65496826,2.5853913,249.53224,9.109842,1.5946207,0.066,0.083,0.10604244433244643,6,9.513907846666662,Medium
40.5,-153.75,-2.2608185,1.0846558,2.5075443,249.53224,9.109842,1.5946207,0.07200000000000001,0.081,0.10837435120913066,6,9.36045877333333,Medium
40.5,-153.5,-1.893631,1.5241089,2.4307914,249.46193,9.109598,1.5934,0.064,0.08,0.10244998779892558,6,9.298938676666664,Medium
40.5,-153.25,-1.4668732,1.869812,2.376534,249.46193,9.109598,1.5934,0.047,0.078,0.0910659101969557,6,9.047914109999997,Medium
40.5,-153.0,-0.95710754,2.2565308,2.4511192,249.0713,9.109354,1.5907145,0.029,0.064,0.07026378868236469,6,8.944007546666661,Medium
40.5,-152.75,-0.52742004,2.5836792,2.6369624,249.0713,9.109354,1.5907145,0.018000000000000002,0.039,0.04295346318982906,6,10.172677396666668,High
40.5,-152.5,-0.3643341,2.7282104,2.7524302,248.32912,9.108133,1.5880289,0.019,0.021,0.02831960451701259,6,9.468043846666667,Medium
40.5,-152.25,-0.003982544,2.9821167,2.9821193,248.32912,9.108133,1.5880289,0.031,0.033,0.045276925690687087,6,9.780121073333335,Medium
40.5,-152.0,0.12882996,3.1481323,3.150767,247.34474,9.114725,1.5850992,0.052000000000000005,0.068,0.0856037382361308,6,3.9502674866666645,Medium
40.5,-151.75,0.09855652,3.244812,3.2463083,247.34474,9.114725,1.5850992,0.076,0.096,0.12244182292011174,6,3.7983508599999967,Medium
40.5,-151.5,0.109298706,3.416687,3.4184349,246.23537,9.134989,1.5821695,0.092,0.09,0.12870120434556934,6,3.778390819999997,Medium
40.5,-151.25,0.024337769,3.595398,3.5954804,246.23537,9.134989,1.5821695,0.094,0.056,0.10941663493271944,6,3.495391703333332,Medium
40.5,-151.0,-0.07624817,3.7750854,3.7758553,245.14943,9.165262,1.5792398,0.085,0.028,0.08949301648732153,6,3.5077426199999975,Medium
40.5,-150.75,-0.17488098,3.9293823,3.9332721,245.14943,9.165262,1.5792398,0.07100000000000001,0.028,0.07632168761236875,6,3.4451679733333314,Medium
40.5,-150.5,-0.2627716,4.057312,4.0658126,244.21193,9.196756,1.5767984,0.058,0.046,0.07402702209328699,6,3.3474016966666635,Medium
40.5,-150.25,-0.37605286,4.102234,4.1194344,244.21193,9.196756,1.5767984,0.047,0.053,0.07083784299369934,6,3.3825816966666635,Medium
40.5,-150.0,-0.54499817,4.114929,4.150863,243.51662,9.228983,1.5753336,0.036000000000000004,0.045,0.05762811813689564,6,3.5279268066666636,Medium
40.5,-149.75,-0.72566223,4.0768433,4.1409225,243.51662,9.228983,1.5753336,0.028,0.042,0.05047771785649585,6,3.339652796666665,Medium
40.5,-149.5,-0.9033966,4.01239,4.1128335,243.14943,9.262186,1.5748453,0.023,0.062,0.06612866246946175,6,3.2746626233333322,Medium
40.5,-149.25,-1.0576935,3.9694214,4.1079216,243.14943,9.262186,1.5748453,0.025,0.094,0.09726767191621274,6,3.0990705533333327,Medium
40.5,-149.0,-1.1612091,3.8981323,4.0674124,243.04787,9.2890415,1.5758219,0.033,0.105,0.11006361796706483,6,3.26758832,Medium
40.5,-148.75,-1.2471466,3.8639526,4.0602345,243.04787,9.2890415,1.5758219,0.042,0.076,0.08683317338436963,6,3.387559873333331,Medium
40.5,-148.5,-1.324295,3.861023,4.08182,243.20412,9.308817,1.5785074,0.051000000000000004,0.024,0.05636488268416781,6,3.633891179999997,Medium
40.5,-148.25,-1.4219513,3.8375854,4.092555,243.20412,9.308817,1.5785074,0.061,-0.008,0.061522353661088096,6,3.7071767433333296,Medium
40.5,-148.0,-1.4893341,3.8590698,4.1364884,243.6338,9.330057,1.582902,0.073,0.006,0.07324616030891994,6,3.5147398599999966,Medium
40.5,-147.75,-1.4990997,3.8170776,4.1009,243.6338,9.330057,1.582902,0.083,0.055,0.09956907150315303,6,3.474566706666664,Medium
40.5,-147.5,-1.5371857,3.6881714,3.995691,244.3213,9.358622,1.5892496,0.08,0.097,0.1257338458808924,6,3.382921853333332,Medium
40.5,-147.25,-1.5576935,3.557312,3.8834105,244.3213,9.358622,1.5892496,0.061,0.099,0.1162841347734075,6,3.515055799999997,Medium
40.5,-147.0,-1.5615997,3.3580933,3.7034287,245.1338,9.387186,1.5973063,0.036000000000000004,0.064,0.07343023900274327,6,3.670785053333328,Medium
40.5,-146.75,-1.5401154,3.1159058,3.475748,245.1338,9.387186,1.5973063,0.019,0.023,0.029832867780352594,6,3.8929770466666644,Medium
40.5,-146.5,-1.4571075,2.892273,3.2385807,246.10255,9.427469,1.6075602,0.023,0.005,0.023537204591879638,6,4.562693483333328,Medium
40.5,-146.25,-1.331131,2.651062,2.966486,246.10255,9.427469,1.6075602,0.04,0.013000000000000001,0.042059481689626185,6,8.236679776666666,Medium
40.5,-146.0,-1.2129669,2.414734,2.7022636,247.07912,9.483377,1.6178141,0.058,0.032,0.06624198064671678,6,10.731865670000007,High
40.5,-145.75,-1.1094513,2.206726,2.4699235,247.07912,9.483377,1.6178141,0.063,0.048,0.07920227269466452,6,10.67427354666667,High
40.5,-145.5,-1.0420685,2.0153198,2.2687929,247.9463,9.531717,1.6302652,0.058,0.054,0.0792464510246358,6,11.114960403333338,High
40.5,-145.25,-1.0508575,1.8336792,2.1134524,247.9463,9.531717,1.6302652,0.049,0.051000000000000004,0.0707248188403477,6,12.78602308666667,High
40.5,-145.0,-1.0235138,1.6608276,1.950879,248.78224,9.576883,1.6422281,0.039,0.045,0.05954829972383762,6,14.779197483333327,High
40.5,-144.75,-0.9766388,1.4411011,1.7408606,248.78224,9.576883,1.6422281,0.03,0.043000000000000003,0.05243090691567332,6,14.418899783333336,High
40.5,-144.5,-0.9190216,1.2106323,1.5199445,249.5713,9.621317,1.652482,0.021,0.045,0.04965883607174054,6,13.119339213333344,High
40.5,-144.25,-0.87409973,0.9957886,1.3250077,249.5713,9.621317,1.652482,0.017,0.048,0.05092150822589606,6,13.632313416666683,High
40.5,-144.0,-0.7969513,0.7477417,1.0928171,250.35255,9.662333,1.6602945,0.023,0.045,0.050537115073973106,6,13.569526740000017,High
40.5,-143.75,-0.74909973,0.49578857,0.89830774,250.35255,9.662333,1.6602945,0.039,0.037,0.05375872022286245,6,13.499543606666684,High
40.5,-143.5,-0.63874817,0.23309326,0.67994976,251.10255,9.696512,1.6642008,0.06,0.032,0.06799999999999999,6,12.320017420000005,High
40.5,-143.25,-0.50886536,-0.0725708,0.51401407,251.10255,9.696512,1.6642008,0.081,0.039,0.08989994438263019,6,11.786746883333343,High
40.5,-143.0,-0.35847473,-0.32843018,0.4861795,251.83693,9.713114,1.6605387,0.10300000000000001,0.051000000000000004,0.11493476410555686,6,11.558706096666677,High
40.5,-142.75,-0.21394348,-0.614563,0.65073764,251.83693,9.713114,1.6605387,0.124,0.054,0.1352479205015737,6,11.763440803333348,High
40.5,-142.5,-0.11824036,-0.79034424,0.7991401,252.56349,9.739725,1.6598063,0.139,0.039,0.14436758638974334,6,11.751150090000012,High
40.5,-142.25,-0.06941223,-0.9446411,0.9471879,252.56349,9.739725,1.6598063,0.139,0.015,0.13980700983856284,6,11.958439523333341,High
40.5,-142.0,0.03703308,-1.1292114,1.1298186,253.29787,9.763163,1.6585855,0.121,-0.002,0.12101652779682616,6,12.650838126666661,High
40.5,-141.75,0.03312683,-1.223938,1.2243862,253.29787,9.763163,1.6585855,0.08600000000000001,-0.004,0.08609297300012354,6,12.603878966666658,High
40.5,-141.5,0.020431519,-1.3206177,1.3207757,254.05568,9.779764,1.6554117,0.047,0.0,0.047,6,14.567590346666666,High
40.5,-141.25,-0.040115356,-1.4212036,1.4217697,254.05568,9.779764,1.6554117,0.015,-0.005,0.015811388300841896,6,13.96488886666667,High
40.5,-141.0,-0.121170044,-1.482727,1.48767,254.81349,9.790262,1.6485758,-0.005,-0.024,0.024515301344262524,6,13.710835146666671,High
40.5,-140.75,-0.22956848,-1.552063,1.5689491,254.81349,9.790262,1.6485758,-0.012,-0.046,0.04753945729601885,6,14.875715346666663,High
40.5,-140.5,-0.29011536,-1.7034302,1.7279587,255.58693,9.793436,1.6400309,-0.015,-0.052000000000000005,0.05412023651093924,6,15.385427376666664,High
40.5,-140.25,-0.31062317,-1.8860474,1.9114553,255.58693,9.793436,1.6400309,-0.018000000000000002,-0.035,0.03935733730830886,6,14.938439629999996,High
40.5,-140.0,-0.39167786,-2.0393677,2.0766397,256.38382,9.79661,1.6302652,-0.022,-0.006,0.022803508501982758,6,15.54485513999999,High
40.5,-139.75,-0.4346466,-2.1780396,2.220985,256.38382,9.79661,1.6302652,-0.025,0.016,0.02968164415931166,6,15.377107766666652,High
40.5,-139.5,-0.3955841,-2.4016724,2.4340332,257.20413,9.80369,1.621232,-0.029,0.019,0.03466987164671943,6,15.157250846666656,High
40.5,-139.25,-0.45417786,-2.6780396,2.7162793,257.20413,9.80369,1.621232,-0.037,0.005,0.037336309405188936,6,15.217376669999995,High
40.5,-139.0,-0.49617004,-2.9143677,2.9563024,258.07913,9.811991,1.6139078,-0.048,-0.015,0.05028916384272063,6,11.634245476666674,High
40.5,-138.75,-0.53034973,-3.1467896,3.1911683,258.07913,9.811991,1.6139078,-0.057,-0.032,0.06536818798161687,6,8.712108983333339,Medium
40.5,-138.5,-0.565506,-3.3860474,3.4329453,259.001,9.819559,1.607316,-0.057,-0.04,0.06963476143421474,6,8.415752840000001,Medium
40.5,-138.25,-0.56159973,-3.585266,3.6289842,259.001,9.819559,1.607316,-0.048,-0.033,0.0582494635168428,6,7.858524750000004,Medium
40.5,-138.0,-0.503006,-3.8753052,3.9078133,260.01663,9.814676,1.6019449,-0.033,-0.01,0.034481879299133336,6,8.350409343333341,Medium
40.5,-137.75,-0.47761536,-4.121399,4.1489816,260.01663,9.814676,1.6019449,-0.021,0.016,0.02640075756488817,6,8.447211106666675,Medium
40.5,-137.5,-0.49812317,-4.3049927,4.3337154,260.94632,9.811258,1.5955973,-0.018000000000000002,0.026000000000000002,0.0316227766016838,6,10.35920799333335,High
40.5,-137.25,-0.47956848,-4.295227,4.321916,260.94632,9.811258,1.5955973,-0.025,0.014,0.028653097563788806,6,10.702135803333347,High
40.5,-137.0,-0.39949036,-4.2737427,4.292373,261.52444,9.838602,1.5868082,-0.038,-0.009000000000000001,0.03905124837953327,6,10.75492957066668,High
40.5,-136.75,-0.28327942,-4.275696,4.2850695,261.52444,9.838602,1.5868082,-0.055,-0.028,0.06171709649683789,6,10.067712936222232,High
40.5,-136.5,-0.18855286,-4.623352,4.6271954,262.6885,9.805643,1.5843668,-0.07100000000000001,-0.036000000000000004,0.07960527620704548,6,6.8525279580000085,Medium
40.5,-136.25,-0.05281067,-5.244446,5.2447114,262.6885,9.805643,1.5843668,-0.08700000000000001,-0.041,0.09617692030835673,6,5.228430198000006,Medium
40.5,-136.0,0.093673706,-5.677063,5.677836,264.3682,9.718729,1.5875406,-0.1,-0.047,0.1104943437466371,6,3.857964730666671,Medium
40.5,-135.75,0.2137909,-5.8430786,5.8469887,264.3682,9.718729,1.5875406,-0.10200000000000001,-0.053,0.11494781424629179,6,3.8664033040000048,Medium
40.5,-135.5,0.22257996,-5.95636,5.960517,266.1807,9.613993,1.5914469,-0.094,-0.054,0.10840664186294122,6,3.818170954000003,Medium
40.5,-135.25,0.24699402,-6.335266,6.340079,266.1807,9.613993,1.5914469,-0.076,-0.047,0.08935882720806042,6,4.08291399466667,Medium
40.5,-135.0,0.2216034,-6.739563,6.743205,270.13382,9.335672,1.6163492,-0.056,-0.035,0.06603786792439623,6,4.0410636473333374,Medium
40.5,-134.75,0.16496277,-7.244446,7.2463236,270.13382,9.335672,1.6163492,-0.042,-0.025,0.04887739763939975,6,4.544799364000005,Medium
40.5,-134.5,0.18644714,-7.5930786,7.5953674,276.73538,8.928446,1.6634684,-0.042,-0.023,0.047885279575251516,6,6.2067438506666734,Medium
40.5,-134.25,0.25871277,-7.788391,7.792687,276.73538,8.928446,1.6634684,-0.053,-0.029,0.06041522986797286,6,7.908434287333337,Medium
40.5,-134.0,0.32218933,-8.004211,8.010694,283.126,8.603983,1.7069254,-0.07,-0.04,0.0806225774829855,6,2.2445960066666664,Medium
40.5,-133.75,0.36125183,-7.9885864,7.9967504,283.126,8.603983,1.7069254,-0.08600000000000001,-0.052000000000000005,0.1004987562112089,6,2.2587275100000013,Medium
40.5,-133.5,0.39933777,-7.8743286,7.884448,285.57132,8.499247,1.7130289,-0.097,-0.06,0.1140570032922135,6,2.151686506666668,Medium
40.5,-133.25,0.4374237,-7.400696,7.413612,285.57132,8.499247,1.7130289,-0.105,-0.058,0.11995415791042843,6,1.649352263333331,Medium
40.5,-133.0,0.44425964,-7.344055,7.35748,284.40726,8.579081,1.6822672,-0.113,-0.046,0.1220040982918197,6,1.0043079399999986,Medium
40.5,-132.75,0.4012909,-7.4592896,7.4700756,284.40726,8.579081,1.6822672,-0.124,-0.033,0.12831601614763452,6,0.9871783399999985,Low
40.5,-132.5,0.2372284,-7.645813,7.6494927,286.53226,8.518778,1.6754313,-0.131,-0.028,0.13395894893585872,6,1.1578998566666647,Medium
40.5,-132.25,0.08879089,-7.8274536,7.827957,286.53226,8.518778,1.6754313,-0.133,-0.043000000000000003,0.1397783960417346,6,1.1978558599999989,Medium
40.5,-132.0,-0.11238098,-7.996399,7.9971886,292.38382,8.327616,1.6961832,-0.125,-0.075,0.1457737973711325,6,1.3497756433333334,Medium
40.5,-131.75,-0.32624817,-8.2161255,8.2226,292.38382,8.327616,1.6961832,-0.116,-0.108,0.1584929020492716,6,1.9990623199999997,Medium
40.5,-131.5,-0.2627716,-8.524719,8.528768,302.48538,8.021463,1.7511148,-0.113,-0.13,0.17224691579241702,6,1.92550852,Medium
40.5,-131.25,-0.2188263,-8.850891,8.853596,302.48538,8.021463,1.7511148,-0.114,-0.137,0.17822738285684386,6,2.0032822700000006,Medium
40.5,-131.0,-0.1846466,-9.186829,9.188684,315.10257,7.6601353,1.8421793,-0.11800000000000001,-0.132,0.17705366418123067,6,2.1667132166666687,Medium
40.5,-130.75,-0.10261536,-9.569641,9.570191,315.10257,7.6601353,1.8421793,-0.113,-0.13,0.17224691579241702,6,2.2026909033333353,Medium
40.5,-130.5,-0.1377716,-9.92511,9.926066,324.86038,7.400858,1.9329996,-0.1,-0.14,0.17204650534085256,6,2.0336023333333384,Medium
40.5,-130.25,-0.109451294,-10.083313,10.083907,324.86038,7.400858,1.9329996,-0.082,-0.162,0.18157092278225606,6,1.9455485533333376,Medium
40.75,-156.25,-2.2871857,-1.3352661,2.6484249,247.1963,9.193827,1.5958414,0.016,0.039,0.04215447781671598,6,9.679431779999996,Medium
40.75,-156.0,-2.3350372,-1.6321411,2.8489091,247.93849,9.170389,1.5931559,0.012,0.057,0.0582494635168428,6,7.674923096666664,Medium
40.75,-155.75,-2.4698029,-1.5530396,2.9175088,247.93849,9.170389,1.5931559,0.015,0.067,0.06865857557508749,6,6.935826163333334,Medium
40.75,-155.5,-2.6201935,-1.5686646,3.05387,248.54005,9.155497,1.5924234,0.021,0.068,0.07116881339463235,6,5.11718551,Medium
40.75,-155.25,-2.7901154,-1.3987427,3.1210935,248.54005,9.155497,1.5924234,0.026000000000000002,0.064,0.06907966415668218,6,4.555288209999999,Medium
40.75,-155.0,-2.8340607,-1.1350708,3.0529141,249.03224,9.136454,1.5929117,0.024,0.06,0.06462197768561405,6,5.232958019999997,Medium
40.75,-154.75,-2.947342,-0.9788208,3.1056263,249.03224,9.136454,1.5929117,0.022,0.056,0.0601664358259653,6,4.586947203333332,Medium
40.75,-154.5,-2.9229279,-0.7542114,3.0186658,249.36037,9.117655,1.5943766,0.028,0.054,0.0608276253029822,6,10.617518666666667,High
40.75,-154.25,-2.87117,-0.4192505,2.9016182,249.36037,9.117655,1.5943766,0.042,0.055,0.06920260110718382,6,7.52923218,Medium
40.75,-154.0,-2.8457794,-0.17218018,2.8509834,249.53224,9.109842,1.5946207,0.06,0.062,0.08627861844049196,6,7.710123460000003,Medium
40.75,-153.75,-2.7324982,0.20281982,2.740015,249.53224,9.109842,1.5946207,0.073,0.074,0.1039471019317037,6,9.929262130000001,Medium
40.75,-153.5,-2.411209,0.6149292,2.4883866,249.46193,9.109598,1.5934,0.075,0.09,0.11715374513859982,6,8.873221709999996,Medium
40.75,-153.25,-2.2032013,0.9332886,2.392723,249.46193,9.109598,1.5934,0.066,0.099,0.11898319209031165,6,8.592677669999993,Medium
40.75,-153.0,-1.737381,1.3239136,2.1843169,249.0713,9.109354,1.5907145,0.053,0.085,0.10016985574512924,6,9.132163753333328,Medium
40.75,-152.75,-1.2813263,1.6852417,2.117035,249.0713,9.109354,1.5907145,0.04,0.052000000000000005,0.0656048778674269,6,10.42928472,High
40.75,-152.5,-0.77937317,2.0846558,2.2255812,248.32912,9.108133,1.5880289,0.032,0.022,0.0388329756778952,6,10.25974999,High
40.75,-152.25,-0.39460754,2.3580933,2.3908825,248.32912,9.108133,1.5880289,0.034,0.019,0.03894868418830089,6,10.150735906666664,High
40.75,-152.0,-0.1250763,2.6227417,2.6257224,247.34474,9.114725,1.5850992,0.045,0.043000000000000003,0.062241465278381744,6,10.484245080000003,High
40.75,-151.75,0.19718933,2.963562,2.970115,247.34474,9.114725,1.5850992,0.061,0.07,0.09284934033152847,6,8.168352233333339,Medium
40.75,-151.5,0.21769714,3.142273,3.149805,246.23537,9.134989,1.5821695,0.076,0.074,0.10607544484940894,6,3.8871635299999974,Medium
40.75,-151.25,0.21574402,3.3912964,3.3981519,246.23537,9.134989,1.5821695,0.083,0.055,0.09956907150315303,6,3.904615516666665,Medium
40.75,-151.0,0.21574402,3.6295776,3.635984,245.14943,9.165262,1.5792398,0.079,0.039,0.08810221336606702,6,3.61208584333333,Medium
40.75,-150.75,0.117111206,3.7838745,3.7856863,245.14943,9.165262,1.5792398,0.069,0.043000000000000003,0.08130190649671139,6,3.5853339499999963,Medium
40.75,-150.5,0.04093933,3.9371948,3.9374075,244.21193,9.196756,1.5767984,0.057,0.058,0.0813203541556479,6,3.357947866666663,Medium
40.75,-150.25,-0.09870911,4.008484,4.009699,244.21193,9.196756,1.5767984,0.047,0.063,0.07860025445251434,6,3.28200973333333,Medium
40.75,-150.0,-0.26667786,4.021179,4.030012,243.51662,9.228983,1.5753336,0.041,0.051000000000000004,0.06543699259593155,6,3.4334803899999975,Medium
40.75,-149.75,-0.46687317,4.028015,4.0549817,243.51662,9.228983,1.5753336,0.042,0.039,0.0573149195236284,6,3.526835699999997,Medium
40.75,-149.5,-0.6612091,3.9918823,4.0462728,243.14943,9.262186,1.5748453,0.053,0.048,0.07150524456289901,6,3.374085636666664,Medium
40.75,-149.25,-0.815506,3.9489136,4.0322413,243.14943,9.262186,1.5748453,0.07,0.07200000000000001,0.10041912168506555,6,3.2783754266666647,Medium
40.75,-149.0,-0.9453888,3.9498901,4.061452,243.04787,9.2890415,1.5758219,0.08600000000000001,0.085,0.12091732712891069,6,3.3221242399999973,Medium
40.75,-148.75,-1.0254669,3.9342651,4.0657134,243.04787,9.2890415,1.5758219,0.094,0.065,0.11428473213863696,6,3.3591489799999974,Medium
40.75,-148.5,-1.1035919,3.9313354,4.083297,243.20412,9.308817,1.5785074,0.088,0.022,0.09070832376358853,6,3.496015409999998,Medium
40.75,-148.25,-1.0957794,3.9498901,4.0990686,243.20412,9.308817,1.5785074,0.076,-0.009000000000000001,0.07653103945458993,6,3.5028027233333305,Medium
40.75,-148.0,-1.1162872,3.9782104,4.131859,243.6338,9.330057,1.582902,0.063,0.004,0.06312685640834652,6,3.696425659999996,Medium
40.75,-147.75,-1.1260529,3.9450073,4.1025696,243.6338,9.330057,1.582902,0.053,0.055,0.07638062581571324,6,3.534691876666663,Medium
40.75,-147.5,-1.1377716,3.9528198,4.1133084,244.3213,9.358622,1.5892496,0.045,0.107,0.11607756027760059,6,3.41329947,Medium
40.75,-147.25,-1.1690216,3.8727417,4.0453353,244.3213,9.358622,1.5892496,0.036000000000000004,0.11800000000000001,0.1233693641063291,6,3.4744050599999983,Medium
40.75,-147.0,-1.1729279,3.6940308,3.875774,245.1338,9.387186,1.5973063,0.028,0.08,0.08475848040166836,6,3.53940136333333,Medium
40.75,-146.75,-1.1670685,3.508484,3.6975002,245.1338,9.387186,1.5973063,0.027,0.021,0.03420526275297414,6,3.48070953,Medium
40.75,-146.5,-1.0957794,3.2838745,3.4618728,246.10255,9.427469,1.6075602,0.038,-0.016,0.0412310562561766,6,4.837812979999995,Medium
40.75,-146.25,-0.9922638,3.0319214,3.1901622,246.10255,9.427469,1.6075602,0.055,-0.011,0.05608921464952063,6,4.954882533333329,Medium
40.75,-146.0,-0.89460754,2.7731323,2.9138608,247.07912,9.483377,1.6178141,0.067,0.02,0.06992138442565336,6,8.341341710000002,Medium
40.75,-145.75,-0.7910919,2.5621948,2.6815422,247.07912,9.483377,1.6178141,0.068,0.053,0.08621484790916238,6,10.755679943333345,High
40.75,-145.5,-0.7393341,2.3727417,2.4852602,247.9463,9.531717,1.6302652,0.059000000000000004,0.068,0.09002777349240623,6,10.812824306666672,High
40.75,-145.25,-0.74617004,2.164734,2.2897255,247.9463,9.531717,1.6302652,0.047,0.068,0.08266196223173027,6,11.357023020000005,High
40.75,-145.0,-0.71980286,1.9918823,2.1179497,248.78224,9.576883,1.6422281,0.033,0.063,0.07111961754677819,6,12.637444586666675,High
40.75,-144.75,-0.71980286,1.7731323,1.9136652,248.78224,9.576883,1.6422281,0.019,0.061,0.06389053137985315,6,13.240978660000005,High
40.75,-144.5,-0.69441223,1.5446167,1.6935315,249.5713,9.621317,1.652482,0.005,0.058,0.05821511831131154,6,13.991063383333351,High
40.75,-144.25,-0.6504669,1.3307495,1.4812162,249.5713,9.621317,1.652482,-0.001,0.046,0.04601086828130936,6,13.53223987333335,High
40.75,-144.0,-0.5782013,1.1364136,1.27505,250.35255,9.662333,1.6602945,0.004,0.026000000000000002,0.026305892875931814,6,12.947214540000017,High
40.75,-143.75,-0.47761536,0.9528198,1.0658246,250.35255,9.662333,1.6602945,0.019,0.007,0.020248456731316585,6,12.829948260000013,High
40.75,-143.5,-0.3672638,0.6911011,0.782626,251.10255,9.696512,1.6642008,0.037,0.002,0.03705401462729781,6,13.22858059333335,High
40.75,-143.25,-0.19050598,0.45965576,0.49757004,251.10255,9.696512,1.6642008,0.052000000000000005,0.012,0.05336665625650534,6,13.422518030000013,High
40.75,-143.0,-0.026443481,0.2477417,0.24914896,251.83693,9.713114,1.6605387,0.065,0.026000000000000002,0.07000714249274856,6,11.864782276666672,High
40.75,-142.75,0.11906433,-0.03643799,0.12451523,251.83693,9.713114,1.6605387,0.076,0.032,0.0824621125123532,6,11.961700330000005,High
40.75,-142.5,0.26164246,-0.28253174,0.38507265,252.56349,9.739725,1.6598063,0.082,0.027,0.08633075929238664,6,11.669133,High
40.75,-142.25,0.3436737,-0.4915161,0.5997497,252.56349,9.739725,1.6598063,0.08,0.022,0.08296987405076617,6,11.83979276,High
40.75,-142.0,0.44914246,-0.68096924,0.81575,253.29787,9.763163,1.6585855,0.067,0.026000000000000002,0.0718679344353238,6,13.000364789999994,High
40.75,-141.75,0.5204315,-0.8870239,1.0284262,253.29787,9.763163,1.6585855,0.046,0.035,0.057801384066473706,6,13.657392210000006,High
40.75,-141.5,0.5292206,-1.0003052,1.1316736,254.05568,9.779764,1.6554117,0.025,0.035,0.04301162633521314,6,14.097811903333344,High
40.75,-141.25,0.48820496,-1.1028442,1.206072,254.05568,9.779764,1.6554117,0.009000000000000001,0.017,0.019235384061671346,6,14.086507413333342,High
40.75,-141.0,0.48820496,-1.1995239,1.2950683,254.81349,9.790262,1.6485758,0.0,-0.015,0.015,6,13.668016076666678,High
40.75,-140.75,0.39738464,-1.2727661,1.3333597,254.81349,9.790262,1.6485758,-0.006,-0.043000000000000003,0.04341658669218482,6,13.797562306666665,High
40.75,-140.5,0.35246277,-1.4094849,1.452886,255.58693,9.793436,1.6400309,-0.014,-0.05,0.05192301994298868,6,13.645343433333329,High
40.75,-140.25,0.3231659,-1.5149536,1.5490386,255.58693,9.793436,1.6400309,-0.023,-0.034,0.04104875150354759,6,14.15106999333333,High
40.75,-140.0,0.2450409,-1.6624146,1.680377,256.38382,9.79661,1.6302652,-0.028,-0.009000000000000001,0.029410882339705485,6,15.372472579999991,High
40.75,-139.75,0.13664246,-1.7971802,1.8023672,256.38382,9.79661,1.6302652,-0.025,0.009000000000000001,0.026570660511172847,6,15.193869649999991,High
40.75,-139.5,-0.031326294,-2.0159302,2.0161736,257.20413,9.80369,1.621232,-0.02,0.014,0.02441311123146741,6,15.355362379999997,High
40.75,-139.25,-0.089920044,-2.2913208,2.2930846,257.20413,9.80369,1.621232,-0.019,0.009000000000000001,0.02102379604162864,6,14.50824893333333,High
40.75,-139.0,-0.1953888,-2.558899,2.5663478,258.07913,9.811991,1.6139078,-0.027,-0.005,0.02745906043549196,6,12.818028950000011,High
40.75,-138.75,-0.31159973,-2.8255005,2.8426304,258.07913,9.811991,1.6139078,-0.038,-0.026000000000000002,0.04604345773288536,6,11.506236876666668,High
40.75,-138.5,-0.34675598,-3.0637817,3.083342,259.001,9.819559,1.607316,-0.047,-0.046,0.06576473218982952,6,9.12773724666667,Medium
40.75,-138.25,-0.3438263,-3.3450317,3.3626559,259.001,9.819559,1.607316,-0.047,-0.05,0.06862215385719105,6,8.639094203333334,Medium
40.75,-138.0,-0.38191223,-3.6985474,3.7182133,260.01663,9.814676,1.6019449,-0.043000000000000003,-0.033,0.054203320931470615,6,7.622115666666673,Medium
40.75,-137.75,-0.35749817,-3.944641,3.9608078,260.01663,9.814676,1.6019449,-0.037,-0.001,0.037013511046643494,6,8.535313380000009,Medium
40.75,-137.5,-0.35066223,-4.1419067,4.1567245,260.94632,9.811258,1.5955973,-0.035,0.02,0.04031128874149275,6,8.548536433333343,Medium
40.75,-137.25,-0.32234192,-4.2454224,4.2576423,260.94632,9.811258,1.5955973,-0.037,0.02,0.04205948168962618,6,10.784237643333341,High
40.75,-137.0,-0.2422638,-4.223938,4.23088,261.52444,9.838602,1.5868082,-0.043000000000000003,0.004,0.04318564576337837,6,8.993732947333342,Medium
40.75,-136.75,-0.18074036,-4.395813,4.399527,261.52444,9.838602,1.5868082,-0.051000000000000004,-0.013000000000000001,0.052630789467763076,6,7.697859256222234,Medium
40.75,-136.5,-0.08308411,-4.774719,4.775442,262.6885,9.805643,1.5843668,-0.061,-0.022,0.0648459713474939,6,5.999434180222229,Medium
40.75,-136.25,0.05168152,-5.3860474,5.3862953,262.6885,9.805643,1.5843668,-0.073,-0.028,0.0781856764375675,6,5.181870951333339,Medium
40.75,-136.0,0.1512909,-5.850891,5.8528466,264.3682,9.718729,1.5875406,-0.08600000000000001,-0.04,0.09484724561103502,6,3.9356136013333387,Medium
40.75,-135.75,0.2216034,-6.0735474,6.0775886,264.3682,9.718729,1.5875406,-0.093,-0.058,0.10960383204979651,6,3.819154254000004,Medium
40.75,-135.5,0.22453308,-6.230774,6.2348185,266.1807,9.613993,1.5914469,-0.093,-0.074,0.11884864324004712,6,3.975071684000004,Medium
40.75,-135.25,0.22843933,-6.482727,6.4867506,266.1807,9.613993,1.5914469,-0.084,-0.08,0.116,6,3.894443600666669,Medium
40.75,-135.0,0.22843933,-6.788391,6.7922335,270.13382,9.335672,1.6163492,-0.068,-0.07,0.09759098319004682,6,3.82680630666667,Medium
40.75,-134.75,0.16593933,-7.196594,7.1985073,270.13382,9.335672,1.6163492,-0.052000000000000005,-0.049,0.07144928271158502,6,4.309061424000005,Medium
40.75,-134.5,0.17375183,-7.4143677,7.4164033,276.73538,8.928446,1.6634684,-0.041,-0.029,0.05021951811795888,6,6.244308247333341,Medium
40.75,-134.25,0.2450409,-7.619446,7.623385,276.73538,8.928446,1.6634684,-0.037,-0.022,0.043046486500061765,6,8.646363277333338,Medium
40.75,-134.0,0.31047058,-7.7981567,7.8043346,283.126,8.603983,1.7069254,-0.04,-0.026000000000000002,0.047707441767506256,6,2.318156703333331,Medium
40.75,-133.75,0.2997284,-7.9085083,7.914186,283.126,8.603983,1.7069254,-0.049,-0.038,0.06200806399170999,6,2.2873058766666667,Medium
40.75,-133.5,0.33488464,-7.7991333,7.8063197,285.57132,8.499247,1.7130289,-0.062,-0.046,0.07720103626247513,6,2.190839603333332,Medium
40.75,-133.25,0.32414246,-7.4973755,7.5043793,285.57132,8.499247,1.7130289,-0.078,-0.045,0.09004998611882181,6,1.6445083633333308,Medium
40.75,-133.0,0.41007996,-7.3772583,7.388647,284.40726,8.579081,1.6822672,-0.092,-0.036000000000000004,0.09879271228182775,6,0.9786323599999984,Low
40.75,-132.75,0.3671112,-7.491516,7.5005054,284.40726,8.579081,1.6822672,-0.10200000000000001,-0.029,0.10604244433244643,6,1.0123010399999979,Medium
40.75,-132.5,0.26164246,-7.603821,7.608321,286.53226,8.518778,1.6754313,-0.106,-0.032,0.11072488428533127,6,1.1427764366666646,Medium
40.75,-132.25,0.09660339,-7.866516,7.8671093,286.53226,8.518778,1.6754313,-0.10400000000000001,-0.054,0.11718361660232203,6,1.3081582799999987,Medium
40.75,-132.0,-0.10261536,-8.035461,8.036117,292.38382,8.327616,1.6961832,-0.097,-0.08600000000000001,0.129634100452003,6,1.6821280566666656,Medium
40.75,-131.75,-0.28034973,-8.121399,8.126237,292.38382,8.327616,1.6961832,-0.096,-0.111,0.1467548977036201,6,2.0512884666666658,Medium
40.75,-131.5,-0.2188263,-8.424133,8.426974,302.48538,8.021463,1.7511148,-0.098,-0.125,0.15883639381451595,6,1.8985780466666666,Medium
40.75,-131.25,-0.17488098,-8.749329,8.751077,302.48538,8.021463,1.7511148,-0.10300000000000001,-0.131,0.1666433316997713,6,1.8642212066666661,Medium
40.75,-131.0,-0.09577942,-9.0598755,9.060382,315.10257,7.6601353,1.8421793,-0.1,-0.137,0.16961426826773746,6,1.9254841833333345,Medium
40.75,-130.75,-0.016677856,-9.32843,9.3284445,315.10257,7.6601353,1.8421793,-0.085,-0.154,0.17590054007876157,6,2.1839263900000017,Medium
40.75,-130.5,-0.051834106,-9.681946,9.682084,324.86038,7.400858,1.9329996,-0.058,-0.17300000000000001,0.18246369501903661,6,1.8110663766666706,Medium
40.75,-130.25,0.011642456,-9.8098755,9.809882,324.86038,7.400858,1.9329996,-0.033,-0.184,0.1869358178627092,6,2.1404985633333373,Medium
